gene_id,production_name,alphafold_available
WBA_0000000001,wuchereria_bancrofti_prjeb536,True
WBA_0000000101,wuchereria_bancrofti_prjeb536,True
WBA_0000000201,wuchereria_bancrofti_prjeb536,True
WBA_0000000301,wuchereria_bancrofti_prjeb536,True
WBA_0000000401,wuchereria_bancrofti_prjeb536,True
WBA_0000000501,wuchereria_bancrofti_prjeb536,True
WBA_0000000601,wuchereria_bancrofti_prjeb536,False
WBA_0000000701,wuchereria_bancrofti_prjeb536,True
WBA_0000000801,wuchereria_bancrofti_prjeb536,True
WBA_0000000901,wuchereria_bancrofti_prjeb536,False
WBA_0000001001,wuchereria_bancrofti_prjeb536,False
WBA_0000001101,wuchereria_bancrofti_prjeb536,True
WBA_0000001201,wuchereria_bancrofti_prjeb536,True
WBA_0000001301,wuchereria_bancrofti_prjeb536,True
WBA_0000001401,wuchereria_bancrofti_prjeb536,False
WBA_0000001501,wuchereria_bancrofti_prjeb536,True
WBA_0000001601,wuchereria_bancrofti_prjeb536,True
WBA_0000001701,wuchereria_bancrofti_prjeb536,True
WBA_0000001801,wuchereria_bancrofti_prjeb536,True
WBA_0000001901,wuchereria_bancrofti_prjeb536,True
WBA_0000002001,wuchereria_bancrofti_prjeb536,True
WBA_0000002101,wuchereria_bancrofti_prjeb536,False
WBA_0000002201,wuchereria_bancrofti_prjeb536,True
WBA_0000002301,wuchereria_bancrofti_prjeb536,True
WBA_0000002401,wuchereria_bancrofti_prjeb536,True
WBA_0000002501,wuchereria_bancrofti_prjeb536,True
WBA_0000002601,wuchereria_bancrofti_prjeb536,False
WBA_0000002701,wuchereria_bancrofti_prjeb536,True
WBA_0000002801,wuchereria_bancrofti_prjeb536,True
WBA_0000002901,wuchereria_bancrofti_prjeb536,True
WBA_0000003001,wuchereria_bancrofti_prjeb536,True
WBA_0000003101,wuchereria_bancrofti_prjeb536,True
WBA_0000003201,wuchereria_bancrofti_prjeb536,True
WBA_0000003301,wuchereria_bancrofti_prjeb536,True
WBA_0000003401,wuchereria_bancrofti_prjeb536,True
WBA_0000003501,wuchereria_bancrofti_prjeb536,False
WBA_0000003601,wuchereria_bancrofti_prjeb536,True
WBA_0000003701,wuchereria_bancrofti_prjeb536,True
WBA_0000003801,wuchereria_bancrofti_prjeb536,True
WBA_0000003901,wuchereria_bancrofti_prjeb536,True
WBA_0000004001,wuchereria_bancrofti_prjeb536,True
WBA_0000004101,wuchereria_bancrofti_prjeb536,True
WBA_0000004201,wuchereria_bancrofti_prjeb536,True
WBA_0000004301,wuchereria_bancrofti_prjeb536,True
WBA_0000004401,wuchereria_bancrofti_prjeb536,True
WBA_0000004501,wuchereria_bancrofti_prjeb536,True
WBA_0000004601,wuchereria_bancrofti_prjeb536,True
WBA_0000004701,wuchereria_bancrofti_prjeb536,True
WBA_0000004801,wuchereria_bancrofti_prjeb536,True
WBA_0000004901,wuchereria_bancrofti_prjeb536,True
WBA_0000005001,wuchereria_bancrofti_prjeb536,False
WBA_0000005101,wuchereria_bancrofti_prjeb536,True
WBA_0000005201,wuchereria_bancrofti_prjeb536,True
WBA_0000005301,wuchereria_bancrofti_prjeb536,True
WBA_0000005401,wuchereria_bancrofti_prjeb536,True
WBA_0000005501,wuchereria_bancrofti_prjeb536,True
WBA_0000005601,wuchereria_bancrofti_prjeb536,True
WBA_0000005701,wuchereria_bancrofti_prjeb536,True
WBA_0000005801,wuchereria_bancrofti_prjeb536,True
WBA_0000005901,wuchereria_bancrofti_prjeb536,False
WBA_0000006001,wuchereria_bancrofti_prjeb536,True
WBA_0000006101,wuchereria_bancrofti_prjeb536,True
WBA_0000006201,wuchereria_bancrofti_prjeb536,True
WBA_0000006301,wuchereria_bancrofti_prjeb536,True
WBA_0000006401,wuchereria_bancrofti_prjeb536,True
WBA_0000006501,wuchereria_bancrofti_prjeb536,True
WBA_0000006601,wuchereria_bancrofti_prjeb536,True
WBA_0000006701,wuchereria_bancrofti_prjeb536,True
WBA_0000006801,wuchereria_bancrofti_prjeb536,True
WBA_0000006901,wuchereria_bancrofti_prjeb536,True
WBA_0000007001,wuchereria_bancrofti_prjeb536,True
WBA_0000007101,wuchereria_bancrofti_prjeb536,True
WBA_0000007201,wuchereria_bancrofti_prjeb536,True
WBA_0000007301,wuchereria_bancrofti_prjeb536,True
WBA_0000007401,wuchereria_bancrofti_prjeb536,True
WBA_0000007501,wuchereria_bancrofti_prjeb536,True
WBA_0000007601,wuchereria_bancrofti_prjeb536,True
WBA_0000007701,wuchereria_bancrofti_prjeb536,False
WBA_0000007801,wuchereria_bancrofti_prjeb536,True
WBA_0000007901,wuchereria_bancrofti_prjeb536,True
WBA_0000008001,wuchereria_bancrofti_prjeb536,True
WBA_0000008101,wuchereria_bancrofti_prjeb536,True
WBA_0000008201,wuchereria_bancrofti_prjeb536,True
WBA_0000008301,wuchereria_bancrofti_prjeb536,True
WBA_0000008401,wuchereria_bancrofti_prjeb536,True
WBA_0000008501,wuchereria_bancrofti_prjeb536,True
WBA_0000008601,wuchereria_bancrofti_prjeb536,True
WBA_0000008701,wuchereria_bancrofti_prjeb536,True
WBA_0000008801,wuchereria_bancrofti_prjeb536,True
WBA_0000008901,wuchereria_bancrofti_prjeb536,True
WBA_0000009001,wuchereria_bancrofti_prjeb536,True
WBA_0000009101,wuchereria_bancrofti_prjeb536,True
WBA_0000009201,wuchereria_bancrofti_prjeb536,True
WBA_0000009301,wuchereria_bancrofti_prjeb536,True
WBA_0000009401,wuchereria_bancrofti_prjeb536,False
WBA_0000009501,wuchereria_bancrofti_prjeb536,True
WBA_0000009601,wuchereria_bancrofti_prjeb536,True
WBA_0000009701,wuchereria_bancrofti_prjeb536,False
WBA_0000009801,wuchereria_bancrofti_prjeb536,True
WBA_0000009901,wuchereria_bancrofti_prjeb536,False
WBA_0000010001,wuchereria_bancrofti_prjeb536,True
WBA_0000010101,wuchereria_bancrofti_prjeb536,True
WBA_0000010201,wuchereria_bancrofti_prjeb536,True
WBA_0000010301,wuchereria_bancrofti_prjeb536,True
WBA_0000010401,wuchereria_bancrofti_prjeb536,True
WBA_0000010501,wuchereria_bancrofti_prjeb536,True
WBA_0000010601,wuchereria_bancrofti_prjeb536,True
WBA_0000010701,wuchereria_bancrofti_prjeb536,False
WBA_0000010801,wuchereria_bancrofti_prjeb536,True
WBA_0000010901,wuchereria_bancrofti_prjeb536,True
WBA_0000011001,wuchereria_bancrofti_prjeb536,True
WBA_0000011101,wuchereria_bancrofti_prjeb536,False
WBA_0000011201,wuchereria_bancrofti_prjeb536,True
WBA_0000011301,wuchereria_bancrofti_prjeb536,True
WBA_0000011401,wuchereria_bancrofti_prjeb536,False
WBA_0000011501,wuchereria_bancrofti_prjeb536,True
WBA_0000011601,wuchereria_bancrofti_prjeb536,True
WBA_0000011701,wuchereria_bancrofti_prjeb536,True
WBA_0000011801,wuchereria_bancrofti_prjeb536,True
WBA_0000011901,wuchereria_bancrofti_prjeb536,True
WBA_0000012001,wuchereria_bancrofti_prjeb536,True
WBA_0000012101,wuchereria_bancrofti_prjeb536,True
WBA_0000012201,wuchereria_bancrofti_prjeb536,False
WBA_0000012301,wuchereria_bancrofti_prjeb536,True
WBA_0000012401,wuchereria_bancrofti_prjeb536,True
WBA_0000012501,wuchereria_bancrofti_prjeb536,True
WBA_0000012601,wuchereria_bancrofti_prjeb536,True
WBA_0000012701,wuchereria_bancrofti_prjeb536,True
WBA_0000012801,wuchereria_bancrofti_prjeb536,True
WBA_0000012901,wuchereria_bancrofti_prjeb536,True
WBA_0000013001,wuchereria_bancrofti_prjeb536,True
WBA_0000013101,wuchereria_bancrofti_prjeb536,True
WBA_0000013201,wuchereria_bancrofti_prjeb536,True
WBA_0000013301,wuchereria_bancrofti_prjeb536,True
WBA_0000013401,wuchereria_bancrofti_prjeb536,True
WBA_0000013501,wuchereria_bancrofti_prjeb536,True
WBA_0000013601,wuchereria_bancrofti_prjeb536,True
WBA_0000013701,wuchereria_bancrofti_prjeb536,True
WBA_0000013801,wuchereria_bancrofti_prjeb536,True
WBA_0000013901,wuchereria_bancrofti_prjeb536,True
WBA_0000014001,wuchereria_bancrofti_prjeb536,True
WBA_0000014101,wuchereria_bancrofti_prjeb536,True
WBA_0000014201,wuchereria_bancrofti_prjeb536,True
WBA_0000014301,wuchereria_bancrofti_prjeb536,True
WBA_0000014401,wuchereria_bancrofti_prjeb536,True
WBA_0000014501,wuchereria_bancrofti_prjeb536,True
WBA_0000014601,wuchereria_bancrofti_prjeb536,True
WBA_0000014701,wuchereria_bancrofti_prjeb536,True
WBA_0000014801,wuchereria_bancrofti_prjeb536,True
WBA_0000014901,wuchereria_bancrofti_prjeb536,True
WBA_0000015001,wuchereria_bancrofti_prjeb536,True
WBA_0000015101,wuchereria_bancrofti_prjeb536,True
WBA_0000015201,wuchereria_bancrofti_prjeb536,True
WBA_0000015301,wuchereria_bancrofti_prjeb536,True
WBA_0000015401,wuchereria_bancrofti_prjeb536,False
WBA_0000015501,wuchereria_bancrofti_prjeb536,True
WBA_0000015601,wuchereria_bancrofti_prjeb536,True
WBA_0000015701,wuchereria_bancrofti_prjeb536,True
WBA_0000015801,wuchereria_bancrofti_prjeb536,True
WBA_0000015901,wuchereria_bancrofti_prjeb536,True
WBA_0000016001,wuchereria_bancrofti_prjeb536,True
WBA_0000016101,wuchereria_bancrofti_prjeb536,True
WBA_0000016201,wuchereria_bancrofti_prjeb536,True
WBA_0000016301,wuchereria_bancrofti_prjeb536,True
WBA_0000016401,wuchereria_bancrofti_prjeb536,True
WBA_0000016501,wuchereria_bancrofti_prjeb536,True
WBA_0000016601,wuchereria_bancrofti_prjeb536,True
WBA_0000016701,wuchereria_bancrofti_prjeb536,True
WBA_0000016801,wuchereria_bancrofti_prjeb536,True
WBA_0000016901,wuchereria_bancrofti_prjeb536,True
WBA_0000017001,wuchereria_bancrofti_prjeb536,False
WBA_0000017101,wuchereria_bancrofti_prjeb536,True
WBA_0000017201,wuchereria_bancrofti_prjeb536,True
WBA_0000017301,wuchereria_bancrofti_prjeb536,True
WBA_0000017401,wuchereria_bancrofti_prjeb536,False
WBA_0000017501,wuchereria_bancrofti_prjeb536,True
WBA_0000017601,wuchereria_bancrofti_prjeb536,True
WBA_0000017701,wuchereria_bancrofti_prjeb536,True
WBA_0000017801,wuchereria_bancrofti_prjeb536,False
WBA_0000017901,wuchereria_bancrofti_prjeb536,True
WBA_0000018001,wuchereria_bancrofti_prjeb536,True
WBA_0000018101,wuchereria_bancrofti_prjeb536,True
WBA_0000018201,wuchereria_bancrofti_prjeb536,True
WBA_0000018301,wuchereria_bancrofti_prjeb536,True
WBA_0000018401,wuchereria_bancrofti_prjeb536,True
WBA_0000018501,wuchereria_bancrofti_prjeb536,True
WBA_0000018601,wuchereria_bancrofti_prjeb536,True
WBA_0000018701,wuchereria_bancrofti_prjeb536,True
WBA_0000018801,wuchereria_bancrofti_prjeb536,True
WBA_0000018901,wuchereria_bancrofti_prjeb536,True
WBA_0000019001,wuchereria_bancrofti_prjeb536,False
WBA_0000019101,wuchereria_bancrofti_prjeb536,True
WBA_0000019201,wuchereria_bancrofti_prjeb536,True
WBA_0000019301,wuchereria_bancrofti_prjeb536,True
WBA_0000019401,wuchereria_bancrofti_prjeb536,True
WBA_0000019501,wuchereria_bancrofti_prjeb536,True
WBA_0000019601,wuchereria_bancrofti_prjeb536,True
WBA_0000019701,wuchereria_bancrofti_prjeb536,True
WBA_0000019801,wuchereria_bancrofti_prjeb536,True
WBA_0000019901,wuchereria_bancrofti_prjeb536,True
WBA_0000020001,wuchereria_bancrofti_prjeb536,True
WBA_0000020101,wuchereria_bancrofti_prjeb536,True
WBA_0000020201,wuchereria_bancrofti_prjeb536,True
WBA_0000020301,wuchereria_bancrofti_prjeb536,True
WBA_0000020401,wuchereria_bancrofti_prjeb536,True
WBA_0000020501,wuchereria_bancrofti_prjeb536,True
WBA_0000020601,wuchereria_bancrofti_prjeb536,True
WBA_0000020701,wuchereria_bancrofti_prjeb536,False
WBA_0000020801,wuchereria_bancrofti_prjeb536,True
WBA_0000020901,wuchereria_bancrofti_prjeb536,True
WBA_0000021001,wuchereria_bancrofti_prjeb536,True
WBA_0000021101,wuchereria_bancrofti_prjeb536,True
WBA_0000021201,wuchereria_bancrofti_prjeb536,True
WBA_0000021301,wuchereria_bancrofti_prjeb536,True
WBA_0000021401,wuchereria_bancrofti_prjeb536,True
WBA_0000021501,wuchereria_bancrofti_prjeb536,False
WBA_0000021601,wuchereria_bancrofti_prjeb536,True
WBA_0000021701,wuchereria_bancrofti_prjeb536,True
WBA_0000021801,wuchereria_bancrofti_prjeb536,True
WBA_0000021901,wuchereria_bancrofti_prjeb536,True
WBA_0000022001,wuchereria_bancrofti_prjeb536,True
WBA_0000022101,wuchereria_bancrofti_prjeb536,True
WBA_0000022201,wuchereria_bancrofti_prjeb536,True
WBA_0000022301,wuchereria_bancrofti_prjeb536,True
WBA_0000022401,wuchereria_bancrofti_prjeb536,True
WBA_0000022501,wuchereria_bancrofti_prjeb536,True
WBA_0000022601,wuchereria_bancrofti_prjeb536,True
WBA_0000022701,wuchereria_bancrofti_prjeb536,True
WBA_0000022801,wuchereria_bancrofti_prjeb536,True
WBA_0000022901,wuchereria_bancrofti_prjeb536,True
WBA_0000023001,wuchereria_bancrofti_prjeb536,True
WBA_0000023101,wuchereria_bancrofti_prjeb536,True
WBA_0000023201,wuchereria_bancrofti_prjeb536,True
WBA_0000023301,wuchereria_bancrofti_prjeb536,False
WBA_0000023401,wuchereria_bancrofti_prjeb536,True
WBA_0000023501,wuchereria_bancrofti_prjeb536,True
WBA_0000023601,wuchereria_bancrofti_prjeb536,True
WBA_0000023701,wuchereria_bancrofti_prjeb536,True
WBA_0000023801,wuchereria_bancrofti_prjeb536,False
WBA_0000023901,wuchereria_bancrofti_prjeb536,True
WBA_0000024001,wuchereria_bancrofti_prjeb536,True
WBA_0000024101,wuchereria_bancrofti_prjeb536,True
WBA_0000024201,wuchereria_bancrofti_prjeb536,True
WBA_0000024301,wuchereria_bancrofti_prjeb536,True
WBA_0000024401,wuchereria_bancrofti_prjeb536,True
WBA_0000024501,wuchereria_bancrofti_prjeb536,True
WBA_0000024601,wuchereria_bancrofti_prjeb536,True
WBA_0000024701,wuchereria_bancrofti_prjeb536,True
WBA_0000024801,wuchereria_bancrofti_prjeb536,True
WBA_0000024901,wuchereria_bancrofti_prjeb536,True
WBA_0000025001,wuchereria_bancrofti_prjeb536,True
WBA_0000025101,wuchereria_bancrofti_prjeb536,True
WBA_0000025201,wuchereria_bancrofti_prjeb536,True
WBA_0000025301,wuchereria_bancrofti_prjeb536,True
WBA_0000025401,wuchereria_bancrofti_prjeb536,True
WBA_0000025501,wuchereria_bancrofti_prjeb536,True
WBA_0000025601,wuchereria_bancrofti_prjeb536,True
WBA_0000025701,wuchereria_bancrofti_prjeb536,False
WBA_0000025801,wuchereria_bancrofti_prjeb536,True
WBA_0000025901,wuchereria_bancrofti_prjeb536,True
WBA_0000026001,wuchereria_bancrofti_prjeb536,False
WBA_0000026101,wuchereria_bancrofti_prjeb536,True
WBA_0000026201,wuchereria_bancrofti_prjeb536,True
WBA_0000026301,wuchereria_bancrofti_prjeb536,True
WBA_0000026401,wuchereria_bancrofti_prjeb536,True
WBA_0000026501,wuchereria_bancrofti_prjeb536,True
WBA_0000026601,wuchereria_bancrofti_prjeb536,True
WBA_0000026701,wuchereria_bancrofti_prjeb536,True
WBA_0000026801,wuchereria_bancrofti_prjeb536,True
WBA_0000026901,wuchereria_bancrofti_prjeb536,True
WBA_0000027001,wuchereria_bancrofti_prjeb536,True
WBA_0000027101,wuchereria_bancrofti_prjeb536,True
WBA_0000027201,wuchereria_bancrofti_prjeb536,True
WBA_0000027301,wuchereria_bancrofti_prjeb536,True
WBA_0000027401,wuchereria_bancrofti_prjeb536,True
WBA_0000027501,wuchereria_bancrofti_prjeb536,True
WBA_0000027601,wuchereria_bancrofti_prjeb536,True
WBA_0000027701,wuchereria_bancrofti_prjeb536,False
WBA_0000027801,wuchereria_bancrofti_prjeb536,True
WBA_0000027901,wuchereria_bancrofti_prjeb536,True
WBA_0000028001,wuchereria_bancrofti_prjeb536,True
WBA_0000028101,wuchereria_bancrofti_prjeb536,True
WBA_0000028201,wuchereria_bancrofti_prjeb536,True
WBA_0000028301,wuchereria_bancrofti_prjeb536,True
WBA_0000028401,wuchereria_bancrofti_prjeb536,True
WBA_0000028501,wuchereria_bancrofti_prjeb536,True
WBA_0000028601,wuchereria_bancrofti_prjeb536,False
WBA_0000028701,wuchereria_bancrofti_prjeb536,True
WBA_0000028801,wuchereria_bancrofti_prjeb536,True
WBA_0000028901,wuchereria_bancrofti_prjeb536,True
WBA_0000029001,wuchereria_bancrofti_prjeb536,True
WBA_0000029101,wuchereria_bancrofti_prjeb536,True
WBA_0000029201,wuchereria_bancrofti_prjeb536,True
WBA_0000029301,wuchereria_bancrofti_prjeb536,True
WBA_0000029401,wuchereria_bancrofti_prjeb536,False
WBA_0000029501,wuchereria_bancrofti_prjeb536,True
WBA_0000029601,wuchereria_bancrofti_prjeb536,True
WBA_0000029701,wuchereria_bancrofti_prjeb536,True
WBA_0000029801,wuchereria_bancrofti_prjeb536,True
WBA_0000029901,wuchereria_bancrofti_prjeb536,True
WBA_0000030001,wuchereria_bancrofti_prjeb536,True
WBA_0000030101,wuchereria_bancrofti_prjeb536,True
WBA_0000030201,wuchereria_bancrofti_prjeb536,True
WBA_0000030301,wuchereria_bancrofti_prjeb536,True
WBA_0000030401,wuchereria_bancrofti_prjeb536,True
WBA_0000030501,wuchereria_bancrofti_prjeb536,True
WBA_0000030601,wuchereria_bancrofti_prjeb536,True
WBA_0000030701,wuchereria_bancrofti_prjeb536,False
WBA_0000030801,wuchereria_bancrofti_prjeb536,True
WBA_0000030901,wuchereria_bancrofti_prjeb536,False
WBA_0000031001,wuchereria_bancrofti_prjeb536,False
WBA_0000031101,wuchereria_bancrofti_prjeb536,True
WBA_0000031201,wuchereria_bancrofti_prjeb536,True
WBA_0000031301,wuchereria_bancrofti_prjeb536,True
WBA_0000031401,wuchereria_bancrofti_prjeb536,True
WBA_0000031501,wuchereria_bancrofti_prjeb536,True
WBA_0000031601,wuchereria_bancrofti_prjeb536,True
WBA_0000031701,wuchereria_bancrofti_prjeb536,True
WBA_0000031801,wuchereria_bancrofti_prjeb536,False
WBA_0000031901,wuchereria_bancrofti_prjeb536,True
WBA_0000032001,wuchereria_bancrofti_prjeb536,True
WBA_0000032101,wuchereria_bancrofti_prjeb536,True
WBA_0000032201,wuchereria_bancrofti_prjeb536,True
WBA_0000032301,wuchereria_bancrofti_prjeb536,True
WBA_0000032401,wuchereria_bancrofti_prjeb536,True
WBA_0000032501,wuchereria_bancrofti_prjeb536,True
WBA_0000032601,wuchereria_bancrofti_prjeb536,False
WBA_0000032701,wuchereria_bancrofti_prjeb536,True
WBA_0000032801,wuchereria_bancrofti_prjeb536,True
WBA_0000032901,wuchereria_bancrofti_prjeb536,True
WBA_0000033001,wuchereria_bancrofti_prjeb536,True
WBA_0000033101,wuchereria_bancrofti_prjeb536,True
WBA_0000033201,wuchereria_bancrofti_prjeb536,True
WBA_0000033301,wuchereria_bancrofti_prjeb536,True
WBA_0000033401,wuchereria_bancrofti_prjeb536,True
WBA_0000033501,wuchereria_bancrofti_prjeb536,True
WBA_0000033601,wuchereria_bancrofti_prjeb536,True
WBA_0000033701,wuchereria_bancrofti_prjeb536,True
WBA_0000033801,wuchereria_bancrofti_prjeb536,True
WBA_0000033901,wuchereria_bancrofti_prjeb536,False
WBA_0000034001,wuchereria_bancrofti_prjeb536,True
WBA_0000034101,wuchereria_bancrofti_prjeb536,True
WBA_0000034201,wuchereria_bancrofti_prjeb536,True
WBA_0000034301,wuchereria_bancrofti_prjeb536,True
WBA_0000034401,wuchereria_bancrofti_prjeb536,True
WBA_0000034501,wuchereria_bancrofti_prjeb536,True
WBA_0000034601,wuchereria_bancrofti_prjeb536,True
WBA_0000034701,wuchereria_bancrofti_prjeb536,True
WBA_0000034801,wuchereria_bancrofti_prjeb536,True
WBA_0000034901,wuchereria_bancrofti_prjeb536,True
WBA_0000035001,wuchereria_bancrofti_prjeb536,True
WBA_0000035101,wuchereria_bancrofti_prjeb536,True
WBA_0000035201,wuchereria_bancrofti_prjeb536,True
WBA_0000035301,wuchereria_bancrofti_prjeb536,True
WBA_0000035401,wuchereria_bancrofti_prjeb536,True
WBA_0000035501,wuchereria_bancrofti_prjeb536,True
WBA_0000035601,wuchereria_bancrofti_prjeb536,True
WBA_0000035701,wuchereria_bancrofti_prjeb536,True
WBA_0000035801,wuchereria_bancrofti_prjeb536,True
WBA_0000035901,wuchereria_bancrofti_prjeb536,True
WBA_0000036001,wuchereria_bancrofti_prjeb536,True
WBA_0000036101,wuchereria_bancrofti_prjeb536,True
WBA_0000036201,wuchereria_bancrofti_prjeb536,True
WBA_0000036301,wuchereria_bancrofti_prjeb536,True
WBA_0000036401,wuchereria_bancrofti_prjeb536,True
WBA_0000036501,wuchereria_bancrofti_prjeb536,False
WBA_0000036601,wuchereria_bancrofti_prjeb536,True
WBA_0000036701,wuchereria_bancrofti_prjeb536,True
WBA_0000036801,wuchereria_bancrofti_prjeb536,True
WBA_0000036901,wuchereria_bancrofti_prjeb536,True
WBA_0000037001,wuchereria_bancrofti_prjeb536,True
WBA_0000037101,wuchereria_bancrofti_prjeb536,True
WBA_0000037201,wuchereria_bancrofti_prjeb536,True
WBA_0000037301,wuchereria_bancrofti_prjeb536,True
WBA_0000037401,wuchereria_bancrofti_prjeb536,True
WBA_0000037501,wuchereria_bancrofti_prjeb536,True
WBA_0000037601,wuchereria_bancrofti_prjeb536,True
WBA_0000037701,wuchereria_bancrofti_prjeb536,True
WBA_0000037801,wuchereria_bancrofti_prjeb536,True
WBA_0000037901,wuchereria_bancrofti_prjeb536,True
WBA_0000038001,wuchereria_bancrofti_prjeb536,True
WBA_0000038101,wuchereria_bancrofti_prjeb536,True
WBA_0000038201,wuchereria_bancrofti_prjeb536,False
WBA_0000038301,wuchereria_bancrofti_prjeb536,False
WBA_0000038401,wuchereria_bancrofti_prjeb536,True
WBA_0000038501,wuchereria_bancrofti_prjeb536,False
WBA_0000038601,wuchereria_bancrofti_prjeb536,True
WBA_0000038701,wuchereria_bancrofti_prjeb536,False
WBA_0000038801,wuchereria_bancrofti_prjeb536,True
WBA_0000038901,wuchereria_bancrofti_prjeb536,True
WBA_0000039001,wuchereria_bancrofti_prjeb536,False
WBA_0000039101,wuchereria_bancrofti_prjeb536,True
WBA_0000039201,wuchereria_bancrofti_prjeb536,True
WBA_0000039301,wuchereria_bancrofti_prjeb536,True
WBA_0000039401,wuchereria_bancrofti_prjeb536,True
WBA_0000039501,wuchereria_bancrofti_prjeb536,True
WBA_0000039601,wuchereria_bancrofti_prjeb536,True
WBA_0000039701,wuchereria_bancrofti_prjeb536,True
WBA_0000039801,wuchereria_bancrofti_prjeb536,True
WBA_0000039901,wuchereria_bancrofti_prjeb536,True
WBA_0000040001,wuchereria_bancrofti_prjeb536,True
WBA_0000040101,wuchereria_bancrofti_prjeb536,True
WBA_0000040201,wuchereria_bancrofti_prjeb536,True
WBA_0000040301,wuchereria_bancrofti_prjeb536,True
WBA_0000040401,wuchereria_bancrofti_prjeb536,True
WBA_0000040501,wuchereria_bancrofti_prjeb536,True
WBA_0000040601,wuchereria_bancrofti_prjeb536,True
WBA_0000040701,wuchereria_bancrofti_prjeb536,True
WBA_0000040801,wuchereria_bancrofti_prjeb536,True
WBA_0000040901,wuchereria_bancrofti_prjeb536,True
WBA_0000041001,wuchereria_bancrofti_prjeb536,True
WBA_0000041101,wuchereria_bancrofti_prjeb536,True
WBA_0000041201,wuchereria_bancrofti_prjeb536,True
WBA_0000041301,wuchereria_bancrofti_prjeb536,True
WBA_0000041401,wuchereria_bancrofti_prjeb536,True
WBA_0000041501,wuchereria_bancrofti_prjeb536,True
WBA_0000041601,wuchereria_bancrofti_prjeb536,True
WBA_0000041701,wuchereria_bancrofti_prjeb536,True
WBA_0000041801,wuchereria_bancrofti_prjeb536,True
WBA_0000041901,wuchereria_bancrofti_prjeb536,True
WBA_0000042001,wuchereria_bancrofti_prjeb536,True
WBA_0000042101,wuchereria_bancrofti_prjeb536,True
WBA_0000042201,wuchereria_bancrofti_prjeb536,True
WBA_0000042301,wuchereria_bancrofti_prjeb536,True
WBA_0000042401,wuchereria_bancrofti_prjeb536,True
WBA_0000042501,wuchereria_bancrofti_prjeb536,True
WBA_0000042601,wuchereria_bancrofti_prjeb536,True
WBA_0000042701,wuchereria_bancrofti_prjeb536,False
WBA_0000042801,wuchereria_bancrofti_prjeb536,True
WBA_0000042901,wuchereria_bancrofti_prjeb536,True
WBA_0000043001,wuchereria_bancrofti_prjeb536,True
WBA_0000043101,wuchereria_bancrofti_prjeb536,False
WBA_0000043201,wuchereria_bancrofti_prjeb536,True
WBA_0000043301,wuchereria_bancrofti_prjeb536,False
WBA_0000043401,wuchereria_bancrofti_prjeb536,True
WBA_0000043501,wuchereria_bancrofti_prjeb536,False
WBA_0000043601,wuchereria_bancrofti_prjeb536,False
WBA_0000043701,wuchereria_bancrofti_prjeb536,True
WBA_0000043801,wuchereria_bancrofti_prjeb536,False
WBA_0000043901,wuchereria_bancrofti_prjeb536,True
WBA_0000044001,wuchereria_bancrofti_prjeb536,True
WBA_0000044101,wuchereria_bancrofti_prjeb536,True
WBA_0000044201,wuchereria_bancrofti_prjeb536,True
WBA_0000044301,wuchereria_bancrofti_prjeb536,True
WBA_0000044401,wuchereria_bancrofti_prjeb536,True
WBA_0000044501,wuchereria_bancrofti_prjeb536,True
WBA_0000044601,wuchereria_bancrofti_prjeb536,True
WBA_0000044701,wuchereria_bancrofti_prjeb536,True
WBA_0000044801,wuchereria_bancrofti_prjeb536,True
WBA_0000044901,wuchereria_bancrofti_prjeb536,True
WBA_0000045001,wuchereria_bancrofti_prjeb536,False
WBA_0000045101,wuchereria_bancrofti_prjeb536,True
WBA_0000045201,wuchereria_bancrofti_prjeb536,True
WBA_0000045301,wuchereria_bancrofti_prjeb536,True
WBA_0000045401,wuchereria_bancrofti_prjeb536,True
WBA_0000045501,wuchereria_bancrofti_prjeb536,True
WBA_0000045601,wuchereria_bancrofti_prjeb536,True
WBA_0000045701,wuchereria_bancrofti_prjeb536,True
WBA_0000045801,wuchereria_bancrofti_prjeb536,True
WBA_0000045901,wuchereria_bancrofti_prjeb536,True
WBA_0000046001,wuchereria_bancrofti_prjeb536,True
WBA_0000046101,wuchereria_bancrofti_prjeb536,False
WBA_0000046201,wuchereria_bancrofti_prjeb536,True
WBA_0000046301,wuchereria_bancrofti_prjeb536,True
WBA_0000046401,wuchereria_bancrofti_prjeb536,True
WBA_0000046501,wuchereria_bancrofti_prjeb536,True
WBA_0000046601,wuchereria_bancrofti_prjeb536,True
WBA_0000046701,wuchereria_bancrofti_prjeb536,True
WBA_0000046801,wuchereria_bancrofti_prjeb536,True
WBA_0000046901,wuchereria_bancrofti_prjeb536,True
WBA_0000047001,wuchereria_bancrofti_prjeb536,True
WBA_0000047101,wuchereria_bancrofti_prjeb536,True
WBA_0000047201,wuchereria_bancrofti_prjeb536,True
WBA_0000047301,wuchereria_bancrofti_prjeb536,True
WBA_0000047401,wuchereria_bancrofti_prjeb536,True
WBA_0000047501,wuchereria_bancrofti_prjeb536,True
WBA_0000047601,wuchereria_bancrofti_prjeb536,False
WBA_0000047701,wuchereria_bancrofti_prjeb536,True
WBA_0000047801,wuchereria_bancrofti_prjeb536,True
WBA_0000047901,wuchereria_bancrofti_prjeb536,True
WBA_0000048001,wuchereria_bancrofti_prjeb536,True
WBA_0000048101,wuchereria_bancrofti_prjeb536,False
WBA_0000048201,wuchereria_bancrofti_prjeb536,True
WBA_0000048301,wuchereria_bancrofti_prjeb536,True
WBA_0000048401,wuchereria_bancrofti_prjeb536,True
WBA_0000048501,wuchereria_bancrofti_prjeb536,True
WBA_0000048601,wuchereria_bancrofti_prjeb536,True
WBA_0000048701,wuchereria_bancrofti_prjeb536,True
WBA_0000048801,wuchereria_bancrofti_prjeb536,True
WBA_0000048901,wuchereria_bancrofti_prjeb536,True
WBA_0000049001,wuchereria_bancrofti_prjeb536,True
WBA_0000049101,wuchereria_bancrofti_prjeb536,True
WBA_0000049201,wuchereria_bancrofti_prjeb536,True
WBA_0000049301,wuchereria_bancrofti_prjeb536,True
WBA_0000049401,wuchereria_bancrofti_prjeb536,True
WBA_0000049501,wuchereria_bancrofti_prjeb536,True
WBA_0000049601,wuchereria_bancrofti_prjeb536,False
WBA_0000049701,wuchereria_bancrofti_prjeb536,False
WBA_0000049801,wuchereria_bancrofti_prjeb536,True
WBA_0000049901,wuchereria_bancrofti_prjeb536,True
WBA_0000050001,wuchereria_bancrofti_prjeb536,True
WBA_0000050101,wuchereria_bancrofti_prjeb536,True
WBA_0000050201,wuchereria_bancrofti_prjeb536,True
WBA_0000050301,wuchereria_bancrofti_prjeb536,True
WBA_0000050401,wuchereria_bancrofti_prjeb536,True
WBA_0000050501,wuchereria_bancrofti_prjeb536,True
WBA_0000050601,wuchereria_bancrofti_prjeb536,False
WBA_0000050701,wuchereria_bancrofti_prjeb536,True
WBA_0000050801,wuchereria_bancrofti_prjeb536,True
WBA_0000050901,wuchereria_bancrofti_prjeb536,True
WBA_0000051001,wuchereria_bancrofti_prjeb536,True
WBA_0000051101,wuchereria_bancrofti_prjeb536,True
WBA_0000051201,wuchereria_bancrofti_prjeb536,True
WBA_0000051301,wuchereria_bancrofti_prjeb536,True
WBA_0000051401,wuchereria_bancrofti_prjeb536,True
WBA_0000051501,wuchereria_bancrofti_prjeb536,True
WBA_0000051601,wuchereria_bancrofti_prjeb536,True
WBA_0000051701,wuchereria_bancrofti_prjeb536,True
WBA_0000051801,wuchereria_bancrofti_prjeb536,True
WBA_0000051901,wuchereria_bancrofti_prjeb536,True
WBA_0000052001,wuchereria_bancrofti_prjeb536,True
WBA_0000052101,wuchereria_bancrofti_prjeb536,True
WBA_0000052201,wuchereria_bancrofti_prjeb536,True
WBA_0000052301,wuchereria_bancrofti_prjeb536,True
WBA_0000052401,wuchereria_bancrofti_prjeb536,True
WBA_0000052501,wuchereria_bancrofti_prjeb536,True
WBA_0000052601,wuchereria_bancrofti_prjeb536,True
WBA_0000052701,wuchereria_bancrofti_prjeb536,True
WBA_0000052801,wuchereria_bancrofti_prjeb536,False
WBA_0000052901,wuchereria_bancrofti_prjeb536,True
WBA_0000053001,wuchereria_bancrofti_prjeb536,True
WBA_0000053101,wuchereria_bancrofti_prjeb536,True
WBA_0000053201,wuchereria_bancrofti_prjeb536,True
WBA_0000053301,wuchereria_bancrofti_prjeb536,True
WBA_0000053401,wuchereria_bancrofti_prjeb536,True
WBA_0000053501,wuchereria_bancrofti_prjeb536,True
WBA_0000053601,wuchereria_bancrofti_prjeb536,True
WBA_0000053701,wuchereria_bancrofti_prjeb536,True
WBA_0000053801,wuchereria_bancrofti_prjeb536,True
WBA_0000053901,wuchereria_bancrofti_prjeb536,True
WBA_0000054001,wuchereria_bancrofti_prjeb536,True
WBA_0000054101,wuchereria_bancrofti_prjeb536,True
WBA_0000054201,wuchereria_bancrofti_prjeb536,True
WBA_0000054301,wuchereria_bancrofti_prjeb536,True
WBA_0000054401,wuchereria_bancrofti_prjeb536,True
WBA_0000054501,wuchereria_bancrofti_prjeb536,True
WBA_0000054601,wuchereria_bancrofti_prjeb536,True
WBA_0000054701,wuchereria_bancrofti_prjeb536,False
WBA_0000054801,wuchereria_bancrofti_prjeb536,True
WBA_0000054901,wuchereria_bancrofti_prjeb536,True
WBA_0000055001,wuchereria_bancrofti_prjeb536,True
WBA_0000055101,wuchereria_bancrofti_prjeb536,True
WBA_0000055201,wuchereria_bancrofti_prjeb536,True
WBA_0000055301,wuchereria_bancrofti_prjeb536,True
WBA_0000055401,wuchereria_bancrofti_prjeb536,True
WBA_0000055501,wuchereria_bancrofti_prjeb536,True
WBA_0000055601,wuchereria_bancrofti_prjeb536,True
WBA_0000055701,wuchereria_bancrofti_prjeb536,True
WBA_0000055801,wuchereria_bancrofti_prjeb536,True
WBA_0000055901,wuchereria_bancrofti_prjeb536,True
WBA_0000056001,wuchereria_bancrofti_prjeb536,False
WBA_0000056101,wuchereria_bancrofti_prjeb536,False
WBA_0000056201,wuchereria_bancrofti_prjeb536,False
WBA_0000056301,wuchereria_bancrofti_prjeb536,True
WBA_0000056401,wuchereria_bancrofti_prjeb536,True
WBA_0000056501,wuchereria_bancrofti_prjeb536,True
WBA_0000056601,wuchereria_bancrofti_prjeb536,True
WBA_0000056701,wuchereria_bancrofti_prjeb536,True
WBA_0000056801,wuchereria_bancrofti_prjeb536,True
WBA_0000056901,wuchereria_bancrofti_prjeb536,True
WBA_0000057001,wuchereria_bancrofti_prjeb536,True
WBA_0000057101,wuchereria_bancrofti_prjeb536,True
WBA_0000057201,wuchereria_bancrofti_prjeb536,False
WBA_0000057301,wuchereria_bancrofti_prjeb536,True
WBA_0000057401,wuchereria_bancrofti_prjeb536,True
WBA_0000057501,wuchereria_bancrofti_prjeb536,True
WBA_0000057601,wuchereria_bancrofti_prjeb536,True
WBA_0000057701,wuchereria_bancrofti_prjeb536,True
WBA_0000057801,wuchereria_bancrofti_prjeb536,True
WBA_0000057901,wuchereria_bancrofti_prjeb536,True
WBA_0000058001,wuchereria_bancrofti_prjeb536,True
WBA_0000058101,wuchereria_bancrofti_prjeb536,True
WBA_0000058201,wuchereria_bancrofti_prjeb536,True
WBA_0000058301,wuchereria_bancrofti_prjeb536,True
WBA_0000058401,wuchereria_bancrofti_prjeb536,True
WBA_0000058501,wuchereria_bancrofti_prjeb536,True
WBA_0000058601,wuchereria_bancrofti_prjeb536,True
WBA_0000058701,wuchereria_bancrofti_prjeb536,True
WBA_0000058801,wuchereria_bancrofti_prjeb536,True
WBA_0000058901,wuchereria_bancrofti_prjeb536,True
WBA_0000059001,wuchereria_bancrofti_prjeb536,True
WBA_0000059101,wuchereria_bancrofti_prjeb536,True
WBA_0000059201,wuchereria_bancrofti_prjeb536,True
WBA_0000059301,wuchereria_bancrofti_prjeb536,True
WBA_0000059401,wuchereria_bancrofti_prjeb536,True
WBA_0000059501,wuchereria_bancrofti_prjeb536,False
WBA_0000059601,wuchereria_bancrofti_prjeb536,True
WBA_0000059701,wuchereria_bancrofti_prjeb536,True
WBA_0000059801,wuchereria_bancrofti_prjeb536,True
WBA_0000059901,wuchereria_bancrofti_prjeb536,True
WBA_0000060001,wuchereria_bancrofti_prjeb536,True
WBA_0000060101,wuchereria_bancrofti_prjeb536,True
WBA_0000060201,wuchereria_bancrofti_prjeb536,True
WBA_0000060301,wuchereria_bancrofti_prjeb536,True
WBA_0000060401,wuchereria_bancrofti_prjeb536,False
WBA_0000060501,wuchereria_bancrofti_prjeb536,True
WBA_0000060601,wuchereria_bancrofti_prjeb536,True
WBA_0000060701,wuchereria_bancrofti_prjeb536,True
WBA_0000060801,wuchereria_bancrofti_prjeb536,False
WBA_0000060901,wuchereria_bancrofti_prjeb536,True
WBA_0000061001,wuchereria_bancrofti_prjeb536,True
WBA_0000061101,wuchereria_bancrofti_prjeb536,True
WBA_0000061201,wuchereria_bancrofti_prjeb536,True
WBA_0000061301,wuchereria_bancrofti_prjeb536,True
WBA_0000061401,wuchereria_bancrofti_prjeb536,False
WBA_0000061501,wuchereria_bancrofti_prjeb536,True
WBA_0000061601,wuchereria_bancrofti_prjeb536,True
WBA_0000061701,wuchereria_bancrofti_prjeb536,True
WBA_0000061801,wuchereria_bancrofti_prjeb536,True
WBA_0000061901,wuchereria_bancrofti_prjeb536,True
WBA_0000062001,wuchereria_bancrofti_prjeb536,True
WBA_0000062101,wuchereria_bancrofti_prjeb536,True
WBA_0000062201,wuchereria_bancrofti_prjeb536,False
WBA_0000062301,wuchereria_bancrofti_prjeb536,True
WBA_0000062401,wuchereria_bancrofti_prjeb536,True
WBA_0000062501,wuchereria_bancrofti_prjeb536,True
WBA_0000062601,wuchereria_bancrofti_prjeb536,True
WBA_0000062701,wuchereria_bancrofti_prjeb536,True
WBA_0000062801,wuchereria_bancrofti_prjeb536,True
WBA_0000062901,wuchereria_bancrofti_prjeb536,True
WBA_0000063001,wuchereria_bancrofti_prjeb536,True
WBA_0000063101,wuchereria_bancrofti_prjeb536,True
WBA_0000063201,wuchereria_bancrofti_prjeb536,True
WBA_0000063301,wuchereria_bancrofti_prjeb536,True
WBA_0000063401,wuchereria_bancrofti_prjeb536,False
WBA_0000063501,wuchereria_bancrofti_prjeb536,True
WBA_0000063601,wuchereria_bancrofti_prjeb536,True
WBA_0000063701,wuchereria_bancrofti_prjeb536,False
WBA_0000063801,wuchereria_bancrofti_prjeb536,True
WBA_0000063901,wuchereria_bancrofti_prjeb536,True
WBA_0000064001,wuchereria_bancrofti_prjeb536,True
WBA_0000064101,wuchereria_bancrofti_prjeb536,True
WBA_0000064201,wuchereria_bancrofti_prjeb536,True
WBA_0000064301,wuchereria_bancrofti_prjeb536,True
WBA_0000064401,wuchereria_bancrofti_prjeb536,True
WBA_0000064501,wuchereria_bancrofti_prjeb536,True
WBA_0000064601,wuchereria_bancrofti_prjeb536,True
WBA_0000064701,wuchereria_bancrofti_prjeb536,True
WBA_0000064801,wuchereria_bancrofti_prjeb536,True
WBA_0000064901,wuchereria_bancrofti_prjeb536,True
WBA_0000065001,wuchereria_bancrofti_prjeb536,True
WBA_0000065101,wuchereria_bancrofti_prjeb536,False
WBA_0000065201,wuchereria_bancrofti_prjeb536,True
WBA_0000065301,wuchereria_bancrofti_prjeb536,True
WBA_0000065401,wuchereria_bancrofti_prjeb536,True
WBA_0000065501,wuchereria_bancrofti_prjeb536,True
WBA_0000065601,wuchereria_bancrofti_prjeb536,True
WBA_0000065701,wuchereria_bancrofti_prjeb536,True
WBA_0000065801,wuchereria_bancrofti_prjeb536,True
WBA_0000065901,wuchereria_bancrofti_prjeb536,True
WBA_0000066001,wuchereria_bancrofti_prjeb536,True
WBA_0000066101,wuchereria_bancrofti_prjeb536,True
WBA_0000066201,wuchereria_bancrofti_prjeb536,True
WBA_0000066301,wuchereria_bancrofti_prjeb536,True
WBA_0000066401,wuchereria_bancrofti_prjeb536,True
WBA_0000066501,wuchereria_bancrofti_prjeb536,True
WBA_0000066601,wuchereria_bancrofti_prjeb536,True
WBA_0000066701,wuchereria_bancrofti_prjeb536,True
WBA_0000066801,wuchereria_bancrofti_prjeb536,True
WBA_0000066901,wuchereria_bancrofti_prjeb536,True
WBA_0000067001,wuchereria_bancrofti_prjeb536,True
WBA_0000067101,wuchereria_bancrofti_prjeb536,False
WBA_0000067201,wuchereria_bancrofti_prjeb536,True
WBA_0000067301,wuchereria_bancrofti_prjeb536,True
WBA_0000067401,wuchereria_bancrofti_prjeb536,True
WBA_0000067501,wuchereria_bancrofti_prjeb536,True
WBA_0000067601,wuchereria_bancrofti_prjeb536,True
WBA_0000067701,wuchereria_bancrofti_prjeb536,True
WBA_0000067801,wuchereria_bancrofti_prjeb536,False
WBA_0000067901,wuchereria_bancrofti_prjeb536,True
WBA_0000068001,wuchereria_bancrofti_prjeb536,True
WBA_0000068101,wuchereria_bancrofti_prjeb536,True
WBA_0000068201,wuchereria_bancrofti_prjeb536,False
WBA_0000068301,wuchereria_bancrofti_prjeb536,True
WBA_0000068401,wuchereria_bancrofti_prjeb536,True
WBA_0000068501,wuchereria_bancrofti_prjeb536,False
WBA_0000068601,wuchereria_bancrofti_prjeb536,True
WBA_0000068701,wuchereria_bancrofti_prjeb536,True
WBA_0000068801,wuchereria_bancrofti_prjeb536,True
WBA_0000068901,wuchereria_bancrofti_prjeb536,True
WBA_0000069001,wuchereria_bancrofti_prjeb536,True
WBA_0000069101,wuchereria_bancrofti_prjeb536,True
WBA_0000069201,wuchereria_bancrofti_prjeb536,True
WBA_0000069301,wuchereria_bancrofti_prjeb536,True
WBA_0000069401,wuchereria_bancrofti_prjeb536,True
WBA_0000069501,wuchereria_bancrofti_prjeb536,False
WBA_0000069601,wuchereria_bancrofti_prjeb536,True
WBA_0000069701,wuchereria_bancrofti_prjeb536,True
WBA_0000069801,wuchereria_bancrofti_prjeb536,True
WBA_0000069901,wuchereria_bancrofti_prjeb536,True
WBA_0000070001,wuchereria_bancrofti_prjeb536,True
WBA_0000070101,wuchereria_bancrofti_prjeb536,True
WBA_0000070201,wuchereria_bancrofti_prjeb536,True
WBA_0000070301,wuchereria_bancrofti_prjeb536,True
WBA_0000070401,wuchereria_bancrofti_prjeb536,True
WBA_0000070501,wuchereria_bancrofti_prjeb536,True
WBA_0000070601,wuchereria_bancrofti_prjeb536,True
WBA_0000070701,wuchereria_bancrofti_prjeb536,False
WBA_0000070801,wuchereria_bancrofti_prjeb536,True
WBA_0000070901,wuchereria_bancrofti_prjeb536,True
WBA_0000071001,wuchereria_bancrofti_prjeb536,True
WBA_0000071101,wuchereria_bancrofti_prjeb536,True
WBA_0000071201,wuchereria_bancrofti_prjeb536,True
WBA_0000071301,wuchereria_bancrofti_prjeb536,True
WBA_0000071401,wuchereria_bancrofti_prjeb536,True
WBA_0000071501,wuchereria_bancrofti_prjeb536,True
WBA_0000071601,wuchereria_bancrofti_prjeb536,True
WBA_0000071701,wuchereria_bancrofti_prjeb536,True
WBA_0000071801,wuchereria_bancrofti_prjeb536,True
WBA_0000071901,wuchereria_bancrofti_prjeb536,True
WBA_0000072001,wuchereria_bancrofti_prjeb536,True
WBA_0000072101,wuchereria_bancrofti_prjeb536,True
WBA_0000072201,wuchereria_bancrofti_prjeb536,True
WBA_0000072301,wuchereria_bancrofti_prjeb536,True
WBA_0000072401,wuchereria_bancrofti_prjeb536,True
WBA_0000072501,wuchereria_bancrofti_prjeb536,True
WBA_0000072601,wuchereria_bancrofti_prjeb536,True
WBA_0000072701,wuchereria_bancrofti_prjeb536,True
WBA_0000072801,wuchereria_bancrofti_prjeb536,True
WBA_0000072901,wuchereria_bancrofti_prjeb536,True
WBA_0000073001,wuchereria_bancrofti_prjeb536,True
WBA_0000073101,wuchereria_bancrofti_prjeb536,True
WBA_0000073201,wuchereria_bancrofti_prjeb536,True
WBA_0000073301,wuchereria_bancrofti_prjeb536,False
WBA_0000073401,wuchereria_bancrofti_prjeb536,True
WBA_0000073501,wuchereria_bancrofti_prjeb536,True
WBA_0000073601,wuchereria_bancrofti_prjeb536,True
WBA_0000073701,wuchereria_bancrofti_prjeb536,False
WBA_0000073801,wuchereria_bancrofti_prjeb536,True
WBA_0000073901,wuchereria_bancrofti_prjeb536,True
WBA_0000074001,wuchereria_bancrofti_prjeb536,True
WBA_0000074101,wuchereria_bancrofti_prjeb536,True
WBA_0000074201,wuchereria_bancrofti_prjeb536,True
WBA_0000074301,wuchereria_bancrofti_prjeb536,True
WBA_0000074401,wuchereria_bancrofti_prjeb536,True
WBA_0000074501,wuchereria_bancrofti_prjeb536,True
WBA_0000074601,wuchereria_bancrofti_prjeb536,False
WBA_0000074701,wuchereria_bancrofti_prjeb536,True
WBA_0000074801,wuchereria_bancrofti_prjeb536,True
WBA_0000074901,wuchereria_bancrofti_prjeb536,True
WBA_0000075001,wuchereria_bancrofti_prjeb536,True
WBA_0000075101,wuchereria_bancrofti_prjeb536,True
WBA_0000075201,wuchereria_bancrofti_prjeb536,True
WBA_0000075301,wuchereria_bancrofti_prjeb536,True
WBA_0000075401,wuchereria_bancrofti_prjeb536,True
WBA_0000075501,wuchereria_bancrofti_prjeb536,True
WBA_0000075601,wuchereria_bancrofti_prjeb536,True
WBA_0000075701,wuchereria_bancrofti_prjeb536,True
WBA_0000075801,wuchereria_bancrofti_prjeb536,True
WBA_0000075901,wuchereria_bancrofti_prjeb536,False
WBA_0000076001,wuchereria_bancrofti_prjeb536,True
WBA_0000076101,wuchereria_bancrofti_prjeb536,True
WBA_0000076201,wuchereria_bancrofti_prjeb536,True
WBA_0000076301,wuchereria_bancrofti_prjeb536,True
WBA_0000076401,wuchereria_bancrofti_prjeb536,True
WBA_0000076501,wuchereria_bancrofti_prjeb536,True
WBA_0000076601,wuchereria_bancrofti_prjeb536,True
WBA_0000076701,wuchereria_bancrofti_prjeb536,True
WBA_0000076801,wuchereria_bancrofti_prjeb536,True
WBA_0000076901,wuchereria_bancrofti_prjeb536,True
WBA_0000077001,wuchereria_bancrofti_prjeb536,True
WBA_0000077101,wuchereria_bancrofti_prjeb536,True
WBA_0000077201,wuchereria_bancrofti_prjeb536,True
WBA_0000077301,wuchereria_bancrofti_prjeb536,True
WBA_0000077401,wuchereria_bancrofti_prjeb536,True
WBA_0000077501,wuchereria_bancrofti_prjeb536,True
WBA_0000077601,wuchereria_bancrofti_prjeb536,True
WBA_0000077701,wuchereria_bancrofti_prjeb536,True
WBA_0000077801,wuchereria_bancrofti_prjeb536,True
WBA_0000077901,wuchereria_bancrofti_prjeb536,True
WBA_0000078001,wuchereria_bancrofti_prjeb536,True
WBA_0000078101,wuchereria_bancrofti_prjeb536,False
WBA_0000078201,wuchereria_bancrofti_prjeb536,True
WBA_0000078301,wuchereria_bancrofti_prjeb536,True
WBA_0000078401,wuchereria_bancrofti_prjeb536,True
WBA_0000078501,wuchereria_bancrofti_prjeb536,True
WBA_0000078601,wuchereria_bancrofti_prjeb536,True
WBA_0000078701,wuchereria_bancrofti_prjeb536,True
WBA_0000078801,wuchereria_bancrofti_prjeb536,True
WBA_0000078901,wuchereria_bancrofti_prjeb536,True
WBA_0000079001,wuchereria_bancrofti_prjeb536,True
WBA_0000079101,wuchereria_bancrofti_prjeb536,True
WBA_0000079201,wuchereria_bancrofti_prjeb536,True
WBA_0000079301,wuchereria_bancrofti_prjeb536,True
WBA_0000079401,wuchereria_bancrofti_prjeb536,True
WBA_0000079501,wuchereria_bancrofti_prjeb536,False
WBA_0000079601,wuchereria_bancrofti_prjeb536,True
WBA_0000079701,wuchereria_bancrofti_prjeb536,True
WBA_0000079801,wuchereria_bancrofti_prjeb536,True
WBA_0000079901,wuchereria_bancrofti_prjeb536,True
WBA_0000080001,wuchereria_bancrofti_prjeb536,True
WBA_0000080101,wuchereria_bancrofti_prjeb536,True
WBA_0000080201,wuchereria_bancrofti_prjeb536,True
WBA_0000080301,wuchereria_bancrofti_prjeb536,True
WBA_0000080401,wuchereria_bancrofti_prjeb536,True
WBA_0000080501,wuchereria_bancrofti_prjeb536,True
WBA_0000080601,wuchereria_bancrofti_prjeb536,True
WBA_0000080701,wuchereria_bancrofti_prjeb536,True
WBA_0000080801,wuchereria_bancrofti_prjeb536,True
WBA_0000080901,wuchereria_bancrofti_prjeb536,True
WBA_0000081001,wuchereria_bancrofti_prjeb536,True
WBA_0000081101,wuchereria_bancrofti_prjeb536,True
WBA_0000081201,wuchereria_bancrofti_prjeb536,True
WBA_0000081301,wuchereria_bancrofti_prjeb536,True
WBA_0000081401,wuchereria_bancrofti_prjeb536,True
WBA_0000081501,wuchereria_bancrofti_prjeb536,True
WBA_0000081601,wuchereria_bancrofti_prjeb536,True
WBA_0000081701,wuchereria_bancrofti_prjeb536,True
WBA_0000081801,wuchereria_bancrofti_prjeb536,True
WBA_0000081901,wuchereria_bancrofti_prjeb536,True
WBA_0000082001,wuchereria_bancrofti_prjeb536,True
WBA_0000082101,wuchereria_bancrofti_prjeb536,True
WBA_0000082201,wuchereria_bancrofti_prjeb536,True
WBA_0000082301,wuchereria_bancrofti_prjeb536,True
WBA_0000082401,wuchereria_bancrofti_prjeb536,True
WBA_0000082501,wuchereria_bancrofti_prjeb536,True
WBA_0000082601,wuchereria_bancrofti_prjeb536,True
WBA_0000082701,wuchereria_bancrofti_prjeb536,True
WBA_0000082801,wuchereria_bancrofti_prjeb536,True
WBA_0000082901,wuchereria_bancrofti_prjeb536,True
WBA_0000083001,wuchereria_bancrofti_prjeb536,True
WBA_0000083101,wuchereria_bancrofti_prjeb536,True
WBA_0000083201,wuchereria_bancrofti_prjeb536,True
WBA_0000083301,wuchereria_bancrofti_prjeb536,True
WBA_0000083401,wuchereria_bancrofti_prjeb536,False
WBA_0000083501,wuchereria_bancrofti_prjeb536,True
WBA_0000083601,wuchereria_bancrofti_prjeb536,True
WBA_0000083701,wuchereria_bancrofti_prjeb536,True
WBA_0000083801,wuchereria_bancrofti_prjeb536,True
WBA_0000083901,wuchereria_bancrofti_prjeb536,True
WBA_0000084001,wuchereria_bancrofti_prjeb536,True
WBA_0000084101,wuchereria_bancrofti_prjeb536,True
WBA_0000084201,wuchereria_bancrofti_prjeb536,True
WBA_0000084301,wuchereria_bancrofti_prjeb536,True
WBA_0000084401,wuchereria_bancrofti_prjeb536,True
WBA_0000084501,wuchereria_bancrofti_prjeb536,True
WBA_0000084601,wuchereria_bancrofti_prjeb536,True
WBA_0000084701,wuchereria_bancrofti_prjeb536,True
WBA_0000084801,wuchereria_bancrofti_prjeb536,True
WBA_0000084901,wuchereria_bancrofti_prjeb536,True
WBA_0000085001,wuchereria_bancrofti_prjeb536,True
WBA_0000085101,wuchereria_bancrofti_prjeb536,True
WBA_0000085201,wuchereria_bancrofti_prjeb536,True
WBA_0000085301,wuchereria_bancrofti_prjeb536,True
WBA_0000085401,wuchereria_bancrofti_prjeb536,True
WBA_0000085501,wuchereria_bancrofti_prjeb536,True
WBA_0000085601,wuchereria_bancrofti_prjeb536,True
WBA_0000085701,wuchereria_bancrofti_prjeb536,False
WBA_0000085801,wuchereria_bancrofti_prjeb536,True
WBA_0000085901,wuchereria_bancrofti_prjeb536,True
WBA_0000086001,wuchereria_bancrofti_prjeb536,True
WBA_0000086101,wuchereria_bancrofti_prjeb536,True
WBA_0000086201,wuchereria_bancrofti_prjeb536,True
WBA_0000086301,wuchereria_bancrofti_prjeb536,False
WBA_0000086401,wuchereria_bancrofti_prjeb536,True
WBA_0000086501,wuchereria_bancrofti_prjeb536,True
WBA_0000086601,wuchereria_bancrofti_prjeb536,True
WBA_0000086701,wuchereria_bancrofti_prjeb536,True
WBA_0000086801,wuchereria_bancrofti_prjeb536,True
WBA_0000086901,wuchereria_bancrofti_prjeb536,True
WBA_0000087001,wuchereria_bancrofti_prjeb536,True
WBA_0000087101,wuchereria_bancrofti_prjeb536,False
WBA_0000087201,wuchereria_bancrofti_prjeb536,True
WBA_0000087301,wuchereria_bancrofti_prjeb536,True
WBA_0000087401,wuchereria_bancrofti_prjeb536,False
WBA_0000087501,wuchereria_bancrofti_prjeb536,True
WBA_0000087601,wuchereria_bancrofti_prjeb536,False
WBA_0000087701,wuchereria_bancrofti_prjeb536,True
WBA_0000087801,wuchereria_bancrofti_prjeb536,True
WBA_0000087901,wuchereria_bancrofti_prjeb536,True
WBA_0000088001,wuchereria_bancrofti_prjeb536,True
WBA_0000088101,wuchereria_bancrofti_prjeb536,True
WBA_0000088201,wuchereria_bancrofti_prjeb536,True
WBA_0000088301,wuchereria_bancrofti_prjeb536,True
WBA_0000088401,wuchereria_bancrofti_prjeb536,True
WBA_0000088501,wuchereria_bancrofti_prjeb536,True
WBA_0000088601,wuchereria_bancrofti_prjeb536,True
WBA_0000088701,wuchereria_bancrofti_prjeb536,True
WBA_0000088801,wuchereria_bancrofti_prjeb536,True
WBA_0000088901,wuchereria_bancrofti_prjeb536,False
WBA_0000089001,wuchereria_bancrofti_prjeb536,True
WBA_0000089101,wuchereria_bancrofti_prjeb536,True
WBA_0000089201,wuchereria_bancrofti_prjeb536,True
WBA_0000089301,wuchereria_bancrofti_prjeb536,True
WBA_0000089401,wuchereria_bancrofti_prjeb536,True
WBA_0000089501,wuchereria_bancrofti_prjeb536,True
WBA_0000089601,wuchereria_bancrofti_prjeb536,True
WBA_0000089701,wuchereria_bancrofti_prjeb536,False
WBA_0000089801,wuchereria_bancrofti_prjeb536,True
WBA_0000089901,wuchereria_bancrofti_prjeb536,True
WBA_0000090001,wuchereria_bancrofti_prjeb536,True
WBA_0000090101,wuchereria_bancrofti_prjeb536,True
WBA_0000090201,wuchereria_bancrofti_prjeb536,True
WBA_0000090301,wuchereria_bancrofti_prjeb536,True
WBA_0000090401,wuchereria_bancrofti_prjeb536,True
WBA_0000090501,wuchereria_bancrofti_prjeb536,True
WBA_0000090601,wuchereria_bancrofti_prjeb536,True
WBA_0000090701,wuchereria_bancrofti_prjeb536,True
WBA_0000090801,wuchereria_bancrofti_prjeb536,True
WBA_0000090901,wuchereria_bancrofti_prjeb536,True
WBA_0000091001,wuchereria_bancrofti_prjeb536,True
WBA_0000091101,wuchereria_bancrofti_prjeb536,True
WBA_0000091201,wuchereria_bancrofti_prjeb536,True
WBA_0000091301,wuchereria_bancrofti_prjeb536,True
WBA_0000091401,wuchereria_bancrofti_prjeb536,True
WBA_0000091501,wuchereria_bancrofti_prjeb536,True
WBA_0000091601,wuchereria_bancrofti_prjeb536,True
WBA_0000091701,wuchereria_bancrofti_prjeb536,True
WBA_0000091801,wuchereria_bancrofti_prjeb536,True
WBA_0000091901,wuchereria_bancrofti_prjeb536,True
WBA_0000092001,wuchereria_bancrofti_prjeb536,True
WBA_0000092101,wuchereria_bancrofti_prjeb536,True
WBA_0000092201,wuchereria_bancrofti_prjeb536,True
WBA_0000092301,wuchereria_bancrofti_prjeb536,True
WBA_0000092401,wuchereria_bancrofti_prjeb536,True
WBA_0000092501,wuchereria_bancrofti_prjeb536,True
WBA_0000092601,wuchereria_bancrofti_prjeb536,True
WBA_0000092701,wuchereria_bancrofti_prjeb536,True
WBA_0000092801,wuchereria_bancrofti_prjeb536,True
WBA_0000092901,wuchereria_bancrofti_prjeb536,True
WBA_0000093001,wuchereria_bancrofti_prjeb536,True
WBA_0000093101,wuchereria_bancrofti_prjeb536,True
WBA_0000093201,wuchereria_bancrofti_prjeb536,True
WBA_0000093301,wuchereria_bancrofti_prjeb536,True
WBA_0000093401,wuchereria_bancrofti_prjeb536,True
WBA_0000093501,wuchereria_bancrofti_prjeb536,True
WBA_0000093601,wuchereria_bancrofti_prjeb536,False
WBA_0000093701,wuchereria_bancrofti_prjeb536,False
WBA_0000093801,wuchereria_bancrofti_prjeb536,True
WBA_0000093901,wuchereria_bancrofti_prjeb536,False
WBA_0000094001,wuchereria_bancrofti_prjeb536,True
WBA_0000094101,wuchereria_bancrofti_prjeb536,False
WBA_0000094201,wuchereria_bancrofti_prjeb536,True
WBA_0000094301,wuchereria_bancrofti_prjeb536,True
WBA_0000094401,wuchereria_bancrofti_prjeb536,True
WBA_0000094501,wuchereria_bancrofti_prjeb536,True
WBA_0000094601,wuchereria_bancrofti_prjeb536,True
WBA_0000094701,wuchereria_bancrofti_prjeb536,True
WBA_0000094801,wuchereria_bancrofti_prjeb536,True
WBA_0000094901,wuchereria_bancrofti_prjeb536,True
WBA_0000095001,wuchereria_bancrofti_prjeb536,True
WBA_0000095101,wuchereria_bancrofti_prjeb536,False
WBA_0000095201,wuchereria_bancrofti_prjeb536,True
WBA_0000095301,wuchereria_bancrofti_prjeb536,True
WBA_0000095401,wuchereria_bancrofti_prjeb536,True
WBA_0000095501,wuchereria_bancrofti_prjeb536,True
WBA_0000095601,wuchereria_bancrofti_prjeb536,True
WBA_0000095701,wuchereria_bancrofti_prjeb536,True
WBA_0000095801,wuchereria_bancrofti_prjeb536,True
WBA_0000095901,wuchereria_bancrofti_prjeb536,True
WBA_0000096001,wuchereria_bancrofti_prjeb536,True
WBA_0000096101,wuchereria_bancrofti_prjeb536,False
WBA_0000096201,wuchereria_bancrofti_prjeb536,True
WBA_0000096301,wuchereria_bancrofti_prjeb536,True
WBA_0000096401,wuchereria_bancrofti_prjeb536,True
WBA_0000096501,wuchereria_bancrofti_prjeb536,True
WBA_0000096601,wuchereria_bancrofti_prjeb536,True
WBA_0000096701,wuchereria_bancrofti_prjeb536,True
WBA_0000096801,wuchereria_bancrofti_prjeb536,False
WBA_0000096901,wuchereria_bancrofti_prjeb536,True
WBA_0000097001,wuchereria_bancrofti_prjeb536,True
WBA_0000097101,wuchereria_bancrofti_prjeb536,True
WBA_0000097201,wuchereria_bancrofti_prjeb536,True
WBA_0000097301,wuchereria_bancrofti_prjeb536,True
WBA_0000097401,wuchereria_bancrofti_prjeb536,True
WBA_0000097501,wuchereria_bancrofti_prjeb536,True
WBA_0000097601,wuchereria_bancrofti_prjeb536,True
WBA_0000097701,wuchereria_bancrofti_prjeb536,True
WBA_0000097801,wuchereria_bancrofti_prjeb536,True
WBA_0000097901,wuchereria_bancrofti_prjeb536,True
WBA_0000098001,wuchereria_bancrofti_prjeb536,True
WBA_0000098101,wuchereria_bancrofti_prjeb536,True
WBA_0000098201,wuchereria_bancrofti_prjeb536,True
WBA_0000098301,wuchereria_bancrofti_prjeb536,True
WBA_0000098401,wuchereria_bancrofti_prjeb536,True
WBA_0000098501,wuchereria_bancrofti_prjeb536,True
WBA_0000098601,wuchereria_bancrofti_prjeb536,True
WBA_0000098701,wuchereria_bancrofti_prjeb536,True
WBA_0000098801,wuchereria_bancrofti_prjeb536,True
WBA_0000098901,wuchereria_bancrofti_prjeb536,True
WBA_0000099001,wuchereria_bancrofti_prjeb536,True
WBA_0000099101,wuchereria_bancrofti_prjeb536,True
WBA_0000099201,wuchereria_bancrofti_prjeb536,True
WBA_0000099301,wuchereria_bancrofti_prjeb536,True
WBA_0000099401,wuchereria_bancrofti_prjeb536,True
WBA_0000099501,wuchereria_bancrofti_prjeb536,True
WBA_0000099601,wuchereria_bancrofti_prjeb536,True
WBA_0000099701,wuchereria_bancrofti_prjeb536,True
WBA_0000099801,wuchereria_bancrofti_prjeb536,False
WBA_0000099901,wuchereria_bancrofti_prjeb536,True
WBA_0000100001,wuchereria_bancrofti_prjeb536,True
WBA_0000100101,wuchereria_bancrofti_prjeb536,True
WBA_0000100201,wuchereria_bancrofti_prjeb536,True
WBA_0000100301,wuchereria_bancrofti_prjeb536,True
WBA_0000100401,wuchereria_bancrofti_prjeb536,True
WBA_0000100501,wuchereria_bancrofti_prjeb536,True
WBA_0000100601,wuchereria_bancrofti_prjeb536,True
WBA_0000100701,wuchereria_bancrofti_prjeb536,True
WBA_0000100801,wuchereria_bancrofti_prjeb536,True
WBA_0000100901,wuchereria_bancrofti_prjeb536,True
WBA_0000101001,wuchereria_bancrofti_prjeb536,True
WBA_0000101101,wuchereria_bancrofti_prjeb536,True
WBA_0000101201,wuchereria_bancrofti_prjeb536,True
WBA_0000101301,wuchereria_bancrofti_prjeb536,True
WBA_0000101401,wuchereria_bancrofti_prjeb536,True
WBA_0000101501,wuchereria_bancrofti_prjeb536,True
WBA_0000101601,wuchereria_bancrofti_prjeb536,True
WBA_0000101701,wuchereria_bancrofti_prjeb536,True
WBA_0000101801,wuchereria_bancrofti_prjeb536,True
WBA_0000101901,wuchereria_bancrofti_prjeb536,True
WBA_0000102001,wuchereria_bancrofti_prjeb536,True
WBA_0000102101,wuchereria_bancrofti_prjeb536,True
WBA_0000102201,wuchereria_bancrofti_prjeb536,False
WBA_0000102301,wuchereria_bancrofti_prjeb536,True
WBA_0000102401,wuchereria_bancrofti_prjeb536,True
WBA_0000102501,wuchereria_bancrofti_prjeb536,True
WBA_0000102601,wuchereria_bancrofti_prjeb536,True
WBA_0000102701,wuchereria_bancrofti_prjeb536,True
WBA_0000102801,wuchereria_bancrofti_prjeb536,True
WBA_0000102901,wuchereria_bancrofti_prjeb536,True
WBA_0000103001,wuchereria_bancrofti_prjeb536,True
WBA_0000103101,wuchereria_bancrofti_prjeb536,False
WBA_0000103201,wuchereria_bancrofti_prjeb536,True
WBA_0000103301,wuchereria_bancrofti_prjeb536,True
WBA_0000103401,wuchereria_bancrofti_prjeb536,True
WBA_0000103501,wuchereria_bancrofti_prjeb536,True
WBA_0000103601,wuchereria_bancrofti_prjeb536,False
WBA_0000103701,wuchereria_bancrofti_prjeb536,True
WBA_0000103801,wuchereria_bancrofti_prjeb536,True
WBA_0000103901,wuchereria_bancrofti_prjeb536,True
WBA_0000104001,wuchereria_bancrofti_prjeb536,True
WBA_0000104101,wuchereria_bancrofti_prjeb536,True
WBA_0000104201,wuchereria_bancrofti_prjeb536,True
WBA_0000104301,wuchereria_bancrofti_prjeb536,True
WBA_0000104401,wuchereria_bancrofti_prjeb536,True
WBA_0000104501,wuchereria_bancrofti_prjeb536,True
WBA_0000104601,wuchereria_bancrofti_prjeb536,True
WBA_0000104701,wuchereria_bancrofti_prjeb536,True
WBA_0000104801,wuchereria_bancrofti_prjeb536,True
WBA_0000104901,wuchereria_bancrofti_prjeb536,False
WBA_0000105001,wuchereria_bancrofti_prjeb536,True
WBA_0000105101,wuchereria_bancrofti_prjeb536,True
WBA_0000105201,wuchereria_bancrofti_prjeb536,True
WBA_0000105301,wuchereria_bancrofti_prjeb536,True
WBA_0000105401,wuchereria_bancrofti_prjeb536,True
WBA_0000105501,wuchereria_bancrofti_prjeb536,True
WBA_0000105601,wuchereria_bancrofti_prjeb536,True
WBA_0000105701,wuchereria_bancrofti_prjeb536,True
WBA_0000105801,wuchereria_bancrofti_prjeb536,True
WBA_0000105901,wuchereria_bancrofti_prjeb536,True
WBA_0000106001,wuchereria_bancrofti_prjeb536,True
WBA_0000106101,wuchereria_bancrofti_prjeb536,True
WBA_0000106201,wuchereria_bancrofti_prjeb536,True
WBA_0000106301,wuchereria_bancrofti_prjeb536,True
WBA_0000106401,wuchereria_bancrofti_prjeb536,False
WBA_0000106501,wuchereria_bancrofti_prjeb536,False
WBA_0000106601,wuchereria_bancrofti_prjeb536,True
WBA_0000106701,wuchereria_bancrofti_prjeb536,True
WBA_0000106801,wuchereria_bancrofti_prjeb536,False
WBA_0000106901,wuchereria_bancrofti_prjeb536,True
WBA_0000107001,wuchereria_bancrofti_prjeb536,True
WBA_0000107101,wuchereria_bancrofti_prjeb536,True
WBA_0000107201,wuchereria_bancrofti_prjeb536,True
WBA_0000107301,wuchereria_bancrofti_prjeb536,True
WBA_0000107401,wuchereria_bancrofti_prjeb536,True
WBA_0000107501,wuchereria_bancrofti_prjeb536,True
WBA_0000107601,wuchereria_bancrofti_prjeb536,True
WBA_0000107701,wuchereria_bancrofti_prjeb536,True
WBA_0000107801,wuchereria_bancrofti_prjeb536,True
WBA_0000107901,wuchereria_bancrofti_prjeb536,True
WBA_0000108001,wuchereria_bancrofti_prjeb536,True
WBA_0000108101,wuchereria_bancrofti_prjeb536,True
WBA_0000108201,wuchereria_bancrofti_prjeb536,True
WBA_0000108301,wuchereria_bancrofti_prjeb536,False
WBA_0000108401,wuchereria_bancrofti_prjeb536,True
WBA_0000108501,wuchereria_bancrofti_prjeb536,True
WBA_0000108601,wuchereria_bancrofti_prjeb536,True
WBA_0000108701,wuchereria_bancrofti_prjeb536,True
WBA_0000108801,wuchereria_bancrofti_prjeb536,False
WBA_0000108901,wuchereria_bancrofti_prjeb536,True
WBA_0000109001,wuchereria_bancrofti_prjeb536,True
WBA_0000109101,wuchereria_bancrofti_prjeb536,True
WBA_0000109201,wuchereria_bancrofti_prjeb536,True
WBA_0000109301,wuchereria_bancrofti_prjeb536,True
WBA_0000109401,wuchereria_bancrofti_prjeb536,True
WBA_0000109501,wuchereria_bancrofti_prjeb536,True
WBA_0000109601,wuchereria_bancrofti_prjeb536,True
WBA_0000109701,wuchereria_bancrofti_prjeb536,False
WBA_0000109801,wuchereria_bancrofti_prjeb536,False
WBA_0000109901,wuchereria_bancrofti_prjeb536,True
WBA_0000110001,wuchereria_bancrofti_prjeb536,True
WBA_0000110101,wuchereria_bancrofti_prjeb536,True
WBA_0000110201,wuchereria_bancrofti_prjeb536,True
WBA_0000110301,wuchereria_bancrofti_prjeb536,True
WBA_0000110401,wuchereria_bancrofti_prjeb536,True
WBA_0000110501,wuchereria_bancrofti_prjeb536,True
WBA_0000110601,wuchereria_bancrofti_prjeb536,True
WBA_0000110701,wuchereria_bancrofti_prjeb536,True
WBA_0000110801,wuchereria_bancrofti_prjeb536,True
WBA_0000110901,wuchereria_bancrofti_prjeb536,True
WBA_0000111001,wuchereria_bancrofti_prjeb536,True
WBA_0000111101,wuchereria_bancrofti_prjeb536,False
WBA_0000111201,wuchereria_bancrofti_prjeb536,True
WBA_0000111301,wuchereria_bancrofti_prjeb536,True
WBA_0000111401,wuchereria_bancrofti_prjeb536,False
WBA_0000111501,wuchereria_bancrofti_prjeb536,True
WBA_0000111601,wuchereria_bancrofti_prjeb536,True
WBA_0000111701,wuchereria_bancrofti_prjeb536,True
WBA_0000111801,wuchereria_bancrofti_prjeb536,False
WBA_0000111901,wuchereria_bancrofti_prjeb536,True
WBA_0000112001,wuchereria_bancrofti_prjeb536,True
WBA_0000112101,wuchereria_bancrofti_prjeb536,True
WBA_0000112201,wuchereria_bancrofti_prjeb536,False
WBA_0000112301,wuchereria_bancrofti_prjeb536,True
WBA_0000112401,wuchereria_bancrofti_prjeb536,True
WBA_0000112501,wuchereria_bancrofti_prjeb536,True
WBA_0000112601,wuchereria_bancrofti_prjeb536,True
WBA_0000112701,wuchereria_bancrofti_prjeb536,True
WBA_0000112801,wuchereria_bancrofti_prjeb536,True
WBA_0000112901,wuchereria_bancrofti_prjeb536,False
WBA_0000113001,wuchereria_bancrofti_prjeb536,True
WBA_0000113101,wuchereria_bancrofti_prjeb536,True
WBA_0000113201,wuchereria_bancrofti_prjeb536,True
WBA_0000113301,wuchereria_bancrofti_prjeb536,True
WBA_0000113401,wuchereria_bancrofti_prjeb536,True
WBA_0000113501,wuchereria_bancrofti_prjeb536,True
WBA_0000113601,wuchereria_bancrofti_prjeb536,True
WBA_0000113701,wuchereria_bancrofti_prjeb536,True
WBA_0000113801,wuchereria_bancrofti_prjeb536,True
WBA_0000113901,wuchereria_bancrofti_prjeb536,True
WBA_0000114001,wuchereria_bancrofti_prjeb536,True
WBA_0000114101,wuchereria_bancrofti_prjeb536,True
WBA_0000114201,wuchereria_bancrofti_prjeb536,True
WBA_0000114301,wuchereria_bancrofti_prjeb536,True
WBA_0000114401,wuchereria_bancrofti_prjeb536,True
WBA_0000114501,wuchereria_bancrofti_prjeb536,False
WBA_0000114601,wuchereria_bancrofti_prjeb536,True
WBA_0000114701,wuchereria_bancrofti_prjeb536,True
WBA_0000114801,wuchereria_bancrofti_prjeb536,True
WBA_0000114901,wuchereria_bancrofti_prjeb536,True
WBA_0000115001,wuchereria_bancrofti_prjeb536,True
WBA_0000115101,wuchereria_bancrofti_prjeb536,True
WBA_0000115201,wuchereria_bancrofti_prjeb536,True
WBA_0000115301,wuchereria_bancrofti_prjeb536,True
WBA_0000115401,wuchereria_bancrofti_prjeb536,True
WBA_0000115501,wuchereria_bancrofti_prjeb536,False
WBA_0000115601,wuchereria_bancrofti_prjeb536,True
WBA_0000115701,wuchereria_bancrofti_prjeb536,True
WBA_0000115801,wuchereria_bancrofti_prjeb536,True
WBA_0000115901,wuchereria_bancrofti_prjeb536,True
WBA_0000116001,wuchereria_bancrofti_prjeb536,True
WBA_0000116101,wuchereria_bancrofti_prjeb536,True
WBA_0000116201,wuchereria_bancrofti_prjeb536,True
WBA_0000116301,wuchereria_bancrofti_prjeb536,True
WBA_0000116401,wuchereria_bancrofti_prjeb536,True
WBA_0000116501,wuchereria_bancrofti_prjeb536,True
WBA_0000116601,wuchereria_bancrofti_prjeb536,True
WBA_0000116701,wuchereria_bancrofti_prjeb536,True
WBA_0000116801,wuchereria_bancrofti_prjeb536,True
WBA_0000116901,wuchereria_bancrofti_prjeb536,True
WBA_0000117001,wuchereria_bancrofti_prjeb536,True
WBA_0000117101,wuchereria_bancrofti_prjeb536,True
WBA_0000117201,wuchereria_bancrofti_prjeb536,True
WBA_0000117301,wuchereria_bancrofti_prjeb536,True
WBA_0000117401,wuchereria_bancrofti_prjeb536,True
WBA_0000117501,wuchereria_bancrofti_prjeb536,True
WBA_0000117601,wuchereria_bancrofti_prjeb536,False
WBA_0000117701,wuchereria_bancrofti_prjeb536,True
WBA_0000117801,wuchereria_bancrofti_prjeb536,True
WBA_0000117901,wuchereria_bancrofti_prjeb536,True
WBA_0000118001,wuchereria_bancrofti_prjeb536,True
WBA_0000118101,wuchereria_bancrofti_prjeb536,True
WBA_0000118201,wuchereria_bancrofti_prjeb536,True
WBA_0000118301,wuchereria_bancrofti_prjeb536,True
WBA_0000118401,wuchereria_bancrofti_prjeb536,True
WBA_0000118501,wuchereria_bancrofti_prjeb536,True
WBA_0000118601,wuchereria_bancrofti_prjeb536,True
WBA_0000118701,wuchereria_bancrofti_prjeb536,True
WBA_0000118801,wuchereria_bancrofti_prjeb536,False
WBA_0000118901,wuchereria_bancrofti_prjeb536,False
WBA_0000119001,wuchereria_bancrofti_prjeb536,True
WBA_0000119101,wuchereria_bancrofti_prjeb536,True
WBA_0000119201,wuchereria_bancrofti_prjeb536,True
WBA_0000119301,wuchereria_bancrofti_prjeb536,True
WBA_0000119401,wuchereria_bancrofti_prjeb536,True
WBA_0000119501,wuchereria_bancrofti_prjeb536,True
WBA_0000119601,wuchereria_bancrofti_prjeb536,True
WBA_0000119701,wuchereria_bancrofti_prjeb536,True
WBA_0000119801,wuchereria_bancrofti_prjeb536,True
WBA_0000119901,wuchereria_bancrofti_prjeb536,True
WBA_0000120001,wuchereria_bancrofti_prjeb536,True
WBA_0000120101,wuchereria_bancrofti_prjeb536,True
WBA_0000120201,wuchereria_bancrofti_prjeb536,True
WBA_0000120301,wuchereria_bancrofti_prjeb536,True
WBA_0000120401,wuchereria_bancrofti_prjeb536,True
WBA_0000120501,wuchereria_bancrofti_prjeb536,True
WBA_0000120601,wuchereria_bancrofti_prjeb536,True
WBA_0000120701,wuchereria_bancrofti_prjeb536,True
WBA_0000120801,wuchereria_bancrofti_prjeb536,True
WBA_0000120901,wuchereria_bancrofti_prjeb536,True
WBA_0000121001,wuchereria_bancrofti_prjeb536,True
WBA_0000121101,wuchereria_bancrofti_prjeb536,True
WBA_0000121201,wuchereria_bancrofti_prjeb536,True
WBA_0000121301,wuchereria_bancrofti_prjeb536,True
WBA_0000121401,wuchereria_bancrofti_prjeb536,True
WBA_0000121501,wuchereria_bancrofti_prjeb536,True
WBA_0000121601,wuchereria_bancrofti_prjeb536,True
WBA_0000121701,wuchereria_bancrofti_prjeb536,True
WBA_0000121801,wuchereria_bancrofti_prjeb536,True
WBA_0000121901,wuchereria_bancrofti_prjeb536,True
WBA_0000122001,wuchereria_bancrofti_prjeb536,True
WBA_0000122101,wuchereria_bancrofti_prjeb536,True
WBA_0000122201,wuchereria_bancrofti_prjeb536,True
WBA_0000122301,wuchereria_bancrofti_prjeb536,True
WBA_0000122401,wuchereria_bancrofti_prjeb536,True
WBA_0000122501,wuchereria_bancrofti_prjeb536,True
WBA_0000122601,wuchereria_bancrofti_prjeb536,True
WBA_0000122701,wuchereria_bancrofti_prjeb536,True
WBA_0000122801,wuchereria_bancrofti_prjeb536,True
WBA_0000122901,wuchereria_bancrofti_prjeb536,True
WBA_0000123001,wuchereria_bancrofti_prjeb536,True
WBA_0000123101,wuchereria_bancrofti_prjeb536,True
WBA_0000123201,wuchereria_bancrofti_prjeb536,False
WBA_0000123301,wuchereria_bancrofti_prjeb536,True
WBA_0000123401,wuchereria_bancrofti_prjeb536,True
WBA_0000123501,wuchereria_bancrofti_prjeb536,True
WBA_0000123601,wuchereria_bancrofti_prjeb536,True
WBA_0000123701,wuchereria_bancrofti_prjeb536,False
WBA_0000123801,wuchereria_bancrofti_prjeb536,True
WBA_0000123901,wuchereria_bancrofti_prjeb536,True
WBA_0000124001,wuchereria_bancrofti_prjeb536,True
WBA_0000124101,wuchereria_bancrofti_prjeb536,True
WBA_0000124201,wuchereria_bancrofti_prjeb536,True
WBA_0000124301,wuchereria_bancrofti_prjeb536,False
WBA_0000124401,wuchereria_bancrofti_prjeb536,False
WBA_0000124501,wuchereria_bancrofti_prjeb536,True
WBA_0000124601,wuchereria_bancrofti_prjeb536,True
WBA_0000124701,wuchereria_bancrofti_prjeb536,True
WBA_0000124801,wuchereria_bancrofti_prjeb536,True
WBA_0000124901,wuchereria_bancrofti_prjeb536,True
WBA_0000125001,wuchereria_bancrofti_prjeb536,True
WBA_0000125101,wuchereria_bancrofti_prjeb536,True
WBA_0000125201,wuchereria_bancrofti_prjeb536,True
WBA_0000125301,wuchereria_bancrofti_prjeb536,True
WBA_0000125401,wuchereria_bancrofti_prjeb536,True
WBA_0000125501,wuchereria_bancrofti_prjeb536,True
WBA_0000125601,wuchereria_bancrofti_prjeb536,True
WBA_0000125701,wuchereria_bancrofti_prjeb536,True
WBA_0000125801,wuchereria_bancrofti_prjeb536,True
WBA_0000125901,wuchereria_bancrofti_prjeb536,True
WBA_0000126001,wuchereria_bancrofti_prjeb536,True
WBA_0000126101,wuchereria_bancrofti_prjeb536,True
WBA_0000126201,wuchereria_bancrofti_prjeb536,True
WBA_0000126301,wuchereria_bancrofti_prjeb536,True
WBA_0000126401,wuchereria_bancrofti_prjeb536,True
WBA_0000126501,wuchereria_bancrofti_prjeb536,True
WBA_0000126601,wuchereria_bancrofti_prjeb536,True
WBA_0000126701,wuchereria_bancrofti_prjeb536,True
WBA_0000126801,wuchereria_bancrofti_prjeb536,True
WBA_0000126901,wuchereria_bancrofti_prjeb536,True
WBA_0000127001,wuchereria_bancrofti_prjeb536,False
WBA_0000127101,wuchereria_bancrofti_prjeb536,True
WBA_0000127201,wuchereria_bancrofti_prjeb536,True
WBA_0000127301,wuchereria_bancrofti_prjeb536,False
WBA_0000127401,wuchereria_bancrofti_prjeb536,True
WBA_0000127501,wuchereria_bancrofti_prjeb536,True
WBA_0000127601,wuchereria_bancrofti_prjeb536,True
WBA_0000127701,wuchereria_bancrofti_prjeb536,True
WBA_0000127801,wuchereria_bancrofti_prjeb536,True
WBA_0000127901,wuchereria_bancrofti_prjeb536,False
WBA_0000128001,wuchereria_bancrofti_prjeb536,True
WBA_0000128101,wuchereria_bancrofti_prjeb536,False
WBA_0000128201,wuchereria_bancrofti_prjeb536,True
WBA_0000128301,wuchereria_bancrofti_prjeb536,True
WBA_0000128401,wuchereria_bancrofti_prjeb536,True
WBA_0000128501,wuchereria_bancrofti_prjeb536,True
WBA_0000128601,wuchereria_bancrofti_prjeb536,True
WBA_0000128701,wuchereria_bancrofti_prjeb536,True
WBA_0000128801,wuchereria_bancrofti_prjeb536,False
WBA_0000128901,wuchereria_bancrofti_prjeb536,False
WBA_0000129001,wuchereria_bancrofti_prjeb536,True
WBA_0000129101,wuchereria_bancrofti_prjeb536,True
WBA_0000129201,wuchereria_bancrofti_prjeb536,True
WBA_0000129301,wuchereria_bancrofti_prjeb536,True
WBA_0000129401,wuchereria_bancrofti_prjeb536,True
WBA_0000129501,wuchereria_bancrofti_prjeb536,True
WBA_0000129601,wuchereria_bancrofti_prjeb536,True
WBA_0000129701,wuchereria_bancrofti_prjeb536,True
WBA_0000129801,wuchereria_bancrofti_prjeb536,True
WBA_0000129901,wuchereria_bancrofti_prjeb536,False
WBA_0000130001,wuchereria_bancrofti_prjeb536,True
WBA_0000130101,wuchereria_bancrofti_prjeb536,True
WBA_0000130201,wuchereria_bancrofti_prjeb536,True
WBA_0000130301,wuchereria_bancrofti_prjeb536,True
WBA_0000130401,wuchereria_bancrofti_prjeb536,True
WBA_0000130501,wuchereria_bancrofti_prjeb536,True
WBA_0000130601,wuchereria_bancrofti_prjeb536,True
WBA_0000130701,wuchereria_bancrofti_prjeb536,True
WBA_0000130801,wuchereria_bancrofti_prjeb536,True
WBA_0000130901,wuchereria_bancrofti_prjeb536,True
WBA_0000131001,wuchereria_bancrofti_prjeb536,True
WBA_0000131101,wuchereria_bancrofti_prjeb536,True
WBA_0000131201,wuchereria_bancrofti_prjeb536,True
WBA_0000131301,wuchereria_bancrofti_prjeb536,True
WBA_0000131401,wuchereria_bancrofti_prjeb536,True
WBA_0000131501,wuchereria_bancrofti_prjeb536,True
WBA_0000131601,wuchereria_bancrofti_prjeb536,True
WBA_0000131701,wuchereria_bancrofti_prjeb536,False
WBA_0000131801,wuchereria_bancrofti_prjeb536,True
WBA_0000131901,wuchereria_bancrofti_prjeb536,True
WBA_0000132001,wuchereria_bancrofti_prjeb536,True
WBA_0000132101,wuchereria_bancrofti_prjeb536,True
WBA_0000132201,wuchereria_bancrofti_prjeb536,True
WBA_0000132301,wuchereria_bancrofti_prjeb536,True
WBA_0000132401,wuchereria_bancrofti_prjeb536,False
WBA_0000132501,wuchereria_bancrofti_prjeb536,True
WBA_0000132601,wuchereria_bancrofti_prjeb536,True
WBA_0000132701,wuchereria_bancrofti_prjeb536,True
WBA_0000132801,wuchereria_bancrofti_prjeb536,False
WBA_0000132901,wuchereria_bancrofti_prjeb536,True
WBA_0000133001,wuchereria_bancrofti_prjeb536,True
WBA_0000133101,wuchereria_bancrofti_prjeb536,False
WBA_0000133201,wuchereria_bancrofti_prjeb536,True
WBA_0000133301,wuchereria_bancrofti_prjeb536,True
WBA_0000133401,wuchereria_bancrofti_prjeb536,True
WBA_0000133501,wuchereria_bancrofti_prjeb536,False
WBA_0000133601,wuchereria_bancrofti_prjeb536,True
WBA_0000133701,wuchereria_bancrofti_prjeb536,False
WBA_0000133801,wuchereria_bancrofti_prjeb536,True
WBA_0000133901,wuchereria_bancrofti_prjeb536,True
WBA_0000134001,wuchereria_bancrofti_prjeb536,True
WBA_0000134101,wuchereria_bancrofti_prjeb536,True
WBA_0000134201,wuchereria_bancrofti_prjeb536,True
WBA_0000134301,wuchereria_bancrofti_prjeb536,True
WBA_0000134401,wuchereria_bancrofti_prjeb536,False
WBA_0000134501,wuchereria_bancrofti_prjeb536,False
WBA_0000134601,wuchereria_bancrofti_prjeb536,True
WBA_0000134701,wuchereria_bancrofti_prjeb536,False
WBA_0000134801,wuchereria_bancrofti_prjeb536,True
WBA_0000134901,wuchereria_bancrofti_prjeb536,True
WBA_0000135001,wuchereria_bancrofti_prjeb536,True
WBA_0000135101,wuchereria_bancrofti_prjeb536,False
WBA_0000135201,wuchereria_bancrofti_prjeb536,True
WBA_0000135301,wuchereria_bancrofti_prjeb536,True
WBA_0000135401,wuchereria_bancrofti_prjeb536,True
WBA_0000135501,wuchereria_bancrofti_prjeb536,True
WBA_0000135601,wuchereria_bancrofti_prjeb536,True
WBA_0000135701,wuchereria_bancrofti_prjeb536,True
WBA_0000135801,wuchereria_bancrofti_prjeb536,False
WBA_0000135901,wuchereria_bancrofti_prjeb536,True
WBA_0000136001,wuchereria_bancrofti_prjeb536,True
WBA_0000136101,wuchereria_bancrofti_prjeb536,True
WBA_0000136201,wuchereria_bancrofti_prjeb536,True
WBA_0000136301,wuchereria_bancrofti_prjeb536,True
WBA_0000136401,wuchereria_bancrofti_prjeb536,True
WBA_0000136501,wuchereria_bancrofti_prjeb536,True
WBA_0000136601,wuchereria_bancrofti_prjeb536,True
WBA_0000136701,wuchereria_bancrofti_prjeb536,True
WBA_0000136801,wuchereria_bancrofti_prjeb536,True
WBA_0000136901,wuchereria_bancrofti_prjeb536,True
WBA_0000137001,wuchereria_bancrofti_prjeb536,True
WBA_0000137101,wuchereria_bancrofti_prjeb536,True
WBA_0000137201,wuchereria_bancrofti_prjeb536,True
WBA_0000137301,wuchereria_bancrofti_prjeb536,False
WBA_0000137401,wuchereria_bancrofti_prjeb536,False
WBA_0000137501,wuchereria_bancrofti_prjeb536,True
WBA_0000137601,wuchereria_bancrofti_prjeb536,True
WBA_0000137701,wuchereria_bancrofti_prjeb536,True
WBA_0000137801,wuchereria_bancrofti_prjeb536,True
WBA_0000137901,wuchereria_bancrofti_prjeb536,True
WBA_0000138001,wuchereria_bancrofti_prjeb536,False
WBA_0000138101,wuchereria_bancrofti_prjeb536,True
WBA_0000138201,wuchereria_bancrofti_prjeb536,True
WBA_0000138301,wuchereria_bancrofti_prjeb536,False
WBA_0000138401,wuchereria_bancrofti_prjeb536,True
WBA_0000138501,wuchereria_bancrofti_prjeb536,True
WBA_0000138601,wuchereria_bancrofti_prjeb536,True
WBA_0000138701,wuchereria_bancrofti_prjeb536,True
WBA_0000138801,wuchereria_bancrofti_prjeb536,True
WBA_0000138901,wuchereria_bancrofti_prjeb536,True
WBA_0000139001,wuchereria_bancrofti_prjeb536,True
WBA_0000139101,wuchereria_bancrofti_prjeb536,True
WBA_0000139201,wuchereria_bancrofti_prjeb536,True
WBA_0000139301,wuchereria_bancrofti_prjeb536,True
WBA_0000139401,wuchereria_bancrofti_prjeb536,True
WBA_0000139501,wuchereria_bancrofti_prjeb536,True
WBA_0000139601,wuchereria_bancrofti_prjeb536,True
WBA_0000139701,wuchereria_bancrofti_prjeb536,True
WBA_0000139801,wuchereria_bancrofti_prjeb536,True
WBA_0000139901,wuchereria_bancrofti_prjeb536,True
WBA_0000140001,wuchereria_bancrofti_prjeb536,True
WBA_0000140101,wuchereria_bancrofti_prjeb536,True
WBA_0000140201,wuchereria_bancrofti_prjeb536,True
WBA_0000140301,wuchereria_bancrofti_prjeb536,False
WBA_0000140401,wuchereria_bancrofti_prjeb536,True
WBA_0000140501,wuchereria_bancrofti_prjeb536,True
WBA_0000140601,wuchereria_bancrofti_prjeb536,True
WBA_0000140701,wuchereria_bancrofti_prjeb536,True
WBA_0000140801,wuchereria_bancrofti_prjeb536,True
WBA_0000140901,wuchereria_bancrofti_prjeb536,True
WBA_0000141001,wuchereria_bancrofti_prjeb536,True
WBA_0000141101,wuchereria_bancrofti_prjeb536,True
WBA_0000141201,wuchereria_bancrofti_prjeb536,True
WBA_0000141301,wuchereria_bancrofti_prjeb536,True
WBA_0000141401,wuchereria_bancrofti_prjeb536,True
WBA_0000141501,wuchereria_bancrofti_prjeb536,True
WBA_0000141601,wuchereria_bancrofti_prjeb536,True
WBA_0000141701,wuchereria_bancrofti_prjeb536,True
WBA_0000141801,wuchereria_bancrofti_prjeb536,True
WBA_0000141901,wuchereria_bancrofti_prjeb536,True
WBA_0000142001,wuchereria_bancrofti_prjeb536,False
WBA_0000142101,wuchereria_bancrofti_prjeb536,True
WBA_0000142201,wuchereria_bancrofti_prjeb536,True
WBA_0000142301,wuchereria_bancrofti_prjeb536,True
WBA_0000142401,wuchereria_bancrofti_prjeb536,False
WBA_0000142501,wuchereria_bancrofti_prjeb536,True
WBA_0000142601,wuchereria_bancrofti_prjeb536,True
WBA_0000142701,wuchereria_bancrofti_prjeb536,True
WBA_0000142801,wuchereria_bancrofti_prjeb536,True
WBA_0000142901,wuchereria_bancrofti_prjeb536,True
WBA_0000143001,wuchereria_bancrofti_prjeb536,True
WBA_0000143101,wuchereria_bancrofti_prjeb536,True
WBA_0000143201,wuchereria_bancrofti_prjeb536,False
WBA_0000143301,wuchereria_bancrofti_prjeb536,False
WBA_0000143401,wuchereria_bancrofti_prjeb536,False
WBA_0000143501,wuchereria_bancrofti_prjeb536,True
WBA_0000143601,wuchereria_bancrofti_prjeb536,True
WBA_0000143701,wuchereria_bancrofti_prjeb536,True
WBA_0000143801,wuchereria_bancrofti_prjeb536,False
WBA_0000143901,wuchereria_bancrofti_prjeb536,True
WBA_0000144001,wuchereria_bancrofti_prjeb536,True
WBA_0000144101,wuchereria_bancrofti_prjeb536,True
WBA_0000144201,wuchereria_bancrofti_prjeb536,True
WBA_0000144301,wuchereria_bancrofti_prjeb536,True
WBA_0000144401,wuchereria_bancrofti_prjeb536,True
WBA_0000144501,wuchereria_bancrofti_prjeb536,True
WBA_0000144601,wuchereria_bancrofti_prjeb536,False
WBA_0000144701,wuchereria_bancrofti_prjeb536,True
WBA_0000144801,wuchereria_bancrofti_prjeb536,True
WBA_0000144901,wuchereria_bancrofti_prjeb536,True
WBA_0000145001,wuchereria_bancrofti_prjeb536,True
WBA_0000145101,wuchereria_bancrofti_prjeb536,True
WBA_0000145201,wuchereria_bancrofti_prjeb536,True
WBA_0000145301,wuchereria_bancrofti_prjeb536,True
WBA_0000145401,wuchereria_bancrofti_prjeb536,True
WBA_0000145501,wuchereria_bancrofti_prjeb536,True
WBA_0000145601,wuchereria_bancrofti_prjeb536,True
WBA_0000145701,wuchereria_bancrofti_prjeb536,True
WBA_0000145801,wuchereria_bancrofti_prjeb536,True
WBA_0000145901,wuchereria_bancrofti_prjeb536,True
WBA_0000146001,wuchereria_bancrofti_prjeb536,False
WBA_0000146101,wuchereria_bancrofti_prjeb536,True
WBA_0000146201,wuchereria_bancrofti_prjeb536,True
WBA_0000146301,wuchereria_bancrofti_prjeb536,False
WBA_0000146401,wuchereria_bancrofti_prjeb536,True
WBA_0000146501,wuchereria_bancrofti_prjeb536,True
WBA_0000146601,wuchereria_bancrofti_prjeb536,True
WBA_0000146701,wuchereria_bancrofti_prjeb536,True
WBA_0000146801,wuchereria_bancrofti_prjeb536,True
WBA_0000146901,wuchereria_bancrofti_prjeb536,True
WBA_0000147001,wuchereria_bancrofti_prjeb536,True
WBA_0000147101,wuchereria_bancrofti_prjeb536,True
WBA_0000147201,wuchereria_bancrofti_prjeb536,True
WBA_0000147301,wuchereria_bancrofti_prjeb536,True
WBA_0000147401,wuchereria_bancrofti_prjeb536,False
WBA_0000147501,wuchereria_bancrofti_prjeb536,True
WBA_0000147601,wuchereria_bancrofti_prjeb536,True
WBA_0000147701,wuchereria_bancrofti_prjeb536,True
WBA_0000147801,wuchereria_bancrofti_prjeb536,True
WBA_0000147901,wuchereria_bancrofti_prjeb536,True
WBA_0000148001,wuchereria_bancrofti_prjeb536,False
WBA_0000148101,wuchereria_bancrofti_prjeb536,True
WBA_0000148201,wuchereria_bancrofti_prjeb536,True
WBA_0000148301,wuchereria_bancrofti_prjeb536,True
WBA_0000148401,wuchereria_bancrofti_prjeb536,True
WBA_0000148501,wuchereria_bancrofti_prjeb536,True
WBA_0000148601,wuchereria_bancrofti_prjeb536,True
WBA_0000148701,wuchereria_bancrofti_prjeb536,True
WBA_0000148801,wuchereria_bancrofti_prjeb536,True
WBA_0000148901,wuchereria_bancrofti_prjeb536,False
WBA_0000149001,wuchereria_bancrofti_prjeb536,True
WBA_0000149101,wuchereria_bancrofti_prjeb536,True
WBA_0000149201,wuchereria_bancrofti_prjeb536,True
WBA_0000149301,wuchereria_bancrofti_prjeb536,True
WBA_0000149401,wuchereria_bancrofti_prjeb536,True
WBA_0000149501,wuchereria_bancrofti_prjeb536,True
WBA_0000149601,wuchereria_bancrofti_prjeb536,True
WBA_0000149701,wuchereria_bancrofti_prjeb536,False
WBA_0000149801,wuchereria_bancrofti_prjeb536,True
WBA_0000149901,wuchereria_bancrofti_prjeb536,True
WBA_0000150001,wuchereria_bancrofti_prjeb536,True
WBA_0000150101,wuchereria_bancrofti_prjeb536,True
WBA_0000150201,wuchereria_bancrofti_prjeb536,True
WBA_0000150301,wuchereria_bancrofti_prjeb536,True
WBA_0000150401,wuchereria_bancrofti_prjeb536,True
WBA_0000150501,wuchereria_bancrofti_prjeb536,False
WBA_0000150601,wuchereria_bancrofti_prjeb536,True
WBA_0000150701,wuchereria_bancrofti_prjeb536,True
WBA_0000150801,wuchereria_bancrofti_prjeb536,True
WBA_0000150901,wuchereria_bancrofti_prjeb536,True
WBA_0000151001,wuchereria_bancrofti_prjeb536,False
WBA_0000151101,wuchereria_bancrofti_prjeb536,True
WBA_0000151201,wuchereria_bancrofti_prjeb536,True
WBA_0000151301,wuchereria_bancrofti_prjeb536,True
WBA_0000151401,wuchereria_bancrofti_prjeb536,True
WBA_0000151501,wuchereria_bancrofti_prjeb536,True
WBA_0000151601,wuchereria_bancrofti_prjeb536,True
WBA_0000151701,wuchereria_bancrofti_prjeb536,True
WBA_0000151801,wuchereria_bancrofti_prjeb536,True
WBA_0000151901,wuchereria_bancrofti_prjeb536,True
WBA_0000152001,wuchereria_bancrofti_prjeb536,True
WBA_0000152101,wuchereria_bancrofti_prjeb536,False
WBA_0000152201,wuchereria_bancrofti_prjeb536,True
WBA_0000152301,wuchereria_bancrofti_prjeb536,True
WBA_0000152401,wuchereria_bancrofti_prjeb536,True
WBA_0000152501,wuchereria_bancrofti_prjeb536,True
WBA_0000152601,wuchereria_bancrofti_prjeb536,True
WBA_0000152701,wuchereria_bancrofti_prjeb536,False
WBA_0000152801,wuchereria_bancrofti_prjeb536,True
WBA_0000152901,wuchereria_bancrofti_prjeb536,True
WBA_0000153001,wuchereria_bancrofti_prjeb536,True
WBA_0000153101,wuchereria_bancrofti_prjeb536,True
WBA_0000153201,wuchereria_bancrofti_prjeb536,True
WBA_0000153301,wuchereria_bancrofti_prjeb536,True
WBA_0000153401,wuchereria_bancrofti_prjeb536,True
WBA_0000153501,wuchereria_bancrofti_prjeb536,False
WBA_0000153601,wuchereria_bancrofti_prjeb536,True
WBA_0000153701,wuchereria_bancrofti_prjeb536,True
WBA_0000153801,wuchereria_bancrofti_prjeb536,True
WBA_0000153901,wuchereria_bancrofti_prjeb536,False
WBA_0000154001,wuchereria_bancrofti_prjeb536,True
WBA_0000154101,wuchereria_bancrofti_prjeb536,True
WBA_0000154201,wuchereria_bancrofti_prjeb536,True
WBA_0000154301,wuchereria_bancrofti_prjeb536,True
WBA_0000154401,wuchereria_bancrofti_prjeb536,True
WBA_0000154501,wuchereria_bancrofti_prjeb536,True
WBA_0000154601,wuchereria_bancrofti_prjeb536,True
WBA_0000154701,wuchereria_bancrofti_prjeb536,True
WBA_0000154801,wuchereria_bancrofti_prjeb536,True
WBA_0000154901,wuchereria_bancrofti_prjeb536,True
WBA_0000155001,wuchereria_bancrofti_prjeb536,False
WBA_0000155101,wuchereria_bancrofti_prjeb536,True
WBA_0000155201,wuchereria_bancrofti_prjeb536,True
WBA_0000155301,wuchereria_bancrofti_prjeb536,True
WBA_0000155401,wuchereria_bancrofti_prjeb536,True
WBA_0000155501,wuchereria_bancrofti_prjeb536,True
WBA_0000155601,wuchereria_bancrofti_prjeb536,True
WBA_0000155701,wuchereria_bancrofti_prjeb536,True
WBA_0000155801,wuchereria_bancrofti_prjeb536,True
WBA_0000155901,wuchereria_bancrofti_prjeb536,True
WBA_0000156001,wuchereria_bancrofti_prjeb536,True
WBA_0000156101,wuchereria_bancrofti_prjeb536,False
WBA_0000156201,wuchereria_bancrofti_prjeb536,True
WBA_0000156301,wuchereria_bancrofti_prjeb536,True
WBA_0000156401,wuchereria_bancrofti_prjeb536,True
WBA_0000156501,wuchereria_bancrofti_prjeb536,True
WBA_0000156601,wuchereria_bancrofti_prjeb536,True
WBA_0000156701,wuchereria_bancrofti_prjeb536,True
WBA_0000156801,wuchereria_bancrofti_prjeb536,True
WBA_0000156901,wuchereria_bancrofti_prjeb536,True
WBA_0000157001,wuchereria_bancrofti_prjeb536,True
WBA_0000157101,wuchereria_bancrofti_prjeb536,True
WBA_0000157201,wuchereria_bancrofti_prjeb536,True
WBA_0000157301,wuchereria_bancrofti_prjeb536,True
WBA_0000157401,wuchereria_bancrofti_prjeb536,False
WBA_0000157501,wuchereria_bancrofti_prjeb536,True
WBA_0000157601,wuchereria_bancrofti_prjeb536,True
WBA_0000157701,wuchereria_bancrofti_prjeb536,True
WBA_0000157801,wuchereria_bancrofti_prjeb536,True
WBA_0000157901,wuchereria_bancrofti_prjeb536,True
WBA_0000158001,wuchereria_bancrofti_prjeb536,True
WBA_0000158101,wuchereria_bancrofti_prjeb536,True
WBA_0000158201,wuchereria_bancrofti_prjeb536,True
WBA_0000158301,wuchereria_bancrofti_prjeb536,True
WBA_0000158401,wuchereria_bancrofti_prjeb536,True
WBA_0000158501,wuchereria_bancrofti_prjeb536,True
WBA_0000158601,wuchereria_bancrofti_prjeb536,True
WBA_0000158701,wuchereria_bancrofti_prjeb536,True
WBA_0000158801,wuchereria_bancrofti_prjeb536,True
WBA_0000158901,wuchereria_bancrofti_prjeb536,True
WBA_0000159001,wuchereria_bancrofti_prjeb536,True
WBA_0000159101,wuchereria_bancrofti_prjeb536,True
WBA_0000159201,wuchereria_bancrofti_prjeb536,True
WBA_0000159301,wuchereria_bancrofti_prjeb536,True
WBA_0000159401,wuchereria_bancrofti_prjeb536,True
WBA_0000159501,wuchereria_bancrofti_prjeb536,True
WBA_0000159601,wuchereria_bancrofti_prjeb536,True
WBA_0000159701,wuchereria_bancrofti_prjeb536,False
WBA_0000159801,wuchereria_bancrofti_prjeb536,True
WBA_0000159901,wuchereria_bancrofti_prjeb536,True
WBA_0000160001,wuchereria_bancrofti_prjeb536,True
WBA_0000160101,wuchereria_bancrofti_prjeb536,True
WBA_0000160201,wuchereria_bancrofti_prjeb536,True
WBA_0000160301,wuchereria_bancrofti_prjeb536,True
WBA_0000160401,wuchereria_bancrofti_prjeb536,True
WBA_0000160501,wuchereria_bancrofti_prjeb536,True
WBA_0000160601,wuchereria_bancrofti_prjeb536,True
WBA_0000160701,wuchereria_bancrofti_prjeb536,True
WBA_0000160801,wuchereria_bancrofti_prjeb536,True
WBA_0000160901,wuchereria_bancrofti_prjeb536,True
WBA_0000161001,wuchereria_bancrofti_prjeb536,True
WBA_0000161101,wuchereria_bancrofti_prjeb536,True
WBA_0000161201,wuchereria_bancrofti_prjeb536,True
WBA_0000161301,wuchereria_bancrofti_prjeb536,True
WBA_0000161401,wuchereria_bancrofti_prjeb536,True
WBA_0000161501,wuchereria_bancrofti_prjeb536,False
WBA_0000161601,wuchereria_bancrofti_prjeb536,True
WBA_0000161701,wuchereria_bancrofti_prjeb536,False
WBA_0000161801,wuchereria_bancrofti_prjeb536,True
WBA_0000161901,wuchereria_bancrofti_prjeb536,True
WBA_0000162001,wuchereria_bancrofti_prjeb536,True
WBA_0000162101,wuchereria_bancrofti_prjeb536,True
WBA_0000162201,wuchereria_bancrofti_prjeb536,False
WBA_0000162301,wuchereria_bancrofti_prjeb536,True
WBA_0000162401,wuchereria_bancrofti_prjeb536,True
WBA_0000162501,wuchereria_bancrofti_prjeb536,True
WBA_0000162601,wuchereria_bancrofti_prjeb536,True
WBA_0000162701,wuchereria_bancrofti_prjeb536,True
WBA_0000162801,wuchereria_bancrofti_prjeb536,True
WBA_0000162901,wuchereria_bancrofti_prjeb536,True
WBA_0000163001,wuchereria_bancrofti_prjeb536,True
WBA_0000163101,wuchereria_bancrofti_prjeb536,True
WBA_0000163201,wuchereria_bancrofti_prjeb536,True
WBA_0000163301,wuchereria_bancrofti_prjeb536,True
WBA_0000163401,wuchereria_bancrofti_prjeb536,True
WBA_0000163501,wuchereria_bancrofti_prjeb536,True
WBA_0000163601,wuchereria_bancrofti_prjeb536,True
WBA_0000163701,wuchereria_bancrofti_prjeb536,True
WBA_0000163801,wuchereria_bancrofti_prjeb536,True
WBA_0000163901,wuchereria_bancrofti_prjeb536,True
WBA_0000164001,wuchereria_bancrofti_prjeb536,True
WBA_0000164101,wuchereria_bancrofti_prjeb536,True
WBA_0000164201,wuchereria_bancrofti_prjeb536,True
WBA_0000164301,wuchereria_bancrofti_prjeb536,True
WBA_0000164401,wuchereria_bancrofti_prjeb536,True
WBA_0000164501,wuchereria_bancrofti_prjeb536,True
WBA_0000164601,wuchereria_bancrofti_prjeb536,True
WBA_0000164701,wuchereria_bancrofti_prjeb536,True
WBA_0000164801,wuchereria_bancrofti_prjeb536,True
WBA_0000164901,wuchereria_bancrofti_prjeb536,True
WBA_0000165001,wuchereria_bancrofti_prjeb536,False
WBA_0000165101,wuchereria_bancrofti_prjeb536,True
WBA_0000165201,wuchereria_bancrofti_prjeb536,True
WBA_0000165301,wuchereria_bancrofti_prjeb536,True
WBA_0000165401,wuchereria_bancrofti_prjeb536,True
WBA_0000165501,wuchereria_bancrofti_prjeb536,True
WBA_0000165601,wuchereria_bancrofti_prjeb536,True
WBA_0000165701,wuchereria_bancrofti_prjeb536,True
WBA_0000165801,wuchereria_bancrofti_prjeb536,True
WBA_0000165901,wuchereria_bancrofti_prjeb536,True
WBA_0000166001,wuchereria_bancrofti_prjeb536,False
WBA_0000166101,wuchereria_bancrofti_prjeb536,False
WBA_0000166201,wuchereria_bancrofti_prjeb536,True
WBA_0000166301,wuchereria_bancrofti_prjeb536,True
WBA_0000166401,wuchereria_bancrofti_prjeb536,True
WBA_0000166501,wuchereria_bancrofti_prjeb536,True
WBA_0000166601,wuchereria_bancrofti_prjeb536,True
WBA_0000166701,wuchereria_bancrofti_prjeb536,False
WBA_0000166801,wuchereria_bancrofti_prjeb536,True
WBA_0000166901,wuchereria_bancrofti_prjeb536,True
WBA_0000167001,wuchereria_bancrofti_prjeb536,True
WBA_0000167101,wuchereria_bancrofti_prjeb536,True
WBA_0000167201,wuchereria_bancrofti_prjeb536,True
WBA_0000167301,wuchereria_bancrofti_prjeb536,True
WBA_0000167401,wuchereria_bancrofti_prjeb536,False
WBA_0000167501,wuchereria_bancrofti_prjeb536,False
WBA_0000167601,wuchereria_bancrofti_prjeb536,False
WBA_0000167701,wuchereria_bancrofti_prjeb536,True
WBA_0000167801,wuchereria_bancrofti_prjeb536,True
WBA_0000167901,wuchereria_bancrofti_prjeb536,True
WBA_0000168001,wuchereria_bancrofti_prjeb536,True
WBA_0000168101,wuchereria_bancrofti_prjeb536,True
WBA_0000168201,wuchereria_bancrofti_prjeb536,True
WBA_0000168301,wuchereria_bancrofti_prjeb536,True
WBA_0000168401,wuchereria_bancrofti_prjeb536,True
WBA_0000168501,wuchereria_bancrofti_prjeb536,True
WBA_0000168601,wuchereria_bancrofti_prjeb536,False
WBA_0000168701,wuchereria_bancrofti_prjeb536,True
WBA_0000168801,wuchereria_bancrofti_prjeb536,True
WBA_0000168901,wuchereria_bancrofti_prjeb536,False
WBA_0000169001,wuchereria_bancrofti_prjeb536,True
WBA_0000169101,wuchereria_bancrofti_prjeb536,True
WBA_0000169201,wuchereria_bancrofti_prjeb536,True
WBA_0000169301,wuchereria_bancrofti_prjeb536,True
WBA_0000169401,wuchereria_bancrofti_prjeb536,True
WBA_0000169501,wuchereria_bancrofti_prjeb536,True
WBA_0000169601,wuchereria_bancrofti_prjeb536,True
WBA_0000169701,wuchereria_bancrofti_prjeb536,True
WBA_0000169801,wuchereria_bancrofti_prjeb536,True
WBA_0000169901,wuchereria_bancrofti_prjeb536,True
WBA_0000170001,wuchereria_bancrofti_prjeb536,True
WBA_0000170101,wuchereria_bancrofti_prjeb536,False
WBA_0000170201,wuchereria_bancrofti_prjeb536,True
WBA_0000170301,wuchereria_bancrofti_prjeb536,True
WBA_0000170401,wuchereria_bancrofti_prjeb536,False
WBA_0000170501,wuchereria_bancrofti_prjeb536,True
WBA_0000170601,wuchereria_bancrofti_prjeb536,True
WBA_0000170701,wuchereria_bancrofti_prjeb536,True
WBA_0000170801,wuchereria_bancrofti_prjeb536,True
WBA_0000170901,wuchereria_bancrofti_prjeb536,True
WBA_0000171001,wuchereria_bancrofti_prjeb536,True
WBA_0000171101,wuchereria_bancrofti_prjeb536,True
WBA_0000171201,wuchereria_bancrofti_prjeb536,True
WBA_0000171301,wuchereria_bancrofti_prjeb536,True
WBA_0000171401,wuchereria_bancrofti_prjeb536,True
WBA_0000171501,wuchereria_bancrofti_prjeb536,True
WBA_0000171601,wuchereria_bancrofti_prjeb536,True
WBA_0000171701,wuchereria_bancrofti_prjeb536,True
WBA_0000171801,wuchereria_bancrofti_prjeb536,True
WBA_0000171901,wuchereria_bancrofti_prjeb536,True
WBA_0000172001,wuchereria_bancrofti_prjeb536,True
WBA_0000172101,wuchereria_bancrofti_prjeb536,True
WBA_0000172201,wuchereria_bancrofti_prjeb536,True
WBA_0000172301,wuchereria_bancrofti_prjeb536,False
WBA_0000172401,wuchereria_bancrofti_prjeb536,True
WBA_0000172501,wuchereria_bancrofti_prjeb536,True
WBA_0000172601,wuchereria_bancrofti_prjeb536,True
WBA_0000172701,wuchereria_bancrofti_prjeb536,True
WBA_0000172801,wuchereria_bancrofti_prjeb536,True
WBA_0000172901,wuchereria_bancrofti_prjeb536,True
WBA_0000173001,wuchereria_bancrofti_prjeb536,True
WBA_0000173101,wuchereria_bancrofti_prjeb536,True
WBA_0000173201,wuchereria_bancrofti_prjeb536,True
WBA_0000173301,wuchereria_bancrofti_prjeb536,True
WBA_0000173401,wuchereria_bancrofti_prjeb536,True
WBA_0000173501,wuchereria_bancrofti_prjeb536,True
WBA_0000173601,wuchereria_bancrofti_prjeb536,True
WBA_0000173701,wuchereria_bancrofti_prjeb536,False
WBA_0000173801,wuchereria_bancrofti_prjeb536,False
WBA_0000173901,wuchereria_bancrofti_prjeb536,True
WBA_0000174001,wuchereria_bancrofti_prjeb536,True
WBA_0000174101,wuchereria_bancrofti_prjeb536,True
WBA_0000174201,wuchereria_bancrofti_prjeb536,True
WBA_0000174301,wuchereria_bancrofti_prjeb536,True
WBA_0000175801,wuchereria_bancrofti_prjeb536,True
WBA_0000175901,wuchereria_bancrofti_prjeb536,True
WBA_0000176001,wuchereria_bancrofti_prjeb536,True
WBA_0000176101,wuchereria_bancrofti_prjeb536,True
WBA_0000176201,wuchereria_bancrofti_prjeb536,True
WBA_0000176301,wuchereria_bancrofti_prjeb536,True
WBA_0000176401,wuchereria_bancrofti_prjeb536,False
WBA_0000176501,wuchereria_bancrofti_prjeb536,False
WBA_0000176601,wuchereria_bancrofti_prjeb536,True
WBA_0000176701,wuchereria_bancrofti_prjeb536,True
WBA_0000176801,wuchereria_bancrofti_prjeb536,True
WBA_0000176901,wuchereria_bancrofti_prjeb536,True
WBA_0000177001,wuchereria_bancrofti_prjeb536,True
WBA_0000177101,wuchereria_bancrofti_prjeb536,True
WBA_0000177201,wuchereria_bancrofti_prjeb536,True
WBA_0000177301,wuchereria_bancrofti_prjeb536,True
WBA_0000177401,wuchereria_bancrofti_prjeb536,True
WBA_0000177501,wuchereria_bancrofti_prjeb536,True
WBA_0000177601,wuchereria_bancrofti_prjeb536,True
WBA_0000177701,wuchereria_bancrofti_prjeb536,True
WBA_0000177801,wuchereria_bancrofti_prjeb536,True
WBA_0000177901,wuchereria_bancrofti_prjeb536,True
WBA_0000178001,wuchereria_bancrofti_prjeb536,True
WBA_0000178101,wuchereria_bancrofti_prjeb536,True
WBA_0000178201,wuchereria_bancrofti_prjeb536,True
WBA_0000178301,wuchereria_bancrofti_prjeb536,False
WBA_0000178401,wuchereria_bancrofti_prjeb536,True
WBA_0000178501,wuchereria_bancrofti_prjeb536,True
WBA_0000178601,wuchereria_bancrofti_prjeb536,False
WBA_0000178701,wuchereria_bancrofti_prjeb536,True
WBA_0000178801,wuchereria_bancrofti_prjeb536,True
WBA_0000178901,wuchereria_bancrofti_prjeb536,True
WBA_0000179001,wuchereria_bancrofti_prjeb536,True
WBA_0000179101,wuchereria_bancrofti_prjeb536,True
WBA_0000179201,wuchereria_bancrofti_prjeb536,True
WBA_0000179301,wuchereria_bancrofti_prjeb536,False
WBA_0000179401,wuchereria_bancrofti_prjeb536,True
WBA_0000179501,wuchereria_bancrofti_prjeb536,True
WBA_0000179601,wuchereria_bancrofti_prjeb536,True
WBA_0000179701,wuchereria_bancrofti_prjeb536,True
WBA_0000179801,wuchereria_bancrofti_prjeb536,True
WBA_0000179901,wuchereria_bancrofti_prjeb536,True
WBA_0000180001,wuchereria_bancrofti_prjeb536,True
WBA_0000180101,wuchereria_bancrofti_prjeb536,True
WBA_0000180201,wuchereria_bancrofti_prjeb536,True
WBA_0000180301,wuchereria_bancrofti_prjeb536,True
WBA_0000180401,wuchereria_bancrofti_prjeb536,True
WBA_0000180501,wuchereria_bancrofti_prjeb536,True
WBA_0000180601,wuchereria_bancrofti_prjeb536,False
WBA_0000180701,wuchereria_bancrofti_prjeb536,True
WBA_0000180801,wuchereria_bancrofti_prjeb536,True
WBA_0000180901,wuchereria_bancrofti_prjeb536,True
WBA_0000181001,wuchereria_bancrofti_prjeb536,True
WBA_0000181101,wuchereria_bancrofti_prjeb536,True
WBA_0000181201,wuchereria_bancrofti_prjeb536,True
WBA_0000181301,wuchereria_bancrofti_prjeb536,True
WBA_0000181401,wuchereria_bancrofti_prjeb536,True
WBA_0000181501,wuchereria_bancrofti_prjeb536,True
WBA_0000181601,wuchereria_bancrofti_prjeb536,True
WBA_0000181701,wuchereria_bancrofti_prjeb536,True
WBA_0000181801,wuchereria_bancrofti_prjeb536,False
WBA_0000181901,wuchereria_bancrofti_prjeb536,False
WBA_0000182001,wuchereria_bancrofti_prjeb536,True
WBA_0000182101,wuchereria_bancrofti_prjeb536,True
WBA_0000182201,wuchereria_bancrofti_prjeb536,True
WBA_0000182301,wuchereria_bancrofti_prjeb536,True
WBA_0000182401,wuchereria_bancrofti_prjeb536,True
WBA_0000182501,wuchereria_bancrofti_prjeb536,True
WBA_0000182601,wuchereria_bancrofti_prjeb536,True
WBA_0000182701,wuchereria_bancrofti_prjeb536,True
WBA_0000182801,wuchereria_bancrofti_prjeb536,False
WBA_0000182901,wuchereria_bancrofti_prjeb536,True
WBA_0000183001,wuchereria_bancrofti_prjeb536,True
WBA_0000183101,wuchereria_bancrofti_prjeb536,True
WBA_0000183201,wuchereria_bancrofti_prjeb536,True
WBA_0000183301,wuchereria_bancrofti_prjeb536,True
WBA_0000183401,wuchereria_bancrofti_prjeb536,True
WBA_0000183501,wuchereria_bancrofti_prjeb536,True
WBA_0000183601,wuchereria_bancrofti_prjeb536,True
WBA_0000183701,wuchereria_bancrofti_prjeb536,True
WBA_0000183801,wuchereria_bancrofti_prjeb536,False
WBA_0000183901,wuchereria_bancrofti_prjeb536,True
WBA_0000184001,wuchereria_bancrofti_prjeb536,True
WBA_0000184101,wuchereria_bancrofti_prjeb536,True
WBA_0000184201,wuchereria_bancrofti_prjeb536,True
WBA_0000184301,wuchereria_bancrofti_prjeb536,True
WBA_0000184401,wuchereria_bancrofti_prjeb536,True
WBA_0000184501,wuchereria_bancrofti_prjeb536,True
WBA_0000184601,wuchereria_bancrofti_prjeb536,False
WBA_0000184701,wuchereria_bancrofti_prjeb536,True
WBA_0000184801,wuchereria_bancrofti_prjeb536,False
WBA_0000184901,wuchereria_bancrofti_prjeb536,True
WBA_0000185001,wuchereria_bancrofti_prjeb536,True
WBA_0000185101,wuchereria_bancrofti_prjeb536,True
WBA_0000185201,wuchereria_bancrofti_prjeb536,True
WBA_0000185301,wuchereria_bancrofti_prjeb536,True
WBA_0000185401,wuchereria_bancrofti_prjeb536,True
WBA_0000185501,wuchereria_bancrofti_prjeb536,False
WBA_0000185601,wuchereria_bancrofti_prjeb536,True
WBA_0000185701,wuchereria_bancrofti_prjeb536,True
WBA_0000185801,wuchereria_bancrofti_prjeb536,True
WBA_0000185901,wuchereria_bancrofti_prjeb536,True
WBA_0000186001,wuchereria_bancrofti_prjeb536,True
WBA_0000186101,wuchereria_bancrofti_prjeb536,True
WBA_0000186201,wuchereria_bancrofti_prjeb536,True
WBA_0000186301,wuchereria_bancrofti_prjeb536,True
WBA_0000186401,wuchereria_bancrofti_prjeb536,True
WBA_0000186501,wuchereria_bancrofti_prjeb536,True
WBA_0000186601,wuchereria_bancrofti_prjeb536,False
WBA_0000186701,wuchereria_bancrofti_prjeb536,False
WBA_0000186801,wuchereria_bancrofti_prjeb536,True
WBA_0000186901,wuchereria_bancrofti_prjeb536,False
WBA_0000187001,wuchereria_bancrofti_prjeb536,True
WBA_0000187101,wuchereria_bancrofti_prjeb536,True
WBA_0000187201,wuchereria_bancrofti_prjeb536,True
WBA_0000187301,wuchereria_bancrofti_prjeb536,True
WBA_0000187401,wuchereria_bancrofti_prjeb536,True
WBA_0000187501,wuchereria_bancrofti_prjeb536,False
WBA_0000187601,wuchereria_bancrofti_prjeb536,False
WBA_0000187701,wuchereria_bancrofti_prjeb536,False
WBA_0000187801,wuchereria_bancrofti_prjeb536,True
WBA_0000187901,wuchereria_bancrofti_prjeb536,True
WBA_0000188001,wuchereria_bancrofti_prjeb536,True
WBA_0000188101,wuchereria_bancrofti_prjeb536,True
WBA_0000188201,wuchereria_bancrofti_prjeb536,True
WBA_0000188301,wuchereria_bancrofti_prjeb536,True
WBA_0000188401,wuchereria_bancrofti_prjeb536,True
WBA_0000188501,wuchereria_bancrofti_prjeb536,True
WBA_0000188601,wuchereria_bancrofti_prjeb536,True
WBA_0000188701,wuchereria_bancrofti_prjeb536,True
WBA_0000188801,wuchereria_bancrofti_prjeb536,True
WBA_0000188901,wuchereria_bancrofti_prjeb536,True
WBA_0000189001,wuchereria_bancrofti_prjeb536,True
WBA_0000189101,wuchereria_bancrofti_prjeb536,True
WBA_0000189201,wuchereria_bancrofti_prjeb536,True
WBA_0000189301,wuchereria_bancrofti_prjeb536,True
WBA_0000189401,wuchereria_bancrofti_prjeb536,True
WBA_0000189501,wuchereria_bancrofti_prjeb536,True
WBA_0000189601,wuchereria_bancrofti_prjeb536,True
WBA_0000189701,wuchereria_bancrofti_prjeb536,True
WBA_0000189801,wuchereria_bancrofti_prjeb536,True
WBA_0000189901,wuchereria_bancrofti_prjeb536,False
WBA_0000190001,wuchereria_bancrofti_prjeb536,True
WBA_0000190101,wuchereria_bancrofti_prjeb536,True
WBA_0000190201,wuchereria_bancrofti_prjeb536,True
WBA_0000190301,wuchereria_bancrofti_prjeb536,True
WBA_0000190401,wuchereria_bancrofti_prjeb536,False
WBA_0000190501,wuchereria_bancrofti_prjeb536,True
WBA_0000190601,wuchereria_bancrofti_prjeb536,True
WBA_0000190701,wuchereria_bancrofti_prjeb536,True
WBA_0000190801,wuchereria_bancrofti_prjeb536,True
WBA_0000190901,wuchereria_bancrofti_prjeb536,True
WBA_0000191001,wuchereria_bancrofti_prjeb536,True
WBA_0000191101,wuchereria_bancrofti_prjeb536,True
WBA_0000191201,wuchereria_bancrofti_prjeb536,True
WBA_0000191301,wuchereria_bancrofti_prjeb536,True
WBA_0000191401,wuchereria_bancrofti_prjeb536,True
WBA_0000191501,wuchereria_bancrofti_prjeb536,True
WBA_0000191601,wuchereria_bancrofti_prjeb536,True
WBA_0000191701,wuchereria_bancrofti_prjeb536,True
WBA_0000191801,wuchereria_bancrofti_prjeb536,True
WBA_0000191901,wuchereria_bancrofti_prjeb536,True
WBA_0000192001,wuchereria_bancrofti_prjeb536,True
WBA_0000192101,wuchereria_bancrofti_prjeb536,False
WBA_0000192201,wuchereria_bancrofti_prjeb536,True
WBA_0000192301,wuchereria_bancrofti_prjeb536,True
WBA_0000192401,wuchereria_bancrofti_prjeb536,True
WBA_0000192501,wuchereria_bancrofti_prjeb536,True
WBA_0000192601,wuchereria_bancrofti_prjeb536,True
WBA_0000192701,wuchereria_bancrofti_prjeb536,True
WBA_0000192801,wuchereria_bancrofti_prjeb536,True
WBA_0000192901,wuchereria_bancrofti_prjeb536,True
WBA_0000193001,wuchereria_bancrofti_prjeb536,True
WBA_0000193101,wuchereria_bancrofti_prjeb536,True
WBA_0000193201,wuchereria_bancrofti_prjeb536,False
WBA_0000193301,wuchereria_bancrofti_prjeb536,False
WBA_0000193401,wuchereria_bancrofti_prjeb536,True
WBA_0000193501,wuchereria_bancrofti_prjeb536,True
WBA_0000193601,wuchereria_bancrofti_prjeb536,False
WBA_0000193701,wuchereria_bancrofti_prjeb536,True
WBA_0000193801,wuchereria_bancrofti_prjeb536,True
WBA_0000193901,wuchereria_bancrofti_prjeb536,False
WBA_0000194001,wuchereria_bancrofti_prjeb536,True
WBA_0000194101,wuchereria_bancrofti_prjeb536,True
WBA_0000194201,wuchereria_bancrofti_prjeb536,True
WBA_0000194301,wuchereria_bancrofti_prjeb536,True
WBA_0000194401,wuchereria_bancrofti_prjeb536,True
WBA_0000194501,wuchereria_bancrofti_prjeb536,True
WBA_0000194601,wuchereria_bancrofti_prjeb536,True
WBA_0000194701,wuchereria_bancrofti_prjeb536,True
WBA_0000194801,wuchereria_bancrofti_prjeb536,True
WBA_0000194901,wuchereria_bancrofti_prjeb536,True
WBA_0000195001,wuchereria_bancrofti_prjeb536,True
WBA_0000195101,wuchereria_bancrofti_prjeb536,True
WBA_0000195201,wuchereria_bancrofti_prjeb536,True
WBA_0000195301,wuchereria_bancrofti_prjeb536,True
WBA_0000195401,wuchereria_bancrofti_prjeb536,True
WBA_0000195501,wuchereria_bancrofti_prjeb536,True
WBA_0000195601,wuchereria_bancrofti_prjeb536,True
WBA_0000195701,wuchereria_bancrofti_prjeb536,True
WBA_0000195801,wuchereria_bancrofti_prjeb536,True
WBA_0000195901,wuchereria_bancrofti_prjeb536,True
WBA_0000196001,wuchereria_bancrofti_prjeb536,False
WBA_0000196101,wuchereria_bancrofti_prjeb536,True
WBA_0000196201,wuchereria_bancrofti_prjeb536,False
WBA_0000196301,wuchereria_bancrofti_prjeb536,True
WBA_0000196401,wuchereria_bancrofti_prjeb536,True
WBA_0000196501,wuchereria_bancrofti_prjeb536,True
WBA_0000196601,wuchereria_bancrofti_prjeb536,False
WBA_0000196701,wuchereria_bancrofti_prjeb536,True
WBA_0000196801,wuchereria_bancrofti_prjeb536,True
WBA_0000196901,wuchereria_bancrofti_prjeb536,True
WBA_0000197001,wuchereria_bancrofti_prjeb536,True
WBA_0000197101,wuchereria_bancrofti_prjeb536,True
WBA_0000197201,wuchereria_bancrofti_prjeb536,True
WBA_0000197301,wuchereria_bancrofti_prjeb536,True
WBA_0000197401,wuchereria_bancrofti_prjeb536,True
WBA_0000197501,wuchereria_bancrofti_prjeb536,True
WBA_0000197601,wuchereria_bancrofti_prjeb536,True
WBA_0000197701,wuchereria_bancrofti_prjeb536,True
WBA_0000197801,wuchereria_bancrofti_prjeb536,True
WBA_0000197901,wuchereria_bancrofti_prjeb536,True
WBA_0000198001,wuchereria_bancrofti_prjeb536,True
WBA_0000198101,wuchereria_bancrofti_prjeb536,True
WBA_0000198201,wuchereria_bancrofti_prjeb536,False
WBA_0000198301,wuchereria_bancrofti_prjeb536,True
WBA_0000198401,wuchereria_bancrofti_prjeb536,True
WBA_0000198501,wuchereria_bancrofti_prjeb536,True
WBA_0000198601,wuchereria_bancrofti_prjeb536,True
WBA_0000198701,wuchereria_bancrofti_prjeb536,True
WBA_0000198801,wuchereria_bancrofti_prjeb536,True
WBA_0000198901,wuchereria_bancrofti_prjeb536,False
WBA_0000199001,wuchereria_bancrofti_prjeb536,True
WBA_0000199101,wuchereria_bancrofti_prjeb536,True
WBA_0000199201,wuchereria_bancrofti_prjeb536,True
WBA_0000199301,wuchereria_bancrofti_prjeb536,True
WBA_0000199401,wuchereria_bancrofti_prjeb536,True
WBA_0000199501,wuchereria_bancrofti_prjeb536,True
WBA_0000199601,wuchereria_bancrofti_prjeb536,True
WBA_0000199701,wuchereria_bancrofti_prjeb536,True
WBA_0000199801,wuchereria_bancrofti_prjeb536,True
WBA_0000199901,wuchereria_bancrofti_prjeb536,True
WBA_0000200001,wuchereria_bancrofti_prjeb536,True
WBA_0000200101,wuchereria_bancrofti_prjeb536,True
WBA_0000200201,wuchereria_bancrofti_prjeb536,True
WBA_0000200301,wuchereria_bancrofti_prjeb536,True
WBA_0000200401,wuchereria_bancrofti_prjeb536,True
WBA_0000200501,wuchereria_bancrofti_prjeb536,False
WBA_0000200601,wuchereria_bancrofti_prjeb536,True
WBA_0000200701,wuchereria_bancrofti_prjeb536,True
WBA_0000200801,wuchereria_bancrofti_prjeb536,True
WBA_0000200901,wuchereria_bancrofti_prjeb536,True
WBA_0000201001,wuchereria_bancrofti_prjeb536,True
WBA_0000201101,wuchereria_bancrofti_prjeb536,True
WBA_0000201201,wuchereria_bancrofti_prjeb536,True
WBA_0000201301,wuchereria_bancrofti_prjeb536,True
WBA_0000201401,wuchereria_bancrofti_prjeb536,True
WBA_0000201501,wuchereria_bancrofti_prjeb536,True
WBA_0000201601,wuchereria_bancrofti_prjeb536,True
WBA_0000201701,wuchereria_bancrofti_prjeb536,True
WBA_0000201801,wuchereria_bancrofti_prjeb536,True
WBA_0000201901,wuchereria_bancrofti_prjeb536,True
WBA_0000202001,wuchereria_bancrofti_prjeb536,True
WBA_0000202101,wuchereria_bancrofti_prjeb536,True
WBA_0000202201,wuchereria_bancrofti_prjeb536,True
WBA_0000202301,wuchereria_bancrofti_prjeb536,True
WBA_0000202401,wuchereria_bancrofti_prjeb536,True
WBA_0000202501,wuchereria_bancrofti_prjeb536,True
WBA_0000202601,wuchereria_bancrofti_prjeb536,True
WBA_0000202701,wuchereria_bancrofti_prjeb536,True
WBA_0000202801,wuchereria_bancrofti_prjeb536,True
WBA_0000202901,wuchereria_bancrofti_prjeb536,True
WBA_0000203001,wuchereria_bancrofti_prjeb536,True
WBA_0000203101,wuchereria_bancrofti_prjeb536,False
WBA_0000203201,wuchereria_bancrofti_prjeb536,True
WBA_0000203301,wuchereria_bancrofti_prjeb536,True
WBA_0000203401,wuchereria_bancrofti_prjeb536,True
WBA_0000203501,wuchereria_bancrofti_prjeb536,True
WBA_0000203601,wuchereria_bancrofti_prjeb536,True
WBA_0000203701,wuchereria_bancrofti_prjeb536,True
WBA_0000203801,wuchereria_bancrofti_prjeb536,True
WBA_0000203901,wuchereria_bancrofti_prjeb536,True
WBA_0000204001,wuchereria_bancrofti_prjeb536,True
WBA_0000204101,wuchereria_bancrofti_prjeb536,True
WBA_0000204201,wuchereria_bancrofti_prjeb536,True
WBA_0000204301,wuchereria_bancrofti_prjeb536,True
WBA_0000204401,wuchereria_bancrofti_prjeb536,True
WBA_0000204501,wuchereria_bancrofti_prjeb536,True
WBA_0000204601,wuchereria_bancrofti_prjeb536,False
WBA_0000204701,wuchereria_bancrofti_prjeb536,True
WBA_0000204801,wuchereria_bancrofti_prjeb536,True
WBA_0000204901,wuchereria_bancrofti_prjeb536,True
WBA_0000205001,wuchereria_bancrofti_prjeb536,False
WBA_0000205101,wuchereria_bancrofti_prjeb536,True
WBA_0000205201,wuchereria_bancrofti_prjeb536,True
WBA_0000205301,wuchereria_bancrofti_prjeb536,True
WBA_0000205401,wuchereria_bancrofti_prjeb536,True
WBA_0000205501,wuchereria_bancrofti_prjeb536,True
WBA_0000205601,wuchereria_bancrofti_prjeb536,True
WBA_0000205701,wuchereria_bancrofti_prjeb536,True
WBA_0000205801,wuchereria_bancrofti_prjeb536,True
WBA_0000205901,wuchereria_bancrofti_prjeb536,True
WBA_0000206001,wuchereria_bancrofti_prjeb536,True
WBA_0000206101,wuchereria_bancrofti_prjeb536,True
WBA_0000206201,wuchereria_bancrofti_prjeb536,True
WBA_0000206301,wuchereria_bancrofti_prjeb536,True
WBA_0000206401,wuchereria_bancrofti_prjeb536,False
WBA_0000206501,wuchereria_bancrofti_prjeb536,True
WBA_0000206601,wuchereria_bancrofti_prjeb536,True
WBA_0000206701,wuchereria_bancrofti_prjeb536,True
WBA_0000206801,wuchereria_bancrofti_prjeb536,True
WBA_0000206901,wuchereria_bancrofti_prjeb536,True
WBA_0000207001,wuchereria_bancrofti_prjeb536,True
WBA_0000207101,wuchereria_bancrofti_prjeb536,True
WBA_0000207201,wuchereria_bancrofti_prjeb536,True
WBA_0000207301,wuchereria_bancrofti_prjeb536,True
WBA_0000207401,wuchereria_bancrofti_prjeb536,True
WBA_0000207501,wuchereria_bancrofti_prjeb536,True
WBA_0000207601,wuchereria_bancrofti_prjeb536,True
WBA_0000207701,wuchereria_bancrofti_prjeb536,False
WBA_0000207801,wuchereria_bancrofti_prjeb536,False
WBA_0000207901,wuchereria_bancrofti_prjeb536,True
WBA_0000208001,wuchereria_bancrofti_prjeb536,True
WBA_0000208101,wuchereria_bancrofti_prjeb536,True
WBA_0000208201,wuchereria_bancrofti_prjeb536,True
WBA_0000208301,wuchereria_bancrofti_prjeb536,True
WBA_0000208401,wuchereria_bancrofti_prjeb536,True
WBA_0000208501,wuchereria_bancrofti_prjeb536,True
WBA_0000208601,wuchereria_bancrofti_prjeb536,True
WBA_0000208701,wuchereria_bancrofti_prjeb536,True
WBA_0000208801,wuchereria_bancrofti_prjeb536,True
WBA_0000208901,wuchereria_bancrofti_prjeb536,True
WBA_0000209001,wuchereria_bancrofti_prjeb536,True
WBA_0000209101,wuchereria_bancrofti_prjeb536,True
WBA_0000209201,wuchereria_bancrofti_prjeb536,True
WBA_0000209301,wuchereria_bancrofti_prjeb536,True
WBA_0000209401,wuchereria_bancrofti_prjeb536,True
WBA_0000209501,wuchereria_bancrofti_prjeb536,True
WBA_0000209601,wuchereria_bancrofti_prjeb536,False
WBA_0000209701,wuchereria_bancrofti_prjeb536,False
WBA_0000209801,wuchereria_bancrofti_prjeb536,True
WBA_0000209901,wuchereria_bancrofti_prjeb536,True
WBA_0000210001,wuchereria_bancrofti_prjeb536,True
WBA_0000210101,wuchereria_bancrofti_prjeb536,False
WBA_0000210201,wuchereria_bancrofti_prjeb536,True
WBA_0000210301,wuchereria_bancrofti_prjeb536,True
WBA_0000210401,wuchereria_bancrofti_prjeb536,True
WBA_0000210501,wuchereria_bancrofti_prjeb536,True
WBA_0000210601,wuchereria_bancrofti_prjeb536,True
WBA_0000210701,wuchereria_bancrofti_prjeb536,True
WBA_0000210801,wuchereria_bancrofti_prjeb536,True
WBA_0000210901,wuchereria_bancrofti_prjeb536,True
WBA_0000211001,wuchereria_bancrofti_prjeb536,True
WBA_0000211101,wuchereria_bancrofti_prjeb536,True
WBA_0000211201,wuchereria_bancrofti_prjeb536,True
WBA_0000211301,wuchereria_bancrofti_prjeb536,True
WBA_0000211401,wuchereria_bancrofti_prjeb536,True
WBA_0000211501,wuchereria_bancrofti_prjeb536,True
WBA_0000211601,wuchereria_bancrofti_prjeb536,True
WBA_0000211701,wuchereria_bancrofti_prjeb536,True
WBA_0000211801,wuchereria_bancrofti_prjeb536,True
WBA_0000211901,wuchereria_bancrofti_prjeb536,True
WBA_0000212001,wuchereria_bancrofti_prjeb536,True
WBA_0000212101,wuchereria_bancrofti_prjeb536,True
WBA_0000212201,wuchereria_bancrofti_prjeb536,False
WBA_0000212301,wuchereria_bancrofti_prjeb536,False
WBA_0000212401,wuchereria_bancrofti_prjeb536,True
WBA_0000212501,wuchereria_bancrofti_prjeb536,True
WBA_0000212601,wuchereria_bancrofti_prjeb536,True
WBA_0000212701,wuchereria_bancrofti_prjeb536,True
WBA_0000212801,wuchereria_bancrofti_prjeb536,True
WBA_0000212901,wuchereria_bancrofti_prjeb536,True
WBA_0000213001,wuchereria_bancrofti_prjeb536,True
WBA_0000213101,wuchereria_bancrofti_prjeb536,True
WBA_0000213201,wuchereria_bancrofti_prjeb536,True
WBA_0000213301,wuchereria_bancrofti_prjeb536,False
WBA_0000213401,wuchereria_bancrofti_prjeb536,True
WBA_0000213501,wuchereria_bancrofti_prjeb536,True
WBA_0000213601,wuchereria_bancrofti_prjeb536,False
WBA_0000213701,wuchereria_bancrofti_prjeb536,True
WBA_0000213801,wuchereria_bancrofti_prjeb536,True
WBA_0000213901,wuchereria_bancrofti_prjeb536,True
WBA_0000214001,wuchereria_bancrofti_prjeb536,True
WBA_0000214101,wuchereria_bancrofti_prjeb536,True
WBA_0000214201,wuchereria_bancrofti_prjeb536,True
WBA_0000214301,wuchereria_bancrofti_prjeb536,True
WBA_0000214401,wuchereria_bancrofti_prjeb536,True
WBA_0000214501,wuchereria_bancrofti_prjeb536,True
WBA_0000214601,wuchereria_bancrofti_prjeb536,True
WBA_0000214701,wuchereria_bancrofti_prjeb536,True
WBA_0000214801,wuchereria_bancrofti_prjeb536,True
WBA_0000214901,wuchereria_bancrofti_prjeb536,False
WBA_0000215001,wuchereria_bancrofti_prjeb536,True
WBA_0000215101,wuchereria_bancrofti_prjeb536,True
WBA_0000215201,wuchereria_bancrofti_prjeb536,True
WBA_0000215301,wuchereria_bancrofti_prjeb536,True
WBA_0000215401,wuchereria_bancrofti_prjeb536,True
WBA_0000215501,wuchereria_bancrofti_prjeb536,True
WBA_0000215601,wuchereria_bancrofti_prjeb536,True
WBA_0000215701,wuchereria_bancrofti_prjeb536,False
WBA_0000215801,wuchereria_bancrofti_prjeb536,True
WBA_0000215901,wuchereria_bancrofti_prjeb536,False
WBA_0000216001,wuchereria_bancrofti_prjeb536,False
WBA_0000216101,wuchereria_bancrofti_prjeb536,True
WBA_0000216201,wuchereria_bancrofti_prjeb536,True
WBA_0000216301,wuchereria_bancrofti_prjeb536,True
WBA_0000216401,wuchereria_bancrofti_prjeb536,True
WBA_0000216501,wuchereria_bancrofti_prjeb536,True
WBA_0000216601,wuchereria_bancrofti_prjeb536,True
WBA_0000216701,wuchereria_bancrofti_prjeb536,True
WBA_0000216801,wuchereria_bancrofti_prjeb536,True
WBA_0000216901,wuchereria_bancrofti_prjeb536,False
WBA_0000217001,wuchereria_bancrofti_prjeb536,False
WBA_0000217101,wuchereria_bancrofti_prjeb536,True
WBA_0000217201,wuchereria_bancrofti_prjeb536,True
WBA_0000217301,wuchereria_bancrofti_prjeb536,True
WBA_0000217401,wuchereria_bancrofti_prjeb536,False
WBA_0000217501,wuchereria_bancrofti_prjeb536,False
WBA_0000217601,wuchereria_bancrofti_prjeb536,True
WBA_0000217701,wuchereria_bancrofti_prjeb536,True
WBA_0000217801,wuchereria_bancrofti_prjeb536,True
WBA_0000217901,wuchereria_bancrofti_prjeb536,False
WBA_0000218001,wuchereria_bancrofti_prjeb536,True
WBA_0000218101,wuchereria_bancrofti_prjeb536,True
WBA_0000218201,wuchereria_bancrofti_prjeb536,True
WBA_0000218301,wuchereria_bancrofti_prjeb536,True
WBA_0000218401,wuchereria_bancrofti_prjeb536,True
WBA_0000218501,wuchereria_bancrofti_prjeb536,True
WBA_0000218601,wuchereria_bancrofti_prjeb536,True
WBA_0000218701,wuchereria_bancrofti_prjeb536,True
WBA_0000218801,wuchereria_bancrofti_prjeb536,True
WBA_0000218901,wuchereria_bancrofti_prjeb536,True
WBA_0000219001,wuchereria_bancrofti_prjeb536,True
WBA_0000219101,wuchereria_bancrofti_prjeb536,True
WBA_0000219201,wuchereria_bancrofti_prjeb536,True
WBA_0000219301,wuchereria_bancrofti_prjeb536,True
WBA_0000219401,wuchereria_bancrofti_prjeb536,True
WBA_0000219501,wuchereria_bancrofti_prjeb536,True
WBA_0000219601,wuchereria_bancrofti_prjeb536,True
WBA_0000219701,wuchereria_bancrofti_prjeb536,False
WBA_0000219801,wuchereria_bancrofti_prjeb536,True
WBA_0000219901,wuchereria_bancrofti_prjeb536,True
WBA_0000220001,wuchereria_bancrofti_prjeb536,True
WBA_0000220101,wuchereria_bancrofti_prjeb536,True
WBA_0000220201,wuchereria_bancrofti_prjeb536,True
WBA_0000220301,wuchereria_bancrofti_prjeb536,True
WBA_0000220401,wuchereria_bancrofti_prjeb536,True
WBA_0000220501,wuchereria_bancrofti_prjeb536,False
WBA_0000220601,wuchereria_bancrofti_prjeb536,False
WBA_0000220701,wuchereria_bancrofti_prjeb536,True
WBA_0000220801,wuchereria_bancrofti_prjeb536,True
WBA_0000220901,wuchereria_bancrofti_prjeb536,True
WBA_0000221001,wuchereria_bancrofti_prjeb536,True
WBA_0000221101,wuchereria_bancrofti_prjeb536,True
WBA_0000221201,wuchereria_bancrofti_prjeb536,True
WBA_0000221301,wuchereria_bancrofti_prjeb536,True
WBA_0000221401,wuchereria_bancrofti_prjeb536,True
WBA_0000221501,wuchereria_bancrofti_prjeb536,True
WBA_0000221601,wuchereria_bancrofti_prjeb536,True
WBA_0000221701,wuchereria_bancrofti_prjeb536,True
WBA_0000221801,wuchereria_bancrofti_prjeb536,True
WBA_0000221901,wuchereria_bancrofti_prjeb536,True
WBA_0000222001,wuchereria_bancrofti_prjeb536,True
WBA_0000222101,wuchereria_bancrofti_prjeb536,True
WBA_0000222201,wuchereria_bancrofti_prjeb536,True
WBA_0000222301,wuchereria_bancrofti_prjeb536,True
WBA_0000222401,wuchereria_bancrofti_prjeb536,True
WBA_0000222501,wuchereria_bancrofti_prjeb536,False
WBA_0000222601,wuchereria_bancrofti_prjeb536,True
WBA_0000222701,wuchereria_bancrofti_prjeb536,True
WBA_0000222801,wuchereria_bancrofti_prjeb536,True
WBA_0000222901,wuchereria_bancrofti_prjeb536,True
WBA_0000223001,wuchereria_bancrofti_prjeb536,True
WBA_0000223101,wuchereria_bancrofti_prjeb536,True
WBA_0000223201,wuchereria_bancrofti_prjeb536,True
WBA_0000223301,wuchereria_bancrofti_prjeb536,True
WBA_0000223401,wuchereria_bancrofti_prjeb536,True
WBA_0000223501,wuchereria_bancrofti_prjeb536,True
WBA_0000223601,wuchereria_bancrofti_prjeb536,True
WBA_0000223701,wuchereria_bancrofti_prjeb536,True
WBA_0000223801,wuchereria_bancrofti_prjeb536,True
WBA_0000223901,wuchereria_bancrofti_prjeb536,True
WBA_0000224001,wuchereria_bancrofti_prjeb536,True
WBA_0000224101,wuchereria_bancrofti_prjeb536,True
WBA_0000224201,wuchereria_bancrofti_prjeb536,True
WBA_0000224301,wuchereria_bancrofti_prjeb536,True
WBA_0000224401,wuchereria_bancrofti_prjeb536,True
WBA_0000224501,wuchereria_bancrofti_prjeb536,True
WBA_0000224601,wuchereria_bancrofti_prjeb536,False
WBA_0000224701,wuchereria_bancrofti_prjeb536,True
WBA_0000224801,wuchereria_bancrofti_prjeb536,True
WBA_0000224901,wuchereria_bancrofti_prjeb536,True
WBA_0000225001,wuchereria_bancrofti_prjeb536,True
WBA_0000225101,wuchereria_bancrofti_prjeb536,True
WBA_0000225201,wuchereria_bancrofti_prjeb536,True
WBA_0000225301,wuchereria_bancrofti_prjeb536,True
WBA_0000225401,wuchereria_bancrofti_prjeb536,False
WBA_0000225501,wuchereria_bancrofti_prjeb536,True
WBA_0000225601,wuchereria_bancrofti_prjeb536,True
WBA_0000225701,wuchereria_bancrofti_prjeb536,False
WBA_0000225801,wuchereria_bancrofti_prjeb536,True
WBA_0000225901,wuchereria_bancrofti_prjeb536,True
WBA_0000226001,wuchereria_bancrofti_prjeb536,False
WBA_0000226101,wuchereria_bancrofti_prjeb536,False
WBA_0000226201,wuchereria_bancrofti_prjeb536,True
WBA_0000226301,wuchereria_bancrofti_prjeb536,True
WBA_0000226401,wuchereria_bancrofti_prjeb536,True
WBA_0000226501,wuchereria_bancrofti_prjeb536,True
WBA_0000226601,wuchereria_bancrofti_prjeb536,True
WBA_0000226701,wuchereria_bancrofti_prjeb536,True
WBA_0000226801,wuchereria_bancrofti_prjeb536,True
WBA_0000226901,wuchereria_bancrofti_prjeb536,True
WBA_0000227001,wuchereria_bancrofti_prjeb536,False
WBA_0000227101,wuchereria_bancrofti_prjeb536,True
WBA_0000227201,wuchereria_bancrofti_prjeb536,True
WBA_0000227301,wuchereria_bancrofti_prjeb536,True
WBA_0000227401,wuchereria_bancrofti_prjeb536,True
WBA_0000227501,wuchereria_bancrofti_prjeb536,False
WBA_0000227601,wuchereria_bancrofti_prjeb536,True
WBA_0000227701,wuchereria_bancrofti_prjeb536,True
WBA_0000227801,wuchereria_bancrofti_prjeb536,True
WBA_0000227901,wuchereria_bancrofti_prjeb536,True
WBA_0000228001,wuchereria_bancrofti_prjeb536,True
WBA_0000228101,wuchereria_bancrofti_prjeb536,False
WBA_0000228201,wuchereria_bancrofti_prjeb536,True
WBA_0000228301,wuchereria_bancrofti_prjeb536,False
WBA_0000228401,wuchereria_bancrofti_prjeb536,True
WBA_0000228501,wuchereria_bancrofti_prjeb536,True
WBA_0000228601,wuchereria_bancrofti_prjeb536,False
WBA_0000228701,wuchereria_bancrofti_prjeb536,True
WBA_0000228801,wuchereria_bancrofti_prjeb536,True
WBA_0000228901,wuchereria_bancrofti_prjeb536,True
WBA_0000229001,wuchereria_bancrofti_prjeb536,True
WBA_0000229101,wuchereria_bancrofti_prjeb536,True
WBA_0000229201,wuchereria_bancrofti_prjeb536,True
WBA_0000229301,wuchereria_bancrofti_prjeb536,True
WBA_0000229401,wuchereria_bancrofti_prjeb536,True
WBA_0000229501,wuchereria_bancrofti_prjeb536,True
WBA_0000229601,wuchereria_bancrofti_prjeb536,True
WBA_0000229701,wuchereria_bancrofti_prjeb536,True
WBA_0000229801,wuchereria_bancrofti_prjeb536,True
WBA_0000229901,wuchereria_bancrofti_prjeb536,True
WBA_0000230001,wuchereria_bancrofti_prjeb536,True
WBA_0000230101,wuchereria_bancrofti_prjeb536,False
WBA_0000230201,wuchereria_bancrofti_prjeb536,True
WBA_0000230301,wuchereria_bancrofti_prjeb536,True
WBA_0000230401,wuchereria_bancrofti_prjeb536,True
WBA_0000230501,wuchereria_bancrofti_prjeb536,True
WBA_0000230601,wuchereria_bancrofti_prjeb536,True
WBA_0000230701,wuchereria_bancrofti_prjeb536,True
WBA_0000230801,wuchereria_bancrofti_prjeb536,True
WBA_0000230901,wuchereria_bancrofti_prjeb536,True
WBA_0000231001,wuchereria_bancrofti_prjeb536,True
WBA_0000231101,wuchereria_bancrofti_prjeb536,True
WBA_0000231201,wuchereria_bancrofti_prjeb536,True
WBA_0000231301,wuchereria_bancrofti_prjeb536,True
WBA_0000231401,wuchereria_bancrofti_prjeb536,False
WBA_0000231501,wuchereria_bancrofti_prjeb536,False
WBA_0000231601,wuchereria_bancrofti_prjeb536,True
WBA_0000231701,wuchereria_bancrofti_prjeb536,True
WBA_0000231801,wuchereria_bancrofti_prjeb536,True
WBA_0000231901,wuchereria_bancrofti_prjeb536,True
WBA_0000232001,wuchereria_bancrofti_prjeb536,True
WBA_0000232101,wuchereria_bancrofti_prjeb536,True
WBA_0000232201,wuchereria_bancrofti_prjeb536,False
WBA_0000232301,wuchereria_bancrofti_prjeb536,False
WBA_0000232401,wuchereria_bancrofti_prjeb536,True
WBA_0000232501,wuchereria_bancrofti_prjeb536,True
WBA_0000232601,wuchereria_bancrofti_prjeb536,True
WBA_0000232701,wuchereria_bancrofti_prjeb536,True
WBA_0000232801,wuchereria_bancrofti_prjeb536,True
WBA_0000232901,wuchereria_bancrofti_prjeb536,True
WBA_0000233001,wuchereria_bancrofti_prjeb536,True
WBA_0000233101,wuchereria_bancrofti_prjeb536,True
WBA_0000233201,wuchereria_bancrofti_prjeb536,True
WBA_0000233301,wuchereria_bancrofti_prjeb536,True
WBA_0000233401,wuchereria_bancrofti_prjeb536,True
WBA_0000233501,wuchereria_bancrofti_prjeb536,True
WBA_0000233601,wuchereria_bancrofti_prjeb536,True
WBA_0000233701,wuchereria_bancrofti_prjeb536,True
WBA_0000233801,wuchereria_bancrofti_prjeb536,True
WBA_0000233901,wuchereria_bancrofti_prjeb536,True
WBA_0000234001,wuchereria_bancrofti_prjeb536,True
WBA_0000234101,wuchereria_bancrofti_prjeb536,True
WBA_0000234201,wuchereria_bancrofti_prjeb536,True
WBA_0000234301,wuchereria_bancrofti_prjeb536,False
WBA_0000234401,wuchereria_bancrofti_prjeb536,True
WBA_0000234501,wuchereria_bancrofti_prjeb536,True
WBA_0000234601,wuchereria_bancrofti_prjeb536,True
WBA_0000234701,wuchereria_bancrofti_prjeb536,True
WBA_0000234801,wuchereria_bancrofti_prjeb536,True
WBA_0000234901,wuchereria_bancrofti_prjeb536,True
WBA_0000235001,wuchereria_bancrofti_prjeb536,True
WBA_0000235101,wuchereria_bancrofti_prjeb536,True
WBA_0000235201,wuchereria_bancrofti_prjeb536,True
WBA_0000235301,wuchereria_bancrofti_prjeb536,False
WBA_0000235401,wuchereria_bancrofti_prjeb536,True
WBA_0000235501,wuchereria_bancrofti_prjeb536,True
WBA_0000235601,wuchereria_bancrofti_prjeb536,True
WBA_0000235701,wuchereria_bancrofti_prjeb536,True
WBA_0000235801,wuchereria_bancrofti_prjeb536,True
WBA_0000235901,wuchereria_bancrofti_prjeb536,True
WBA_0000236001,wuchereria_bancrofti_prjeb536,True
WBA_0000236101,wuchereria_bancrofti_prjeb536,True
WBA_0000236201,wuchereria_bancrofti_prjeb536,True
WBA_0000236301,wuchereria_bancrofti_prjeb536,True
WBA_0000236401,wuchereria_bancrofti_prjeb536,True
WBA_0000236501,wuchereria_bancrofti_prjeb536,True
WBA_0000236601,wuchereria_bancrofti_prjeb536,True
WBA_0000236701,wuchereria_bancrofti_prjeb536,True
WBA_0000236801,wuchereria_bancrofti_prjeb536,True
WBA_0000236901,wuchereria_bancrofti_prjeb536,True
WBA_0000237001,wuchereria_bancrofti_prjeb536,False
WBA_0000237101,wuchereria_bancrofti_prjeb536,True
WBA_0000237201,wuchereria_bancrofti_prjeb536,True
WBA_0000237301,wuchereria_bancrofti_prjeb536,True
WBA_0000237401,wuchereria_bancrofti_prjeb536,True
WBA_0000237501,wuchereria_bancrofti_prjeb536,True
WBA_0000237601,wuchereria_bancrofti_prjeb536,True
WBA_0000237701,wuchereria_bancrofti_prjeb536,True
WBA_0000237801,wuchereria_bancrofti_prjeb536,True
WBA_0000237901,wuchereria_bancrofti_prjeb536,True
WBA_0000238001,wuchereria_bancrofti_prjeb536,True
WBA_0000238101,wuchereria_bancrofti_prjeb536,True
WBA_0000238201,wuchereria_bancrofti_prjeb536,True
WBA_0000238301,wuchereria_bancrofti_prjeb536,True
WBA_0000238401,wuchereria_bancrofti_prjeb536,False
WBA_0000238501,wuchereria_bancrofti_prjeb536,True
WBA_0000238601,wuchereria_bancrofti_prjeb536,True
WBA_0000238701,wuchereria_bancrofti_prjeb536,True
WBA_0000238801,wuchereria_bancrofti_prjeb536,True
WBA_0000238901,wuchereria_bancrofti_prjeb536,True
WBA_0000239001,wuchereria_bancrofti_prjeb536,True
WBA_0000239101,wuchereria_bancrofti_prjeb536,True
WBA_0000239201,wuchereria_bancrofti_prjeb536,True
WBA_0000239301,wuchereria_bancrofti_prjeb536,True
WBA_0000239401,wuchereria_bancrofti_prjeb536,True
WBA_0000239501,wuchereria_bancrofti_prjeb536,True
WBA_0000239601,wuchereria_bancrofti_prjeb536,True
WBA_0000239701,wuchereria_bancrofti_prjeb536,True
WBA_0000239801,wuchereria_bancrofti_prjeb536,True
WBA_0000239901,wuchereria_bancrofti_prjeb536,True
WBA_0000240001,wuchereria_bancrofti_prjeb536,True
WBA_0000240101,wuchereria_bancrofti_prjeb536,False
WBA_0000240201,wuchereria_bancrofti_prjeb536,True
WBA_0000240301,wuchereria_bancrofti_prjeb536,True
WBA_0000240401,wuchereria_bancrofti_prjeb536,True
WBA_0000240501,wuchereria_bancrofti_prjeb536,True
WBA_0000240601,wuchereria_bancrofti_prjeb536,True
WBA_0000240701,wuchereria_bancrofti_prjeb536,True
WBA_0000240801,wuchereria_bancrofti_prjeb536,False
WBA_0000240901,wuchereria_bancrofti_prjeb536,True
WBA_0000241001,wuchereria_bancrofti_prjeb536,True
WBA_0000241101,wuchereria_bancrofti_prjeb536,True
WBA_0000241201,wuchereria_bancrofti_prjeb536,True
WBA_0000241301,wuchereria_bancrofti_prjeb536,True
WBA_0000241401,wuchereria_bancrofti_prjeb536,False
WBA_0000241501,wuchereria_bancrofti_prjeb536,True
WBA_0000241601,wuchereria_bancrofti_prjeb536,True
WBA_0000241701,wuchereria_bancrofti_prjeb536,True
WBA_0000241801,wuchereria_bancrofti_prjeb536,True
WBA_0000241901,wuchereria_bancrofti_prjeb536,True
WBA_0000242001,wuchereria_bancrofti_prjeb536,True
WBA_0000242101,wuchereria_bancrofti_prjeb536,True
WBA_0000242201,wuchereria_bancrofti_prjeb536,True
WBA_0000242301,wuchereria_bancrofti_prjeb536,True
WBA_0000242401,wuchereria_bancrofti_prjeb536,True
WBA_0000242501,wuchereria_bancrofti_prjeb536,False
WBA_0000242601,wuchereria_bancrofti_prjeb536,False
WBA_0000242701,wuchereria_bancrofti_prjeb536,True
WBA_0000242801,wuchereria_bancrofti_prjeb536,True
WBA_0000242901,wuchereria_bancrofti_prjeb536,True
WBA_0000243001,wuchereria_bancrofti_prjeb536,True
WBA_0000243101,wuchereria_bancrofti_prjeb536,True
WBA_0000243201,wuchereria_bancrofti_prjeb536,True
WBA_0000243301,wuchereria_bancrofti_prjeb536,False
WBA_0000243401,wuchereria_bancrofti_prjeb536,True
WBA_0000243501,wuchereria_bancrofti_prjeb536,True
WBA_0000243601,wuchereria_bancrofti_prjeb536,True
WBA_0000243701,wuchereria_bancrofti_prjeb536,True
WBA_0000243801,wuchereria_bancrofti_prjeb536,True
WBA_0000243901,wuchereria_bancrofti_prjeb536,True
WBA_0000244001,wuchereria_bancrofti_prjeb536,True
WBA_0000244101,wuchereria_bancrofti_prjeb536,True
WBA_0000244201,wuchereria_bancrofti_prjeb536,True
WBA_0000244301,wuchereria_bancrofti_prjeb536,False
WBA_0000244401,wuchereria_bancrofti_prjeb536,False
WBA_0000244501,wuchereria_bancrofti_prjeb536,True
WBA_0000244601,wuchereria_bancrofti_prjeb536,True
WBA_0000244701,wuchereria_bancrofti_prjeb536,True
WBA_0000244801,wuchereria_bancrofti_prjeb536,False
WBA_0000244901,wuchereria_bancrofti_prjeb536,True
WBA_0000245001,wuchereria_bancrofti_prjeb536,True
WBA_0000245101,wuchereria_bancrofti_prjeb536,True
WBA_0000245201,wuchereria_bancrofti_prjeb536,True
WBA_0000245301,wuchereria_bancrofti_prjeb536,True
WBA_0000245401,wuchereria_bancrofti_prjeb536,True
WBA_0000245501,wuchereria_bancrofti_prjeb536,True
WBA_0000245601,wuchereria_bancrofti_prjeb536,True
WBA_0000245701,wuchereria_bancrofti_prjeb536,True
WBA_0000245801,wuchereria_bancrofti_prjeb536,True
WBA_0000245901,wuchereria_bancrofti_prjeb536,True
WBA_0000246001,wuchereria_bancrofti_prjeb536,True
WBA_0000246101,wuchereria_bancrofti_prjeb536,True
WBA_0000246201,wuchereria_bancrofti_prjeb536,True
WBA_0000246301,wuchereria_bancrofti_prjeb536,True
WBA_0000246401,wuchereria_bancrofti_prjeb536,True
WBA_0000246501,wuchereria_bancrofti_prjeb536,False
WBA_0000246601,wuchereria_bancrofti_prjeb536,True
WBA_0000246701,wuchereria_bancrofti_prjeb536,True
WBA_0000246801,wuchereria_bancrofti_prjeb536,True
WBA_0000246901,wuchereria_bancrofti_prjeb536,True
WBA_0000247001,wuchereria_bancrofti_prjeb536,True
WBA_0000247101,wuchereria_bancrofti_prjeb536,True
WBA_0000247201,wuchereria_bancrofti_prjeb536,False
WBA_0000247301,wuchereria_bancrofti_prjeb536,True
WBA_0000247401,wuchereria_bancrofti_prjeb536,True
WBA_0000247501,wuchereria_bancrofti_prjeb536,True
WBA_0000247601,wuchereria_bancrofti_prjeb536,True
WBA_0000247701,wuchereria_bancrofti_prjeb536,True
WBA_0000247801,wuchereria_bancrofti_prjeb536,True
WBA_0000247901,wuchereria_bancrofti_prjeb536,True
WBA_0000248001,wuchereria_bancrofti_prjeb536,True
WBA_0000248101,wuchereria_bancrofti_prjeb536,True
WBA_0000248201,wuchereria_bancrofti_prjeb536,True
WBA_0000248301,wuchereria_bancrofti_prjeb536,True
WBA_0000248401,wuchereria_bancrofti_prjeb536,False
WBA_0000248501,wuchereria_bancrofti_prjeb536,True
WBA_0000248601,wuchereria_bancrofti_prjeb536,True
WBA_0000248701,wuchereria_bancrofti_prjeb536,True
WBA_0000248801,wuchereria_bancrofti_prjeb536,True
WBA_0000248901,wuchereria_bancrofti_prjeb536,False
WBA_0000249001,wuchereria_bancrofti_prjeb536,True
WBA_0000249101,wuchereria_bancrofti_prjeb536,False
WBA_0000249201,wuchereria_bancrofti_prjeb536,True
WBA_0000249301,wuchereria_bancrofti_prjeb536,False
WBA_0000249401,wuchereria_bancrofti_prjeb536,False
WBA_0000249501,wuchereria_bancrofti_prjeb536,True
WBA_0000249601,wuchereria_bancrofti_prjeb536,False
WBA_0000249701,wuchereria_bancrofti_prjeb536,False
WBA_0000249801,wuchereria_bancrofti_prjeb536,False
WBA_0000249901,wuchereria_bancrofti_prjeb536,True
WBA_0000250001,wuchereria_bancrofti_prjeb536,True
WBA_0000250101,wuchereria_bancrofti_prjeb536,True
WBA_0000250201,wuchereria_bancrofti_prjeb536,True
WBA_0000250301,wuchereria_bancrofti_prjeb536,False
WBA_0000250401,wuchereria_bancrofti_prjeb536,False
WBA_0000250501,wuchereria_bancrofti_prjeb536,True
WBA_0000250601,wuchereria_bancrofti_prjeb536,True
WBA_0000250701,wuchereria_bancrofti_prjeb536,True
WBA_0000250801,wuchereria_bancrofti_prjeb536,True
WBA_0000250901,wuchereria_bancrofti_prjeb536,False
WBA_0000251001,wuchereria_bancrofti_prjeb536,True
WBA_0000251101,wuchereria_bancrofti_prjeb536,True
WBA_0000251201,wuchereria_bancrofti_prjeb536,True
WBA_0000251301,wuchereria_bancrofti_prjeb536,False
WBA_0000251401,wuchereria_bancrofti_prjeb536,True
WBA_0000251501,wuchereria_bancrofti_prjeb536,False
WBA_0000251601,wuchereria_bancrofti_prjeb536,True
WBA_0000251701,wuchereria_bancrofti_prjeb536,True
WBA_0000251801,wuchereria_bancrofti_prjeb536,True
WBA_0000251901,wuchereria_bancrofti_prjeb536,True
WBA_0000252001,wuchereria_bancrofti_prjeb536,True
WBA_0000252101,wuchereria_bancrofti_prjeb536,True
WBA_0000252201,wuchereria_bancrofti_prjeb536,True
WBA_0000252301,wuchereria_bancrofti_prjeb536,True
WBA_0000252401,wuchereria_bancrofti_prjeb536,True
WBA_0000252501,wuchereria_bancrofti_prjeb536,True
WBA_0000252601,wuchereria_bancrofti_prjeb536,True
WBA_0000252701,wuchereria_bancrofti_prjeb536,True
WBA_0000252801,wuchereria_bancrofti_prjeb536,True
WBA_0000252901,wuchereria_bancrofti_prjeb536,True
WBA_0000253001,wuchereria_bancrofti_prjeb536,True
WBA_0000253101,wuchereria_bancrofti_prjeb536,True
WBA_0000253201,wuchereria_bancrofti_prjeb536,True
WBA_0000253301,wuchereria_bancrofti_prjeb536,True
WBA_0000253401,wuchereria_bancrofti_prjeb536,True
WBA_0000253501,wuchereria_bancrofti_prjeb536,False
WBA_0000253601,wuchereria_bancrofti_prjeb536,True
WBA_0000253701,wuchereria_bancrofti_prjeb536,True
WBA_0000253801,wuchereria_bancrofti_prjeb536,True
WBA_0000253901,wuchereria_bancrofti_prjeb536,True
WBA_0000254001,wuchereria_bancrofti_prjeb536,True
WBA_0000254101,wuchereria_bancrofti_prjeb536,True
WBA_0000254201,wuchereria_bancrofti_prjeb536,False
WBA_0000254301,wuchereria_bancrofti_prjeb536,True
WBA_0000254401,wuchereria_bancrofti_prjeb536,True
WBA_0000254501,wuchereria_bancrofti_prjeb536,True
WBA_0000254601,wuchereria_bancrofti_prjeb536,True
WBA_0000254701,wuchereria_bancrofti_prjeb536,True
WBA_0000254801,wuchereria_bancrofti_prjeb536,True
WBA_0000254901,wuchereria_bancrofti_prjeb536,True
WBA_0000255001,wuchereria_bancrofti_prjeb536,True
WBA_0000255101,wuchereria_bancrofti_prjeb536,True
WBA_0000255201,wuchereria_bancrofti_prjeb536,True
WBA_0000255301,wuchereria_bancrofti_prjeb536,True
WBA_0000255401,wuchereria_bancrofti_prjeb536,True
WBA_0000255501,wuchereria_bancrofti_prjeb536,True
WBA_0000255601,wuchereria_bancrofti_prjeb536,True
WBA_0000255701,wuchereria_bancrofti_prjeb536,True
WBA_0000255801,wuchereria_bancrofti_prjeb536,True
WBA_0000255901,wuchereria_bancrofti_prjeb536,True
WBA_0000256001,wuchereria_bancrofti_prjeb536,True
WBA_0000256101,wuchereria_bancrofti_prjeb536,True
WBA_0000256201,wuchereria_bancrofti_prjeb536,True
WBA_0000256301,wuchereria_bancrofti_prjeb536,True
WBA_0000256401,wuchereria_bancrofti_prjeb536,True
WBA_0000256501,wuchereria_bancrofti_prjeb536,True
WBA_0000256601,wuchereria_bancrofti_prjeb536,False
WBA_0000256701,wuchereria_bancrofti_prjeb536,True
WBA_0000256801,wuchereria_bancrofti_prjeb536,True
WBA_0000256901,wuchereria_bancrofti_prjeb536,True
WBA_0000257001,wuchereria_bancrofti_prjeb536,True
WBA_0000257101,wuchereria_bancrofti_prjeb536,True
WBA_0000257201,wuchereria_bancrofti_prjeb536,True
WBA_0000257301,wuchereria_bancrofti_prjeb536,True
WBA_0000257401,wuchereria_bancrofti_prjeb536,True
WBA_0000257501,wuchereria_bancrofti_prjeb536,True
WBA_0000257601,wuchereria_bancrofti_prjeb536,True
WBA_0000257701,wuchereria_bancrofti_prjeb536,True
WBA_0000257801,wuchereria_bancrofti_prjeb536,False
WBA_0000257901,wuchereria_bancrofti_prjeb536,True
WBA_0000258001,wuchereria_bancrofti_prjeb536,True
WBA_0000258101,wuchereria_bancrofti_prjeb536,True
WBA_0000258201,wuchereria_bancrofti_prjeb536,False
WBA_0000258301,wuchereria_bancrofti_prjeb536,False
WBA_0000258401,wuchereria_bancrofti_prjeb536,True
WBA_0000258501,wuchereria_bancrofti_prjeb536,True
WBA_0000258601,wuchereria_bancrofti_prjeb536,True
WBA_0000258701,wuchereria_bancrofti_prjeb536,True
WBA_0000258801,wuchereria_bancrofti_prjeb536,True
WBA_0000258901,wuchereria_bancrofti_prjeb536,True
WBA_0000259001,wuchereria_bancrofti_prjeb536,True
WBA_0000259101,wuchereria_bancrofti_prjeb536,True
WBA_0000259201,wuchereria_bancrofti_prjeb536,False
WBA_0000259301,wuchereria_bancrofti_prjeb536,True
WBA_0000259401,wuchereria_bancrofti_prjeb536,True
WBA_0000259501,wuchereria_bancrofti_prjeb536,True
WBA_0000259601,wuchereria_bancrofti_prjeb536,True
WBA_0000259701,wuchereria_bancrofti_prjeb536,False
WBA_0000259801,wuchereria_bancrofti_prjeb536,True
WBA_0000259901,wuchereria_bancrofti_prjeb536,True
WBA_0000260001,wuchereria_bancrofti_prjeb536,True
WBA_0000260101,wuchereria_bancrofti_prjeb536,False
WBA_0000260201,wuchereria_bancrofti_prjeb536,True
WBA_0000260301,wuchereria_bancrofti_prjeb536,True
WBA_0000260401,wuchereria_bancrofti_prjeb536,True
WBA_0000260501,wuchereria_bancrofti_prjeb536,True
WBA_0000260601,wuchereria_bancrofti_prjeb536,True
WBA_0000260701,wuchereria_bancrofti_prjeb536,True
WBA_0000260801,wuchereria_bancrofti_prjeb536,True
WBA_0000260901,wuchereria_bancrofti_prjeb536,True
WBA_0000261001,wuchereria_bancrofti_prjeb536,False
WBA_0000261101,wuchereria_bancrofti_prjeb536,True
WBA_0000261201,wuchereria_bancrofti_prjeb536,True
WBA_0000261301,wuchereria_bancrofti_prjeb536,True
WBA_0000261401,wuchereria_bancrofti_prjeb536,True
WBA_0000261501,wuchereria_bancrofti_prjeb536,True
WBA_0000261601,wuchereria_bancrofti_prjeb536,True
WBA_0000261701,wuchereria_bancrofti_prjeb536,True
WBA_0000261801,wuchereria_bancrofti_prjeb536,True
WBA_0000261901,wuchereria_bancrofti_prjeb536,False
WBA_0000262001,wuchereria_bancrofti_prjeb536,True
WBA_0000262101,wuchereria_bancrofti_prjeb536,True
WBA_0000262201,wuchereria_bancrofti_prjeb536,True
WBA_0000262301,wuchereria_bancrofti_prjeb536,False
WBA_0000262401,wuchereria_bancrofti_prjeb536,True
WBA_0000262501,wuchereria_bancrofti_prjeb536,True
WBA_0000262601,wuchereria_bancrofti_prjeb536,True
WBA_0000262701,wuchereria_bancrofti_prjeb536,True
WBA_0000262801,wuchereria_bancrofti_prjeb536,True
WBA_0000262901,wuchereria_bancrofti_prjeb536,True
WBA_0000263001,wuchereria_bancrofti_prjeb536,True
WBA_0000263101,wuchereria_bancrofti_prjeb536,True
WBA_0000263201,wuchereria_bancrofti_prjeb536,True
WBA_0000263301,wuchereria_bancrofti_prjeb536,True
WBA_0000263401,wuchereria_bancrofti_prjeb536,True
WBA_0000263501,wuchereria_bancrofti_prjeb536,True
WBA_0000263601,wuchereria_bancrofti_prjeb536,True
WBA_0000263701,wuchereria_bancrofti_prjeb536,True
WBA_0000263801,wuchereria_bancrofti_prjeb536,True
WBA_0000263901,wuchereria_bancrofti_prjeb536,True
WBA_0000264001,wuchereria_bancrofti_prjeb536,True
WBA_0000264101,wuchereria_bancrofti_prjeb536,True
WBA_0000264201,wuchereria_bancrofti_prjeb536,True
WBA_0000264301,wuchereria_bancrofti_prjeb536,True
WBA_0000264401,wuchereria_bancrofti_prjeb536,True
WBA_0000264501,wuchereria_bancrofti_prjeb536,True
WBA_0000264601,wuchereria_bancrofti_prjeb536,True
WBA_0000264701,wuchereria_bancrofti_prjeb536,True
WBA_0000264801,wuchereria_bancrofti_prjeb536,False
WBA_0000264901,wuchereria_bancrofti_prjeb536,True
WBA_0000265001,wuchereria_bancrofti_prjeb536,True
WBA_0000265101,wuchereria_bancrofti_prjeb536,True
WBA_0000265201,wuchereria_bancrofti_prjeb536,True
WBA_0000265301,wuchereria_bancrofti_prjeb536,True
WBA_0000265401,wuchereria_bancrofti_prjeb536,True
WBA_0000265501,wuchereria_bancrofti_prjeb536,True
WBA_0000265601,wuchereria_bancrofti_prjeb536,True
WBA_0000265701,wuchereria_bancrofti_prjeb536,True
WBA_0000265801,wuchereria_bancrofti_prjeb536,True
WBA_0000265901,wuchereria_bancrofti_prjeb536,False
WBA_0000266001,wuchereria_bancrofti_prjeb536,True
WBA_0000266101,wuchereria_bancrofti_prjeb536,True
WBA_0000266201,wuchereria_bancrofti_prjeb536,True
WBA_0000266301,wuchereria_bancrofti_prjeb536,True
WBA_0000266401,wuchereria_bancrofti_prjeb536,True
WBA_0000266501,wuchereria_bancrofti_prjeb536,True
WBA_0000266601,wuchereria_bancrofti_prjeb536,True
WBA_0000266701,wuchereria_bancrofti_prjeb536,True
WBA_0000266801,wuchereria_bancrofti_prjeb536,False
WBA_0000266901,wuchereria_bancrofti_prjeb536,True
WBA_0000267001,wuchereria_bancrofti_prjeb536,True
WBA_0000267101,wuchereria_bancrofti_prjeb536,False
WBA_0000267201,wuchereria_bancrofti_prjeb536,True
WBA_0000267301,wuchereria_bancrofti_prjeb536,False
WBA_0000267401,wuchereria_bancrofti_prjeb536,True
WBA_0000267501,wuchereria_bancrofti_prjeb536,True
WBA_0000267601,wuchereria_bancrofti_prjeb536,True
WBA_0000267701,wuchereria_bancrofti_prjeb536,True
WBA_0000267801,wuchereria_bancrofti_prjeb536,True
WBA_0000267901,wuchereria_bancrofti_prjeb536,True
WBA_0000268001,wuchereria_bancrofti_prjeb536,True
WBA_0000268101,wuchereria_bancrofti_prjeb536,True
WBA_0000268201,wuchereria_bancrofti_prjeb536,True
WBA_0000268301,wuchereria_bancrofti_prjeb536,True
WBA_0000268401,wuchereria_bancrofti_prjeb536,True
WBA_0000268501,wuchereria_bancrofti_prjeb536,True
WBA_0000268601,wuchereria_bancrofti_prjeb536,True
WBA_0000268701,wuchereria_bancrofti_prjeb536,True
WBA_0000268801,wuchereria_bancrofti_prjeb536,True
WBA_0000268901,wuchereria_bancrofti_prjeb536,True
WBA_0000269001,wuchereria_bancrofti_prjeb536,True
WBA_0000269101,wuchereria_bancrofti_prjeb536,True
WBA_0000269201,wuchereria_bancrofti_prjeb536,True
WBA_0000269301,wuchereria_bancrofti_prjeb536,True
WBA_0000269401,wuchereria_bancrofti_prjeb536,True
WBA_0000269501,wuchereria_bancrofti_prjeb536,True
WBA_0000269601,wuchereria_bancrofti_prjeb536,True
WBA_0000269701,wuchereria_bancrofti_prjeb536,True
WBA_0000269801,wuchereria_bancrofti_prjeb536,True
WBA_0000269901,wuchereria_bancrofti_prjeb536,True
WBA_0000270001,wuchereria_bancrofti_prjeb536,True
WBA_0000270101,wuchereria_bancrofti_prjeb536,False
WBA_0000270201,wuchereria_bancrofti_prjeb536,True
WBA_0000270301,wuchereria_bancrofti_prjeb536,True
WBA_0000270401,wuchereria_bancrofti_prjeb536,True
WBA_0000270501,wuchereria_bancrofti_prjeb536,True
WBA_0000270601,wuchereria_bancrofti_prjeb536,True
WBA_0000270701,wuchereria_bancrofti_prjeb536,True
WBA_0000270801,wuchereria_bancrofti_prjeb536,True
WBA_0000270901,wuchereria_bancrofti_prjeb536,True
WBA_0000271001,wuchereria_bancrofti_prjeb536,True
WBA_0000271101,wuchereria_bancrofti_prjeb536,True
WBA_0000271201,wuchereria_bancrofti_prjeb536,True
WBA_0000271301,wuchereria_bancrofti_prjeb536,True
WBA_0000271401,wuchereria_bancrofti_prjeb536,True
WBA_0000271501,wuchereria_bancrofti_prjeb536,True
WBA_0000271601,wuchereria_bancrofti_prjeb536,True
WBA_0000271701,wuchereria_bancrofti_prjeb536,True
WBA_0000271801,wuchereria_bancrofti_prjeb536,True
WBA_0000271901,wuchereria_bancrofti_prjeb536,True
WBA_0000272001,wuchereria_bancrofti_prjeb536,True
WBA_0000272101,wuchereria_bancrofti_prjeb536,True
WBA_0000272201,wuchereria_bancrofti_prjeb536,True
WBA_0000272301,wuchereria_bancrofti_prjeb536,False
WBA_0000272401,wuchereria_bancrofti_prjeb536,False
WBA_0000272501,wuchereria_bancrofti_prjeb536,True
WBA_0000272601,wuchereria_bancrofti_prjeb536,True
WBA_0000272701,wuchereria_bancrofti_prjeb536,True
WBA_0000272801,wuchereria_bancrofti_prjeb536,False
WBA_0000272901,wuchereria_bancrofti_prjeb536,True
WBA_0000273001,wuchereria_bancrofti_prjeb536,False
WBA_0000273101,wuchereria_bancrofti_prjeb536,True
WBA_0000273201,wuchereria_bancrofti_prjeb536,True
WBA_0000273301,wuchereria_bancrofti_prjeb536,True
WBA_0000273401,wuchereria_bancrofti_prjeb536,True
WBA_0000273501,wuchereria_bancrofti_prjeb536,True
WBA_0000273601,wuchereria_bancrofti_prjeb536,True
WBA_0000273701,wuchereria_bancrofti_prjeb536,True
WBA_0000273801,wuchereria_bancrofti_prjeb536,True
WBA_0000273901,wuchereria_bancrofti_prjeb536,True
WBA_0000274001,wuchereria_bancrofti_prjeb536,True
WBA_0000274101,wuchereria_bancrofti_prjeb536,True
WBA_0000274201,wuchereria_bancrofti_prjeb536,False
WBA_0000274301,wuchereria_bancrofti_prjeb536,False
WBA_0000274501,wuchereria_bancrofti_prjeb536,True
WBA_0000274601,wuchereria_bancrofti_prjeb536,True
WBA_0000274701,wuchereria_bancrofti_prjeb536,True
WBA_0000274801,wuchereria_bancrofti_prjeb536,True
WBA_0000274901,wuchereria_bancrofti_prjeb536,True
WBA_0000275001,wuchereria_bancrofti_prjeb536,True
WBA_0000275101,wuchereria_bancrofti_prjeb536,True
WBA_0000275201,wuchereria_bancrofti_prjeb536,True
WBA_0000275301,wuchereria_bancrofti_prjeb536,True
WBA_0000275401,wuchereria_bancrofti_prjeb536,True
WBA_0000275501,wuchereria_bancrofti_prjeb536,True
WBA_0000275601,wuchereria_bancrofti_prjeb536,True
WBA_0000275701,wuchereria_bancrofti_prjeb536,True
WBA_0000275801,wuchereria_bancrofti_prjeb536,False
WBA_0000275901,wuchereria_bancrofti_prjeb536,True
WBA_0000276001,wuchereria_bancrofti_prjeb536,True
WBA_0000276101,wuchereria_bancrofti_prjeb536,True
WBA_0000276201,wuchereria_bancrofti_prjeb536,True
WBA_0000276301,wuchereria_bancrofti_prjeb536,True
WBA_0000276401,wuchereria_bancrofti_prjeb536,True
WBA_0000276501,wuchereria_bancrofti_prjeb536,True
WBA_0000276601,wuchereria_bancrofti_prjeb536,True
WBA_0000276701,wuchereria_bancrofti_prjeb536,True
WBA_0000276801,wuchereria_bancrofti_prjeb536,True
WBA_0000276901,wuchereria_bancrofti_prjeb536,True
WBA_0000277001,wuchereria_bancrofti_prjeb536,True
WBA_0000277101,wuchereria_bancrofti_prjeb536,True
WBA_0000277201,wuchereria_bancrofti_prjeb536,True
WBA_0000277301,wuchereria_bancrofti_prjeb536,False
WBA_0000277401,wuchereria_bancrofti_prjeb536,True
WBA_0000277501,wuchereria_bancrofti_prjeb536,True
WBA_0000277601,wuchereria_bancrofti_prjeb536,True
WBA_0000277701,wuchereria_bancrofti_prjeb536,True
WBA_0000277801,wuchereria_bancrofti_prjeb536,True
WBA_0000277901,wuchereria_bancrofti_prjeb536,True
WBA_0000278001,wuchereria_bancrofti_prjeb536,True
WBA_0000278101,wuchereria_bancrofti_prjeb536,True
WBA_0000278201,wuchereria_bancrofti_prjeb536,False
WBA_0000278301,wuchereria_bancrofti_prjeb536,True
WBA_0000278401,wuchereria_bancrofti_prjeb536,False
WBA_0000278501,wuchereria_bancrofti_prjeb536,True
WBA_0000278601,wuchereria_bancrofti_prjeb536,True
WBA_0000278701,wuchereria_bancrofti_prjeb536,True
WBA_0000278801,wuchereria_bancrofti_prjeb536,True
WBA_0000278901,wuchereria_bancrofti_prjeb536,False
WBA_0000279001,wuchereria_bancrofti_prjeb536,False
WBA_0000279101,wuchereria_bancrofti_prjeb536,False
WBA_0000279201,wuchereria_bancrofti_prjeb536,True
WBA_0000279301,wuchereria_bancrofti_prjeb536,True
WBA_0000279401,wuchereria_bancrofti_prjeb536,False
WBA_0000279501,wuchereria_bancrofti_prjeb536,True
WBA_0000279601,wuchereria_bancrofti_prjeb536,True
WBA_0000279701,wuchereria_bancrofti_prjeb536,False
WBA_0000279801,wuchereria_bancrofti_prjeb536,True
WBA_0000279901,wuchereria_bancrofti_prjeb536,True
WBA_0000280001,wuchereria_bancrofti_prjeb536,True
WBA_0000280101,wuchereria_bancrofti_prjeb536,True
WBA_0000280201,wuchereria_bancrofti_prjeb536,True
WBA_0000280301,wuchereria_bancrofti_prjeb536,True
WBA_0000280401,wuchereria_bancrofti_prjeb536,True
WBA_0000280501,wuchereria_bancrofti_prjeb536,True
WBA_0000280601,wuchereria_bancrofti_prjeb536,False
WBA_0000280701,wuchereria_bancrofti_prjeb536,False
WBA_0000280801,wuchereria_bancrofti_prjeb536,True
WBA_0000280901,wuchereria_bancrofti_prjeb536,True
WBA_0000281001,wuchereria_bancrofti_prjeb536,True
WBA_0000281101,wuchereria_bancrofti_prjeb536,True
WBA_0000281201,wuchereria_bancrofti_prjeb536,True
WBA_0000281301,wuchereria_bancrofti_prjeb536,True
WBA_0000281401,wuchereria_bancrofti_prjeb536,True
WBA_0000281501,wuchereria_bancrofti_prjeb536,True
WBA_0000281601,wuchereria_bancrofti_prjeb536,True
WBA_0000281701,wuchereria_bancrofti_prjeb536,True
WBA_0000281801,wuchereria_bancrofti_prjeb536,True
WBA_0000281901,wuchereria_bancrofti_prjeb536,True
WBA_0000282001,wuchereria_bancrofti_prjeb536,False
WBA_0000282101,wuchereria_bancrofti_prjeb536,True
WBA_0000282201,wuchereria_bancrofti_prjeb536,True
WBA_0000282301,wuchereria_bancrofti_prjeb536,True
WBA_0000282401,wuchereria_bancrofti_prjeb536,True
WBA_0000282501,wuchereria_bancrofti_prjeb536,False
WBA_0000282601,wuchereria_bancrofti_prjeb536,False
WBA_0000282701,wuchereria_bancrofti_prjeb536,True
WBA_0000282801,wuchereria_bancrofti_prjeb536,True
WBA_0000282901,wuchereria_bancrofti_prjeb536,True
WBA_0000283001,wuchereria_bancrofti_prjeb536,False
WBA_0000283101,wuchereria_bancrofti_prjeb536,True
WBA_0000283201,wuchereria_bancrofti_prjeb536,True
WBA_0000283301,wuchereria_bancrofti_prjeb536,True
WBA_0000283401,wuchereria_bancrofti_prjeb536,True
WBA_0000283501,wuchereria_bancrofti_prjeb536,True
WBA_0000283601,wuchereria_bancrofti_prjeb536,True
WBA_0000283701,wuchereria_bancrofti_prjeb536,True
WBA_0000283801,wuchereria_bancrofti_prjeb536,True
WBA_0000283901,wuchereria_bancrofti_prjeb536,True
WBA_0000284001,wuchereria_bancrofti_prjeb536,True
WBA_0000284101,wuchereria_bancrofti_prjeb536,True
WBA_0000284201,wuchereria_bancrofti_prjeb536,True
WBA_0000284301,wuchereria_bancrofti_prjeb536,True
WBA_0000284401,wuchereria_bancrofti_prjeb536,True
WBA_0000284501,wuchereria_bancrofti_prjeb536,True
WBA_0000284601,wuchereria_bancrofti_prjeb536,True
WBA_0000284701,wuchereria_bancrofti_prjeb536,True
WBA_0000284801,wuchereria_bancrofti_prjeb536,True
WBA_0000284901,wuchereria_bancrofti_prjeb536,False
WBA_0000285001,wuchereria_bancrofti_prjeb536,True
WBA_0000285101,wuchereria_bancrofti_prjeb536,True
WBA_0000285201,wuchereria_bancrofti_prjeb536,True
WBA_0000285301,wuchereria_bancrofti_prjeb536,True
WBA_0000285401,wuchereria_bancrofti_prjeb536,True
WBA_0000285501,wuchereria_bancrofti_prjeb536,True
WBA_0000285601,wuchereria_bancrofti_prjeb536,True
WBA_0000285701,wuchereria_bancrofti_prjeb536,True
WBA_0000285801,wuchereria_bancrofti_prjeb536,True
WBA_0000285901,wuchereria_bancrofti_prjeb536,True
WBA_0000286001,wuchereria_bancrofti_prjeb536,True
WBA_0000286101,wuchereria_bancrofti_prjeb536,True
WBA_0000286201,wuchereria_bancrofti_prjeb536,False
WBA_0000286301,wuchereria_bancrofti_prjeb536,False
WBA_0000286401,wuchereria_bancrofti_prjeb536,True
WBA_0000286501,wuchereria_bancrofti_prjeb536,True
WBA_0000286601,wuchereria_bancrofti_prjeb536,True
WBA_0000286701,wuchereria_bancrofti_prjeb536,True
WBA_0000286801,wuchereria_bancrofti_prjeb536,True
WBA_0000286901,wuchereria_bancrofti_prjeb536,True
WBA_0000287001,wuchereria_bancrofti_prjeb536,True
WBA_0000287101,wuchereria_bancrofti_prjeb536,True
WBA_0000287201,wuchereria_bancrofti_prjeb536,True
WBA_0000287301,wuchereria_bancrofti_prjeb536,True
WBA_0000287401,wuchereria_bancrofti_prjeb536,True
WBA_0000287501,wuchereria_bancrofti_prjeb536,False
WBA_0000287601,wuchereria_bancrofti_prjeb536,True
WBA_0000287701,wuchereria_bancrofti_prjeb536,True
WBA_0000287801,wuchereria_bancrofti_prjeb536,True
WBA_0000287901,wuchereria_bancrofti_prjeb536,False
WBA_0000288001,wuchereria_bancrofti_prjeb536,True
WBA_0000288101,wuchereria_bancrofti_prjeb536,True
WBA_0000288201,wuchereria_bancrofti_prjeb536,True
WBA_0000288301,wuchereria_bancrofti_prjeb536,True
WBA_0000288401,wuchereria_bancrofti_prjeb536,True
WBA_0000288501,wuchereria_bancrofti_prjeb536,False
WBA_0000288601,wuchereria_bancrofti_prjeb536,True
WBA_0000288701,wuchereria_bancrofti_prjeb536,False
WBA_0000288801,wuchereria_bancrofti_prjeb536,True
WBA_0000288901,wuchereria_bancrofti_prjeb536,True
WBA_0000289001,wuchereria_bancrofti_prjeb536,True
WBA_0000289101,wuchereria_bancrofti_prjeb536,True
WBA_0000289201,wuchereria_bancrofti_prjeb536,True
WBA_0000289301,wuchereria_bancrofti_prjeb536,True
WBA_0000289401,wuchereria_bancrofti_prjeb536,True
WBA_0000289501,wuchereria_bancrofti_prjeb536,False
WBA_0000289601,wuchereria_bancrofti_prjeb536,False
WBA_0000289701,wuchereria_bancrofti_prjeb536,True
WBA_0000289801,wuchereria_bancrofti_prjeb536,True
WBA_0000289901,wuchereria_bancrofti_prjeb536,True
WBA_0000290001,wuchereria_bancrofti_prjeb536,True
WBA_0000290101,wuchereria_bancrofti_prjeb536,True
WBA_0000290201,wuchereria_bancrofti_prjeb536,False
WBA_0000290301,wuchereria_bancrofti_prjeb536,False
WBA_0000290401,wuchereria_bancrofti_prjeb536,True
WBA_0000290501,wuchereria_bancrofti_prjeb536,True
WBA_0000290601,wuchereria_bancrofti_prjeb536,True
WBA_0000290701,wuchereria_bancrofti_prjeb536,True
WBA_0000290801,wuchereria_bancrofti_prjeb536,True
WBA_0000290901,wuchereria_bancrofti_prjeb536,True
WBA_0000291001,wuchereria_bancrofti_prjeb536,True
WBA_0000291101,wuchereria_bancrofti_prjeb536,True
WBA_0000291201,wuchereria_bancrofti_prjeb536,False
WBA_0000291301,wuchereria_bancrofti_prjeb536,True
WBA_0000291401,wuchereria_bancrofti_prjeb536,True
WBA_0000291501,wuchereria_bancrofti_prjeb536,True
WBA_0000291601,wuchereria_bancrofti_prjeb536,True
WBA_0000291701,wuchereria_bancrofti_prjeb536,True
WBA_0000291801,wuchereria_bancrofti_prjeb536,True
WBA_0000291901,wuchereria_bancrofti_prjeb536,True
WBA_0000292001,wuchereria_bancrofti_prjeb536,True
WBA_0000292101,wuchereria_bancrofti_prjeb536,True
WBA_0000292201,wuchereria_bancrofti_prjeb536,True
WBA_0000292301,wuchereria_bancrofti_prjeb536,True
WBA_0000292401,wuchereria_bancrofti_prjeb536,True
WBA_0000292501,wuchereria_bancrofti_prjeb536,True
WBA_0000292601,wuchereria_bancrofti_prjeb536,True
WBA_0000292701,wuchereria_bancrofti_prjeb536,True
WBA_0000292801,wuchereria_bancrofti_prjeb536,True
WBA_0000292901,wuchereria_bancrofti_prjeb536,True
WBA_0000293001,wuchereria_bancrofti_prjeb536,True
WBA_0000293101,wuchereria_bancrofti_prjeb536,True
WBA_0000293201,wuchereria_bancrofti_prjeb536,True
WBA_0000293301,wuchereria_bancrofti_prjeb536,True
WBA_0000293401,wuchereria_bancrofti_prjeb536,True
WBA_0000293501,wuchereria_bancrofti_prjeb536,True
WBA_0000293601,wuchereria_bancrofti_prjeb536,True
WBA_0000293701,wuchereria_bancrofti_prjeb536,True
WBA_0000293801,wuchereria_bancrofti_prjeb536,True
WBA_0000293901,wuchereria_bancrofti_prjeb536,True
WBA_0000294001,wuchereria_bancrofti_prjeb536,False
WBA_0000294101,wuchereria_bancrofti_prjeb536,True
WBA_0000294201,wuchereria_bancrofti_prjeb536,True
WBA_0000294301,wuchereria_bancrofti_prjeb536,True
WBA_0000294401,wuchereria_bancrofti_prjeb536,True
WBA_0000294501,wuchereria_bancrofti_prjeb536,True
WBA_0000294601,wuchereria_bancrofti_prjeb536,True
WBA_0000294701,wuchereria_bancrofti_prjeb536,True
WBA_0000294801,wuchereria_bancrofti_prjeb536,True
WBA_0000294901,wuchereria_bancrofti_prjeb536,True
WBA_0000295001,wuchereria_bancrofti_prjeb536,True
WBA_0000295101,wuchereria_bancrofti_prjeb536,True
WBA_0000295201,wuchereria_bancrofti_prjeb536,True
WBA_0000295301,wuchereria_bancrofti_prjeb536,True
WBA_0000295401,wuchereria_bancrofti_prjeb536,True
WBA_0000295501,wuchereria_bancrofti_prjeb536,True
WBA_0000295601,wuchereria_bancrofti_prjeb536,True
WBA_0000295701,wuchereria_bancrofti_prjeb536,True
WBA_0000295801,wuchereria_bancrofti_prjeb536,True
WBA_0000295901,wuchereria_bancrofti_prjeb536,True
WBA_0000296001,wuchereria_bancrofti_prjeb536,True
WBA_0000296101,wuchereria_bancrofti_prjeb536,True
WBA_0000296201,wuchereria_bancrofti_prjeb536,True
WBA_0000296301,wuchereria_bancrofti_prjeb536,True
WBA_0000296401,wuchereria_bancrofti_prjeb536,False
WBA_0000296501,wuchereria_bancrofti_prjeb536,True
WBA_0000296601,wuchereria_bancrofti_prjeb536,True
WBA_0000296701,wuchereria_bancrofti_prjeb536,True
WBA_0000296801,wuchereria_bancrofti_prjeb536,False
WBA_0000296901,wuchereria_bancrofti_prjeb536,True
WBA_0000297001,wuchereria_bancrofti_prjeb536,True
WBA_0000297101,wuchereria_bancrofti_prjeb536,True
WBA_0000297201,wuchereria_bancrofti_prjeb536,True
WBA_0000297301,wuchereria_bancrofti_prjeb536,False
WBA_0000297401,wuchereria_bancrofti_prjeb536,True
WBA_0000297501,wuchereria_bancrofti_prjeb536,True
WBA_0000297601,wuchereria_bancrofti_prjeb536,True
WBA_0000297701,wuchereria_bancrofti_prjeb536,True
WBA_0000297801,wuchereria_bancrofti_prjeb536,True
WBA_0000297901,wuchereria_bancrofti_prjeb536,True
WBA_0000298001,wuchereria_bancrofti_prjeb536,True
WBA_0000298101,wuchereria_bancrofti_prjeb536,True
WBA_0000298201,wuchereria_bancrofti_prjeb536,False
WBA_0000298301,wuchereria_bancrofti_prjeb536,True
WBA_0000298401,wuchereria_bancrofti_prjeb536,True
WBA_0000298501,wuchereria_bancrofti_prjeb536,True
WBA_0000298601,wuchereria_bancrofti_prjeb536,False
WBA_0000298701,wuchereria_bancrofti_prjeb536,True
WBA_0000298801,wuchereria_bancrofti_prjeb536,False
WBA_0000298901,wuchereria_bancrofti_prjeb536,True
WBA_0000299001,wuchereria_bancrofti_prjeb536,True
WBA_0000299101,wuchereria_bancrofti_prjeb536,True
WBA_0000299201,wuchereria_bancrofti_prjeb536,True
WBA_0000299301,wuchereria_bancrofti_prjeb536,True
WBA_0000299401,wuchereria_bancrofti_prjeb536,False
WBA_0000299501,wuchereria_bancrofti_prjeb536,True
WBA_0000299601,wuchereria_bancrofti_prjeb536,False
WBA_0000299701,wuchereria_bancrofti_prjeb536,True
WBA_0000299801,wuchereria_bancrofti_prjeb536,True
WBA_0000299901,wuchereria_bancrofti_prjeb536,True
WBA_0000300001,wuchereria_bancrofti_prjeb536,False
WBA_0000300101,wuchereria_bancrofti_prjeb536,True
WBA_0000300201,wuchereria_bancrofti_prjeb536,True
WBA_0000300301,wuchereria_bancrofti_prjeb536,True
WBA_0000300401,wuchereria_bancrofti_prjeb536,True
WBA_0000300501,wuchereria_bancrofti_prjeb536,True
WBA_0000300601,wuchereria_bancrofti_prjeb536,True
WBA_0000300701,wuchereria_bancrofti_prjeb536,True
WBA_0000300801,wuchereria_bancrofti_prjeb536,False
WBA_0000300901,wuchereria_bancrofti_prjeb536,True
WBA_0000301001,wuchereria_bancrofti_prjeb536,True
WBA_0000301101,wuchereria_bancrofti_prjeb536,True
WBA_0000301201,wuchereria_bancrofti_prjeb536,True
WBA_0000301301,wuchereria_bancrofti_prjeb536,False
WBA_0000301401,wuchereria_bancrofti_prjeb536,True
WBA_0000301501,wuchereria_bancrofti_prjeb536,True
WBA_0000301601,wuchereria_bancrofti_prjeb536,True
WBA_0000301701,wuchereria_bancrofti_prjeb536,True
WBA_0000301801,wuchereria_bancrofti_prjeb536,True
WBA_0000301901,wuchereria_bancrofti_prjeb536,False
WBA_0000302001,wuchereria_bancrofti_prjeb536,True
WBA_0000302101,wuchereria_bancrofti_prjeb536,False
WBA_0000302201,wuchereria_bancrofti_prjeb536,True
WBA_0000302301,wuchereria_bancrofti_prjeb536,True
WBA_0000302401,wuchereria_bancrofti_prjeb536,True
WBA_0000302501,wuchereria_bancrofti_prjeb536,True
WBA_0000302601,wuchereria_bancrofti_prjeb536,True
WBA_0000302701,wuchereria_bancrofti_prjeb536,True
WBA_0000302801,wuchereria_bancrofti_prjeb536,True
WBA_0000302901,wuchereria_bancrofti_prjeb536,True
WBA_0000303001,wuchereria_bancrofti_prjeb536,True
WBA_0000303101,wuchereria_bancrofti_prjeb536,True
WBA_0000303201,wuchereria_bancrofti_prjeb536,True
WBA_0000303301,wuchereria_bancrofti_prjeb536,True
WBA_0000303401,wuchereria_bancrofti_prjeb536,True
WBA_0000303501,wuchereria_bancrofti_prjeb536,True
WBA_0000303601,wuchereria_bancrofti_prjeb536,True
WBA_0000303701,wuchereria_bancrofti_prjeb536,True
WBA_0000303801,wuchereria_bancrofti_prjeb536,True
WBA_0000303901,wuchereria_bancrofti_prjeb536,True
WBA_0000304001,wuchereria_bancrofti_prjeb536,True
WBA_0000304101,wuchereria_bancrofti_prjeb536,True
WBA_0000304201,wuchereria_bancrofti_prjeb536,True
WBA_0000304301,wuchereria_bancrofti_prjeb536,True
WBA_0000304401,wuchereria_bancrofti_prjeb536,True
WBA_0000304501,wuchereria_bancrofti_prjeb536,False
WBA_0000304601,wuchereria_bancrofti_prjeb536,True
WBA_0000304701,wuchereria_bancrofti_prjeb536,False
WBA_0000304801,wuchereria_bancrofti_prjeb536,True
WBA_0000304901,wuchereria_bancrofti_prjeb536,True
WBA_0000305001,wuchereria_bancrofti_prjeb536,False
WBA_0000305101,wuchereria_bancrofti_prjeb536,True
WBA_0000305201,wuchereria_bancrofti_prjeb536,False
WBA_0000305301,wuchereria_bancrofti_prjeb536,True
WBA_0000305401,wuchereria_bancrofti_prjeb536,True
WBA_0000305501,wuchereria_bancrofti_prjeb536,True
WBA_0000305601,wuchereria_bancrofti_prjeb536,True
WBA_0000305701,wuchereria_bancrofti_prjeb536,True
WBA_0000305801,wuchereria_bancrofti_prjeb536,True
WBA_0000305901,wuchereria_bancrofti_prjeb536,True
WBA_0000306001,wuchereria_bancrofti_prjeb536,False
WBA_0000306101,wuchereria_bancrofti_prjeb536,False
WBA_0000306201,wuchereria_bancrofti_prjeb536,True
WBA_0000306301,wuchereria_bancrofti_prjeb536,True
WBA_0000306401,wuchereria_bancrofti_prjeb536,True
WBA_0000306501,wuchereria_bancrofti_prjeb536,True
WBA_0000306601,wuchereria_bancrofti_prjeb536,True
WBA_0000306701,wuchereria_bancrofti_prjeb536,True
WBA_0000306801,wuchereria_bancrofti_prjeb536,True
WBA_0000306901,wuchereria_bancrofti_prjeb536,True
WBA_0000307001,wuchereria_bancrofti_prjeb536,True
WBA_0000307101,wuchereria_bancrofti_prjeb536,True
WBA_0000307201,wuchereria_bancrofti_prjeb536,False
WBA_0000307301,wuchereria_bancrofti_prjeb536,True
WBA_0000307401,wuchereria_bancrofti_prjeb536,True
WBA_0000307501,wuchereria_bancrofti_prjeb536,True
WBA_0000307601,wuchereria_bancrofti_prjeb536,True
WBA_0000307701,wuchereria_bancrofti_prjeb536,True
WBA_0000307801,wuchereria_bancrofti_prjeb536,True
WBA_0000307901,wuchereria_bancrofti_prjeb536,True
WBA_0000308001,wuchereria_bancrofti_prjeb536,True
WBA_0000308101,wuchereria_bancrofti_prjeb536,True
WBA_0000308201,wuchereria_bancrofti_prjeb536,True
WBA_0000308301,wuchereria_bancrofti_prjeb536,True
WBA_0000308401,wuchereria_bancrofti_prjeb536,True
WBA_0000308501,wuchereria_bancrofti_prjeb536,True
WBA_0000308601,wuchereria_bancrofti_prjeb536,True
WBA_0000308701,wuchereria_bancrofti_prjeb536,True
WBA_0000308801,wuchereria_bancrofti_prjeb536,True
WBA_0000308901,wuchereria_bancrofti_prjeb536,True
WBA_0000309001,wuchereria_bancrofti_prjeb536,True
WBA_0000309101,wuchereria_bancrofti_prjeb536,True
WBA_0000309201,wuchereria_bancrofti_prjeb536,True
WBA_0000309301,wuchereria_bancrofti_prjeb536,False
WBA_0000309401,wuchereria_bancrofti_prjeb536,False
WBA_0000309501,wuchereria_bancrofti_prjeb536,True
WBA_0000309601,wuchereria_bancrofti_prjeb536,True
WBA_0000309701,wuchereria_bancrofti_prjeb536,True
WBA_0000309801,wuchereria_bancrofti_prjeb536,True
WBA_0000309901,wuchereria_bancrofti_prjeb536,True
WBA_0000310001,wuchereria_bancrofti_prjeb536,True
WBA_0000310101,wuchereria_bancrofti_prjeb536,True
WBA_0000310201,wuchereria_bancrofti_prjeb536,True
WBA_0000310301,wuchereria_bancrofti_prjeb536,True
WBA_0000310401,wuchereria_bancrofti_prjeb536,True
WBA_0000310501,wuchereria_bancrofti_prjeb536,True
WBA_0000310601,wuchereria_bancrofti_prjeb536,True
WBA_0000310701,wuchereria_bancrofti_prjeb536,True
WBA_0000310801,wuchereria_bancrofti_prjeb536,True
WBA_0000310901,wuchereria_bancrofti_prjeb536,True
WBA_0000311001,wuchereria_bancrofti_prjeb536,True
WBA_0000311101,wuchereria_bancrofti_prjeb536,True
WBA_0000311201,wuchereria_bancrofti_prjeb536,True
WBA_0000311301,wuchereria_bancrofti_prjeb536,True
WBA_0000311401,wuchereria_bancrofti_prjeb536,True
WBA_0000311501,wuchereria_bancrofti_prjeb536,True
WBA_0000311601,wuchereria_bancrofti_prjeb536,True
WBA_0000311701,wuchereria_bancrofti_prjeb536,True
WBA_0000311801,wuchereria_bancrofti_prjeb536,True
WBA_0000311901,wuchereria_bancrofti_prjeb536,True
WBA_0000312001,wuchereria_bancrofti_prjeb536,True
WBA_0000312101,wuchereria_bancrofti_prjeb536,True
WBA_0000312201,wuchereria_bancrofti_prjeb536,True
WBA_0000312301,wuchereria_bancrofti_prjeb536,True
WBA_0000312401,wuchereria_bancrofti_prjeb536,True
WBA_0000312501,wuchereria_bancrofti_prjeb536,True
WBA_0000312601,wuchereria_bancrofti_prjeb536,True
WBA_0000312701,wuchereria_bancrofti_prjeb536,False
WBA_0000312801,wuchereria_bancrofti_prjeb536,True
WBA_0000312901,wuchereria_bancrofti_prjeb536,False
WBA_0000313001,wuchereria_bancrofti_prjeb536,True
WBA_0000313101,wuchereria_bancrofti_prjeb536,True
WBA_0000313201,wuchereria_bancrofti_prjeb536,False
WBA_0000313301,wuchereria_bancrofti_prjeb536,True
WBA_0000313401,wuchereria_bancrofti_prjeb536,True
WBA_0000313501,wuchereria_bancrofti_prjeb536,False
WBA_0000313601,wuchereria_bancrofti_prjeb536,True
WBA_0000313701,wuchereria_bancrofti_prjeb536,True
WBA_0000313801,wuchereria_bancrofti_prjeb536,True
WBA_0000313901,wuchereria_bancrofti_prjeb536,True
WBA_0000314001,wuchereria_bancrofti_prjeb536,True
WBA_0000314101,wuchereria_bancrofti_prjeb536,True
WBA_0000314201,wuchereria_bancrofti_prjeb536,True
WBA_0000314301,wuchereria_bancrofti_prjeb536,True
WBA_0000314401,wuchereria_bancrofti_prjeb536,True
WBA_0000314501,wuchereria_bancrofti_prjeb536,False
WBA_0000314601,wuchereria_bancrofti_prjeb536,True
WBA_0000314701,wuchereria_bancrofti_prjeb536,True
WBA_0000314801,wuchereria_bancrofti_prjeb536,True
WBA_0000314901,wuchereria_bancrofti_prjeb536,False
WBA_0000315001,wuchereria_bancrofti_prjeb536,True
WBA_0000315101,wuchereria_bancrofti_prjeb536,True
WBA_0000315201,wuchereria_bancrofti_prjeb536,True
WBA_0000315301,wuchereria_bancrofti_prjeb536,True
WBA_0000315401,wuchereria_bancrofti_prjeb536,True
WBA_0000315501,wuchereria_bancrofti_prjeb536,True
WBA_0000315601,wuchereria_bancrofti_prjeb536,True
WBA_0000315701,wuchereria_bancrofti_prjeb536,False
WBA_0000315801,wuchereria_bancrofti_prjeb536,True
WBA_0000315901,wuchereria_bancrofti_prjeb536,False
WBA_0000316001,wuchereria_bancrofti_prjeb536,True
WBA_0000316101,wuchereria_bancrofti_prjeb536,True
WBA_0000316201,wuchereria_bancrofti_prjeb536,True
WBA_0000316301,wuchereria_bancrofti_prjeb536,False
WBA_0000316401,wuchereria_bancrofti_prjeb536,True
WBA_0000316501,wuchereria_bancrofti_prjeb536,False
WBA_0000316601,wuchereria_bancrofti_prjeb536,True
WBA_0000316701,wuchereria_bancrofti_prjeb536,True
WBA_0000316801,wuchereria_bancrofti_prjeb536,True
WBA_0000316901,wuchereria_bancrofti_prjeb536,True
WBA_0000317001,wuchereria_bancrofti_prjeb536,True
WBA_0000317101,wuchereria_bancrofti_prjeb536,True
WBA_0000317201,wuchereria_bancrofti_prjeb536,True
WBA_0000317301,wuchereria_bancrofti_prjeb536,True
WBA_0000317401,wuchereria_bancrofti_prjeb536,True
WBA_0000317501,wuchereria_bancrofti_prjeb536,True
WBA_0000317601,wuchereria_bancrofti_prjeb536,True
WBA_0000317701,wuchereria_bancrofti_prjeb536,True
WBA_0000317801,wuchereria_bancrofti_prjeb536,True
WBA_0000317901,wuchereria_bancrofti_prjeb536,False
WBA_0000318001,wuchereria_bancrofti_prjeb536,True
WBA_0000318101,wuchereria_bancrofti_prjeb536,True
WBA_0000318201,wuchereria_bancrofti_prjeb536,True
WBA_0000318301,wuchereria_bancrofti_prjeb536,False
WBA_0000318401,wuchereria_bancrofti_prjeb536,True
WBA_0000318501,wuchereria_bancrofti_prjeb536,True
WBA_0000318601,wuchereria_bancrofti_prjeb536,True
WBA_0000318701,wuchereria_bancrofti_prjeb536,True
WBA_0000318801,wuchereria_bancrofti_prjeb536,True
WBA_0000318901,wuchereria_bancrofti_prjeb536,True
WBA_0000319001,wuchereria_bancrofti_prjeb536,True
WBA_0000319101,wuchereria_bancrofti_prjeb536,True
WBA_0000319201,wuchereria_bancrofti_prjeb536,True
WBA_0000319301,wuchereria_bancrofti_prjeb536,True
WBA_0000319401,wuchereria_bancrofti_prjeb536,False
WBA_0000319501,wuchereria_bancrofti_prjeb536,True
WBA_0000319601,wuchereria_bancrofti_prjeb536,True
WBA_0000319701,wuchereria_bancrofti_prjeb536,True
WBA_0000319801,wuchereria_bancrofti_prjeb536,True
WBA_0000319901,wuchereria_bancrofti_prjeb536,False
WBA_0000320001,wuchereria_bancrofti_prjeb536,True
WBA_0000320101,wuchereria_bancrofti_prjeb536,False
WBA_0000320201,wuchereria_bancrofti_prjeb536,True
WBA_0000320301,wuchereria_bancrofti_prjeb536,True
WBA_0000320401,wuchereria_bancrofti_prjeb536,False
WBA_0000320501,wuchereria_bancrofti_prjeb536,True
WBA_0000320601,wuchereria_bancrofti_prjeb536,True
WBA_0000320701,wuchereria_bancrofti_prjeb536,True
WBA_0000320801,wuchereria_bancrofti_prjeb536,True
WBA_0000320901,wuchereria_bancrofti_prjeb536,True
WBA_0000321001,wuchereria_bancrofti_prjeb536,True
WBA_0000321101,wuchereria_bancrofti_prjeb536,True
WBA_0000321201,wuchereria_bancrofti_prjeb536,False
WBA_0000321301,wuchereria_bancrofti_prjeb536,False
WBA_0000321401,wuchereria_bancrofti_prjeb536,False
WBA_0000321501,wuchereria_bancrofti_prjeb536,True
WBA_0000321601,wuchereria_bancrofti_prjeb536,True
WBA_0000321701,wuchereria_bancrofti_prjeb536,True
WBA_0000321801,wuchereria_bancrofti_prjeb536,True
WBA_0000321901,wuchereria_bancrofti_prjeb536,True
WBA_0000322001,wuchereria_bancrofti_prjeb536,True
WBA_0000322101,wuchereria_bancrofti_prjeb536,True
WBA_0000322201,wuchereria_bancrofti_prjeb536,True
WBA_0000322301,wuchereria_bancrofti_prjeb536,True
WBA_0000322401,wuchereria_bancrofti_prjeb536,False
WBA_0000322501,wuchereria_bancrofti_prjeb536,True
WBA_0000322601,wuchereria_bancrofti_prjeb536,True
WBA_0000322701,wuchereria_bancrofti_prjeb536,True
WBA_0000322801,wuchereria_bancrofti_prjeb536,True
WBA_0000322901,wuchereria_bancrofti_prjeb536,True
WBA_0000323001,wuchereria_bancrofti_prjeb536,True
WBA_0000323101,wuchereria_bancrofti_prjeb536,True
WBA_0000323201,wuchereria_bancrofti_prjeb536,True
WBA_0000323301,wuchereria_bancrofti_prjeb536,False
WBA_0000323401,wuchereria_bancrofti_prjeb536,True
WBA_0000323501,wuchereria_bancrofti_prjeb536,True
WBA_0000323601,wuchereria_bancrofti_prjeb536,True
WBA_0000323701,wuchereria_bancrofti_prjeb536,True
WBA_0000323801,wuchereria_bancrofti_prjeb536,True
WBA_0000323901,wuchereria_bancrofti_prjeb536,True
WBA_0000324001,wuchereria_bancrofti_prjeb536,True
WBA_0000324101,wuchereria_bancrofti_prjeb536,True
WBA_0000324201,wuchereria_bancrofti_prjeb536,False
WBA_0000324301,wuchereria_bancrofti_prjeb536,True
WBA_0000324401,wuchereria_bancrofti_prjeb536,True
WBA_0000324501,wuchereria_bancrofti_prjeb536,True
WBA_0000324601,wuchereria_bancrofti_prjeb536,True
WBA_0000324701,wuchereria_bancrofti_prjeb536,True
WBA_0000324801,wuchereria_bancrofti_prjeb536,False
WBA_0000324901,wuchereria_bancrofti_prjeb536,True
WBA_0000325001,wuchereria_bancrofti_prjeb536,True
WBA_0000325101,wuchereria_bancrofti_prjeb536,True
WBA_0000325201,wuchereria_bancrofti_prjeb536,True
WBA_0000325301,wuchereria_bancrofti_prjeb536,True
WBA_0000325401,wuchereria_bancrofti_prjeb536,True
WBA_0000325501,wuchereria_bancrofti_prjeb536,True
WBA_0000325601,wuchereria_bancrofti_prjeb536,True
WBA_0000325701,wuchereria_bancrofti_prjeb536,True
WBA_0000325801,wuchereria_bancrofti_prjeb536,True
WBA_0000325901,wuchereria_bancrofti_prjeb536,True
WBA_0000326001,wuchereria_bancrofti_prjeb536,True
WBA_0000326101,wuchereria_bancrofti_prjeb536,True
WBA_0000326201,wuchereria_bancrofti_prjeb536,True
WBA_0000326301,wuchereria_bancrofti_prjeb536,True
WBA_0000326401,wuchereria_bancrofti_prjeb536,True
WBA_0000326501,wuchereria_bancrofti_prjeb536,True
WBA_0000326601,wuchereria_bancrofti_prjeb536,True
WBA_0000326701,wuchereria_bancrofti_prjeb536,True
WBA_0000326801,wuchereria_bancrofti_prjeb536,True
WBA_0000326901,wuchereria_bancrofti_prjeb536,True
WBA_0000327001,wuchereria_bancrofti_prjeb536,True
WBA_0000327101,wuchereria_bancrofti_prjeb536,True
WBA_0000327201,wuchereria_bancrofti_prjeb536,True
WBA_0000327301,wuchereria_bancrofti_prjeb536,True
WBA_0000327401,wuchereria_bancrofti_prjeb536,True
WBA_0000327501,wuchereria_bancrofti_prjeb536,True
WBA_0000327601,wuchereria_bancrofti_prjeb536,True
WBA_0000327701,wuchereria_bancrofti_prjeb536,True
WBA_0000327801,wuchereria_bancrofti_prjeb536,True
WBA_0000327901,wuchereria_bancrofti_prjeb536,True
WBA_0000328001,wuchereria_bancrofti_prjeb536,True
WBA_0000328101,wuchereria_bancrofti_prjeb536,True
WBA_0000328201,wuchereria_bancrofti_prjeb536,True
WBA_0000328301,wuchereria_bancrofti_prjeb536,True
WBA_0000328401,wuchereria_bancrofti_prjeb536,True
WBA_0000328501,wuchereria_bancrofti_prjeb536,True
WBA_0000328601,wuchereria_bancrofti_prjeb536,True
WBA_0000328701,wuchereria_bancrofti_prjeb536,True
WBA_0000328801,wuchereria_bancrofti_prjeb536,True
WBA_0000328901,wuchereria_bancrofti_prjeb536,True
WBA_0000329001,wuchereria_bancrofti_prjeb536,True
WBA_0000329101,wuchereria_bancrofti_prjeb536,True
WBA_0000329201,wuchereria_bancrofti_prjeb536,True
WBA_0000329301,wuchereria_bancrofti_prjeb536,True
WBA_0000329401,wuchereria_bancrofti_prjeb536,True
WBA_0000329501,wuchereria_bancrofti_prjeb536,False
WBA_0000329601,wuchereria_bancrofti_prjeb536,True
WBA_0000329701,wuchereria_bancrofti_prjeb536,True
WBA_0000329801,wuchereria_bancrofti_prjeb536,True
WBA_0000329901,wuchereria_bancrofti_prjeb536,True
WBA_0000330001,wuchereria_bancrofti_prjeb536,True
WBA_0000330101,wuchereria_bancrofti_prjeb536,True
WBA_0000330201,wuchereria_bancrofti_prjeb536,True
WBA_0000330301,wuchereria_bancrofti_prjeb536,True
WBA_0000330401,wuchereria_bancrofti_prjeb536,True
WBA_0000330501,wuchereria_bancrofti_prjeb536,True
WBA_0000330601,wuchereria_bancrofti_prjeb536,True
WBA_0000330701,wuchereria_bancrofti_prjeb536,True
WBA_0000330801,wuchereria_bancrofti_prjeb536,True
WBA_0000330901,wuchereria_bancrofti_prjeb536,True
WBA_0000331001,wuchereria_bancrofti_prjeb536,True
WBA_0000331101,wuchereria_bancrofti_prjeb536,False
WBA_0000331201,wuchereria_bancrofti_prjeb536,True
WBA_0000331301,wuchereria_bancrofti_prjeb536,True
WBA_0000331401,wuchereria_bancrofti_prjeb536,True
WBA_0000331501,wuchereria_bancrofti_prjeb536,True
WBA_0000331601,wuchereria_bancrofti_prjeb536,False
WBA_0000331701,wuchereria_bancrofti_prjeb536,True
WBA_0000331801,wuchereria_bancrofti_prjeb536,True
WBA_0000331901,wuchereria_bancrofti_prjeb536,True
WBA_0000332001,wuchereria_bancrofti_prjeb536,True
WBA_0000332101,wuchereria_bancrofti_prjeb536,True
WBA_0000332201,wuchereria_bancrofti_prjeb536,True
WBA_0000332301,wuchereria_bancrofti_prjeb536,True
WBA_0000332401,wuchereria_bancrofti_prjeb536,True
WBA_0000332501,wuchereria_bancrofti_prjeb536,True
WBA_0000332601,wuchereria_bancrofti_prjeb536,True
WBA_0000332701,wuchereria_bancrofti_prjeb536,True
WBA_0000332801,wuchereria_bancrofti_prjeb536,True
WBA_0000332901,wuchereria_bancrofti_prjeb536,False
WBA_0000333001,wuchereria_bancrofti_prjeb536,True
WBA_0000333101,wuchereria_bancrofti_prjeb536,False
WBA_0000333201,wuchereria_bancrofti_prjeb536,True
WBA_0000333301,wuchereria_bancrofti_prjeb536,True
WBA_0000333401,wuchereria_bancrofti_prjeb536,True
WBA_0000333501,wuchereria_bancrofti_prjeb536,True
WBA_0000333601,wuchereria_bancrofti_prjeb536,True
WBA_0000333701,wuchereria_bancrofti_prjeb536,True
WBA_0000333801,wuchereria_bancrofti_prjeb536,True
WBA_0000333901,wuchereria_bancrofti_prjeb536,True
WBA_0000334001,wuchereria_bancrofti_prjeb536,True
WBA_0000334101,wuchereria_bancrofti_prjeb536,True
WBA_0000334201,wuchereria_bancrofti_prjeb536,True
WBA_0000334301,wuchereria_bancrofti_prjeb536,False
WBA_0000334401,wuchereria_bancrofti_prjeb536,True
WBA_0000334501,wuchereria_bancrofti_prjeb536,True
WBA_0000334601,wuchereria_bancrofti_prjeb536,True
WBA_0000334701,wuchereria_bancrofti_prjeb536,True
WBA_0000334801,wuchereria_bancrofti_prjeb536,False
WBA_0000334901,wuchereria_bancrofti_prjeb536,False
WBA_0000335001,wuchereria_bancrofti_prjeb536,True
WBA_0000335101,wuchereria_bancrofti_prjeb536,True
WBA_0000335201,wuchereria_bancrofti_prjeb536,False
WBA_0000335301,wuchereria_bancrofti_prjeb536,True
WBA_0000335401,wuchereria_bancrofti_prjeb536,True
WBA_0000335501,wuchereria_bancrofti_prjeb536,True
WBA_0000335601,wuchereria_bancrofti_prjeb536,True
WBA_0000335701,wuchereria_bancrofti_prjeb536,True
WBA_0000335801,wuchereria_bancrofti_prjeb536,True
WBA_0000335901,wuchereria_bancrofti_prjeb536,True
WBA_0000336001,wuchereria_bancrofti_prjeb536,True
WBA_0000336101,wuchereria_bancrofti_prjeb536,True
WBA_0000336201,wuchereria_bancrofti_prjeb536,True
WBA_0000336301,wuchereria_bancrofti_prjeb536,False
WBA_0000336401,wuchereria_bancrofti_prjeb536,True
WBA_0000336501,wuchereria_bancrofti_prjeb536,True
WBA_0000336601,wuchereria_bancrofti_prjeb536,True
WBA_0000336701,wuchereria_bancrofti_prjeb536,True
WBA_0000336801,wuchereria_bancrofti_prjeb536,True
WBA_0000336901,wuchereria_bancrofti_prjeb536,True
WBA_0000337001,wuchereria_bancrofti_prjeb536,True
WBA_0000337101,wuchereria_bancrofti_prjeb536,False
WBA_0000337201,wuchereria_bancrofti_prjeb536,True
WBA_0000337301,wuchereria_bancrofti_prjeb536,True
WBA_0000337401,wuchereria_bancrofti_prjeb536,True
WBA_0000337501,wuchereria_bancrofti_prjeb536,True
WBA_0000337601,wuchereria_bancrofti_prjeb536,True
WBA_0000337701,wuchereria_bancrofti_prjeb536,True
WBA_0000337801,wuchereria_bancrofti_prjeb536,True
WBA_0000337901,wuchereria_bancrofti_prjeb536,False
WBA_0000338001,wuchereria_bancrofti_prjeb536,True
WBA_0000338101,wuchereria_bancrofti_prjeb536,True
WBA_0000338201,wuchereria_bancrofti_prjeb536,True
WBA_0000338301,wuchereria_bancrofti_prjeb536,True
WBA_0000338401,wuchereria_bancrofti_prjeb536,True
WBA_0000338501,wuchereria_bancrofti_prjeb536,True
WBA_0000338601,wuchereria_bancrofti_prjeb536,True
WBA_0000338701,wuchereria_bancrofti_prjeb536,True
WBA_0000338801,wuchereria_bancrofti_prjeb536,True
WBA_0000338901,wuchereria_bancrofti_prjeb536,True
WBA_0000339001,wuchereria_bancrofti_prjeb536,True
WBA_0000339101,wuchereria_bancrofti_prjeb536,True
WBA_0000339201,wuchereria_bancrofti_prjeb536,True
WBA_0000339301,wuchereria_bancrofti_prjeb536,True
WBA_0000339401,wuchereria_bancrofti_prjeb536,True
WBA_0000339501,wuchereria_bancrofti_prjeb536,True
WBA_0000339601,wuchereria_bancrofti_prjeb536,True
WBA_0000339701,wuchereria_bancrofti_prjeb536,True
WBA_0000339801,wuchereria_bancrofti_prjeb536,True
WBA_0000339901,wuchereria_bancrofti_prjeb536,True
WBA_0000340001,wuchereria_bancrofti_prjeb536,True
WBA_0000340101,wuchereria_bancrofti_prjeb536,True
WBA_0000340201,wuchereria_bancrofti_prjeb536,True
WBA_0000340301,wuchereria_bancrofti_prjeb536,True
WBA_0000340401,wuchereria_bancrofti_prjeb536,True
WBA_0000340501,wuchereria_bancrofti_prjeb536,True
WBA_0000340601,wuchereria_bancrofti_prjeb536,True
WBA_0000340701,wuchereria_bancrofti_prjeb536,False
WBA_0000340801,wuchereria_bancrofti_prjeb536,True
WBA_0000340901,wuchereria_bancrofti_prjeb536,True
WBA_0000341001,wuchereria_bancrofti_prjeb536,True
WBA_0000341101,wuchereria_bancrofti_prjeb536,True
WBA_0000341201,wuchereria_bancrofti_prjeb536,False
WBA_0000341301,wuchereria_bancrofti_prjeb536,True
WBA_0000341401,wuchereria_bancrofti_prjeb536,True
WBA_0000341501,wuchereria_bancrofti_prjeb536,False
WBA_0000341601,wuchereria_bancrofti_prjeb536,True
WBA_0000341701,wuchereria_bancrofti_prjeb536,False
WBA_0000341801,wuchereria_bancrofti_prjeb536,True
WBA_0000341901,wuchereria_bancrofti_prjeb536,True
WBA_0000342001,wuchereria_bancrofti_prjeb536,True
WBA_0000342101,wuchereria_bancrofti_prjeb536,True
WBA_0000342201,wuchereria_bancrofti_prjeb536,True
WBA_0000342301,wuchereria_bancrofti_prjeb536,True
WBA_0000342401,wuchereria_bancrofti_prjeb536,True
WBA_0000342501,wuchereria_bancrofti_prjeb536,True
WBA_0000342601,wuchereria_bancrofti_prjeb536,True
WBA_0000342701,wuchereria_bancrofti_prjeb536,True
WBA_0000342801,wuchereria_bancrofti_prjeb536,True
WBA_0000342901,wuchereria_bancrofti_prjeb536,True
WBA_0000343001,wuchereria_bancrofti_prjeb536,True
WBA_0000343101,wuchereria_bancrofti_prjeb536,True
WBA_0000343201,wuchereria_bancrofti_prjeb536,False
WBA_0000343301,wuchereria_bancrofti_prjeb536,True
WBA_0000343401,wuchereria_bancrofti_prjeb536,True
WBA_0000343501,wuchereria_bancrofti_prjeb536,True
WBA_0000343601,wuchereria_bancrofti_prjeb536,True
WBA_0000343701,wuchereria_bancrofti_prjeb536,True
WBA_0000343801,wuchereria_bancrofti_prjeb536,False
WBA_0000343901,wuchereria_bancrofti_prjeb536,True
WBA_0000344001,wuchereria_bancrofti_prjeb536,True
WBA_0000344101,wuchereria_bancrofti_prjeb536,True
WBA_0000344201,wuchereria_bancrofti_prjeb536,True
WBA_0000344301,wuchereria_bancrofti_prjeb536,True
WBA_0000344401,wuchereria_bancrofti_prjeb536,True
WBA_0000344501,wuchereria_bancrofti_prjeb536,True
WBA_0000344601,wuchereria_bancrofti_prjeb536,True
WBA_0000344701,wuchereria_bancrofti_prjeb536,True
WBA_0000344801,wuchereria_bancrofti_prjeb536,True
WBA_0000344901,wuchereria_bancrofti_prjeb536,True
WBA_0000345001,wuchereria_bancrofti_prjeb536,True
WBA_0000345101,wuchereria_bancrofti_prjeb536,True
WBA_0000345201,wuchereria_bancrofti_prjeb536,True
WBA_0000345301,wuchereria_bancrofti_prjeb536,True
WBA_0000345401,wuchereria_bancrofti_prjeb536,True
WBA_0000345501,wuchereria_bancrofti_prjeb536,True
WBA_0000345601,wuchereria_bancrofti_prjeb536,True
WBA_0000345701,wuchereria_bancrofti_prjeb536,True
WBA_0000345801,wuchereria_bancrofti_prjeb536,True
WBA_0000345901,wuchereria_bancrofti_prjeb536,True
WBA_0000346001,wuchereria_bancrofti_prjeb536,True
WBA_0000346101,wuchereria_bancrofti_prjeb536,True
WBA_0000346201,wuchereria_bancrofti_prjeb536,True
WBA_0000346301,wuchereria_bancrofti_prjeb536,True
WBA_0000346401,wuchereria_bancrofti_prjeb536,True
WBA_0000346501,wuchereria_bancrofti_prjeb536,True
WBA_0000346601,wuchereria_bancrofti_prjeb536,False
WBA_0000346701,wuchereria_bancrofti_prjeb536,True
WBA_0000346801,wuchereria_bancrofti_prjeb536,True
WBA_0000346901,wuchereria_bancrofti_prjeb536,True
WBA_0000347001,wuchereria_bancrofti_prjeb536,True
WBA_0000347101,wuchereria_bancrofti_prjeb536,True
WBA_0000347201,wuchereria_bancrofti_prjeb536,True
WBA_0000347301,wuchereria_bancrofti_prjeb536,True
WBA_0000347401,wuchereria_bancrofti_prjeb536,True
WBA_0000347501,wuchereria_bancrofti_prjeb536,True
WBA_0000347601,wuchereria_bancrofti_prjeb536,False
WBA_0000347701,wuchereria_bancrofti_prjeb536,True
WBA_0000347801,wuchereria_bancrofti_prjeb536,True
WBA_0000347901,wuchereria_bancrofti_prjeb536,True
WBA_0000348001,wuchereria_bancrofti_prjeb536,True
WBA_0000348101,wuchereria_bancrofti_prjeb536,True
WBA_0000348201,wuchereria_bancrofti_prjeb536,True
WBA_0000348301,wuchereria_bancrofti_prjeb536,True
WBA_0000348401,wuchereria_bancrofti_prjeb536,True
WBA_0000348501,wuchereria_bancrofti_prjeb536,True
WBA_0000348601,wuchereria_bancrofti_prjeb536,True
WBA_0000348701,wuchereria_bancrofti_prjeb536,True
WBA_0000348801,wuchereria_bancrofti_prjeb536,True
WBA_0000348901,wuchereria_bancrofti_prjeb536,True
WBA_0000349001,wuchereria_bancrofti_prjeb536,True
WBA_0000349101,wuchereria_bancrofti_prjeb536,True
WBA_0000349201,wuchereria_bancrofti_prjeb536,True
WBA_0000349301,wuchereria_bancrofti_prjeb536,True
WBA_0000349401,wuchereria_bancrofti_prjeb536,True
WBA_0000349501,wuchereria_bancrofti_prjeb536,False
WBA_0000349601,wuchereria_bancrofti_prjeb536,True
WBA_0000349701,wuchereria_bancrofti_prjeb536,True
WBA_0000349801,wuchereria_bancrofti_prjeb536,True
WBA_0000349901,wuchereria_bancrofti_prjeb536,True
WBA_0000350001,wuchereria_bancrofti_prjeb536,True
WBA_0000350101,wuchereria_bancrofti_prjeb536,True
WBA_0000350201,wuchereria_bancrofti_prjeb536,True
WBA_0000350301,wuchereria_bancrofti_prjeb536,True
WBA_0000350401,wuchereria_bancrofti_prjeb536,True
WBA_0000350501,wuchereria_bancrofti_prjeb536,True
WBA_0000350601,wuchereria_bancrofti_prjeb536,True
WBA_0000350701,wuchereria_bancrofti_prjeb536,True
WBA_0000350801,wuchereria_bancrofti_prjeb536,True
WBA_0000350901,wuchereria_bancrofti_prjeb536,True
WBA_0000351001,wuchereria_bancrofti_prjeb536,True
WBA_0000351101,wuchereria_bancrofti_prjeb536,True
WBA_0000351201,wuchereria_bancrofti_prjeb536,True
WBA_0000351301,wuchereria_bancrofti_prjeb536,True
WBA_0000351401,wuchereria_bancrofti_prjeb536,False
WBA_0000351501,wuchereria_bancrofti_prjeb536,True
WBA_0000351601,wuchereria_bancrofti_prjeb536,True
WBA_0000351701,wuchereria_bancrofti_prjeb536,True
WBA_0000351801,wuchereria_bancrofti_prjeb536,True
WBA_0000351901,wuchereria_bancrofti_prjeb536,True
WBA_0000352001,wuchereria_bancrofti_prjeb536,True
WBA_0000352101,wuchereria_bancrofti_prjeb536,True
WBA_0000352201,wuchereria_bancrofti_prjeb536,True
WBA_0000352301,wuchereria_bancrofti_prjeb536,True
WBA_0000352401,wuchereria_bancrofti_prjeb536,True
WBA_0000352501,wuchereria_bancrofti_prjeb536,True
WBA_0000352601,wuchereria_bancrofti_prjeb536,True
WBA_0000352701,wuchereria_bancrofti_prjeb536,True
WBA_0000352801,wuchereria_bancrofti_prjeb536,True
WBA_0000352901,wuchereria_bancrofti_prjeb536,True
WBA_0000353001,wuchereria_bancrofti_prjeb536,True
WBA_0000353101,wuchereria_bancrofti_prjeb536,True
WBA_0000353201,wuchereria_bancrofti_prjeb536,True
WBA_0000353301,wuchereria_bancrofti_prjeb536,True
WBA_0000353401,wuchereria_bancrofti_prjeb536,True
WBA_0000353501,wuchereria_bancrofti_prjeb536,True
WBA_0000353601,wuchereria_bancrofti_prjeb536,True
WBA_0000353701,wuchereria_bancrofti_prjeb536,True
WBA_0000353801,wuchereria_bancrofti_prjeb536,True
WBA_0000353901,wuchereria_bancrofti_prjeb536,True
WBA_0000354001,wuchereria_bancrofti_prjeb536,True
WBA_0000354101,wuchereria_bancrofti_prjeb536,False
WBA_0000354201,wuchereria_bancrofti_prjeb536,True
WBA_0000354301,wuchereria_bancrofti_prjeb536,True
WBA_0000354401,wuchereria_bancrofti_prjeb536,True
WBA_0000354501,wuchereria_bancrofti_prjeb536,True
WBA_0000354601,wuchereria_bancrofti_prjeb536,False
WBA_0000354701,wuchereria_bancrofti_prjeb536,True
WBA_0000354801,wuchereria_bancrofti_prjeb536,False
WBA_0000354901,wuchereria_bancrofti_prjeb536,False
WBA_0000355001,wuchereria_bancrofti_prjeb536,True
WBA_0000355101,wuchereria_bancrofti_prjeb536,True
WBA_0000355201,wuchereria_bancrofti_prjeb536,True
WBA_0000355301,wuchereria_bancrofti_prjeb536,True
WBA_0000355401,wuchereria_bancrofti_prjeb536,True
WBA_0000355501,wuchereria_bancrofti_prjeb536,True
WBA_0000355601,wuchereria_bancrofti_prjeb536,True
WBA_0000355701,wuchereria_bancrofti_prjeb536,True
WBA_0000355801,wuchereria_bancrofti_prjeb536,True
WBA_0000355901,wuchereria_bancrofti_prjeb536,True
WBA_0000356001,wuchereria_bancrofti_prjeb536,True
WBA_0000356101,wuchereria_bancrofti_prjeb536,True
WBA_0000356201,wuchereria_bancrofti_prjeb536,True
WBA_0000356301,wuchereria_bancrofti_prjeb536,True
WBA_0000356401,wuchereria_bancrofti_prjeb536,True
WBA_0000356501,wuchereria_bancrofti_prjeb536,True
WBA_0000356601,wuchereria_bancrofti_prjeb536,True
WBA_0000356701,wuchereria_bancrofti_prjeb536,True
WBA_0000356801,wuchereria_bancrofti_prjeb536,True
WBA_0000356901,wuchereria_bancrofti_prjeb536,True
WBA_0000357001,wuchereria_bancrofti_prjeb536,True
WBA_0000357101,wuchereria_bancrofti_prjeb536,True
WBA_0000357201,wuchereria_bancrofti_prjeb536,True
WBA_0000357301,wuchereria_bancrofti_prjeb536,False
WBA_0000357401,wuchereria_bancrofti_prjeb536,True
WBA_0000357501,wuchereria_bancrofti_prjeb536,True
WBA_0000357601,wuchereria_bancrofti_prjeb536,True
WBA_0000357701,wuchereria_bancrofti_prjeb536,True
WBA_0000357801,wuchereria_bancrofti_prjeb536,True
WBA_0000357901,wuchereria_bancrofti_prjeb536,True
WBA_0000358001,wuchereria_bancrofti_prjeb536,True
WBA_0000358101,wuchereria_bancrofti_prjeb536,True
WBA_0000358201,wuchereria_bancrofti_prjeb536,True
WBA_0000358301,wuchereria_bancrofti_prjeb536,True
WBA_0000358401,wuchereria_bancrofti_prjeb536,False
WBA_0000358501,wuchereria_bancrofti_prjeb536,True
WBA_0000358601,wuchereria_bancrofti_prjeb536,True
WBA_0000358701,wuchereria_bancrofti_prjeb536,True
WBA_0000358801,wuchereria_bancrofti_prjeb536,True
WBA_0000358901,wuchereria_bancrofti_prjeb536,True
WBA_0000359001,wuchereria_bancrofti_prjeb536,True
WBA_0000359101,wuchereria_bancrofti_prjeb536,True
WBA_0000359201,wuchereria_bancrofti_prjeb536,False
WBA_0000359301,wuchereria_bancrofti_prjeb536,True
WBA_0000359401,wuchereria_bancrofti_prjeb536,True
WBA_0000359501,wuchereria_bancrofti_prjeb536,True
WBA_0000359601,wuchereria_bancrofti_prjeb536,True
WBA_0000359701,wuchereria_bancrofti_prjeb536,True
WBA_0000359801,wuchereria_bancrofti_prjeb536,True
WBA_0000359901,wuchereria_bancrofti_prjeb536,True
WBA_0000360001,wuchereria_bancrofti_prjeb536,False
WBA_0000360101,wuchereria_bancrofti_prjeb536,True
WBA_0000360201,wuchereria_bancrofti_prjeb536,False
WBA_0000360301,wuchereria_bancrofti_prjeb536,True
WBA_0000360401,wuchereria_bancrofti_prjeb536,True
WBA_0000360501,wuchereria_bancrofti_prjeb536,True
WBA_0000360601,wuchereria_bancrofti_prjeb536,False
WBA_0000360701,wuchereria_bancrofti_prjeb536,True
WBA_0000360801,wuchereria_bancrofti_prjeb536,True
WBA_0000360901,wuchereria_bancrofti_prjeb536,True
WBA_0000361001,wuchereria_bancrofti_prjeb536,True
WBA_0000361101,wuchereria_bancrofti_prjeb536,True
WBA_0000361201,wuchereria_bancrofti_prjeb536,True
WBA_0000361301,wuchereria_bancrofti_prjeb536,True
WBA_0000361401,wuchereria_bancrofti_prjeb536,True
WBA_0000361501,wuchereria_bancrofti_prjeb536,True
WBA_0000361601,wuchereria_bancrofti_prjeb536,True
WBA_0000361701,wuchereria_bancrofti_prjeb536,True
WBA_0000361801,wuchereria_bancrofti_prjeb536,True
WBA_0000361901,wuchereria_bancrofti_prjeb536,True
WBA_0000362001,wuchereria_bancrofti_prjeb536,True
WBA_0000362101,wuchereria_bancrofti_prjeb536,True
WBA_0000362201,wuchereria_bancrofti_prjeb536,True
WBA_0000362301,wuchereria_bancrofti_prjeb536,True
WBA_0000362401,wuchereria_bancrofti_prjeb536,True
WBA_0000362501,wuchereria_bancrofti_prjeb536,True
WBA_0000362601,wuchereria_bancrofti_prjeb536,True
WBA_0000362701,wuchereria_bancrofti_prjeb536,True
WBA_0000362801,wuchereria_bancrofti_prjeb536,True
WBA_0000362901,wuchereria_bancrofti_prjeb536,True
WBA_0000363001,wuchereria_bancrofti_prjeb536,True
WBA_0000363101,wuchereria_bancrofti_prjeb536,True
WBA_0000363201,wuchereria_bancrofti_prjeb536,False
WBA_0000363301,wuchereria_bancrofti_prjeb536,False
WBA_0000363401,wuchereria_bancrofti_prjeb536,True
WBA_0000363501,wuchereria_bancrofti_prjeb536,True
WBA_0000363601,wuchereria_bancrofti_prjeb536,True
WBA_0000363701,wuchereria_bancrofti_prjeb536,True
WBA_0000363801,wuchereria_bancrofti_prjeb536,True
WBA_0000363901,wuchereria_bancrofti_prjeb536,True
WBA_0000364001,wuchereria_bancrofti_prjeb536,True
WBA_0000364101,wuchereria_bancrofti_prjeb536,True
WBA_0000364201,wuchereria_bancrofti_prjeb536,False
WBA_0000364301,wuchereria_bancrofti_prjeb536,True
WBA_0000364401,wuchereria_bancrofti_prjeb536,True
WBA_0000364501,wuchereria_bancrofti_prjeb536,False
WBA_0000364601,wuchereria_bancrofti_prjeb536,True
WBA_0000364701,wuchereria_bancrofti_prjeb536,True
WBA_0000364801,wuchereria_bancrofti_prjeb536,True
WBA_0000364901,wuchereria_bancrofti_prjeb536,True
WBA_0000365001,wuchereria_bancrofti_prjeb536,True
WBA_0000365101,wuchereria_bancrofti_prjeb536,True
WBA_0000365201,wuchereria_bancrofti_prjeb536,True
WBA_0000365301,wuchereria_bancrofti_prjeb536,True
WBA_0000365401,wuchereria_bancrofti_prjeb536,True
WBA_0000365501,wuchereria_bancrofti_prjeb536,True
WBA_0000365601,wuchereria_bancrofti_prjeb536,True
WBA_0000365701,wuchereria_bancrofti_prjeb536,True
WBA_0000365801,wuchereria_bancrofti_prjeb536,True
WBA_0000365901,wuchereria_bancrofti_prjeb536,True
WBA_0000366001,wuchereria_bancrofti_prjeb536,False
WBA_0000366101,wuchereria_bancrofti_prjeb536,True
WBA_0000366201,wuchereria_bancrofti_prjeb536,True
WBA_0000366301,wuchereria_bancrofti_prjeb536,True
WBA_0000366401,wuchereria_bancrofti_prjeb536,True
WBA_0000366501,wuchereria_bancrofti_prjeb536,True
WBA_0000366601,wuchereria_bancrofti_prjeb536,True
WBA_0000366701,wuchereria_bancrofti_prjeb536,True
WBA_0000366801,wuchereria_bancrofti_prjeb536,True
WBA_0000366901,wuchereria_bancrofti_prjeb536,True
WBA_0000367001,wuchereria_bancrofti_prjeb536,True
WBA_0000367101,wuchereria_bancrofti_prjeb536,True
WBA_0000367201,wuchereria_bancrofti_prjeb536,False
WBA_0000367301,wuchereria_bancrofti_prjeb536,False
WBA_0000367401,wuchereria_bancrofti_prjeb536,True
WBA_0000367501,wuchereria_bancrofti_prjeb536,True
WBA_0000367601,wuchereria_bancrofti_prjeb536,False
WBA_0000367701,wuchereria_bancrofti_prjeb536,True
WBA_0000367801,wuchereria_bancrofti_prjeb536,True
WBA_0000367901,wuchereria_bancrofti_prjeb536,True
WBA_0000368001,wuchereria_bancrofti_prjeb536,True
WBA_0000368101,wuchereria_bancrofti_prjeb536,False
WBA_0000368201,wuchereria_bancrofti_prjeb536,True
WBA_0000368301,wuchereria_bancrofti_prjeb536,True
WBA_0000368401,wuchereria_bancrofti_prjeb536,True
WBA_0000368501,wuchereria_bancrofti_prjeb536,True
WBA_0000368601,wuchereria_bancrofti_prjeb536,True
WBA_0000368701,wuchereria_bancrofti_prjeb536,True
WBA_0000368801,wuchereria_bancrofti_prjeb536,True
WBA_0000368901,wuchereria_bancrofti_prjeb536,False
WBA_0000369001,wuchereria_bancrofti_prjeb536,True
WBA_0000369101,wuchereria_bancrofti_prjeb536,True
WBA_0000369201,wuchereria_bancrofti_prjeb536,True
WBA_0000369301,wuchereria_bancrofti_prjeb536,True
WBA_0000369401,wuchereria_bancrofti_prjeb536,True
WBA_0000369501,wuchereria_bancrofti_prjeb536,True
WBA_0000369601,wuchereria_bancrofti_prjeb536,True
WBA_0000369701,wuchereria_bancrofti_prjeb536,True
WBA_0000369801,wuchereria_bancrofti_prjeb536,True
WBA_0000369901,wuchereria_bancrofti_prjeb536,False
WBA_0000370001,wuchereria_bancrofti_prjeb536,True
WBA_0000370101,wuchereria_bancrofti_prjeb536,True
WBA_0000370201,wuchereria_bancrofti_prjeb536,True
WBA_0000370301,wuchereria_bancrofti_prjeb536,False
WBA_0000370401,wuchereria_bancrofti_prjeb536,True
WBA_0000370501,wuchereria_bancrofti_prjeb536,True
WBA_0000370601,wuchereria_bancrofti_prjeb536,True
WBA_0000370701,wuchereria_bancrofti_prjeb536,False
WBA_0000370801,wuchereria_bancrofti_prjeb536,True
WBA_0000370901,wuchereria_bancrofti_prjeb536,True
WBA_0000371001,wuchereria_bancrofti_prjeb536,True
WBA_0000371101,wuchereria_bancrofti_prjeb536,True
WBA_0000371201,wuchereria_bancrofti_prjeb536,True
WBA_0000371301,wuchereria_bancrofti_prjeb536,True
WBA_0000371401,wuchereria_bancrofti_prjeb536,True
WBA_0000371501,wuchereria_bancrofti_prjeb536,True
WBA_0000371601,wuchereria_bancrofti_prjeb536,True
WBA_0000371701,wuchereria_bancrofti_prjeb536,True
WBA_0000371801,wuchereria_bancrofti_prjeb536,False
WBA_0000371901,wuchereria_bancrofti_prjeb536,True
WBA_0000372001,wuchereria_bancrofti_prjeb536,False
WBA_0000372101,wuchereria_bancrofti_prjeb536,True
WBA_0000372201,wuchereria_bancrofti_prjeb536,True
WBA_0000372301,wuchereria_bancrofti_prjeb536,True
WBA_0000372401,wuchereria_bancrofti_prjeb536,True
WBA_0000372501,wuchereria_bancrofti_prjeb536,True
WBA_0000372601,wuchereria_bancrofti_prjeb536,True
WBA_0000372701,wuchereria_bancrofti_prjeb536,True
WBA_0000372801,wuchereria_bancrofti_prjeb536,True
WBA_0000372901,wuchereria_bancrofti_prjeb536,False
WBA_0000373001,wuchereria_bancrofti_prjeb536,True
WBA_0000373101,wuchereria_bancrofti_prjeb536,True
WBA_0000373201,wuchereria_bancrofti_prjeb536,True
WBA_0000373301,wuchereria_bancrofti_prjeb536,True
WBA_0000373401,wuchereria_bancrofti_prjeb536,True
WBA_0000373501,wuchereria_bancrofti_prjeb536,True
WBA_0000373601,wuchereria_bancrofti_prjeb536,True
WBA_0000373701,wuchereria_bancrofti_prjeb536,True
WBA_0000373801,wuchereria_bancrofti_prjeb536,True
WBA_0000373901,wuchereria_bancrofti_prjeb536,True
WBA_0000374001,wuchereria_bancrofti_prjeb536,True
WBA_0000374101,wuchereria_bancrofti_prjeb536,True
WBA_0000374201,wuchereria_bancrofti_prjeb536,True
WBA_0000374301,wuchereria_bancrofti_prjeb536,True
WBA_0000374401,wuchereria_bancrofti_prjeb536,True
WBA_0000374501,wuchereria_bancrofti_prjeb536,True
WBA_0000374601,wuchereria_bancrofti_prjeb536,True
WBA_0000374701,wuchereria_bancrofti_prjeb536,True
WBA_0000374801,wuchereria_bancrofti_prjeb536,True
WBA_0000374901,wuchereria_bancrofti_prjeb536,True
WBA_0000375001,wuchereria_bancrofti_prjeb536,True
WBA_0000375101,wuchereria_bancrofti_prjeb536,True
WBA_0000375201,wuchereria_bancrofti_prjeb536,True
WBA_0000375301,wuchereria_bancrofti_prjeb536,True
WBA_0000375401,wuchereria_bancrofti_prjeb536,True
WBA_0000375501,wuchereria_bancrofti_prjeb536,False
WBA_0000375601,wuchereria_bancrofti_prjeb536,True
WBA_0000375701,wuchereria_bancrofti_prjeb536,False
WBA_0000375801,wuchereria_bancrofti_prjeb536,True
WBA_0000375901,wuchereria_bancrofti_prjeb536,True
WBA_0000376001,wuchereria_bancrofti_prjeb536,False
WBA_0000376101,wuchereria_bancrofti_prjeb536,True
WBA_0000376201,wuchereria_bancrofti_prjeb536,True
WBA_0000376301,wuchereria_bancrofti_prjeb536,True
WBA_0000376401,wuchereria_bancrofti_prjeb536,True
WBA_0000376501,wuchereria_bancrofti_prjeb536,True
WBA_0000376601,wuchereria_bancrofti_prjeb536,True
WBA_0000376701,wuchereria_bancrofti_prjeb536,True
WBA_0000376801,wuchereria_bancrofti_prjeb536,False
WBA_0000376901,wuchereria_bancrofti_prjeb536,True
WBA_0000377001,wuchereria_bancrofti_prjeb536,True
WBA_0000377101,wuchereria_bancrofti_prjeb536,True
WBA_0000377201,wuchereria_bancrofti_prjeb536,True
WBA_0000377301,wuchereria_bancrofti_prjeb536,True
WBA_0000377401,wuchereria_bancrofti_prjeb536,True
WBA_0000377501,wuchereria_bancrofti_prjeb536,False
WBA_0000377601,wuchereria_bancrofti_prjeb536,False
WBA_0000377701,wuchereria_bancrofti_prjeb536,True
WBA_0000377801,wuchereria_bancrofti_prjeb536,True
WBA_0000377901,wuchereria_bancrofti_prjeb536,True
WBA_0000378001,wuchereria_bancrofti_prjeb536,False
WBA_0000378101,wuchereria_bancrofti_prjeb536,True
WBA_0000378201,wuchereria_bancrofti_prjeb536,True
WBA_0000378301,wuchereria_bancrofti_prjeb536,True
WBA_0000378401,wuchereria_bancrofti_prjeb536,True
WBA_0000378501,wuchereria_bancrofti_prjeb536,True
WBA_0000378601,wuchereria_bancrofti_prjeb536,True
WBA_0000378701,wuchereria_bancrofti_prjeb536,True
WBA_0000378801,wuchereria_bancrofti_prjeb536,True
WBA_0000378901,wuchereria_bancrofti_prjeb536,True
WBA_0000379001,wuchereria_bancrofti_prjeb536,True
WBA_0000379101,wuchereria_bancrofti_prjeb536,True
WBA_0000379201,wuchereria_bancrofti_prjeb536,True
WBA_0000379301,wuchereria_bancrofti_prjeb536,True
WBA_0000379401,wuchereria_bancrofti_prjeb536,True
WBA_0000379501,wuchereria_bancrofti_prjeb536,True
WBA_0000379601,wuchereria_bancrofti_prjeb536,True
WBA_0000379701,wuchereria_bancrofti_prjeb536,True
WBA_0000379801,wuchereria_bancrofti_prjeb536,True
WBA_0000379901,wuchereria_bancrofti_prjeb536,True
WBA_0000380001,wuchereria_bancrofti_prjeb536,True
WBA_0000380101,wuchereria_bancrofti_prjeb536,False
WBA_0000380201,wuchereria_bancrofti_prjeb536,True
WBA_0000380301,wuchereria_bancrofti_prjeb536,True
WBA_0000380401,wuchereria_bancrofti_prjeb536,True
WBA_0000380501,wuchereria_bancrofti_prjeb536,True
WBA_0000380601,wuchereria_bancrofti_prjeb536,True
WBA_0000380701,wuchereria_bancrofti_prjeb536,True
WBA_0000380801,wuchereria_bancrofti_prjeb536,True
WBA_0000380901,wuchereria_bancrofti_prjeb536,False
WBA_0000381001,wuchereria_bancrofti_prjeb536,True
WBA_0000381101,wuchereria_bancrofti_prjeb536,True
WBA_0000381201,wuchereria_bancrofti_prjeb536,True
WBA_0000381301,wuchereria_bancrofti_prjeb536,False
WBA_0000381401,wuchereria_bancrofti_prjeb536,True
WBA_0000381501,wuchereria_bancrofti_prjeb536,False
WBA_0000381601,wuchereria_bancrofti_prjeb536,True
WBA_0000381701,wuchereria_bancrofti_prjeb536,True
WBA_0000381801,wuchereria_bancrofti_prjeb536,True
WBA_0000381901,wuchereria_bancrofti_prjeb536,True
WBA_0000382001,wuchereria_bancrofti_prjeb536,True
WBA_0000382101,wuchereria_bancrofti_prjeb536,True
WBA_0000382201,wuchereria_bancrofti_prjeb536,True
WBA_0000382301,wuchereria_bancrofti_prjeb536,True
WBA_0000382401,wuchereria_bancrofti_prjeb536,False
WBA_0000382501,wuchereria_bancrofti_prjeb536,False
WBA_0000382601,wuchereria_bancrofti_prjeb536,False
WBA_0000382701,wuchereria_bancrofti_prjeb536,True
WBA_0000382801,wuchereria_bancrofti_prjeb536,True
WBA_0000382901,wuchereria_bancrofti_prjeb536,True
WBA_0000383001,wuchereria_bancrofti_prjeb536,True
WBA_0000383101,wuchereria_bancrofti_prjeb536,True
WBA_0000383201,wuchereria_bancrofti_prjeb536,True
WBA_0000383301,wuchereria_bancrofti_prjeb536,True
WBA_0000383401,wuchereria_bancrofti_prjeb536,False
WBA_0000383501,wuchereria_bancrofti_prjeb536,True
WBA_0000383601,wuchereria_bancrofti_prjeb536,True
WBA_0000383701,wuchereria_bancrofti_prjeb536,True
WBA_0000383801,wuchereria_bancrofti_prjeb536,True
WBA_0000383901,wuchereria_bancrofti_prjeb536,False
WBA_0000384001,wuchereria_bancrofti_prjeb536,False
WBA_0000384101,wuchereria_bancrofti_prjeb536,True
WBA_0000384201,wuchereria_bancrofti_prjeb536,True
WBA_0000384301,wuchereria_bancrofti_prjeb536,True
WBA_0000384401,wuchereria_bancrofti_prjeb536,False
WBA_0000384501,wuchereria_bancrofti_prjeb536,True
WBA_0000384601,wuchereria_bancrofti_prjeb536,True
WBA_0000384701,wuchereria_bancrofti_prjeb536,True
WBA_0000384801,wuchereria_bancrofti_prjeb536,False
WBA_0000384901,wuchereria_bancrofti_prjeb536,True
WBA_0000385001,wuchereria_bancrofti_prjeb536,True
WBA_0000385101,wuchereria_bancrofti_prjeb536,True
WBA_0000385201,wuchereria_bancrofti_prjeb536,True
WBA_0000385301,wuchereria_bancrofti_prjeb536,True
WBA_0000385401,wuchereria_bancrofti_prjeb536,True
WBA_0000385501,wuchereria_bancrofti_prjeb536,True
WBA_0000385601,wuchereria_bancrofti_prjeb536,True
WBA_0000385701,wuchereria_bancrofti_prjeb536,True
WBA_0000385801,wuchereria_bancrofti_prjeb536,True
WBA_0000385901,wuchereria_bancrofti_prjeb536,True
WBA_0000386001,wuchereria_bancrofti_prjeb536,False
WBA_0000386101,wuchereria_bancrofti_prjeb536,True
WBA_0000386201,wuchereria_bancrofti_prjeb536,True
WBA_0000386301,wuchereria_bancrofti_prjeb536,False
WBA_0000386401,wuchereria_bancrofti_prjeb536,True
WBA_0000386501,wuchereria_bancrofti_prjeb536,True
WBA_0000386601,wuchereria_bancrofti_prjeb536,True
WBA_0000386701,wuchereria_bancrofti_prjeb536,True
WBA_0000386801,wuchereria_bancrofti_prjeb536,True
WBA_0000386901,wuchereria_bancrofti_prjeb536,True
WBA_0000387001,wuchereria_bancrofti_prjeb536,True
WBA_0000387101,wuchereria_bancrofti_prjeb536,True
WBA_0000387201,wuchereria_bancrofti_prjeb536,True
WBA_0000387301,wuchereria_bancrofti_prjeb536,True
WBA_0000387401,wuchereria_bancrofti_prjeb536,True
WBA_0000387501,wuchereria_bancrofti_prjeb536,True
WBA_0000387601,wuchereria_bancrofti_prjeb536,True
WBA_0000387701,wuchereria_bancrofti_prjeb536,True
WBA_0000387801,wuchereria_bancrofti_prjeb536,True
WBA_0000387901,wuchereria_bancrofti_prjeb536,False
WBA_0000388001,wuchereria_bancrofti_prjeb536,True
WBA_0000388101,wuchereria_bancrofti_prjeb536,True
WBA_0000388201,wuchereria_bancrofti_prjeb536,True
WBA_0000388301,wuchereria_bancrofti_prjeb536,True
WBA_0000388401,wuchereria_bancrofti_prjeb536,True
WBA_0000388501,wuchereria_bancrofti_prjeb536,True
WBA_0000388601,wuchereria_bancrofti_prjeb536,True
WBA_0000388701,wuchereria_bancrofti_prjeb536,False
WBA_0000388801,wuchereria_bancrofti_prjeb536,True
WBA_0000388901,wuchereria_bancrofti_prjeb536,True
WBA_0000389001,wuchereria_bancrofti_prjeb536,False
WBA_0000389101,wuchereria_bancrofti_prjeb536,True
WBA_0000389201,wuchereria_bancrofti_prjeb536,True
WBA_0000389301,wuchereria_bancrofti_prjeb536,True
WBA_0000389401,wuchereria_bancrofti_prjeb536,True
WBA_0000389501,wuchereria_bancrofti_prjeb536,False
WBA_0000389601,wuchereria_bancrofti_prjeb536,True
WBA_0000389701,wuchereria_bancrofti_prjeb536,True
WBA_0000389801,wuchereria_bancrofti_prjeb536,True
WBA_0000389901,wuchereria_bancrofti_prjeb536,True
WBA_0000390001,wuchereria_bancrofti_prjeb536,True
WBA_0000390101,wuchereria_bancrofti_prjeb536,True
WBA_0000390201,wuchereria_bancrofti_prjeb536,True
WBA_0000390301,wuchereria_bancrofti_prjeb536,True
WBA_0000390401,wuchereria_bancrofti_prjeb536,True
WBA_0000390501,wuchereria_bancrofti_prjeb536,True
WBA_0000390601,wuchereria_bancrofti_prjeb536,True
WBA_0000390701,wuchereria_bancrofti_prjeb536,True
WBA_0000390801,wuchereria_bancrofti_prjeb536,True
WBA_0000390901,wuchereria_bancrofti_prjeb536,True
WBA_0000391001,wuchereria_bancrofti_prjeb536,True
WBA_0000391101,wuchereria_bancrofti_prjeb536,True
WBA_0000391201,wuchereria_bancrofti_prjeb536,True
WBA_0000391301,wuchereria_bancrofti_prjeb536,True
WBA_0000391401,wuchereria_bancrofti_prjeb536,True
WBA_0000391501,wuchereria_bancrofti_prjeb536,True
WBA_0000391601,wuchereria_bancrofti_prjeb536,True
WBA_0000391701,wuchereria_bancrofti_prjeb536,True
WBA_0000391801,wuchereria_bancrofti_prjeb536,True
WBA_0000391901,wuchereria_bancrofti_prjeb536,True
WBA_0000392001,wuchereria_bancrofti_prjeb536,True
WBA_0000392101,wuchereria_bancrofti_prjeb536,True
WBA_0000392201,wuchereria_bancrofti_prjeb536,False
WBA_0000392301,wuchereria_bancrofti_prjeb536,True
WBA_0000392401,wuchereria_bancrofti_prjeb536,True
WBA_0000392501,wuchereria_bancrofti_prjeb536,True
WBA_0000392601,wuchereria_bancrofti_prjeb536,True
WBA_0000392701,wuchereria_bancrofti_prjeb536,True
WBA_0000392801,wuchereria_bancrofti_prjeb536,True
WBA_0000392901,wuchereria_bancrofti_prjeb536,True
WBA_0000393001,wuchereria_bancrofti_prjeb536,True
WBA_0000393101,wuchereria_bancrofti_prjeb536,False
WBA_0000393201,wuchereria_bancrofti_prjeb536,True
WBA_0000393301,wuchereria_bancrofti_prjeb536,False
WBA_0000393401,wuchereria_bancrofti_prjeb536,True
WBA_0000393501,wuchereria_bancrofti_prjeb536,True
WBA_0000393601,wuchereria_bancrofti_prjeb536,True
WBA_0000393701,wuchereria_bancrofti_prjeb536,True
WBA_0000393801,wuchereria_bancrofti_prjeb536,True
WBA_0000393901,wuchereria_bancrofti_prjeb536,True
WBA_0000394001,wuchereria_bancrofti_prjeb536,True
WBA_0000394101,wuchereria_bancrofti_prjeb536,True
WBA_0000394201,wuchereria_bancrofti_prjeb536,True
WBA_0000394301,wuchereria_bancrofti_prjeb536,False
WBA_0000394401,wuchereria_bancrofti_prjeb536,True
WBA_0000394501,wuchereria_bancrofti_prjeb536,True
WBA_0000394601,wuchereria_bancrofti_prjeb536,True
WBA_0000394701,wuchereria_bancrofti_prjeb536,True
WBA_0000394801,wuchereria_bancrofti_prjeb536,True
WBA_0000394901,wuchereria_bancrofti_prjeb536,True
WBA_0000395001,wuchereria_bancrofti_prjeb536,True
WBA_0000395101,wuchereria_bancrofti_prjeb536,True
WBA_0000395201,wuchereria_bancrofti_prjeb536,True
WBA_0000395301,wuchereria_bancrofti_prjeb536,True
WBA_0000395401,wuchereria_bancrofti_prjeb536,True
WBA_0000395501,wuchereria_bancrofti_prjeb536,True
WBA_0000395601,wuchereria_bancrofti_prjeb536,False
WBA_0000395701,wuchereria_bancrofti_prjeb536,True
WBA_0000395801,wuchereria_bancrofti_prjeb536,True
WBA_0000395901,wuchereria_bancrofti_prjeb536,True
WBA_0000396001,wuchereria_bancrofti_prjeb536,True
WBA_0000396101,wuchereria_bancrofti_prjeb536,True
WBA_0000396201,wuchereria_bancrofti_prjeb536,True
WBA_0000396301,wuchereria_bancrofti_prjeb536,True
WBA_0000396401,wuchereria_bancrofti_prjeb536,True
WBA_0000396501,wuchereria_bancrofti_prjeb536,True
WBA_0000396601,wuchereria_bancrofti_prjeb536,True
WBA_0000396701,wuchereria_bancrofti_prjeb536,False
WBA_0000396801,wuchereria_bancrofti_prjeb536,True
WBA_0000396901,wuchereria_bancrofti_prjeb536,True
WBA_0000397001,wuchereria_bancrofti_prjeb536,True
WBA_0000397101,wuchereria_bancrofti_prjeb536,True
WBA_0000397201,wuchereria_bancrofti_prjeb536,True
WBA_0000397301,wuchereria_bancrofti_prjeb536,True
WBA_0000397401,wuchereria_bancrofti_prjeb536,True
WBA_0000397501,wuchereria_bancrofti_prjeb536,True
WBA_0000398001,wuchereria_bancrofti_prjeb536,True
WBA_0000398101,wuchereria_bancrofti_prjeb536,True
WBA_0000398201,wuchereria_bancrofti_prjeb536,True
WBA_0000398301,wuchereria_bancrofti_prjeb536,True
WBA_0000398401,wuchereria_bancrofti_prjeb536,True
WBA_0000398501,wuchereria_bancrofti_prjeb536,False
WBA_0000398601,wuchereria_bancrofti_prjeb536,True
WBA_0000398701,wuchereria_bancrofti_prjeb536,True
WBA_0000398801,wuchereria_bancrofti_prjeb536,True
WBA_0000398901,wuchereria_bancrofti_prjeb536,True
WBA_0000399001,wuchereria_bancrofti_prjeb536,True
WBA_0000399101,wuchereria_bancrofti_prjeb536,True
WBA_0000399201,wuchereria_bancrofti_prjeb536,True
WBA_0000399301,wuchereria_bancrofti_prjeb536,True
WBA_0000399401,wuchereria_bancrofti_prjeb536,True
WBA_0000399501,wuchereria_bancrofti_prjeb536,False
WBA_0000399601,wuchereria_bancrofti_prjeb536,True
WBA_0000399701,wuchereria_bancrofti_prjeb536,True
WBA_0000399801,wuchereria_bancrofti_prjeb536,True
WBA_0000399901,wuchereria_bancrofti_prjeb536,True
WBA_0000400001,wuchereria_bancrofti_prjeb536,True
WBA_0000400101,wuchereria_bancrofti_prjeb536,False
WBA_0000400201,wuchereria_bancrofti_prjeb536,True
WBA_0000400301,wuchereria_bancrofti_prjeb536,True
WBA_0000400401,wuchereria_bancrofti_prjeb536,False
WBA_0000400501,wuchereria_bancrofti_prjeb536,True
WBA_0000400601,wuchereria_bancrofti_prjeb536,False
WBA_0000400701,wuchereria_bancrofti_prjeb536,True
WBA_0000400801,wuchereria_bancrofti_prjeb536,True
WBA_0000400901,wuchereria_bancrofti_prjeb536,False
WBA_0000401001,wuchereria_bancrofti_prjeb536,True
WBA_0000401101,wuchereria_bancrofti_prjeb536,True
WBA_0000401201,wuchereria_bancrofti_prjeb536,True
WBA_0000401301,wuchereria_bancrofti_prjeb536,True
WBA_0000401401,wuchereria_bancrofti_prjeb536,True
WBA_0000401501,wuchereria_bancrofti_prjeb536,True
WBA_0000401601,wuchereria_bancrofti_prjeb536,False
WBA_0000401701,wuchereria_bancrofti_prjeb536,False
WBA_0000401801,wuchereria_bancrofti_prjeb536,True
WBA_0000401901,wuchereria_bancrofti_prjeb536,True
WBA_0000402001,wuchereria_bancrofti_prjeb536,True
WBA_0000402101,wuchereria_bancrofti_prjeb536,True
WBA_0000402201,wuchereria_bancrofti_prjeb536,True
WBA_0000402301,wuchereria_bancrofti_prjeb536,True
WBA_0000402401,wuchereria_bancrofti_prjeb536,True
WBA_0000402501,wuchereria_bancrofti_prjeb536,True
WBA_0000402601,wuchereria_bancrofti_prjeb536,True
WBA_0000402701,wuchereria_bancrofti_prjeb536,True
WBA_0000402801,wuchereria_bancrofti_prjeb536,True
WBA_0000402901,wuchereria_bancrofti_prjeb536,True
WBA_0000403001,wuchereria_bancrofti_prjeb536,False
WBA_0000403101,wuchereria_bancrofti_prjeb536,False
WBA_0000403201,wuchereria_bancrofti_prjeb536,True
WBA_0000403301,wuchereria_bancrofti_prjeb536,True
WBA_0000403401,wuchereria_bancrofti_prjeb536,True
WBA_0000403501,wuchereria_bancrofti_prjeb536,True
WBA_0000403601,wuchereria_bancrofti_prjeb536,True
WBA_0000403701,wuchereria_bancrofti_prjeb536,True
WBA_0000403801,wuchereria_bancrofti_prjeb536,True
WBA_0000403901,wuchereria_bancrofti_prjeb536,True
WBA_0000404001,wuchereria_bancrofti_prjeb536,True
WBA_0000404101,wuchereria_bancrofti_prjeb536,True
WBA_0000404201,wuchereria_bancrofti_prjeb536,True
WBA_0000404301,wuchereria_bancrofti_prjeb536,True
WBA_0000404401,wuchereria_bancrofti_prjeb536,True
WBA_0000404501,wuchereria_bancrofti_prjeb536,True
WBA_0000404601,wuchereria_bancrofti_prjeb536,True
WBA_0000404701,wuchereria_bancrofti_prjeb536,True
WBA_0000404801,wuchereria_bancrofti_prjeb536,True
WBA_0000404901,wuchereria_bancrofti_prjeb536,True
WBA_0000405001,wuchereria_bancrofti_prjeb536,True
WBA_0000405101,wuchereria_bancrofti_prjeb536,True
WBA_0000405201,wuchereria_bancrofti_prjeb536,False
WBA_0000405301,wuchereria_bancrofti_prjeb536,False
WBA_0000405401,wuchereria_bancrofti_prjeb536,True
WBA_0000405501,wuchereria_bancrofti_prjeb536,True
WBA_0000405601,wuchereria_bancrofti_prjeb536,True
WBA_0000405701,wuchereria_bancrofti_prjeb536,True
WBA_0000405801,wuchereria_bancrofti_prjeb536,True
WBA_0000405901,wuchereria_bancrofti_prjeb536,True
WBA_0000406001,wuchereria_bancrofti_prjeb536,True
WBA_0000406101,wuchereria_bancrofti_prjeb536,True
WBA_0000406201,wuchereria_bancrofti_prjeb536,True
WBA_0000406301,wuchereria_bancrofti_prjeb536,True
WBA_0000406401,wuchereria_bancrofti_prjeb536,False
WBA_0000406501,wuchereria_bancrofti_prjeb536,True
WBA_0000406601,wuchereria_bancrofti_prjeb536,True
WBA_0000406701,wuchereria_bancrofti_prjeb536,True
WBA_0000406801,wuchereria_bancrofti_prjeb536,True
WBA_0000406901,wuchereria_bancrofti_prjeb536,True
WBA_0000407001,wuchereria_bancrofti_prjeb536,True
WBA_0000407101,wuchereria_bancrofti_prjeb536,True
WBA_0000407201,wuchereria_bancrofti_prjeb536,True
WBA_0000407301,wuchereria_bancrofti_prjeb536,True
WBA_0000407401,wuchereria_bancrofti_prjeb536,True
WBA_0000407501,wuchereria_bancrofti_prjeb536,True
WBA_0000407601,wuchereria_bancrofti_prjeb536,True
WBA_0000407701,wuchereria_bancrofti_prjeb536,False
WBA_0000407801,wuchereria_bancrofti_prjeb536,True
WBA_0000407901,wuchereria_bancrofti_prjeb536,True
WBA_0000408001,wuchereria_bancrofti_prjeb536,False
WBA_0000408101,wuchereria_bancrofti_prjeb536,True
WBA_0000408201,wuchereria_bancrofti_prjeb536,True
WBA_0000408301,wuchereria_bancrofti_prjeb536,True
WBA_0000408401,wuchereria_bancrofti_prjeb536,True
WBA_0000408501,wuchereria_bancrofti_prjeb536,True
WBA_0000408601,wuchereria_bancrofti_prjeb536,True
WBA_0000408701,wuchereria_bancrofti_prjeb536,True
WBA_0000408801,wuchereria_bancrofti_prjeb536,True
WBA_0000408901,wuchereria_bancrofti_prjeb536,True
WBA_0000409001,wuchereria_bancrofti_prjeb536,True
WBA_0000409101,wuchereria_bancrofti_prjeb536,False
WBA_0000409201,wuchereria_bancrofti_prjeb536,True
WBA_0000409301,wuchereria_bancrofti_prjeb536,True
WBA_0000409401,wuchereria_bancrofti_prjeb536,True
WBA_0000409501,wuchereria_bancrofti_prjeb536,True
WBA_0000409601,wuchereria_bancrofti_prjeb536,True
WBA_0000409701,wuchereria_bancrofti_prjeb536,True
WBA_0000409801,wuchereria_bancrofti_prjeb536,True
WBA_0000409901,wuchereria_bancrofti_prjeb536,True
WBA_0000410001,wuchereria_bancrofti_prjeb536,True
WBA_0000410101,wuchereria_bancrofti_prjeb536,True
WBA_0000410201,wuchereria_bancrofti_prjeb536,True
WBA_0000410301,wuchereria_bancrofti_prjeb536,True
WBA_0000410401,wuchereria_bancrofti_prjeb536,True
WBA_0000410501,wuchereria_bancrofti_prjeb536,True
WBA_0000410601,wuchereria_bancrofti_prjeb536,True
WBA_0000410701,wuchereria_bancrofti_prjeb536,True
WBA_0000410801,wuchereria_bancrofti_prjeb536,True
WBA_0000410901,wuchereria_bancrofti_prjeb536,True
WBA_0000411001,wuchereria_bancrofti_prjeb536,True
WBA_0000411101,wuchereria_bancrofti_prjeb536,True
WBA_0000411201,wuchereria_bancrofti_prjeb536,True
WBA_0000411301,wuchereria_bancrofti_prjeb536,True
WBA_0000411401,wuchereria_bancrofti_prjeb536,True
WBA_0000411501,wuchereria_bancrofti_prjeb536,True
WBA_0000411601,wuchereria_bancrofti_prjeb536,True
WBA_0000411701,wuchereria_bancrofti_prjeb536,True
WBA_0000411801,wuchereria_bancrofti_prjeb536,True
WBA_0000411901,wuchereria_bancrofti_prjeb536,True
WBA_0000412001,wuchereria_bancrofti_prjeb536,True
WBA_0000412101,wuchereria_bancrofti_prjeb536,True
WBA_0000412201,wuchereria_bancrofti_prjeb536,True
WBA_0000412301,wuchereria_bancrofti_prjeb536,False
WBA_0000412401,wuchereria_bancrofti_prjeb536,True
WBA_0000412501,wuchereria_bancrofti_prjeb536,True
WBA_0000412601,wuchereria_bancrofti_prjeb536,False
WBA_0000412701,wuchereria_bancrofti_prjeb536,True
WBA_0000412801,wuchereria_bancrofti_prjeb536,True
WBA_0000412901,wuchereria_bancrofti_prjeb536,False
WBA_0000413001,wuchereria_bancrofti_prjeb536,True
WBA_0000413101,wuchereria_bancrofti_prjeb536,True
WBA_0000413201,wuchereria_bancrofti_prjeb536,True
WBA_0000413301,wuchereria_bancrofti_prjeb536,True
WBA_0000413401,wuchereria_bancrofti_prjeb536,True
WBA_0000413501,wuchereria_bancrofti_prjeb536,True
WBA_0000413601,wuchereria_bancrofti_prjeb536,True
WBA_0000413701,wuchereria_bancrofti_prjeb536,True
WBA_0000413801,wuchereria_bancrofti_prjeb536,True
WBA_0000413901,wuchereria_bancrofti_prjeb536,True
WBA_0000414001,wuchereria_bancrofti_prjeb536,True
WBA_0000414101,wuchereria_bancrofti_prjeb536,True
WBA_0000414201,wuchereria_bancrofti_prjeb536,True
WBA_0000414301,wuchereria_bancrofti_prjeb536,True
WBA_0000414401,wuchereria_bancrofti_prjeb536,False
WBA_0000414501,wuchereria_bancrofti_prjeb536,True
WBA_0000414601,wuchereria_bancrofti_prjeb536,True
WBA_0000414701,wuchereria_bancrofti_prjeb536,True
WBA_0000414801,wuchereria_bancrofti_prjeb536,True
WBA_0000414901,wuchereria_bancrofti_prjeb536,True
WBA_0000415001,wuchereria_bancrofti_prjeb536,True
WBA_0000415101,wuchereria_bancrofti_prjeb536,True
WBA_0000415201,wuchereria_bancrofti_prjeb536,True
WBA_0000415301,wuchereria_bancrofti_prjeb536,True
WBA_0000415401,wuchereria_bancrofti_prjeb536,False
WBA_0000415501,wuchereria_bancrofti_prjeb536,False
WBA_0000415601,wuchereria_bancrofti_prjeb536,True
WBA_0000415701,wuchereria_bancrofti_prjeb536,True
WBA_0000415801,wuchereria_bancrofti_prjeb536,True
WBA_0000415901,wuchereria_bancrofti_prjeb536,False
WBA_0000416001,wuchereria_bancrofti_prjeb536,True
WBA_0000416101,wuchereria_bancrofti_prjeb536,True
WBA_0000416201,wuchereria_bancrofti_prjeb536,True
WBA_0000416301,wuchereria_bancrofti_prjeb536,True
WBA_0000416401,wuchereria_bancrofti_prjeb536,True
WBA_0000416501,wuchereria_bancrofti_prjeb536,True
WBA_0000416601,wuchereria_bancrofti_prjeb536,True
WBA_0000416701,wuchereria_bancrofti_prjeb536,True
WBA_0000416801,wuchereria_bancrofti_prjeb536,True
WBA_0000416901,wuchereria_bancrofti_prjeb536,True
WBA_0000417001,wuchereria_bancrofti_prjeb536,True
WBA_0000417101,wuchereria_bancrofti_prjeb536,True
WBA_0000417201,wuchereria_bancrofti_prjeb536,True
WBA_0000417301,wuchereria_bancrofti_prjeb536,False
WBA_0000417401,wuchereria_bancrofti_prjeb536,True
WBA_0000417501,wuchereria_bancrofti_prjeb536,True
WBA_0000417601,wuchereria_bancrofti_prjeb536,False
WBA_0000417701,wuchereria_bancrofti_prjeb536,True
WBA_0000417801,wuchereria_bancrofti_prjeb536,True
WBA_0000417901,wuchereria_bancrofti_prjeb536,True
WBA_0000418001,wuchereria_bancrofti_prjeb536,True
WBA_0000418101,wuchereria_bancrofti_prjeb536,False
WBA_0000418201,wuchereria_bancrofti_prjeb536,True
WBA_0000418301,wuchereria_bancrofti_prjeb536,True
WBA_0000418401,wuchereria_bancrofti_prjeb536,True
WBA_0000418501,wuchereria_bancrofti_prjeb536,True
WBA_0000418601,wuchereria_bancrofti_prjeb536,True
WBA_0000418701,wuchereria_bancrofti_prjeb536,True
WBA_0000418801,wuchereria_bancrofti_prjeb536,True
WBA_0000418901,wuchereria_bancrofti_prjeb536,True
WBA_0000419001,wuchereria_bancrofti_prjeb536,True
WBA_0000419101,wuchereria_bancrofti_prjeb536,True
WBA_0000419201,wuchereria_bancrofti_prjeb536,True
WBA_0000419301,wuchereria_bancrofti_prjeb536,True
WBA_0000419401,wuchereria_bancrofti_prjeb536,True
WBA_0000419501,wuchereria_bancrofti_prjeb536,True
WBA_0000419601,wuchereria_bancrofti_prjeb536,True
WBA_0000419701,wuchereria_bancrofti_prjeb536,False
WBA_0000419801,wuchereria_bancrofti_prjeb536,True
WBA_0000419901,wuchereria_bancrofti_prjeb536,True
WBA_0000420001,wuchereria_bancrofti_prjeb536,True
WBA_0000420101,wuchereria_bancrofti_prjeb536,True
WBA_0000420201,wuchereria_bancrofti_prjeb536,False
WBA_0000420301,wuchereria_bancrofti_prjeb536,True
WBA_0000420401,wuchereria_bancrofti_prjeb536,True
WBA_0000420501,wuchereria_bancrofti_prjeb536,True
WBA_0000420601,wuchereria_bancrofti_prjeb536,True
WBA_0000420701,wuchereria_bancrofti_prjeb536,True
WBA_0000420801,wuchereria_bancrofti_prjeb536,True
WBA_0000420901,wuchereria_bancrofti_prjeb536,True
WBA_0000421001,wuchereria_bancrofti_prjeb536,True
WBA_0000421101,wuchereria_bancrofti_prjeb536,True
WBA_0000421201,wuchereria_bancrofti_prjeb536,True
WBA_0000421301,wuchereria_bancrofti_prjeb536,True
WBA_0000421401,wuchereria_bancrofti_prjeb536,True
WBA_0000421501,wuchereria_bancrofti_prjeb536,True
WBA_0000421601,wuchereria_bancrofti_prjeb536,True
WBA_0000421701,wuchereria_bancrofti_prjeb536,True
WBA_0000421801,wuchereria_bancrofti_prjeb536,False
WBA_0000421901,wuchereria_bancrofti_prjeb536,False
WBA_0000422001,wuchereria_bancrofti_prjeb536,True
WBA_0000422101,wuchereria_bancrofti_prjeb536,False
WBA_0000422201,wuchereria_bancrofti_prjeb536,True
WBA_0000422301,wuchereria_bancrofti_prjeb536,True
WBA_0000422401,wuchereria_bancrofti_prjeb536,True
WBA_0000422501,wuchereria_bancrofti_prjeb536,False
WBA_0000422601,wuchereria_bancrofti_prjeb536,True
WBA_0000422701,wuchereria_bancrofti_prjeb536,True
WBA_0000422801,wuchereria_bancrofti_prjeb536,True
WBA_0000422901,wuchereria_bancrofti_prjeb536,True
WBA_0000423001,wuchereria_bancrofti_prjeb536,True
WBA_0000423101,wuchereria_bancrofti_prjeb536,True
WBA_0000423201,wuchereria_bancrofti_prjeb536,True
WBA_0000423301,wuchereria_bancrofti_prjeb536,True
WBA_0000423401,wuchereria_bancrofti_prjeb536,True
WBA_0000423501,wuchereria_bancrofti_prjeb536,True
WBA_0000423601,wuchereria_bancrofti_prjeb536,True
WBA_0000423701,wuchereria_bancrofti_prjeb536,True
WBA_0000423801,wuchereria_bancrofti_prjeb536,True
WBA_0000423901,wuchereria_bancrofti_prjeb536,True
WBA_0000424001,wuchereria_bancrofti_prjeb536,True
WBA_0000424101,wuchereria_bancrofti_prjeb536,True
WBA_0000424201,wuchereria_bancrofti_prjeb536,True
WBA_0000424301,wuchereria_bancrofti_prjeb536,True
WBA_0000424401,wuchereria_bancrofti_prjeb536,True
WBA_0000424501,wuchereria_bancrofti_prjeb536,False
WBA_0000424601,wuchereria_bancrofti_prjeb536,True
WBA_0000424701,wuchereria_bancrofti_prjeb536,True
WBA_0000424801,wuchereria_bancrofti_prjeb536,True
WBA_0000424901,wuchereria_bancrofti_prjeb536,True
WBA_0000425001,wuchereria_bancrofti_prjeb536,True
WBA_0000425101,wuchereria_bancrofti_prjeb536,True
WBA_0000425201,wuchereria_bancrofti_prjeb536,True
WBA_0000425301,wuchereria_bancrofti_prjeb536,True
WBA_0000425401,wuchereria_bancrofti_prjeb536,True
WBA_0000425501,wuchereria_bancrofti_prjeb536,True
WBA_0000425601,wuchereria_bancrofti_prjeb536,True
WBA_0000425701,wuchereria_bancrofti_prjeb536,True
WBA_0000425801,wuchereria_bancrofti_prjeb536,True
WBA_0000425901,wuchereria_bancrofti_prjeb536,True
WBA_0000426001,wuchereria_bancrofti_prjeb536,True
WBA_0000426101,wuchereria_bancrofti_prjeb536,True
WBA_0000426201,wuchereria_bancrofti_prjeb536,True
WBA_0000426301,wuchereria_bancrofti_prjeb536,True
WBA_0000426401,wuchereria_bancrofti_prjeb536,True
WBA_0000426501,wuchereria_bancrofti_prjeb536,True
WBA_0000426601,wuchereria_bancrofti_prjeb536,True
WBA_0000426701,wuchereria_bancrofti_prjeb536,True
WBA_0000426801,wuchereria_bancrofti_prjeb536,True
WBA_0000426901,wuchereria_bancrofti_prjeb536,True
WBA_0000427001,wuchereria_bancrofti_prjeb536,True
WBA_0000427101,wuchereria_bancrofti_prjeb536,False
WBA_0000427201,wuchereria_bancrofti_prjeb536,False
WBA_0000427301,wuchereria_bancrofti_prjeb536,True
WBA_0000427401,wuchereria_bancrofti_prjeb536,True
WBA_0000427501,wuchereria_bancrofti_prjeb536,True
WBA_0000427601,wuchereria_bancrofti_prjeb536,False
WBA_0000427701,wuchereria_bancrofti_prjeb536,True
WBA_0000427801,wuchereria_bancrofti_prjeb536,False
WBA_0000427901,wuchereria_bancrofti_prjeb536,False
WBA_0000428001,wuchereria_bancrofti_prjeb536,True
WBA_0000428101,wuchereria_bancrofti_prjeb536,True
WBA_0000428201,wuchereria_bancrofti_prjeb536,True
WBA_0000428301,wuchereria_bancrofti_prjeb536,True
WBA_0000428401,wuchereria_bancrofti_prjeb536,True
WBA_0000428501,wuchereria_bancrofti_prjeb536,True
WBA_0000428601,wuchereria_bancrofti_prjeb536,True
WBA_0000428701,wuchereria_bancrofti_prjeb536,False
WBA_0000428801,wuchereria_bancrofti_prjeb536,True
WBA_0000428901,wuchereria_bancrofti_prjeb536,True
WBA_0000429001,wuchereria_bancrofti_prjeb536,True
WBA_0000429101,wuchereria_bancrofti_prjeb536,True
WBA_0000429201,wuchereria_bancrofti_prjeb536,False
WBA_0000429301,wuchereria_bancrofti_prjeb536,True
WBA_0000429401,wuchereria_bancrofti_prjeb536,True
WBA_0000429501,wuchereria_bancrofti_prjeb536,True
WBA_0000429601,wuchereria_bancrofti_prjeb536,True
WBA_0000429701,wuchereria_bancrofti_prjeb536,True
WBA_0000429801,wuchereria_bancrofti_prjeb536,True
WBA_0000429901,wuchereria_bancrofti_prjeb536,True
WBA_0000430001,wuchereria_bancrofti_prjeb536,True
WBA_0000430101,wuchereria_bancrofti_prjeb536,True
WBA_0000430201,wuchereria_bancrofti_prjeb536,True
WBA_0000430301,wuchereria_bancrofti_prjeb536,True
WBA_0000430401,wuchereria_bancrofti_prjeb536,True
WBA_0000430501,wuchereria_bancrofti_prjeb536,False
WBA_0000430601,wuchereria_bancrofti_prjeb536,True
WBA_0000430701,wuchereria_bancrofti_prjeb536,False
WBA_0000430801,wuchereria_bancrofti_prjeb536,True
WBA_0000430901,wuchereria_bancrofti_prjeb536,False
WBA_0000431001,wuchereria_bancrofti_prjeb536,True
WBA_0000431101,wuchereria_bancrofti_prjeb536,True
WBA_0000431201,wuchereria_bancrofti_prjeb536,True
WBA_0000431301,wuchereria_bancrofti_prjeb536,True
WBA_0000431401,wuchereria_bancrofti_prjeb536,True
WBA_0000431501,wuchereria_bancrofti_prjeb536,True
WBA_0000431601,wuchereria_bancrofti_prjeb536,True
WBA_0000431701,wuchereria_bancrofti_prjeb536,True
WBA_0000431801,wuchereria_bancrofti_prjeb536,False
WBA_0000431901,wuchereria_bancrofti_prjeb536,True
WBA_0000432001,wuchereria_bancrofti_prjeb536,True
WBA_0000432101,wuchereria_bancrofti_prjeb536,True
WBA_0000432201,wuchereria_bancrofti_prjeb536,True
WBA_0000432301,wuchereria_bancrofti_prjeb536,True
WBA_0000432401,wuchereria_bancrofti_prjeb536,True
WBA_0000432501,wuchereria_bancrofti_prjeb536,True
WBA_0000432601,wuchereria_bancrofti_prjeb536,False
WBA_0000432701,wuchereria_bancrofti_prjeb536,True
WBA_0000432801,wuchereria_bancrofti_prjeb536,True
WBA_0000432901,wuchereria_bancrofti_prjeb536,True
WBA_0000433001,wuchereria_bancrofti_prjeb536,True
WBA_0000433101,wuchereria_bancrofti_prjeb536,True
WBA_0000433201,wuchereria_bancrofti_prjeb536,True
WBA_0000433301,wuchereria_bancrofti_prjeb536,True
WBA_0000433401,wuchereria_bancrofti_prjeb536,True
WBA_0000433501,wuchereria_bancrofti_prjeb536,True
WBA_0000433601,wuchereria_bancrofti_prjeb536,True
WBA_0000433701,wuchereria_bancrofti_prjeb536,False
WBA_0000433801,wuchereria_bancrofti_prjeb536,True
WBA_0000433901,wuchereria_bancrofti_prjeb536,True
WBA_0000434001,wuchereria_bancrofti_prjeb536,True
WBA_0000434101,wuchereria_bancrofti_prjeb536,True
WBA_0000434201,wuchereria_bancrofti_prjeb536,True
WBA_0000434301,wuchereria_bancrofti_prjeb536,True
WBA_0000434401,wuchereria_bancrofti_prjeb536,True
WBA_0000434501,wuchereria_bancrofti_prjeb536,True
WBA_0000434601,wuchereria_bancrofti_prjeb536,True
WBA_0000434701,wuchereria_bancrofti_prjeb536,True
WBA_0000434801,wuchereria_bancrofti_prjeb536,True
WBA_0000434901,wuchereria_bancrofti_prjeb536,False
WBA_0000435001,wuchereria_bancrofti_prjeb536,True
WBA_0000435101,wuchereria_bancrofti_prjeb536,True
WBA_0000435201,wuchereria_bancrofti_prjeb536,True
WBA_0000435301,wuchereria_bancrofti_prjeb536,True
WBA_0000435401,wuchereria_bancrofti_prjeb536,True
WBA_0000435501,wuchereria_bancrofti_prjeb536,True
WBA_0000435601,wuchereria_bancrofti_prjeb536,True
WBA_0000435701,wuchereria_bancrofti_prjeb536,True
WBA_0000435801,wuchereria_bancrofti_prjeb536,True
WBA_0000435901,wuchereria_bancrofti_prjeb536,True
WBA_0000436001,wuchereria_bancrofti_prjeb536,True
WBA_0000436101,wuchereria_bancrofti_prjeb536,True
WBA_0000436201,wuchereria_bancrofti_prjeb536,True
WBA_0000436301,wuchereria_bancrofti_prjeb536,False
WBA_0000436401,wuchereria_bancrofti_prjeb536,True
WBA_0000436501,wuchereria_bancrofti_prjeb536,True
WBA_0000436601,wuchereria_bancrofti_prjeb536,True
WBA_0000436701,wuchereria_bancrofti_prjeb536,False
WBA_0000436801,wuchereria_bancrofti_prjeb536,True
WBA_0000436901,wuchereria_bancrofti_prjeb536,False
WBA_0000437001,wuchereria_bancrofti_prjeb536,False
WBA_0000437101,wuchereria_bancrofti_prjeb536,True
WBA_0000437201,wuchereria_bancrofti_prjeb536,True
WBA_0000437301,wuchereria_bancrofti_prjeb536,True
WBA_0000437401,wuchereria_bancrofti_prjeb536,True
WBA_0000437501,wuchereria_bancrofti_prjeb536,True
WBA_0000437601,wuchereria_bancrofti_prjeb536,True
WBA_0000437701,wuchereria_bancrofti_prjeb536,True
WBA_0000437801,wuchereria_bancrofti_prjeb536,True
WBA_0000437901,wuchereria_bancrofti_prjeb536,True
WBA_0000438001,wuchereria_bancrofti_prjeb536,False
WBA_0000438101,wuchereria_bancrofti_prjeb536,True
WBA_0000438201,wuchereria_bancrofti_prjeb536,True
WBA_0000438301,wuchereria_bancrofti_prjeb536,False
WBA_0000438401,wuchereria_bancrofti_prjeb536,True
WBA_0000438501,wuchereria_bancrofti_prjeb536,True
WBA_0000438601,wuchereria_bancrofti_prjeb536,True
WBA_0000438701,wuchereria_bancrofti_prjeb536,True
WBA_0000438801,wuchereria_bancrofti_prjeb536,True
WBA_0000438901,wuchereria_bancrofti_prjeb536,False
WBA_0000439001,wuchereria_bancrofti_prjeb536,False
WBA_0000439101,wuchereria_bancrofti_prjeb536,True
WBA_0000439201,wuchereria_bancrofti_prjeb536,True
WBA_0000439301,wuchereria_bancrofti_prjeb536,True
WBA_0000439401,wuchereria_bancrofti_prjeb536,True
WBA_0000439501,wuchereria_bancrofti_prjeb536,True
WBA_0000439601,wuchereria_bancrofti_prjeb536,True
WBA_0000439701,wuchereria_bancrofti_prjeb536,False
WBA_0000439801,wuchereria_bancrofti_prjeb536,False
WBA_0000439901,wuchereria_bancrofti_prjeb536,True
WBA_0000440001,wuchereria_bancrofti_prjeb536,True
WBA_0000440101,wuchereria_bancrofti_prjeb536,True
WBA_0000440201,wuchereria_bancrofti_prjeb536,False
WBA_0000440301,wuchereria_bancrofti_prjeb536,True
WBA_0000440401,wuchereria_bancrofti_prjeb536,True
WBA_0000440501,wuchereria_bancrofti_prjeb536,True
WBA_0000440601,wuchereria_bancrofti_prjeb536,False
WBA_0000440701,wuchereria_bancrofti_prjeb536,True
WBA_0000440801,wuchereria_bancrofti_prjeb536,False
WBA_0000440901,wuchereria_bancrofti_prjeb536,True
WBA_0000441001,wuchereria_bancrofti_prjeb536,True
WBA_0000441101,wuchereria_bancrofti_prjeb536,True
WBA_0000441201,wuchereria_bancrofti_prjeb536,True
WBA_0000441301,wuchereria_bancrofti_prjeb536,True
WBA_0000441401,wuchereria_bancrofti_prjeb536,True
WBA_0000441501,wuchereria_bancrofti_prjeb536,True
WBA_0000441601,wuchereria_bancrofti_prjeb536,True
WBA_0000441701,wuchereria_bancrofti_prjeb536,False
WBA_0000441801,wuchereria_bancrofti_prjeb536,True
WBA_0000441901,wuchereria_bancrofti_prjeb536,True
WBA_0000442001,wuchereria_bancrofti_prjeb536,True
WBA_0000442101,wuchereria_bancrofti_prjeb536,True
WBA_0000442201,wuchereria_bancrofti_prjeb536,True
WBA_0000442301,wuchereria_bancrofti_prjeb536,True
WBA_0000442401,wuchereria_bancrofti_prjeb536,True
WBA_0000442501,wuchereria_bancrofti_prjeb536,True
WBA_0000442601,wuchereria_bancrofti_prjeb536,True
WBA_0000442701,wuchereria_bancrofti_prjeb536,True
WBA_0000442801,wuchereria_bancrofti_prjeb536,False
WBA_0000442901,wuchereria_bancrofti_prjeb536,False
WBA_0000443001,wuchereria_bancrofti_prjeb536,True
WBA_0000443101,wuchereria_bancrofti_prjeb536,True
WBA_0000443201,wuchereria_bancrofti_prjeb536,True
WBA_0000443301,wuchereria_bancrofti_prjeb536,True
WBA_0000443401,wuchereria_bancrofti_prjeb536,True
WBA_0000443501,wuchereria_bancrofti_prjeb536,True
WBA_0000443601,wuchereria_bancrofti_prjeb536,True
WBA_0000443701,wuchereria_bancrofti_prjeb536,False
WBA_0000443801,wuchereria_bancrofti_prjeb536,True
WBA_0000443901,wuchereria_bancrofti_prjeb536,True
WBA_0000444001,wuchereria_bancrofti_prjeb536,True
WBA_0000444101,wuchereria_bancrofti_prjeb536,True
WBA_0000444201,wuchereria_bancrofti_prjeb536,True
WBA_0000444301,wuchereria_bancrofti_prjeb536,True
WBA_0000444401,wuchereria_bancrofti_prjeb536,True
WBA_0000444501,wuchereria_bancrofti_prjeb536,True
WBA_0000444601,wuchereria_bancrofti_prjeb536,True
WBA_0000444701,wuchereria_bancrofti_prjeb536,False
WBA_0000444801,wuchereria_bancrofti_prjeb536,True
WBA_0000444901,wuchereria_bancrofti_prjeb536,True
WBA_0000445001,wuchereria_bancrofti_prjeb536,True
WBA_0000445101,wuchereria_bancrofti_prjeb536,True
WBA_0000445201,wuchereria_bancrofti_prjeb536,True
WBA_0000445301,wuchereria_bancrofti_prjeb536,True
WBA_0000445401,wuchereria_bancrofti_prjeb536,True
WBA_0000445501,wuchereria_bancrofti_prjeb536,True
WBA_0000445601,wuchereria_bancrofti_prjeb536,True
WBA_0000445701,wuchereria_bancrofti_prjeb536,True
WBA_0000445801,wuchereria_bancrofti_prjeb536,True
WBA_0000445901,wuchereria_bancrofti_prjeb536,True
WBA_0000446001,wuchereria_bancrofti_prjeb536,True
WBA_0000446101,wuchereria_bancrofti_prjeb536,False
WBA_0000446201,wuchereria_bancrofti_prjeb536,True
WBA_0000446301,wuchereria_bancrofti_prjeb536,True
WBA_0000446401,wuchereria_bancrofti_prjeb536,True
WBA_0000446501,wuchereria_bancrofti_prjeb536,True
WBA_0000446601,wuchereria_bancrofti_prjeb536,True
WBA_0000446701,wuchereria_bancrofti_prjeb536,True
WBA_0000446801,wuchereria_bancrofti_prjeb536,True
WBA_0000446901,wuchereria_bancrofti_prjeb536,True
WBA_0000447001,wuchereria_bancrofti_prjeb536,True
WBA_0000447101,wuchereria_bancrofti_prjeb536,True
WBA_0000447201,wuchereria_bancrofti_prjeb536,True
WBA_0000447301,wuchereria_bancrofti_prjeb536,True
WBA_0000447401,wuchereria_bancrofti_prjeb536,True
WBA_0000447501,wuchereria_bancrofti_prjeb536,True
WBA_0000447601,wuchereria_bancrofti_prjeb536,True
WBA_0000447701,wuchereria_bancrofti_prjeb536,True
WBA_0000447801,wuchereria_bancrofti_prjeb536,True
WBA_0000447901,wuchereria_bancrofti_prjeb536,True
WBA_0000448001,wuchereria_bancrofti_prjeb536,True
WBA_0000448101,wuchereria_bancrofti_prjeb536,True
WBA_0000448201,wuchereria_bancrofti_prjeb536,True
WBA_0000448301,wuchereria_bancrofti_prjeb536,True
WBA_0000448401,wuchereria_bancrofti_prjeb536,True
WBA_0000448501,wuchereria_bancrofti_prjeb536,True
WBA_0000448601,wuchereria_bancrofti_prjeb536,True
WBA_0000448701,wuchereria_bancrofti_prjeb536,True
WBA_0000448801,wuchereria_bancrofti_prjeb536,True
WBA_0000448901,wuchereria_bancrofti_prjeb536,True
WBA_0000449001,wuchereria_bancrofti_prjeb536,True
WBA_0000449101,wuchereria_bancrofti_prjeb536,True
WBA_0000449201,wuchereria_bancrofti_prjeb536,True
WBA_0000449301,wuchereria_bancrofti_prjeb536,True
WBA_0000449401,wuchereria_bancrofti_prjeb536,True
WBA_0000449501,wuchereria_bancrofti_prjeb536,True
WBA_0000449601,wuchereria_bancrofti_prjeb536,True
WBA_0000449701,wuchereria_bancrofti_prjeb536,True
WBA_0000449801,wuchereria_bancrofti_prjeb536,True
WBA_0000449901,wuchereria_bancrofti_prjeb536,True
WBA_0000450001,wuchereria_bancrofti_prjeb536,True
WBA_0000450101,wuchereria_bancrofti_prjeb536,True
WBA_0000450201,wuchereria_bancrofti_prjeb536,True
WBA_0000450301,wuchereria_bancrofti_prjeb536,True
WBA_0000450401,wuchereria_bancrofti_prjeb536,True
WBA_0000450501,wuchereria_bancrofti_prjeb536,True
WBA_0000450601,wuchereria_bancrofti_prjeb536,True
WBA_0000450701,wuchereria_bancrofti_prjeb536,True
WBA_0000450801,wuchereria_bancrofti_prjeb536,True
WBA_0000450901,wuchereria_bancrofti_prjeb536,True
WBA_0000451001,wuchereria_bancrofti_prjeb536,True
WBA_0000451101,wuchereria_bancrofti_prjeb536,False
WBA_0000451201,wuchereria_bancrofti_prjeb536,False
WBA_0000451301,wuchereria_bancrofti_prjeb536,False
WBA_0000451401,wuchereria_bancrofti_prjeb536,True
WBA_0000451501,wuchereria_bancrofti_prjeb536,True
WBA_0000451601,wuchereria_bancrofti_prjeb536,True
WBA_0000451701,wuchereria_bancrofti_prjeb536,True
WBA_0000451801,wuchereria_bancrofti_prjeb536,True
WBA_0000451901,wuchereria_bancrofti_prjeb536,True
WBA_0000452001,wuchereria_bancrofti_prjeb536,False
WBA_0000452101,wuchereria_bancrofti_prjeb536,True
WBA_0000452201,wuchereria_bancrofti_prjeb536,True
WBA_0000452301,wuchereria_bancrofti_prjeb536,True
WBA_0000452401,wuchereria_bancrofti_prjeb536,True
WBA_0000452501,wuchereria_bancrofti_prjeb536,True
WBA_0000452601,wuchereria_bancrofti_prjeb536,True
WBA_0000452701,wuchereria_bancrofti_prjeb536,True
WBA_0000452801,wuchereria_bancrofti_prjeb536,True
WBA_0000452901,wuchereria_bancrofti_prjeb536,True
WBA_0000453001,wuchereria_bancrofti_prjeb536,False
WBA_0000453101,wuchereria_bancrofti_prjeb536,False
WBA_0000453201,wuchereria_bancrofti_prjeb536,True
WBA_0000453301,wuchereria_bancrofti_prjeb536,True
WBA_0000453401,wuchereria_bancrofti_prjeb536,False
WBA_0000453501,wuchereria_bancrofti_prjeb536,True
WBA_0000453601,wuchereria_bancrofti_prjeb536,True
WBA_0000453701,wuchereria_bancrofti_prjeb536,True
WBA_0000453801,wuchereria_bancrofti_prjeb536,True
WBA_0000453901,wuchereria_bancrofti_prjeb536,True
WBA_0000454001,wuchereria_bancrofti_prjeb536,True
WBA_0000454101,wuchereria_bancrofti_prjeb536,True
WBA_0000454201,wuchereria_bancrofti_prjeb536,True
WBA_0000454301,wuchereria_bancrofti_prjeb536,True
WBA_0000454401,wuchereria_bancrofti_prjeb536,True
WBA_0000454501,wuchereria_bancrofti_prjeb536,True
WBA_0000454601,wuchereria_bancrofti_prjeb536,True
WBA_0000454701,wuchereria_bancrofti_prjeb536,False
WBA_0000454801,wuchereria_bancrofti_prjeb536,True
WBA_0000454901,wuchereria_bancrofti_prjeb536,True
WBA_0000455001,wuchereria_bancrofti_prjeb536,True
WBA_0000455101,wuchereria_bancrofti_prjeb536,False
WBA_0000455201,wuchereria_bancrofti_prjeb536,False
WBA_0000455301,wuchereria_bancrofti_prjeb536,True
WBA_0000455401,wuchereria_bancrofti_prjeb536,True
WBA_0000455501,wuchereria_bancrofti_prjeb536,True
WBA_0000455601,wuchereria_bancrofti_prjeb536,True
WBA_0000455701,wuchereria_bancrofti_prjeb536,True
WBA_0000455801,wuchereria_bancrofti_prjeb536,True
WBA_0000455901,wuchereria_bancrofti_prjeb536,True
WBA_0000456001,wuchereria_bancrofti_prjeb536,True
WBA_0000456101,wuchereria_bancrofti_prjeb536,True
WBA_0000456201,wuchereria_bancrofti_prjeb536,True
WBA_0000456301,wuchereria_bancrofti_prjeb536,True
WBA_0000456401,wuchereria_bancrofti_prjeb536,True
WBA_0000456501,wuchereria_bancrofti_prjeb536,True
WBA_0000456601,wuchereria_bancrofti_prjeb536,True
WBA_0000456701,wuchereria_bancrofti_prjeb536,True
WBA_0000456801,wuchereria_bancrofti_prjeb536,True
WBA_0000456901,wuchereria_bancrofti_prjeb536,True
WBA_0000457001,wuchereria_bancrofti_prjeb536,True
WBA_0000457101,wuchereria_bancrofti_prjeb536,False
WBA_0000457201,wuchereria_bancrofti_prjeb536,True
WBA_0000457301,wuchereria_bancrofti_prjeb536,True
WBA_0000457401,wuchereria_bancrofti_prjeb536,False
WBA_0000457501,wuchereria_bancrofti_prjeb536,False
WBA_0000457601,wuchereria_bancrofti_prjeb536,True
WBA_0000457701,wuchereria_bancrofti_prjeb536,False
WBA_0000457801,wuchereria_bancrofti_prjeb536,True
WBA_0000457901,wuchereria_bancrofti_prjeb536,True
WBA_0000458001,wuchereria_bancrofti_prjeb536,True
WBA_0000458101,wuchereria_bancrofti_prjeb536,True
WBA_0000458201,wuchereria_bancrofti_prjeb536,True
WBA_0000458301,wuchereria_bancrofti_prjeb536,True
WBA_0000458401,wuchereria_bancrofti_prjeb536,True
WBA_0000458501,wuchereria_bancrofti_prjeb536,True
WBA_0000458601,wuchereria_bancrofti_prjeb536,True
WBA_0000458701,wuchereria_bancrofti_prjeb536,True
WBA_0000458801,wuchereria_bancrofti_prjeb536,False
WBA_0000458901,wuchereria_bancrofti_prjeb536,True
WBA_0000459001,wuchereria_bancrofti_prjeb536,True
WBA_0000459101,wuchereria_bancrofti_prjeb536,True
WBA_0000459201,wuchereria_bancrofti_prjeb536,True
WBA_0000459301,wuchereria_bancrofti_prjeb536,True
WBA_0000459401,wuchereria_bancrofti_prjeb536,True
WBA_0000459501,wuchereria_bancrofti_prjeb536,True
WBA_0000459601,wuchereria_bancrofti_prjeb536,True
WBA_0000459701,wuchereria_bancrofti_prjeb536,True
WBA_0000459801,wuchereria_bancrofti_prjeb536,True
WBA_0000459901,wuchereria_bancrofti_prjeb536,True
WBA_0000460001,wuchereria_bancrofti_prjeb536,True
WBA_0000460101,wuchereria_bancrofti_prjeb536,True
WBA_0000460201,wuchereria_bancrofti_prjeb536,True
WBA_0000460301,wuchereria_bancrofti_prjeb536,True
WBA_0000460401,wuchereria_bancrofti_prjeb536,True
WBA_0000460501,wuchereria_bancrofti_prjeb536,True
WBA_0000460601,wuchereria_bancrofti_prjeb536,True
WBA_0000460701,wuchereria_bancrofti_prjeb536,False
WBA_0000460801,wuchereria_bancrofti_prjeb536,True
WBA_0000460901,wuchereria_bancrofti_prjeb536,True
WBA_0000461001,wuchereria_bancrofti_prjeb536,False
WBA_0000461101,wuchereria_bancrofti_prjeb536,True
WBA_0000461201,wuchereria_bancrofti_prjeb536,True
WBA_0000461301,wuchereria_bancrofti_prjeb536,True
WBA_0000461401,wuchereria_bancrofti_prjeb536,True
WBA_0000461501,wuchereria_bancrofti_prjeb536,False
WBA_0000461601,wuchereria_bancrofti_prjeb536,True
WBA_0000461701,wuchereria_bancrofti_prjeb536,True
WBA_0000461801,wuchereria_bancrofti_prjeb536,True
WBA_0000461901,wuchereria_bancrofti_prjeb536,True
WBA_0000462001,wuchereria_bancrofti_prjeb536,True
WBA_0000462101,wuchereria_bancrofti_prjeb536,True
WBA_0000462201,wuchereria_bancrofti_prjeb536,True
WBA_0000462301,wuchereria_bancrofti_prjeb536,True
WBA_0000462401,wuchereria_bancrofti_prjeb536,True
WBA_0000462501,wuchereria_bancrofti_prjeb536,False
WBA_0000462601,wuchereria_bancrofti_prjeb536,True
WBA_0000462701,wuchereria_bancrofti_prjeb536,True
WBA_0000462801,wuchereria_bancrofti_prjeb536,True
WBA_0000462901,wuchereria_bancrofti_prjeb536,True
WBA_0000463001,wuchereria_bancrofti_prjeb536,True
WBA_0000463101,wuchereria_bancrofti_prjeb536,False
WBA_0000463201,wuchereria_bancrofti_prjeb536,True
WBA_0000463301,wuchereria_bancrofti_prjeb536,False
WBA_0000463401,wuchereria_bancrofti_prjeb536,True
WBA_0000463501,wuchereria_bancrofti_prjeb536,True
WBA_0000463601,wuchereria_bancrofti_prjeb536,True
WBA_0000463701,wuchereria_bancrofti_prjeb536,True
WBA_0000463801,wuchereria_bancrofti_prjeb536,True
WBA_0000463901,wuchereria_bancrofti_prjeb536,True
WBA_0000464001,wuchereria_bancrofti_prjeb536,True
WBA_0000464101,wuchereria_bancrofti_prjeb536,True
WBA_0000464201,wuchereria_bancrofti_prjeb536,False
WBA_0000464301,wuchereria_bancrofti_prjeb536,True
WBA_0000464401,wuchereria_bancrofti_prjeb536,True
WBA_0000464501,wuchereria_bancrofti_prjeb536,True
WBA_0000464601,wuchereria_bancrofti_prjeb536,True
WBA_0000464701,wuchereria_bancrofti_prjeb536,True
WBA_0000464801,wuchereria_bancrofti_prjeb536,True
WBA_0000464901,wuchereria_bancrofti_prjeb536,False
WBA_0000465001,wuchereria_bancrofti_prjeb536,True
WBA_0000465101,wuchereria_bancrofti_prjeb536,True
WBA_0000465201,wuchereria_bancrofti_prjeb536,True
WBA_0000465301,wuchereria_bancrofti_prjeb536,True
WBA_0000465401,wuchereria_bancrofti_prjeb536,False
WBA_0000465501,wuchereria_bancrofti_prjeb536,False
WBA_0000465601,wuchereria_bancrofti_prjeb536,True
WBA_0000465701,wuchereria_bancrofti_prjeb536,True
WBA_0000465801,wuchereria_bancrofti_prjeb536,True
WBA_0000465901,wuchereria_bancrofti_prjeb536,True
WBA_0000466001,wuchereria_bancrofti_prjeb536,True
WBA_0000466101,wuchereria_bancrofti_prjeb536,True
WBA_0000466201,wuchereria_bancrofti_prjeb536,False
WBA_0000466301,wuchereria_bancrofti_prjeb536,True
WBA_0000466401,wuchereria_bancrofti_prjeb536,True
WBA_0000466501,wuchereria_bancrofti_prjeb536,True
WBA_0000466601,wuchereria_bancrofti_prjeb536,False
WBA_0000466701,wuchereria_bancrofti_prjeb536,True
WBA_0000466801,wuchereria_bancrofti_prjeb536,True
WBA_0000466901,wuchereria_bancrofti_prjeb536,True
WBA_0000467001,wuchereria_bancrofti_prjeb536,True
WBA_0000467101,wuchereria_bancrofti_prjeb536,False
WBA_0000467201,wuchereria_bancrofti_prjeb536,False
WBA_0000467301,wuchereria_bancrofti_prjeb536,True
WBA_0000467401,wuchereria_bancrofti_prjeb536,True
WBA_0000467501,wuchereria_bancrofti_prjeb536,True
WBA_0000467601,wuchereria_bancrofti_prjeb536,True
WBA_0000467701,wuchereria_bancrofti_prjeb536,True
WBA_0000467801,wuchereria_bancrofti_prjeb536,True
WBA_0000467901,wuchereria_bancrofti_prjeb536,True
WBA_0000468001,wuchereria_bancrofti_prjeb536,True
WBA_0000468101,wuchereria_bancrofti_prjeb536,False
WBA_0000468201,wuchereria_bancrofti_prjeb536,True
WBA_0000468301,wuchereria_bancrofti_prjeb536,True
WBA_0000468401,wuchereria_bancrofti_prjeb536,True
WBA_0000468501,wuchereria_bancrofti_prjeb536,True
WBA_0000468601,wuchereria_bancrofti_prjeb536,True
WBA_0000468701,wuchereria_bancrofti_prjeb536,True
WBA_0000468801,wuchereria_bancrofti_prjeb536,True
WBA_0000468901,wuchereria_bancrofti_prjeb536,True
WBA_0000469001,wuchereria_bancrofti_prjeb536,True
WBA_0000469101,wuchereria_bancrofti_prjeb536,True
WBA_0000469201,wuchereria_bancrofti_prjeb536,True
WBA_0000469301,wuchereria_bancrofti_prjeb536,True
WBA_0000469401,wuchereria_bancrofti_prjeb536,True
WBA_0000469501,wuchereria_bancrofti_prjeb536,True
WBA_0000469601,wuchereria_bancrofti_prjeb536,False
WBA_0000469701,wuchereria_bancrofti_prjeb536,True
WBA_0000469801,wuchereria_bancrofti_prjeb536,True
WBA_0000469901,wuchereria_bancrofti_prjeb536,True
WBA_0000470001,wuchereria_bancrofti_prjeb536,True
WBA_0000470101,wuchereria_bancrofti_prjeb536,True
WBA_0000470201,wuchereria_bancrofti_prjeb536,True
WBA_0000470301,wuchereria_bancrofti_prjeb536,True
WBA_0000470401,wuchereria_bancrofti_prjeb536,False
WBA_0000470501,wuchereria_bancrofti_prjeb536,True
WBA_0000470601,wuchereria_bancrofti_prjeb536,True
WBA_0000470701,wuchereria_bancrofti_prjeb536,True
WBA_0000470801,wuchereria_bancrofti_prjeb536,True
WBA_0000470901,wuchereria_bancrofti_prjeb536,True
WBA_0000471001,wuchereria_bancrofti_prjeb536,True
WBA_0000471101,wuchereria_bancrofti_prjeb536,True
WBA_0000471201,wuchereria_bancrofti_prjeb536,False
WBA_0000471301,wuchereria_bancrofti_prjeb536,True
WBA_0000471401,wuchereria_bancrofti_prjeb536,False
WBA_0000471501,wuchereria_bancrofti_prjeb536,False
WBA_0000471601,wuchereria_bancrofti_prjeb536,True
WBA_0000471701,wuchereria_bancrofti_prjeb536,True
WBA_0000471801,wuchereria_bancrofti_prjeb536,True
WBA_0000471901,wuchereria_bancrofti_prjeb536,True
WBA_0000472001,wuchereria_bancrofti_prjeb536,False
WBA_0000472101,wuchereria_bancrofti_prjeb536,False
WBA_0000472201,wuchereria_bancrofti_prjeb536,False
WBA_0000472301,wuchereria_bancrofti_prjeb536,True
WBA_0000472401,wuchereria_bancrofti_prjeb536,True
WBA_0000472501,wuchereria_bancrofti_prjeb536,True
WBA_0000472601,wuchereria_bancrofti_prjeb536,True
WBA_0000472701,wuchereria_bancrofti_prjeb536,False
WBA_0000472801,wuchereria_bancrofti_prjeb536,True
WBA_0000472901,wuchereria_bancrofti_prjeb536,False
WBA_0000473001,wuchereria_bancrofti_prjeb536,True
WBA_0000473101,wuchereria_bancrofti_prjeb536,True
WBA_0000473201,wuchereria_bancrofti_prjeb536,True
WBA_0000473301,wuchereria_bancrofti_prjeb536,False
WBA_0000473401,wuchereria_bancrofti_prjeb536,True
WBA_0000473501,wuchereria_bancrofti_prjeb536,True
WBA_0000473601,wuchereria_bancrofti_prjeb536,True
WBA_0000473701,wuchereria_bancrofti_prjeb536,True
WBA_0000473801,wuchereria_bancrofti_prjeb536,True
WBA_0000473901,wuchereria_bancrofti_prjeb536,True
WBA_0000474001,wuchereria_bancrofti_prjeb536,True
WBA_0000474101,wuchereria_bancrofti_prjeb536,True
WBA_0000474201,wuchereria_bancrofti_prjeb536,True
WBA_0000474301,wuchereria_bancrofti_prjeb536,True
WBA_0000474401,wuchereria_bancrofti_prjeb536,True
WBA_0000474501,wuchereria_bancrofti_prjeb536,True
WBA_0000474601,wuchereria_bancrofti_prjeb536,True
WBA_0000474701,wuchereria_bancrofti_prjeb536,True
WBA_0000474801,wuchereria_bancrofti_prjeb536,True
WBA_0000474901,wuchereria_bancrofti_prjeb536,True
WBA_0000475001,wuchereria_bancrofti_prjeb536,True
WBA_0000475101,wuchereria_bancrofti_prjeb536,True
WBA_0000475201,wuchereria_bancrofti_prjeb536,True
WBA_0000475301,wuchereria_bancrofti_prjeb536,True
WBA_0000475401,wuchereria_bancrofti_prjeb536,True
WBA_0000475501,wuchereria_bancrofti_prjeb536,True
WBA_0000475601,wuchereria_bancrofti_prjeb536,True
WBA_0000475701,wuchereria_bancrofti_prjeb536,True
WBA_0000475801,wuchereria_bancrofti_prjeb536,True
WBA_0000475901,wuchereria_bancrofti_prjeb536,True
WBA_0000476001,wuchereria_bancrofti_prjeb536,True
WBA_0000476101,wuchereria_bancrofti_prjeb536,True
WBA_0000476201,wuchereria_bancrofti_prjeb536,True
WBA_0000476301,wuchereria_bancrofti_prjeb536,True
WBA_0000476401,wuchereria_bancrofti_prjeb536,True
WBA_0000476501,wuchereria_bancrofti_prjeb536,True
WBA_0000476601,wuchereria_bancrofti_prjeb536,False
WBA_0000476701,wuchereria_bancrofti_prjeb536,True
WBA_0000476801,wuchereria_bancrofti_prjeb536,False
WBA_0000476901,wuchereria_bancrofti_prjeb536,True
WBA_0000477001,wuchereria_bancrofti_prjeb536,True
WBA_0000477101,wuchereria_bancrofti_prjeb536,True
WBA_0000477201,wuchereria_bancrofti_prjeb536,True
WBA_0000477301,wuchereria_bancrofti_prjeb536,True
WBA_0000477401,wuchereria_bancrofti_prjeb536,False
WBA_0000477501,wuchereria_bancrofti_prjeb536,True
WBA_0000477601,wuchereria_bancrofti_prjeb536,True
WBA_0000477701,wuchereria_bancrofti_prjeb536,True
WBA_0000477801,wuchereria_bancrofti_prjeb536,True
WBA_0000477901,wuchereria_bancrofti_prjeb536,True
WBA_0000478001,wuchereria_bancrofti_prjeb536,True
WBA_0000478101,wuchereria_bancrofti_prjeb536,True
WBA_0000478201,wuchereria_bancrofti_prjeb536,True
WBA_0000478301,wuchereria_bancrofti_prjeb536,False
WBA_0000478401,wuchereria_bancrofti_prjeb536,True
WBA_0000478501,wuchereria_bancrofti_prjeb536,True
WBA_0000478601,wuchereria_bancrofti_prjeb536,True
WBA_0000478701,wuchereria_bancrofti_prjeb536,True
WBA_0000478801,wuchereria_bancrofti_prjeb536,True
WBA_0000478901,wuchereria_bancrofti_prjeb536,True
WBA_0000479001,wuchereria_bancrofti_prjeb536,True
WBA_0000479101,wuchereria_bancrofti_prjeb536,True
WBA_0000479201,wuchereria_bancrofti_prjeb536,True
WBA_0000479301,wuchereria_bancrofti_prjeb536,True
WBA_0000479401,wuchereria_bancrofti_prjeb536,True
WBA_0000479501,wuchereria_bancrofti_prjeb536,True
WBA_0000479601,wuchereria_bancrofti_prjeb536,False
WBA_0000479701,wuchereria_bancrofti_prjeb536,True
WBA_0000479801,wuchereria_bancrofti_prjeb536,True
WBA_0000479901,wuchereria_bancrofti_prjeb536,True
WBA_0000480001,wuchereria_bancrofti_prjeb536,True
WBA_0000480101,wuchereria_bancrofti_prjeb536,True
WBA_0000480201,wuchereria_bancrofti_prjeb536,True
WBA_0000480301,wuchereria_bancrofti_prjeb536,True
WBA_0000480401,wuchereria_bancrofti_prjeb536,False
WBA_0000480501,wuchereria_bancrofti_prjeb536,True
WBA_0000480601,wuchereria_bancrofti_prjeb536,True
WBA_0000480701,wuchereria_bancrofti_prjeb536,True
WBA_0000480801,wuchereria_bancrofti_prjeb536,True
WBA_0000480901,wuchereria_bancrofti_prjeb536,True
WBA_0000481001,wuchereria_bancrofti_prjeb536,True
WBA_0000481101,wuchereria_bancrofti_prjeb536,True
WBA_0000481201,wuchereria_bancrofti_prjeb536,True
WBA_0000481301,wuchereria_bancrofti_prjeb536,True
WBA_0000481401,wuchereria_bancrofti_prjeb536,True
WBA_0000481501,wuchereria_bancrofti_prjeb536,True
WBA_0000481601,wuchereria_bancrofti_prjeb536,True
WBA_0000481701,wuchereria_bancrofti_prjeb536,True
WBA_0000481801,wuchereria_bancrofti_prjeb536,True
WBA_0000481901,wuchereria_bancrofti_prjeb536,True
WBA_0000482001,wuchereria_bancrofti_prjeb536,False
WBA_0000482101,wuchereria_bancrofti_prjeb536,True
WBA_0000482201,wuchereria_bancrofti_prjeb536,False
WBA_0000482301,wuchereria_bancrofti_prjeb536,True
WBA_0000482401,wuchereria_bancrofti_prjeb536,True
WBA_0000482501,wuchereria_bancrofti_prjeb536,True
WBA_0000482601,wuchereria_bancrofti_prjeb536,False
WBA_0000482701,wuchereria_bancrofti_prjeb536,True
WBA_0000482801,wuchereria_bancrofti_prjeb536,True
WBA_0000482901,wuchereria_bancrofti_prjeb536,True
WBA_0000483001,wuchereria_bancrofti_prjeb536,False
WBA_0000483101,wuchereria_bancrofti_prjeb536,True
WBA_0000483201,wuchereria_bancrofti_prjeb536,False
WBA_0000483301,wuchereria_bancrofti_prjeb536,True
WBA_0000483401,wuchereria_bancrofti_prjeb536,True
WBA_0000483501,wuchereria_bancrofti_prjeb536,False
WBA_0000483601,wuchereria_bancrofti_prjeb536,True
WBA_0000483701,wuchereria_bancrofti_prjeb536,True
WBA_0000483801,wuchereria_bancrofti_prjeb536,True
WBA_0000483901,wuchereria_bancrofti_prjeb536,True
WBA_0000484001,wuchereria_bancrofti_prjeb536,True
WBA_0000484101,wuchereria_bancrofti_prjeb536,True
WBA_0000484201,wuchereria_bancrofti_prjeb536,True
WBA_0000484301,wuchereria_bancrofti_prjeb536,True
WBA_0000484401,wuchereria_bancrofti_prjeb536,True
WBA_0000484501,wuchereria_bancrofti_prjeb536,False
WBA_0000484601,wuchereria_bancrofti_prjeb536,False
WBA_0000484701,wuchereria_bancrofti_prjeb536,True
WBA_0000484801,wuchereria_bancrofti_prjeb536,False
WBA_0000484901,wuchereria_bancrofti_prjeb536,True
WBA_0000485001,wuchereria_bancrofti_prjeb536,False
WBA_0000485101,wuchereria_bancrofti_prjeb536,True
WBA_0000485201,wuchereria_bancrofti_prjeb536,True
WBA_0000485301,wuchereria_bancrofti_prjeb536,True
WBA_0000485401,wuchereria_bancrofti_prjeb536,True
WBA_0000485501,wuchereria_bancrofti_prjeb536,False
WBA_0000485601,wuchereria_bancrofti_prjeb536,True
WBA_0000485701,wuchereria_bancrofti_prjeb536,True
WBA_0000485801,wuchereria_bancrofti_prjeb536,False
WBA_0000485901,wuchereria_bancrofti_prjeb536,False
WBA_0000486001,wuchereria_bancrofti_prjeb536,True
WBA_0000486101,wuchereria_bancrofti_prjeb536,True
WBA_0000486201,wuchereria_bancrofti_prjeb536,True
WBA_0000486301,wuchereria_bancrofti_prjeb536,True
WBA_0000486401,wuchereria_bancrofti_prjeb536,True
WBA_0000486501,wuchereria_bancrofti_prjeb536,True
WBA_0000486601,wuchereria_bancrofti_prjeb536,True
WBA_0000486701,wuchereria_bancrofti_prjeb536,True
WBA_0000486801,wuchereria_bancrofti_prjeb536,True
WBA_0000486901,wuchereria_bancrofti_prjeb536,True
WBA_0000487001,wuchereria_bancrofti_prjeb536,True
WBA_0000487101,wuchereria_bancrofti_prjeb536,True
WBA_0000487201,wuchereria_bancrofti_prjeb536,True
WBA_0000487301,wuchereria_bancrofti_prjeb536,True
WBA_0000487401,wuchereria_bancrofti_prjeb536,True
WBA_0000487501,wuchereria_bancrofti_prjeb536,True
WBA_0000487601,wuchereria_bancrofti_prjeb536,True
WBA_0000487701,wuchereria_bancrofti_prjeb536,True
WBA_0000487801,wuchereria_bancrofti_prjeb536,True
WBA_0000487901,wuchereria_bancrofti_prjeb536,False
WBA_0000488001,wuchereria_bancrofti_prjeb536,True
WBA_0000488101,wuchereria_bancrofti_prjeb536,True
WBA_0000488201,wuchereria_bancrofti_prjeb536,True
WBA_0000488301,wuchereria_bancrofti_prjeb536,True
WBA_0000488401,wuchereria_bancrofti_prjeb536,True
WBA_0000488501,wuchereria_bancrofti_prjeb536,True
WBA_0000488601,wuchereria_bancrofti_prjeb536,True
WBA_0000488701,wuchereria_bancrofti_prjeb536,True
WBA_0000488801,wuchereria_bancrofti_prjeb536,False
WBA_0000488901,wuchereria_bancrofti_prjeb536,True
WBA_0000489001,wuchereria_bancrofti_prjeb536,True
WBA_0000489101,wuchereria_bancrofti_prjeb536,True
WBA_0000489201,wuchereria_bancrofti_prjeb536,True
WBA_0000489301,wuchereria_bancrofti_prjeb536,True
WBA_0000489401,wuchereria_bancrofti_prjeb536,True
WBA_0000489501,wuchereria_bancrofti_prjeb536,False
WBA_0000489601,wuchereria_bancrofti_prjeb536,True
WBA_0000489701,wuchereria_bancrofti_prjeb536,True
WBA_0000489801,wuchereria_bancrofti_prjeb536,True
WBA_0000489901,wuchereria_bancrofti_prjeb536,False
WBA_0000490001,wuchereria_bancrofti_prjeb536,True
WBA_0000490101,wuchereria_bancrofti_prjeb536,False
WBA_0000490201,wuchereria_bancrofti_prjeb536,False
WBA_0000490301,wuchereria_bancrofti_prjeb536,True
WBA_0000490401,wuchereria_bancrofti_prjeb536,True
WBA_0000490501,wuchereria_bancrofti_prjeb536,True
WBA_0000490601,wuchereria_bancrofti_prjeb536,True
WBA_0000490701,wuchereria_bancrofti_prjeb536,True
WBA_0000490801,wuchereria_bancrofti_prjeb536,True
WBA_0000490901,wuchereria_bancrofti_prjeb536,True
WBA_0000491001,wuchereria_bancrofti_prjeb536,True
WBA_0000491101,wuchereria_bancrofti_prjeb536,True
WBA_0000491201,wuchereria_bancrofti_prjeb536,True
WBA_0000491301,wuchereria_bancrofti_prjeb536,True
WBA_0000491401,wuchereria_bancrofti_prjeb536,True
WBA_0000491501,wuchereria_bancrofti_prjeb536,True
WBA_0000491601,wuchereria_bancrofti_prjeb536,True
WBA_0000491701,wuchereria_bancrofti_prjeb536,True
WBA_0000491801,wuchereria_bancrofti_prjeb536,True
WBA_0000491901,wuchereria_bancrofti_prjeb536,True
WBA_0000492001,wuchereria_bancrofti_prjeb536,True
WBA_0000492101,wuchereria_bancrofti_prjeb536,True
WBA_0000492201,wuchereria_bancrofti_prjeb536,True
WBA_0000492301,wuchereria_bancrofti_prjeb536,True
WBA_0000492401,wuchereria_bancrofti_prjeb536,True
WBA_0000492501,wuchereria_bancrofti_prjeb536,True
WBA_0000492601,wuchereria_bancrofti_prjeb536,False
WBA_0000492701,wuchereria_bancrofti_prjeb536,True
WBA_0000492801,wuchereria_bancrofti_prjeb536,True
WBA_0000492901,wuchereria_bancrofti_prjeb536,True
WBA_0000493001,wuchereria_bancrofti_prjeb536,True
WBA_0000493101,wuchereria_bancrofti_prjeb536,True
WBA_0000493201,wuchereria_bancrofti_prjeb536,True
WBA_0000493301,wuchereria_bancrofti_prjeb536,True
WBA_0000493401,wuchereria_bancrofti_prjeb536,True
WBA_0000493501,wuchereria_bancrofti_prjeb536,True
WBA_0000493601,wuchereria_bancrofti_prjeb536,True
WBA_0000493701,wuchereria_bancrofti_prjeb536,True
WBA_0000493801,wuchereria_bancrofti_prjeb536,True
WBA_0000493901,wuchereria_bancrofti_prjeb536,False
WBA_0000494001,wuchereria_bancrofti_prjeb536,True
WBA_0000494101,wuchereria_bancrofti_prjeb536,True
WBA_0000494201,wuchereria_bancrofti_prjeb536,True
WBA_0000494301,wuchereria_bancrofti_prjeb536,True
WBA_0000494401,wuchereria_bancrofti_prjeb536,True
WBA_0000494501,wuchereria_bancrofti_prjeb536,True
WBA_0000494601,wuchereria_bancrofti_prjeb536,True
WBA_0000494701,wuchereria_bancrofti_prjeb536,True
WBA_0000494801,wuchereria_bancrofti_prjeb536,True
WBA_0000494901,wuchereria_bancrofti_prjeb536,False
WBA_0000495001,wuchereria_bancrofti_prjeb536,True
WBA_0000495101,wuchereria_bancrofti_prjeb536,False
WBA_0000495201,wuchereria_bancrofti_prjeb536,True
WBA_0000495301,wuchereria_bancrofti_prjeb536,True
WBA_0000495401,wuchereria_bancrofti_prjeb536,True
WBA_0000495501,wuchereria_bancrofti_prjeb536,True
WBA_0000495601,wuchereria_bancrofti_prjeb536,False
WBA_0000495701,wuchereria_bancrofti_prjeb536,True
WBA_0000495801,wuchereria_bancrofti_prjeb536,True
WBA_0000495901,wuchereria_bancrofti_prjeb536,True
WBA_0000496001,wuchereria_bancrofti_prjeb536,True
WBA_0000496101,wuchereria_bancrofti_prjeb536,True
WBA_0000496201,wuchereria_bancrofti_prjeb536,True
WBA_0000496301,wuchereria_bancrofti_prjeb536,True
WBA_0000496401,wuchereria_bancrofti_prjeb536,True
WBA_0000496501,wuchereria_bancrofti_prjeb536,True
WBA_0000496601,wuchereria_bancrofti_prjeb536,True
WBA_0000496701,wuchereria_bancrofti_prjeb536,True
WBA_0000496801,wuchereria_bancrofti_prjeb536,True
WBA_0000496901,wuchereria_bancrofti_prjeb536,True
WBA_0000497001,wuchereria_bancrofti_prjeb536,True
WBA_0000497101,wuchereria_bancrofti_prjeb536,True
WBA_0000497201,wuchereria_bancrofti_prjeb536,True
WBA_0000497301,wuchereria_bancrofti_prjeb536,True
WBA_0000497401,wuchereria_bancrofti_prjeb536,True
WBA_0000497501,wuchereria_bancrofti_prjeb536,True
WBA_0000497601,wuchereria_bancrofti_prjeb536,True
WBA_0000497701,wuchereria_bancrofti_prjeb536,True
WBA_0000497801,wuchereria_bancrofti_prjeb536,True
WBA_0000497901,wuchereria_bancrofti_prjeb536,True
WBA_0000498001,wuchereria_bancrofti_prjeb536,False
WBA_0000498101,wuchereria_bancrofti_prjeb536,False
WBA_0000498401,wuchereria_bancrofti_prjeb536,True
WBA_0000498501,wuchereria_bancrofti_prjeb536,True
WBA_0000498601,wuchereria_bancrofti_prjeb536,True
WBA_0000498701,wuchereria_bancrofti_prjeb536,True
WBA_0000498801,wuchereria_bancrofti_prjeb536,True
WBA_0000498901,wuchereria_bancrofti_prjeb536,True
WBA_0000499001,wuchereria_bancrofti_prjeb536,True
WBA_0000499101,wuchereria_bancrofti_prjeb536,True
WBA_0000499201,wuchereria_bancrofti_prjeb536,True
WBA_0000499301,wuchereria_bancrofti_prjeb536,True
WBA_0000499401,wuchereria_bancrofti_prjeb536,True
WBA_0000499501,wuchereria_bancrofti_prjeb536,True
WBA_0000499601,wuchereria_bancrofti_prjeb536,True
WBA_0000499701,wuchereria_bancrofti_prjeb536,True
WBA_0000499801,wuchereria_bancrofti_prjeb536,True
WBA_0000499901,wuchereria_bancrofti_prjeb536,True
WBA_0000500001,wuchereria_bancrofti_prjeb536,True
WBA_0000500101,wuchereria_bancrofti_prjeb536,True
WBA_0000500201,wuchereria_bancrofti_prjeb536,True
WBA_0000500301,wuchereria_bancrofti_prjeb536,True
WBA_0000500401,wuchereria_bancrofti_prjeb536,True
WBA_0000500501,wuchereria_bancrofti_prjeb536,True
WBA_0000500601,wuchereria_bancrofti_prjeb536,True
WBA_0000500701,wuchereria_bancrofti_prjeb536,True
WBA_0000500801,wuchereria_bancrofti_prjeb536,True
WBA_0000500901,wuchereria_bancrofti_prjeb536,True
WBA_0000501001,wuchereria_bancrofti_prjeb536,True
WBA_0000501101,wuchereria_bancrofti_prjeb536,True
WBA_0000501201,wuchereria_bancrofti_prjeb536,True
WBA_0000501301,wuchereria_bancrofti_prjeb536,True
WBA_0000501401,wuchereria_bancrofti_prjeb536,True
WBA_0000501501,wuchereria_bancrofti_prjeb536,True
WBA_0000501601,wuchereria_bancrofti_prjeb536,True
WBA_0000501701,wuchereria_bancrofti_prjeb536,True
WBA_0000501801,wuchereria_bancrofti_prjeb536,True
WBA_0000501901,wuchereria_bancrofti_prjeb536,True
WBA_0000502001,wuchereria_bancrofti_prjeb536,False
WBA_0000502101,wuchereria_bancrofti_prjeb536,True
WBA_0000502201,wuchereria_bancrofti_prjeb536,False
WBA_0000502301,wuchereria_bancrofti_prjeb536,True
WBA_0000502701,wuchereria_bancrofti_prjeb536,True
WBA_0000502801,wuchereria_bancrofti_prjeb536,True
WBA_0000502901,wuchereria_bancrofti_prjeb536,True
WBA_0000503001,wuchereria_bancrofti_prjeb536,True
WBA_0000503101,wuchereria_bancrofti_prjeb536,True
WBA_0000503201,wuchereria_bancrofti_prjeb536,True
WBA_0000503301,wuchereria_bancrofti_prjeb536,True
WBA_0000503401,wuchereria_bancrofti_prjeb536,True
WBA_0000503501,wuchereria_bancrofti_prjeb536,True
WBA_0000503601,wuchereria_bancrofti_prjeb536,True
WBA_0000503701,wuchereria_bancrofti_prjeb536,True
WBA_0000503801,wuchereria_bancrofti_prjeb536,False
WBA_0000503901,wuchereria_bancrofti_prjeb536,True
WBA_0000504001,wuchereria_bancrofti_prjeb536,True
WBA_0000504101,wuchereria_bancrofti_prjeb536,True
WBA_0000504201,wuchereria_bancrofti_prjeb536,True
WBA_0000504301,wuchereria_bancrofti_prjeb536,True
WBA_0000504401,wuchereria_bancrofti_prjeb536,True
WBA_0000504501,wuchereria_bancrofti_prjeb536,False
WBA_0000504601,wuchereria_bancrofti_prjeb536,True
WBA_0000504701,wuchereria_bancrofti_prjeb536,True
WBA_0000504801,wuchereria_bancrofti_prjeb536,True
WBA_0000504901,wuchereria_bancrofti_prjeb536,True
WBA_0000505001,wuchereria_bancrofti_prjeb536,True
WBA_0000505101,wuchereria_bancrofti_prjeb536,True
WBA_0000505201,wuchereria_bancrofti_prjeb536,True
WBA_0000505301,wuchereria_bancrofti_prjeb536,True
WBA_0000505401,wuchereria_bancrofti_prjeb536,True
WBA_0000505501,wuchereria_bancrofti_prjeb536,True
WBA_0000505601,wuchereria_bancrofti_prjeb536,True
WBA_0000505701,wuchereria_bancrofti_prjeb536,True
WBA_0000505801,wuchereria_bancrofti_prjeb536,True
WBA_0000505901,wuchereria_bancrofti_prjeb536,True
WBA_0000506001,wuchereria_bancrofti_prjeb536,True
WBA_0000506101,wuchereria_bancrofti_prjeb536,True
WBA_0000506201,wuchereria_bancrofti_prjeb536,True
WBA_0000506301,wuchereria_bancrofti_prjeb536,True
WBA_0000506401,wuchereria_bancrofti_prjeb536,True
WBA_0000506501,wuchereria_bancrofti_prjeb536,True
WBA_0000506601,wuchereria_bancrofti_prjeb536,True
WBA_0000506701,wuchereria_bancrofti_prjeb536,False
WBA_0000506801,wuchereria_bancrofti_prjeb536,True
WBA_0000506901,wuchereria_bancrofti_prjeb536,True
WBA_0000507001,wuchereria_bancrofti_prjeb536,False
WBA_0000507101,wuchereria_bancrofti_prjeb536,True
WBA_0000507201,wuchereria_bancrofti_prjeb536,True
WBA_0000507301,wuchereria_bancrofti_prjeb536,True
WBA_0000507401,wuchereria_bancrofti_prjeb536,True
WBA_0000507501,wuchereria_bancrofti_prjeb536,False
WBA_0000507601,wuchereria_bancrofti_prjeb536,True
WBA_0000507701,wuchereria_bancrofti_prjeb536,False
WBA_0000507801,wuchereria_bancrofti_prjeb536,True
WBA_0000507901,wuchereria_bancrofti_prjeb536,False
WBA_0000508001,wuchereria_bancrofti_prjeb536,False
WBA_0000508101,wuchereria_bancrofti_prjeb536,True
WBA_0000508201,wuchereria_bancrofti_prjeb536,True
WBA_0000508301,wuchereria_bancrofti_prjeb536,False
WBA_0000508401,wuchereria_bancrofti_prjeb536,True
WBA_0000508501,wuchereria_bancrofti_prjeb536,True
WBA_0000508601,wuchereria_bancrofti_prjeb536,False
WBA_0000508701,wuchereria_bancrofti_prjeb536,True
WBA_0000508801,wuchereria_bancrofti_prjeb536,True
WBA_0000508901,wuchereria_bancrofti_prjeb536,True
WBA_0000509001,wuchereria_bancrofti_prjeb536,True
WBA_0000509101,wuchereria_bancrofti_prjeb536,True
WBA_0000509201,wuchereria_bancrofti_prjeb536,True
WBA_0000509301,wuchereria_bancrofti_prjeb536,True
WBA_0000509401,wuchereria_bancrofti_prjeb536,True
WBA_0000509501,wuchereria_bancrofti_prjeb536,True
WBA_0000509601,wuchereria_bancrofti_prjeb536,True
WBA_0000509701,wuchereria_bancrofti_prjeb536,True
WBA_0000509801,wuchereria_bancrofti_prjeb536,True
WBA_0000509901,wuchereria_bancrofti_prjeb536,False
WBA_0000510001,wuchereria_bancrofti_prjeb536,True
WBA_0000510101,wuchereria_bancrofti_prjeb536,True
WBA_0000510201,wuchereria_bancrofti_prjeb536,True
WBA_0000510301,wuchereria_bancrofti_prjeb536,True
WBA_0000510401,wuchereria_bancrofti_prjeb536,True
WBA_0000510501,wuchereria_bancrofti_prjeb536,True
WBA_0000510601,wuchereria_bancrofti_prjeb536,True
WBA_0000510701,wuchereria_bancrofti_prjeb536,False
WBA_0000510801,wuchereria_bancrofti_prjeb536,True
WBA_0000510901,wuchereria_bancrofti_prjeb536,True
WBA_0000511001,wuchereria_bancrofti_prjeb536,False
WBA_0000511101,wuchereria_bancrofti_prjeb536,False
WBA_0000511201,wuchereria_bancrofti_prjeb536,False
WBA_0000511301,wuchereria_bancrofti_prjeb536,False
WBA_0000511401,wuchereria_bancrofti_prjeb536,True
WBA_0000511501,wuchereria_bancrofti_prjeb536,False
WBA_0000511601,wuchereria_bancrofti_prjeb536,True
WBA_0000511701,wuchereria_bancrofti_prjeb536,True
WBA_0000511801,wuchereria_bancrofti_prjeb536,True
WBA_0000511901,wuchereria_bancrofti_prjeb536,False
WBA_0000512001,wuchereria_bancrofti_prjeb536,True
WBA_0000512101,wuchereria_bancrofti_prjeb536,True
WBA_0000512201,wuchereria_bancrofti_prjeb536,True
WBA_0000512301,wuchereria_bancrofti_prjeb536,True
WBA_0000512401,wuchereria_bancrofti_prjeb536,False
WBA_0000512501,wuchereria_bancrofti_prjeb536,True
WBA_0000512601,wuchereria_bancrofti_prjeb536,True
WBA_0000512701,wuchereria_bancrofti_prjeb536,False
WBA_0000512801,wuchereria_bancrofti_prjeb536,False
WBA_0000512901,wuchereria_bancrofti_prjeb536,True
WBA_0000513001,wuchereria_bancrofti_prjeb536,True
WBA_0000513101,wuchereria_bancrofti_prjeb536,True
WBA_0000513201,wuchereria_bancrofti_prjeb536,False
WBA_0000513301,wuchereria_bancrofti_prjeb536,True
WBA_0000513401,wuchereria_bancrofti_prjeb536,True
WBA_0000513501,wuchereria_bancrofti_prjeb536,True
WBA_0000513601,wuchereria_bancrofti_prjeb536,True
WBA_0000513701,wuchereria_bancrofti_prjeb536,True
WBA_0000513801,wuchereria_bancrofti_prjeb536,True
WBA_0000513901,wuchereria_bancrofti_prjeb536,True
WBA_0000514001,wuchereria_bancrofti_prjeb536,True
WBA_0000514101,wuchereria_bancrofti_prjeb536,True
WBA_0000514201,wuchereria_bancrofti_prjeb536,True
WBA_0000514301,wuchereria_bancrofti_prjeb536,True
WBA_0000514401,wuchereria_bancrofti_prjeb536,True
WBA_0000514501,wuchereria_bancrofti_prjeb536,True
WBA_0000514601,wuchereria_bancrofti_prjeb536,True
WBA_0000514701,wuchereria_bancrofti_prjeb536,True
WBA_0000514801,wuchereria_bancrofti_prjeb536,True
WBA_0000514901,wuchereria_bancrofti_prjeb536,True
WBA_0000515001,wuchereria_bancrofti_prjeb536,True
WBA_0000515101,wuchereria_bancrofti_prjeb536,True
WBA_0000515201,wuchereria_bancrofti_prjeb536,True
WBA_0000515301,wuchereria_bancrofti_prjeb536,True
WBA_0000515401,wuchereria_bancrofti_prjeb536,True
WBA_0000515501,wuchereria_bancrofti_prjeb536,True
WBA_0000515601,wuchereria_bancrofti_prjeb536,True
WBA_0000515701,wuchereria_bancrofti_prjeb536,True
WBA_0000515801,wuchereria_bancrofti_prjeb536,True
WBA_0000515901,wuchereria_bancrofti_prjeb536,False
WBA_0000516001,wuchereria_bancrofti_prjeb536,True
WBA_0000516101,wuchereria_bancrofti_prjeb536,True
WBA_0000516201,wuchereria_bancrofti_prjeb536,False
WBA_0000516301,wuchereria_bancrofti_prjeb536,True
WBA_0000516401,wuchereria_bancrofti_prjeb536,True
WBA_0000516501,wuchereria_bancrofti_prjeb536,True
WBA_0000516601,wuchereria_bancrofti_prjeb536,True
WBA_0000516701,wuchereria_bancrofti_prjeb536,True
WBA_0000516801,wuchereria_bancrofti_prjeb536,True
WBA_0000516901,wuchereria_bancrofti_prjeb536,True
WBA_0000517001,wuchereria_bancrofti_prjeb536,True
WBA_0000517101,wuchereria_bancrofti_prjeb536,True
WBA_0000517201,wuchereria_bancrofti_prjeb536,True
WBA_0000517301,wuchereria_bancrofti_prjeb536,True
WBA_0000517401,wuchereria_bancrofti_prjeb536,False
WBA_0000517501,wuchereria_bancrofti_prjeb536,True
WBA_0000517601,wuchereria_bancrofti_prjeb536,True
WBA_0000517701,wuchereria_bancrofti_prjeb536,True
WBA_0000517801,wuchereria_bancrofti_prjeb536,True
WBA_0000517901,wuchereria_bancrofti_prjeb536,True
WBA_0000518001,wuchereria_bancrofti_prjeb536,True
WBA_0000518101,wuchereria_bancrofti_prjeb536,False
WBA_0000518201,wuchereria_bancrofti_prjeb536,True
WBA_0000518301,wuchereria_bancrofti_prjeb536,True
WBA_0000518401,wuchereria_bancrofti_prjeb536,False
WBA_0000518501,wuchereria_bancrofti_prjeb536,True
WBA_0000518601,wuchereria_bancrofti_prjeb536,True
WBA_0000518701,wuchereria_bancrofti_prjeb536,True
WBA_0000518801,wuchereria_bancrofti_prjeb536,True
WBA_0000518901,wuchereria_bancrofti_prjeb536,True
WBA_0000519001,wuchereria_bancrofti_prjeb536,True
WBA_0000519101,wuchereria_bancrofti_prjeb536,True
WBA_0000519201,wuchereria_bancrofti_prjeb536,True
WBA_0000519301,wuchereria_bancrofti_prjeb536,True
WBA_0000519401,wuchereria_bancrofti_prjeb536,True
WBA_0000519501,wuchereria_bancrofti_prjeb536,True
WBA_0000519601,wuchereria_bancrofti_prjeb536,True
WBA_0000519701,wuchereria_bancrofti_prjeb536,True
WBA_0000519801,wuchereria_bancrofti_prjeb536,False
WBA_0000519901,wuchereria_bancrofti_prjeb536,True
WBA_0000520001,wuchereria_bancrofti_prjeb536,True
WBA_0000520101,wuchereria_bancrofti_prjeb536,True
WBA_0000520201,wuchereria_bancrofti_prjeb536,True
WBA_0000520301,wuchereria_bancrofti_prjeb536,True
WBA_0000520401,wuchereria_bancrofti_prjeb536,True
WBA_0000520501,wuchereria_bancrofti_prjeb536,True
WBA_0000520601,wuchereria_bancrofti_prjeb536,True
WBA_0000520701,wuchereria_bancrofti_prjeb536,True
WBA_0000520801,wuchereria_bancrofti_prjeb536,True
WBA_0000520901,wuchereria_bancrofti_prjeb536,True
WBA_0000521001,wuchereria_bancrofti_prjeb536,True
WBA_0000521101,wuchereria_bancrofti_prjeb536,True
WBA_0000521201,wuchereria_bancrofti_prjeb536,False
WBA_0000521301,wuchereria_bancrofti_prjeb536,True
WBA_0000521401,wuchereria_bancrofti_prjeb536,True
WBA_0000521501,wuchereria_bancrofti_prjeb536,False
WBA_0000521601,wuchereria_bancrofti_prjeb536,True
WBA_0000521701,wuchereria_bancrofti_prjeb536,False
WBA_0000521801,wuchereria_bancrofti_prjeb536,True
WBA_0000521901,wuchereria_bancrofti_prjeb536,True
WBA_0000522001,wuchereria_bancrofti_prjeb536,True
WBA_0000522101,wuchereria_bancrofti_prjeb536,True
WBA_0000522201,wuchereria_bancrofti_prjeb536,True
WBA_0000522301,wuchereria_bancrofti_prjeb536,True
WBA_0000522401,wuchereria_bancrofti_prjeb536,True
WBA_0000522501,wuchereria_bancrofti_prjeb536,True
WBA_0000522601,wuchereria_bancrofti_prjeb536,False
WBA_0000522701,wuchereria_bancrofti_prjeb536,True
WBA_0000522801,wuchereria_bancrofti_prjeb536,True
WBA_0000522901,wuchereria_bancrofti_prjeb536,True
WBA_0000523001,wuchereria_bancrofti_prjeb536,True
WBA_0000523101,wuchereria_bancrofti_prjeb536,True
WBA_0000523201,wuchereria_bancrofti_prjeb536,True
WBA_0000523301,wuchereria_bancrofti_prjeb536,True
WBA_0000523401,wuchereria_bancrofti_prjeb536,True
WBA_0000523501,wuchereria_bancrofti_prjeb536,True
WBA_0000523601,wuchereria_bancrofti_prjeb536,True
WBA_0000523701,wuchereria_bancrofti_prjeb536,False
WBA_0000523801,wuchereria_bancrofti_prjeb536,True
WBA_0000523901,wuchereria_bancrofti_prjeb536,True
WBA_0000524001,wuchereria_bancrofti_prjeb536,True
WBA_0000524101,wuchereria_bancrofti_prjeb536,True
WBA_0000524201,wuchereria_bancrofti_prjeb536,True
WBA_0000524301,wuchereria_bancrofti_prjeb536,True
WBA_0000524401,wuchereria_bancrofti_prjeb536,True
WBA_0000524501,wuchereria_bancrofti_prjeb536,True
WBA_0000524601,wuchereria_bancrofti_prjeb536,True
WBA_0000524701,wuchereria_bancrofti_prjeb536,True
WBA_0000524801,wuchereria_bancrofti_prjeb536,True
WBA_0000524901,wuchereria_bancrofti_prjeb536,True
WBA_0000525001,wuchereria_bancrofti_prjeb536,False
WBA_0000525101,wuchereria_bancrofti_prjeb536,True
WBA_0000525201,wuchereria_bancrofti_prjeb536,True
WBA_0000525301,wuchereria_bancrofti_prjeb536,True
WBA_0000525401,wuchereria_bancrofti_prjeb536,True
WBA_0000525501,wuchereria_bancrofti_prjeb536,True
WBA_0000525601,wuchereria_bancrofti_prjeb536,True
WBA_0000525701,wuchereria_bancrofti_prjeb536,True
WBA_0000525801,wuchereria_bancrofti_prjeb536,True
WBA_0000525901,wuchereria_bancrofti_prjeb536,True
WBA_0000526001,wuchereria_bancrofti_prjeb536,True
WBA_0000526101,wuchereria_bancrofti_prjeb536,True
WBA_0000526201,wuchereria_bancrofti_prjeb536,True
WBA_0000526301,wuchereria_bancrofti_prjeb536,True
WBA_0000526401,wuchereria_bancrofti_prjeb536,True
WBA_0000526501,wuchereria_bancrofti_prjeb536,True
WBA_0000526601,wuchereria_bancrofti_prjeb536,True
WBA_0000526701,wuchereria_bancrofti_prjeb536,True
WBA_0000526801,wuchereria_bancrofti_prjeb536,True
WBA_0000526901,wuchereria_bancrofti_prjeb536,True
WBA_0000527001,wuchereria_bancrofti_prjeb536,True
WBA_0000527101,wuchereria_bancrofti_prjeb536,True
WBA_0000527201,wuchereria_bancrofti_prjeb536,True
WBA_0000527301,wuchereria_bancrofti_prjeb536,True
WBA_0000527401,wuchereria_bancrofti_prjeb536,False
WBA_0000527501,wuchereria_bancrofti_prjeb536,True
WBA_0000527601,wuchereria_bancrofti_prjeb536,True
WBA_0000527701,wuchereria_bancrofti_prjeb536,True
WBA_0000527801,wuchereria_bancrofti_prjeb536,True
WBA_0000527901,wuchereria_bancrofti_prjeb536,True
WBA_0000528001,wuchereria_bancrofti_prjeb536,True
WBA_0000528101,wuchereria_bancrofti_prjeb536,False
WBA_0000528201,wuchereria_bancrofti_prjeb536,True
WBA_0000528301,wuchereria_bancrofti_prjeb536,True
WBA_0000528401,wuchereria_bancrofti_prjeb536,True
WBA_0000528501,wuchereria_bancrofti_prjeb536,True
WBA_0000528601,wuchereria_bancrofti_prjeb536,True
WBA_0000528701,wuchereria_bancrofti_prjeb536,True
WBA_0000528801,wuchereria_bancrofti_prjeb536,True
WBA_0000528901,wuchereria_bancrofti_prjeb536,True
WBA_0000529001,wuchereria_bancrofti_prjeb536,True
WBA_0000529101,wuchereria_bancrofti_prjeb536,True
WBA_0000529201,wuchereria_bancrofti_prjeb536,True
WBA_0000529301,wuchereria_bancrofti_prjeb536,True
WBA_0000529401,wuchereria_bancrofti_prjeb536,True
WBA_0000529501,wuchereria_bancrofti_prjeb536,True
WBA_0000529601,wuchereria_bancrofti_prjeb536,True
WBA_0000529701,wuchereria_bancrofti_prjeb536,True
WBA_0000529801,wuchereria_bancrofti_prjeb536,True
WBA_0000529901,wuchereria_bancrofti_prjeb536,True
WBA_0000530001,wuchereria_bancrofti_prjeb536,True
WBA_0000530101,wuchereria_bancrofti_prjeb536,True
WBA_0000530201,wuchereria_bancrofti_prjeb536,True
WBA_0000530301,wuchereria_bancrofti_prjeb536,True
WBA_0000530401,wuchereria_bancrofti_prjeb536,True
WBA_0000530501,wuchereria_bancrofti_prjeb536,True
WBA_0000530601,wuchereria_bancrofti_prjeb536,True
WBA_0000530701,wuchereria_bancrofti_prjeb536,True
WBA_0000530801,wuchereria_bancrofti_prjeb536,True
WBA_0000530901,wuchereria_bancrofti_prjeb536,True
WBA_0000531001,wuchereria_bancrofti_prjeb536,True
WBA_0000531101,wuchereria_bancrofti_prjeb536,True
WBA_0000531201,wuchereria_bancrofti_prjeb536,True
WBA_0000531301,wuchereria_bancrofti_prjeb536,True
WBA_0000531401,wuchereria_bancrofti_prjeb536,True
WBA_0000531501,wuchereria_bancrofti_prjeb536,True
WBA_0000531601,wuchereria_bancrofti_prjeb536,True
WBA_0000531701,wuchereria_bancrofti_prjeb536,True
WBA_0000531801,wuchereria_bancrofti_prjeb536,False
WBA_0000531901,wuchereria_bancrofti_prjeb536,False
WBA_0000532001,wuchereria_bancrofti_prjeb536,True
WBA_0000532101,wuchereria_bancrofti_prjeb536,True
WBA_0000532201,wuchereria_bancrofti_prjeb536,True
WBA_0000532301,wuchereria_bancrofti_prjeb536,True
WBA_0000532401,wuchereria_bancrofti_prjeb536,True
WBA_0000532501,wuchereria_bancrofti_prjeb536,True
WBA_0000532601,wuchereria_bancrofti_prjeb536,True
WBA_0000532701,wuchereria_bancrofti_prjeb536,False
WBA_0000532801,wuchereria_bancrofti_prjeb536,True
WBA_0000532901,wuchereria_bancrofti_prjeb536,True
WBA_0000533001,wuchereria_bancrofti_prjeb536,True
WBA_0000533101,wuchereria_bancrofti_prjeb536,True
WBA_0000533201,wuchereria_bancrofti_prjeb536,True
WBA_0000533301,wuchereria_bancrofti_prjeb536,True
WBA_0000533401,wuchereria_bancrofti_prjeb536,True
WBA_0000533501,wuchereria_bancrofti_prjeb536,True
WBA_0000533601,wuchereria_bancrofti_prjeb536,True
WBA_0000533701,wuchereria_bancrofti_prjeb536,True
WBA_0000533801,wuchereria_bancrofti_prjeb536,True
WBA_0000533901,wuchereria_bancrofti_prjeb536,True
WBA_0000534001,wuchereria_bancrofti_prjeb536,True
WBA_0000534101,wuchereria_bancrofti_prjeb536,False
WBA_0000534201,wuchereria_bancrofti_prjeb536,True
WBA_0000534301,wuchereria_bancrofti_prjeb536,True
WBA_0000534401,wuchereria_bancrofti_prjeb536,True
WBA_0000534501,wuchereria_bancrofti_prjeb536,True
WBA_0000534601,wuchereria_bancrofti_prjeb536,False
WBA_0000534701,wuchereria_bancrofti_prjeb536,False
WBA_0000534801,wuchereria_bancrofti_prjeb536,True
WBA_0000534901,wuchereria_bancrofti_prjeb536,True
WBA_0000535001,wuchereria_bancrofti_prjeb536,False
WBA_0000535101,wuchereria_bancrofti_prjeb536,True
WBA_0000535201,wuchereria_bancrofti_prjeb536,True
WBA_0000535301,wuchereria_bancrofti_prjeb536,True
WBA_0000535401,wuchereria_bancrofti_prjeb536,True
WBA_0000535501,wuchereria_bancrofti_prjeb536,False
WBA_0000535601,wuchereria_bancrofti_prjeb536,False
WBA_0000535701,wuchereria_bancrofti_prjeb536,False
WBA_0000535801,wuchereria_bancrofti_prjeb536,True
WBA_0000535901,wuchereria_bancrofti_prjeb536,False
WBA_0000536001,wuchereria_bancrofti_prjeb536,True
WBA_0000536101,wuchereria_bancrofti_prjeb536,False
WBA_0000536201,wuchereria_bancrofti_prjeb536,False
WBA_0000536301,wuchereria_bancrofti_prjeb536,True
WBA_0000536401,wuchereria_bancrofti_prjeb536,False
WBA_0000536501,wuchereria_bancrofti_prjeb536,True
WBA_0000536601,wuchereria_bancrofti_prjeb536,True
WBA_0000536701,wuchereria_bancrofti_prjeb536,False
WBA_0000536801,wuchereria_bancrofti_prjeb536,False
WBA_0000536901,wuchereria_bancrofti_prjeb536,True
WBA_0000537001,wuchereria_bancrofti_prjeb536,True
WBA_0000537101,wuchereria_bancrofti_prjeb536,True
WBA_0000537201,wuchereria_bancrofti_prjeb536,False
WBA_0000537301,wuchereria_bancrofti_prjeb536,False
WBA_0000537401,wuchereria_bancrofti_prjeb536,False
WBA_0000537501,wuchereria_bancrofti_prjeb536,True
WBA_0000537601,wuchereria_bancrofti_prjeb536,True
WBA_0000537701,wuchereria_bancrofti_prjeb536,True
WBA_0000537801,wuchereria_bancrofti_prjeb536,True
WBA_0000537901,wuchereria_bancrofti_prjeb536,True
WBA_0000538001,wuchereria_bancrofti_prjeb536,True
WBA_0000538101,wuchereria_bancrofti_prjeb536,True
WBA_0000538201,wuchereria_bancrofti_prjeb536,True
WBA_0000538301,wuchereria_bancrofti_prjeb536,True
WBA_0000538401,wuchereria_bancrofti_prjeb536,True
WBA_0000538501,wuchereria_bancrofti_prjeb536,True
WBA_0000538601,wuchereria_bancrofti_prjeb536,True
WBA_0000538701,wuchereria_bancrofti_prjeb536,False
WBA_0000538801,wuchereria_bancrofti_prjeb536,True
WBA_0000538901,wuchereria_bancrofti_prjeb536,True
WBA_0000539001,wuchereria_bancrofti_prjeb536,True
WBA_0000539101,wuchereria_bancrofti_prjeb536,True
WBA_0000539201,wuchereria_bancrofti_prjeb536,False
WBA_0000539301,wuchereria_bancrofti_prjeb536,True
WBA_0000539401,wuchereria_bancrofti_prjeb536,True
WBA_0000539501,wuchereria_bancrofti_prjeb536,True
WBA_0000539601,wuchereria_bancrofti_prjeb536,False
WBA_0000539701,wuchereria_bancrofti_prjeb536,True
WBA_0000539801,wuchereria_bancrofti_prjeb536,True
WBA_0000539901,wuchereria_bancrofti_prjeb536,True
WBA_0000540001,wuchereria_bancrofti_prjeb536,True
WBA_0000540101,wuchereria_bancrofti_prjeb536,True
WBA_0000540201,wuchereria_bancrofti_prjeb536,True
WBA_0000540301,wuchereria_bancrofti_prjeb536,True
WBA_0000540401,wuchereria_bancrofti_prjeb536,True
WBA_0000540501,wuchereria_bancrofti_prjeb536,True
WBA_0000540601,wuchereria_bancrofti_prjeb536,True
WBA_0000540701,wuchereria_bancrofti_prjeb536,True
WBA_0000540801,wuchereria_bancrofti_prjeb536,True
WBA_0000540901,wuchereria_bancrofti_prjeb536,True
WBA_0000541001,wuchereria_bancrofti_prjeb536,True
WBA_0000541101,wuchereria_bancrofti_prjeb536,True
WBA_0000541201,wuchereria_bancrofti_prjeb536,True
WBA_0000541301,wuchereria_bancrofti_prjeb536,True
WBA_0000541401,wuchereria_bancrofti_prjeb536,True
WBA_0000541501,wuchereria_bancrofti_prjeb536,True
WBA_0000541601,wuchereria_bancrofti_prjeb536,True
WBA_0000541701,wuchereria_bancrofti_prjeb536,True
WBA_0000541801,wuchereria_bancrofti_prjeb536,True
WBA_0000541901,wuchereria_bancrofti_prjeb536,False
WBA_0000542001,wuchereria_bancrofti_prjeb536,True
WBA_0000542101,wuchereria_bancrofti_prjeb536,True
WBA_0000542201,wuchereria_bancrofti_prjeb536,True
WBA_0000542301,wuchereria_bancrofti_prjeb536,True
WBA_0000542401,wuchereria_bancrofti_prjeb536,False
WBA_0000542501,wuchereria_bancrofti_prjeb536,True
WBA_0000542601,wuchereria_bancrofti_prjeb536,True
WBA_0000542701,wuchereria_bancrofti_prjeb536,True
WBA_0000542801,wuchereria_bancrofti_prjeb536,True
WBA_0000542901,wuchereria_bancrofti_prjeb536,True
WBA_0000543001,wuchereria_bancrofti_prjeb536,True
WBA_0000543101,wuchereria_bancrofti_prjeb536,True
WBA_0000543201,wuchereria_bancrofti_prjeb536,True
WBA_0000543301,wuchereria_bancrofti_prjeb536,True
WBA_0000543401,wuchereria_bancrofti_prjeb536,True
WBA_0000543501,wuchereria_bancrofti_prjeb536,True
WBA_0000543601,wuchereria_bancrofti_prjeb536,True
WBA_0000543701,wuchereria_bancrofti_prjeb536,False
WBA_0000543801,wuchereria_bancrofti_prjeb536,True
WBA_0000543901,wuchereria_bancrofti_prjeb536,True
WBA_0000544001,wuchereria_bancrofti_prjeb536,True
WBA_0000544101,wuchereria_bancrofti_prjeb536,True
WBA_0000544201,wuchereria_bancrofti_prjeb536,True
WBA_0000544301,wuchereria_bancrofti_prjeb536,True
WBA_0000544401,wuchereria_bancrofti_prjeb536,True
WBA_0000544501,wuchereria_bancrofti_prjeb536,True
WBA_0000544601,wuchereria_bancrofti_prjeb536,True
WBA_0000544701,wuchereria_bancrofti_prjeb536,True
WBA_0000544801,wuchereria_bancrofti_prjeb536,False
WBA_0000544901,wuchereria_bancrofti_prjeb536,True
WBA_0000545001,wuchereria_bancrofti_prjeb536,True
WBA_0000545101,wuchereria_bancrofti_prjeb536,True
WBA_0000545201,wuchereria_bancrofti_prjeb536,True
WBA_0000545301,wuchereria_bancrofti_prjeb536,True
WBA_0000545401,wuchereria_bancrofti_prjeb536,True
WBA_0000545501,wuchereria_bancrofti_prjeb536,True
WBA_0000545601,wuchereria_bancrofti_prjeb536,True
WBA_0000545701,wuchereria_bancrofti_prjeb536,False
WBA_0000545801,wuchereria_bancrofti_prjeb536,True
WBA_0000545901,wuchereria_bancrofti_prjeb536,True
WBA_0000546001,wuchereria_bancrofti_prjeb536,True
WBA_0000546101,wuchereria_bancrofti_prjeb536,True
WBA_0000546201,wuchereria_bancrofti_prjeb536,False
WBA_0000546301,wuchereria_bancrofti_prjeb536,True
WBA_0000546401,wuchereria_bancrofti_prjeb536,True
WBA_0000546501,wuchereria_bancrofti_prjeb536,True
WBA_0000546601,wuchereria_bancrofti_prjeb536,True
WBA_0000546701,wuchereria_bancrofti_prjeb536,True
WBA_0000546801,wuchereria_bancrofti_prjeb536,True
WBA_0000546901,wuchereria_bancrofti_prjeb536,False
WBA_0000547001,wuchereria_bancrofti_prjeb536,True
WBA_0000547101,wuchereria_bancrofti_prjeb536,True
WBA_0000547201,wuchereria_bancrofti_prjeb536,True
WBA_0000547301,wuchereria_bancrofti_prjeb536,True
WBA_0000547401,wuchereria_bancrofti_prjeb536,True
WBA_0000547501,wuchereria_bancrofti_prjeb536,True
WBA_0000547601,wuchereria_bancrofti_prjeb536,True
WBA_0000547701,wuchereria_bancrofti_prjeb536,True
WBA_0000547801,wuchereria_bancrofti_prjeb536,True
WBA_0000547901,wuchereria_bancrofti_prjeb536,True
WBA_0000548001,wuchereria_bancrofti_prjeb536,True
WBA_0000548101,wuchereria_bancrofti_prjeb536,True
WBA_0000548201,wuchereria_bancrofti_prjeb536,True
WBA_0000548301,wuchereria_bancrofti_prjeb536,True
WBA_0000548401,wuchereria_bancrofti_prjeb536,True
WBA_0000548501,wuchereria_bancrofti_prjeb536,True
WBA_0000548601,wuchereria_bancrofti_prjeb536,False
WBA_0000548701,wuchereria_bancrofti_prjeb536,True
WBA_0000548801,wuchereria_bancrofti_prjeb536,True
WBA_0000548901,wuchereria_bancrofti_prjeb536,False
WBA_0000549001,wuchereria_bancrofti_prjeb536,True
WBA_0000549101,wuchereria_bancrofti_prjeb536,False
WBA_0000549201,wuchereria_bancrofti_prjeb536,False
WBA_0000549301,wuchereria_bancrofti_prjeb536,False
WBA_0000549401,wuchereria_bancrofti_prjeb536,True
WBA_0000549501,wuchereria_bancrofti_prjeb536,False
WBA_0000549601,wuchereria_bancrofti_prjeb536,True
WBA_0000549701,wuchereria_bancrofti_prjeb536,True
WBA_0000549801,wuchereria_bancrofti_prjeb536,True
WBA_0000549901,wuchereria_bancrofti_prjeb536,True
WBA_0000550001,wuchereria_bancrofti_prjeb536,False
WBA_0000550101,wuchereria_bancrofti_prjeb536,False
WBA_0000550201,wuchereria_bancrofti_prjeb536,True
WBA_0000550301,wuchereria_bancrofti_prjeb536,True
WBA_0000550401,wuchereria_bancrofti_prjeb536,True
WBA_0000550501,wuchereria_bancrofti_prjeb536,True
WBA_0000550601,wuchereria_bancrofti_prjeb536,True
WBA_0000550701,wuchereria_bancrofti_prjeb536,False
WBA_0000550801,wuchereria_bancrofti_prjeb536,True
WBA_0000550901,wuchereria_bancrofti_prjeb536,True
WBA_0000551001,wuchereria_bancrofti_prjeb536,True
WBA_0000551101,wuchereria_bancrofti_prjeb536,True
WBA_0000551201,wuchereria_bancrofti_prjeb536,True
WBA_0000551301,wuchereria_bancrofti_prjeb536,True
WBA_0000551401,wuchereria_bancrofti_prjeb536,True
WBA_0000551501,wuchereria_bancrofti_prjeb536,True
WBA_0000551601,wuchereria_bancrofti_prjeb536,True
WBA_0000551701,wuchereria_bancrofti_prjeb536,True
WBA_0000551801,wuchereria_bancrofti_prjeb536,True
WBA_0000551901,wuchereria_bancrofti_prjeb536,True
WBA_0000552001,wuchereria_bancrofti_prjeb536,True
WBA_0000552101,wuchereria_bancrofti_prjeb536,True
WBA_0000552201,wuchereria_bancrofti_prjeb536,True
WBA_0000552301,wuchereria_bancrofti_prjeb536,True
WBA_0000552401,wuchereria_bancrofti_prjeb536,True
WBA_0000552501,wuchereria_bancrofti_prjeb536,False
WBA_0000552601,wuchereria_bancrofti_prjeb536,True
WBA_0000552701,wuchereria_bancrofti_prjeb536,True
WBA_0000552801,wuchereria_bancrofti_prjeb536,True
WBA_0000552901,wuchereria_bancrofti_prjeb536,False
WBA_0000553001,wuchereria_bancrofti_prjeb536,True
WBA_0000553101,wuchereria_bancrofti_prjeb536,True
WBA_0000553201,wuchereria_bancrofti_prjeb536,False
WBA_0000553301,wuchereria_bancrofti_prjeb536,True
WBA_0000553401,wuchereria_bancrofti_prjeb536,False
WBA_0000553501,wuchereria_bancrofti_prjeb536,True
WBA_0000553601,wuchereria_bancrofti_prjeb536,True
WBA_0000553701,wuchereria_bancrofti_prjeb536,True
WBA_0000553801,wuchereria_bancrofti_prjeb536,True
WBA_0000553901,wuchereria_bancrofti_prjeb536,True
WBA_0000554001,wuchereria_bancrofti_prjeb536,True
WBA_0000554101,wuchereria_bancrofti_prjeb536,True
WBA_0000554201,wuchereria_bancrofti_prjeb536,True
WBA_0000554301,wuchereria_bancrofti_prjeb536,True
WBA_0000554401,wuchereria_bancrofti_prjeb536,True
WBA_0000554501,wuchereria_bancrofti_prjeb536,True
WBA_0000554601,wuchereria_bancrofti_prjeb536,True
WBA_0000554701,wuchereria_bancrofti_prjeb536,False
WBA_0000554801,wuchereria_bancrofti_prjeb536,True
WBA_0000554901,wuchereria_bancrofti_prjeb536,True
WBA_0000555001,wuchereria_bancrofti_prjeb536,True
WBA_0000555101,wuchereria_bancrofti_prjeb536,True
WBA_0000555201,wuchereria_bancrofti_prjeb536,True
WBA_0000555301,wuchereria_bancrofti_prjeb536,True
WBA_0000555401,wuchereria_bancrofti_prjeb536,True
WBA_0000555501,wuchereria_bancrofti_prjeb536,False
WBA_0000555601,wuchereria_bancrofti_prjeb536,True
WBA_0000555701,wuchereria_bancrofti_prjeb536,True
WBA_0000555801,wuchereria_bancrofti_prjeb536,False
WBA_0000555901,wuchereria_bancrofti_prjeb536,True
WBA_0000556001,wuchereria_bancrofti_prjeb536,True
WBA_0000556101,wuchereria_bancrofti_prjeb536,True
WBA_0000556201,wuchereria_bancrofti_prjeb536,True
WBA_0000556301,wuchereria_bancrofti_prjeb536,True
WBA_0000556401,wuchereria_bancrofti_prjeb536,True
WBA_0000556501,wuchereria_bancrofti_prjeb536,True
WBA_0000556601,wuchereria_bancrofti_prjeb536,True
WBA_0000556701,wuchereria_bancrofti_prjeb536,True
WBA_0000556801,wuchereria_bancrofti_prjeb536,True
WBA_0000556901,wuchereria_bancrofti_prjeb536,False
WBA_0000557001,wuchereria_bancrofti_prjeb536,True
WBA_0000557101,wuchereria_bancrofti_prjeb536,True
WBA_0000557201,wuchereria_bancrofti_prjeb536,True
WBA_0000557301,wuchereria_bancrofti_prjeb536,True
WBA_0000557401,wuchereria_bancrofti_prjeb536,True
WBA_0000557501,wuchereria_bancrofti_prjeb536,True
WBA_0000557601,wuchereria_bancrofti_prjeb536,True
WBA_0000557701,wuchereria_bancrofti_prjeb536,False
WBA_0000557801,wuchereria_bancrofti_prjeb536,True
WBA_0000557901,wuchereria_bancrofti_prjeb536,True
WBA_0000558001,wuchereria_bancrofti_prjeb536,True
WBA_0000558101,wuchereria_bancrofti_prjeb536,True
WBA_0000558201,wuchereria_bancrofti_prjeb536,True
WBA_0000558301,wuchereria_bancrofti_prjeb536,True
WBA_0000558401,wuchereria_bancrofti_prjeb536,True
WBA_0000558501,wuchereria_bancrofti_prjeb536,True
WBA_0000558601,wuchereria_bancrofti_prjeb536,False
WBA_0000558701,wuchereria_bancrofti_prjeb536,True
WBA_0000558801,wuchereria_bancrofti_prjeb536,True
WBA_0000558901,wuchereria_bancrofti_prjeb536,True
WBA_0000559001,wuchereria_bancrofti_prjeb536,False
WBA_0000559101,wuchereria_bancrofti_prjeb536,False
WBA_0000559201,wuchereria_bancrofti_prjeb536,True
WBA_0000559301,wuchereria_bancrofti_prjeb536,True
WBA_0000559401,wuchereria_bancrofti_prjeb536,True
WBA_0000559501,wuchereria_bancrofti_prjeb536,True
WBA_0000559601,wuchereria_bancrofti_prjeb536,True
WBA_0000559701,wuchereria_bancrofti_prjeb536,True
WBA_0000559801,wuchereria_bancrofti_prjeb536,True
WBA_0000559901,wuchereria_bancrofti_prjeb536,True
WBA_0000560001,wuchereria_bancrofti_prjeb536,True
WBA_0000560101,wuchereria_bancrofti_prjeb536,True
WBA_0000560201,wuchereria_bancrofti_prjeb536,True
WBA_0000560301,wuchereria_bancrofti_prjeb536,True
WBA_0000560401,wuchereria_bancrofti_prjeb536,True
WBA_0000560501,wuchereria_bancrofti_prjeb536,True
WBA_0000560601,wuchereria_bancrofti_prjeb536,True
WBA_0000560701,wuchereria_bancrofti_prjeb536,True
WBA_0000560801,wuchereria_bancrofti_prjeb536,True
WBA_0000560901,wuchereria_bancrofti_prjeb536,True
WBA_0000561001,wuchereria_bancrofti_prjeb536,True
WBA_0000561101,wuchereria_bancrofti_prjeb536,True
WBA_0000561201,wuchereria_bancrofti_prjeb536,True
WBA_0000561301,wuchereria_bancrofti_prjeb536,False
WBA_0000561401,wuchereria_bancrofti_prjeb536,True
WBA_0000561501,wuchereria_bancrofti_prjeb536,True
WBA_0000561601,wuchereria_bancrofti_prjeb536,True
WBA_0000561701,wuchereria_bancrofti_prjeb536,True
WBA_0000561801,wuchereria_bancrofti_prjeb536,True
WBA_0000561901,wuchereria_bancrofti_prjeb536,True
WBA_0000562001,wuchereria_bancrofti_prjeb536,True
WBA_0000562101,wuchereria_bancrofti_prjeb536,True
WBA_0000562201,wuchereria_bancrofti_prjeb536,True
WBA_0000562301,wuchereria_bancrofti_prjeb536,True
WBA_0000562401,wuchereria_bancrofti_prjeb536,False
WBA_0000562501,wuchereria_bancrofti_prjeb536,True
WBA_0000562601,wuchereria_bancrofti_prjeb536,True
WBA_0000562701,wuchereria_bancrofti_prjeb536,True
WBA_0000562801,wuchereria_bancrofti_prjeb536,False
WBA_0000562901,wuchereria_bancrofti_prjeb536,True
WBA_0000563001,wuchereria_bancrofti_prjeb536,True
WBA_0000563101,wuchereria_bancrofti_prjeb536,True
WBA_0000563201,wuchereria_bancrofti_prjeb536,True
WBA_0000563301,wuchereria_bancrofti_prjeb536,True
WBA_0000563401,wuchereria_bancrofti_prjeb536,True
WBA_0000563501,wuchereria_bancrofti_prjeb536,True
WBA_0000563601,wuchereria_bancrofti_prjeb536,False
WBA_0000563701,wuchereria_bancrofti_prjeb536,True
WBA_0000563801,wuchereria_bancrofti_prjeb536,True
WBA_0000563901,wuchereria_bancrofti_prjeb536,True
WBA_0000564001,wuchereria_bancrofti_prjeb536,True
WBA_0000564101,wuchereria_bancrofti_prjeb536,True
WBA_0000564201,wuchereria_bancrofti_prjeb536,True
WBA_0000564301,wuchereria_bancrofti_prjeb536,True
WBA_0000564401,wuchereria_bancrofti_prjeb536,False
WBA_0000564501,wuchereria_bancrofti_prjeb536,True
WBA_0000564601,wuchereria_bancrofti_prjeb536,True
WBA_0000564701,wuchereria_bancrofti_prjeb536,True
WBA_0000564801,wuchereria_bancrofti_prjeb536,True
WBA_0000564901,wuchereria_bancrofti_prjeb536,True
WBA_0000565001,wuchereria_bancrofti_prjeb536,True
WBA_0000565101,wuchereria_bancrofti_prjeb536,True
WBA_0000565201,wuchereria_bancrofti_prjeb536,True
WBA_0000565301,wuchereria_bancrofti_prjeb536,True
WBA_0000565401,wuchereria_bancrofti_prjeb536,True
WBA_0000565501,wuchereria_bancrofti_prjeb536,False
WBA_0000565601,wuchereria_bancrofti_prjeb536,True
WBA_0000565701,wuchereria_bancrofti_prjeb536,True
WBA_0000565801,wuchereria_bancrofti_prjeb536,True
WBA_0000565901,wuchereria_bancrofti_prjeb536,False
WBA_0000566001,wuchereria_bancrofti_prjeb536,True
WBA_0000566101,wuchereria_bancrofti_prjeb536,True
WBA_0000566201,wuchereria_bancrofti_prjeb536,False
WBA_0000566301,wuchereria_bancrofti_prjeb536,True
WBA_0000566401,wuchereria_bancrofti_prjeb536,True
WBA_0000566501,wuchereria_bancrofti_prjeb536,True
WBA_0000566601,wuchereria_bancrofti_prjeb536,True
WBA_0000566701,wuchereria_bancrofti_prjeb536,True
WBA_0000566801,wuchereria_bancrofti_prjeb536,True
WBA_0000566901,wuchereria_bancrofti_prjeb536,True
WBA_0000567001,wuchereria_bancrofti_prjeb536,True
WBA_0000567101,wuchereria_bancrofti_prjeb536,True
WBA_0000567201,wuchereria_bancrofti_prjeb536,True
WBA_0000567301,wuchereria_bancrofti_prjeb536,True
WBA_0000567401,wuchereria_bancrofti_prjeb536,True
WBA_0000567501,wuchereria_bancrofti_prjeb536,True
WBA_0000567601,wuchereria_bancrofti_prjeb536,True
WBA_0000567701,wuchereria_bancrofti_prjeb536,True
WBA_0000567801,wuchereria_bancrofti_prjeb536,True
WBA_0000567901,wuchereria_bancrofti_prjeb536,True
WBA_0000568001,wuchereria_bancrofti_prjeb536,True
WBA_0000568101,wuchereria_bancrofti_prjeb536,True
WBA_0000568201,wuchereria_bancrofti_prjeb536,True
WBA_0000568301,wuchereria_bancrofti_prjeb536,True
WBA_0000568401,wuchereria_bancrofti_prjeb536,False
WBA_0000568501,wuchereria_bancrofti_prjeb536,True
WBA_0000568601,wuchereria_bancrofti_prjeb536,False
WBA_0000568701,wuchereria_bancrofti_prjeb536,True
WBA_0000568801,wuchereria_bancrofti_prjeb536,True
WBA_0000568901,wuchereria_bancrofti_prjeb536,True
WBA_0000569001,wuchereria_bancrofti_prjeb536,True
WBA_0000569101,wuchereria_bancrofti_prjeb536,True
WBA_0000569201,wuchereria_bancrofti_prjeb536,True
WBA_0000569301,wuchereria_bancrofti_prjeb536,True
WBA_0000569401,wuchereria_bancrofti_prjeb536,True
WBA_0000569501,wuchereria_bancrofti_prjeb536,True
WBA_0000569601,wuchereria_bancrofti_prjeb536,True
WBA_0000569701,wuchereria_bancrofti_prjeb536,True
WBA_0000569801,wuchereria_bancrofti_prjeb536,True
WBA_0000569901,wuchereria_bancrofti_prjeb536,True
WBA_0000570001,wuchereria_bancrofti_prjeb536,True
WBA_0000570101,wuchereria_bancrofti_prjeb536,True
WBA_0000570201,wuchereria_bancrofti_prjeb536,True
WBA_0000570301,wuchereria_bancrofti_prjeb536,False
WBA_0000570401,wuchereria_bancrofti_prjeb536,False
WBA_0000570501,wuchereria_bancrofti_prjeb536,True
WBA_0000570601,wuchereria_bancrofti_prjeb536,True
WBA_0000570701,wuchereria_bancrofti_prjeb536,True
WBA_0000570801,wuchereria_bancrofti_prjeb536,True
WBA_0000570901,wuchereria_bancrofti_prjeb536,True
WBA_0000571001,wuchereria_bancrofti_prjeb536,True
WBA_0000571101,wuchereria_bancrofti_prjeb536,True
WBA_0000571201,wuchereria_bancrofti_prjeb536,True
WBA_0000571301,wuchereria_bancrofti_prjeb536,True
WBA_0000571401,wuchereria_bancrofti_prjeb536,True
WBA_0000571501,wuchereria_bancrofti_prjeb536,True
WBA_0000571601,wuchereria_bancrofti_prjeb536,True
WBA_0000571701,wuchereria_bancrofti_prjeb536,True
WBA_0000571801,wuchereria_bancrofti_prjeb536,False
WBA_0000571901,wuchereria_bancrofti_prjeb536,True
WBA_0000572001,wuchereria_bancrofti_prjeb536,True
WBA_0000572101,wuchereria_bancrofti_prjeb536,True
WBA_0000572201,wuchereria_bancrofti_prjeb536,True
WBA_0000572301,wuchereria_bancrofti_prjeb536,True
WBA_0000572401,wuchereria_bancrofti_prjeb536,True
WBA_0000572501,wuchereria_bancrofti_prjeb536,True
WBA_0000572601,wuchereria_bancrofti_prjeb536,True
WBA_0000572701,wuchereria_bancrofti_prjeb536,True
WBA_0000572801,wuchereria_bancrofti_prjeb536,True
WBA_0000572901,wuchereria_bancrofti_prjeb536,True
WBA_0000573001,wuchereria_bancrofti_prjeb536,True
WBA_0000573101,wuchereria_bancrofti_prjeb536,False
WBA_0000573201,wuchereria_bancrofti_prjeb536,False
WBA_0000573301,wuchereria_bancrofti_prjeb536,True
WBA_0000573401,wuchereria_bancrofti_prjeb536,True
WBA_0000573501,wuchereria_bancrofti_prjeb536,True
WBA_0000573601,wuchereria_bancrofti_prjeb536,True
WBA_0000573701,wuchereria_bancrofti_prjeb536,False
WBA_0000573801,wuchereria_bancrofti_prjeb536,True
WBA_0000573901,wuchereria_bancrofti_prjeb536,True
WBA_0000574001,wuchereria_bancrofti_prjeb536,True
WBA_0000574101,wuchereria_bancrofti_prjeb536,True
WBA_0000574201,wuchereria_bancrofti_prjeb536,True
WBA_0000574301,wuchereria_bancrofti_prjeb536,True
WBA_0000574401,wuchereria_bancrofti_prjeb536,True
WBA_0000574501,wuchereria_bancrofti_prjeb536,True
WBA_0000574601,wuchereria_bancrofti_prjeb536,True
WBA_0000574701,wuchereria_bancrofti_prjeb536,True
WBA_0000574801,wuchereria_bancrofti_prjeb536,True
WBA_0000574901,wuchereria_bancrofti_prjeb536,True
WBA_0000575001,wuchereria_bancrofti_prjeb536,True
WBA_0000575101,wuchereria_bancrofti_prjeb536,True
WBA_0000575201,wuchereria_bancrofti_prjeb536,True
WBA_0000575301,wuchereria_bancrofti_prjeb536,True
WBA_0000575401,wuchereria_bancrofti_prjeb536,False
WBA_0000575501,wuchereria_bancrofti_prjeb536,True
WBA_0000575601,wuchereria_bancrofti_prjeb536,False
WBA_0000575701,wuchereria_bancrofti_prjeb536,True
WBA_0000575801,wuchereria_bancrofti_prjeb536,True
WBA_0000575901,wuchereria_bancrofti_prjeb536,True
WBA_0000576001,wuchereria_bancrofti_prjeb536,True
WBA_0000576101,wuchereria_bancrofti_prjeb536,True
WBA_0000576201,wuchereria_bancrofti_prjeb536,True
WBA_0000576301,wuchereria_bancrofti_prjeb536,True
WBA_0000576401,wuchereria_bancrofti_prjeb536,True
WBA_0000576501,wuchereria_bancrofti_prjeb536,True
WBA_0000576601,wuchereria_bancrofti_prjeb536,True
WBA_0000576701,wuchereria_bancrofti_prjeb536,False
WBA_0000576801,wuchereria_bancrofti_prjeb536,True
WBA_0000576901,wuchereria_bancrofti_prjeb536,True
WBA_0000577001,wuchereria_bancrofti_prjeb536,True
WBA_0000577101,wuchereria_bancrofti_prjeb536,True
WBA_0000577201,wuchereria_bancrofti_prjeb536,True
WBA_0000577301,wuchereria_bancrofti_prjeb536,True
WBA_0000577401,wuchereria_bancrofti_prjeb536,True
WBA_0000577501,wuchereria_bancrofti_prjeb536,True
WBA_0000577601,wuchereria_bancrofti_prjeb536,True
WBA_0000577701,wuchereria_bancrofti_prjeb536,True
WBA_0000577801,wuchereria_bancrofti_prjeb536,True
WBA_0000577901,wuchereria_bancrofti_prjeb536,True
WBA_0000578001,wuchereria_bancrofti_prjeb536,True
WBA_0000578101,wuchereria_bancrofti_prjeb536,False
WBA_0000578201,wuchereria_bancrofti_prjeb536,True
WBA_0000578301,wuchereria_bancrofti_prjeb536,True
WBA_0000578401,wuchereria_bancrofti_prjeb536,True
WBA_0000578501,wuchereria_bancrofti_prjeb536,True
WBA_0000578601,wuchereria_bancrofti_prjeb536,True
WBA_0000578701,wuchereria_bancrofti_prjeb536,True
WBA_0000578801,wuchereria_bancrofti_prjeb536,True
WBA_0000578901,wuchereria_bancrofti_prjeb536,True
WBA_0000579001,wuchereria_bancrofti_prjeb536,True
WBA_0000579101,wuchereria_bancrofti_prjeb536,False
WBA_0000579201,wuchereria_bancrofti_prjeb536,True
WBA_0000579301,wuchereria_bancrofti_prjeb536,True
WBA_0000579401,wuchereria_bancrofti_prjeb536,False
WBA_0000579501,wuchereria_bancrofti_prjeb536,True
WBA_0000579601,wuchereria_bancrofti_prjeb536,True
WBA_0000579701,wuchereria_bancrofti_prjeb536,True
WBA_0000579801,wuchereria_bancrofti_prjeb536,True
WBA_0000579901,wuchereria_bancrofti_prjeb536,True
WBA_0000580001,wuchereria_bancrofti_prjeb536,False
WBA_0000580101,wuchereria_bancrofti_prjeb536,True
WBA_0000580201,wuchereria_bancrofti_prjeb536,True
WBA_0000580301,wuchereria_bancrofti_prjeb536,True
WBA_0000580401,wuchereria_bancrofti_prjeb536,True
WBA_0000580501,wuchereria_bancrofti_prjeb536,False
WBA_0000580601,wuchereria_bancrofti_prjeb536,True
WBA_0000580701,wuchereria_bancrofti_prjeb536,True
WBA_0000580801,wuchereria_bancrofti_prjeb536,True
WBA_0000580901,wuchereria_bancrofti_prjeb536,True
WBA_0000581001,wuchereria_bancrofti_prjeb536,False
WBA_0000581101,wuchereria_bancrofti_prjeb536,True
WBA_0000581201,wuchereria_bancrofti_prjeb536,True
WBA_0000581301,wuchereria_bancrofti_prjeb536,True
WBA_0000581401,wuchereria_bancrofti_prjeb536,False
WBA_0000581501,wuchereria_bancrofti_prjeb536,True
WBA_0000581601,wuchereria_bancrofti_prjeb536,True
WBA_0000581701,wuchereria_bancrofti_prjeb536,True
WBA_0000581801,wuchereria_bancrofti_prjeb536,False
WBA_0000581901,wuchereria_bancrofti_prjeb536,True
WBA_0000582001,wuchereria_bancrofti_prjeb536,True
WBA_0000582101,wuchereria_bancrofti_prjeb536,True
WBA_0000582201,wuchereria_bancrofti_prjeb536,True
WBA_0000582301,wuchereria_bancrofti_prjeb536,False
WBA_0000582401,wuchereria_bancrofti_prjeb536,False
WBA_0000582501,wuchereria_bancrofti_prjeb536,True
WBA_0000582601,wuchereria_bancrofti_prjeb536,False
WBA_0000582701,wuchereria_bancrofti_prjeb536,True
WBA_0000582801,wuchereria_bancrofti_prjeb536,False
WBA_0000582901,wuchereria_bancrofti_prjeb536,True
WBA_0000583001,wuchereria_bancrofti_prjeb536,True
WBA_0000583101,wuchereria_bancrofti_prjeb536,False
WBA_0000583201,wuchereria_bancrofti_prjeb536,True
WBA_0000583301,wuchereria_bancrofti_prjeb536,True
WBA_0000583401,wuchereria_bancrofti_prjeb536,False
WBA_0000583501,wuchereria_bancrofti_prjeb536,False
WBA_0000583601,wuchereria_bancrofti_prjeb536,False
WBA_0000583701,wuchereria_bancrofti_prjeb536,True
WBA_0000583801,wuchereria_bancrofti_prjeb536,True
WBA_0000583901,wuchereria_bancrofti_prjeb536,True
WBA_0000584001,wuchereria_bancrofti_prjeb536,True
WBA_0000584101,wuchereria_bancrofti_prjeb536,True
WBA_0000584201,wuchereria_bancrofti_prjeb536,True
WBA_0000584301,wuchereria_bancrofti_prjeb536,True
WBA_0000584401,wuchereria_bancrofti_prjeb536,True
WBA_0000584501,wuchereria_bancrofti_prjeb536,False
WBA_0000584601,wuchereria_bancrofti_prjeb536,True
WBA_0000584701,wuchereria_bancrofti_prjeb536,True
WBA_0000584801,wuchereria_bancrofti_prjeb536,True
WBA_0000584901,wuchereria_bancrofti_prjeb536,True
WBA_0000585001,wuchereria_bancrofti_prjeb536,True
WBA_0000585101,wuchereria_bancrofti_prjeb536,True
WBA_0000585201,wuchereria_bancrofti_prjeb536,True
WBA_0000585301,wuchereria_bancrofti_prjeb536,True
WBA_0000585401,wuchereria_bancrofti_prjeb536,True
WBA_0000585501,wuchereria_bancrofti_prjeb536,True
WBA_0000585601,wuchereria_bancrofti_prjeb536,True
WBA_0000585701,wuchereria_bancrofti_prjeb536,False
WBA_0000585801,wuchereria_bancrofti_prjeb536,True
WBA_0000585901,wuchereria_bancrofti_prjeb536,True
WBA_0000586001,wuchereria_bancrofti_prjeb536,False
WBA_0000586101,wuchereria_bancrofti_prjeb536,True
WBA_0000586201,wuchereria_bancrofti_prjeb536,True
WBA_0000586301,wuchereria_bancrofti_prjeb536,True
WBA_0000586401,wuchereria_bancrofti_prjeb536,True
WBA_0000586501,wuchereria_bancrofti_prjeb536,True
WBA_0000586601,wuchereria_bancrofti_prjeb536,True
WBA_0000586701,wuchereria_bancrofti_prjeb536,True
WBA_0000586801,wuchereria_bancrofti_prjeb536,True
WBA_0000586901,wuchereria_bancrofti_prjeb536,True
WBA_0000587001,wuchereria_bancrofti_prjeb536,True
WBA_0000587101,wuchereria_bancrofti_prjeb536,False
WBA_0000587201,wuchereria_bancrofti_prjeb536,True
WBA_0000587301,wuchereria_bancrofti_prjeb536,True
WBA_0000587401,wuchereria_bancrofti_prjeb536,True
WBA_0000587501,wuchereria_bancrofti_prjeb536,True
WBA_0000587601,wuchereria_bancrofti_prjeb536,True
WBA_0000587701,wuchereria_bancrofti_prjeb536,True
WBA_0000587801,wuchereria_bancrofti_prjeb536,True
WBA_0000587901,wuchereria_bancrofti_prjeb536,True
WBA_0000588001,wuchereria_bancrofti_prjeb536,True
WBA_0000588101,wuchereria_bancrofti_prjeb536,False
WBA_0000588201,wuchereria_bancrofti_prjeb536,True
WBA_0000588301,wuchereria_bancrofti_prjeb536,False
WBA_0000588401,wuchereria_bancrofti_prjeb536,True
WBA_0000588501,wuchereria_bancrofti_prjeb536,True
WBA_0000588601,wuchereria_bancrofti_prjeb536,False
WBA_0000588701,wuchereria_bancrofti_prjeb536,True
WBA_0000588801,wuchereria_bancrofti_prjeb536,True
WBA_0000588901,wuchereria_bancrofti_prjeb536,True
WBA_0000589001,wuchereria_bancrofti_prjeb536,True
WBA_0000589101,wuchereria_bancrofti_prjeb536,True
WBA_0000589201,wuchereria_bancrofti_prjeb536,True
WBA_0000589301,wuchereria_bancrofti_prjeb536,True
WBA_0000589401,wuchereria_bancrofti_prjeb536,True
WBA_0000589501,wuchereria_bancrofti_prjeb536,True
WBA_0000589601,wuchereria_bancrofti_prjeb536,True
WBA_0000589701,wuchereria_bancrofti_prjeb536,True
WBA_0000589801,wuchereria_bancrofti_prjeb536,True
WBA_0000589901,wuchereria_bancrofti_prjeb536,True
WBA_0000590001,wuchereria_bancrofti_prjeb536,True
WBA_0000590101,wuchereria_bancrofti_prjeb536,False
WBA_0000590201,wuchereria_bancrofti_prjeb536,True
WBA_0000590301,wuchereria_bancrofti_prjeb536,False
WBA_0000590401,wuchereria_bancrofti_prjeb536,True
WBA_0000590501,wuchereria_bancrofti_prjeb536,True
WBA_0000590601,wuchereria_bancrofti_prjeb536,True
WBA_0000590701,wuchereria_bancrofti_prjeb536,True
WBA_0000590801,wuchereria_bancrofti_prjeb536,True
WBA_0000590901,wuchereria_bancrofti_prjeb536,True
WBA_0000591001,wuchereria_bancrofti_prjeb536,False
WBA_0000591101,wuchereria_bancrofti_prjeb536,True
WBA_0000591201,wuchereria_bancrofti_prjeb536,True
WBA_0000591301,wuchereria_bancrofti_prjeb536,True
WBA_0000591401,wuchereria_bancrofti_prjeb536,True
WBA_0000591501,wuchereria_bancrofti_prjeb536,False
WBA_0000591601,wuchereria_bancrofti_prjeb536,True
WBA_0000591701,wuchereria_bancrofti_prjeb536,True
WBA_0000591801,wuchereria_bancrofti_prjeb536,True
WBA_0000591901,wuchereria_bancrofti_prjeb536,True
WBA_0000592001,wuchereria_bancrofti_prjeb536,True
WBA_0000592101,wuchereria_bancrofti_prjeb536,True
WBA_0000592201,wuchereria_bancrofti_prjeb536,True
WBA_0000592301,wuchereria_bancrofti_prjeb536,True
WBA_0000592401,wuchereria_bancrofti_prjeb536,True
WBA_0000592501,wuchereria_bancrofti_prjeb536,True
WBA_0000592601,wuchereria_bancrofti_prjeb536,True
WBA_0000592701,wuchereria_bancrofti_prjeb536,True
WBA_0000592801,wuchereria_bancrofti_prjeb536,True
WBA_0000592901,wuchereria_bancrofti_prjeb536,True
WBA_0000593001,wuchereria_bancrofti_prjeb536,True
WBA_0000593101,wuchereria_bancrofti_prjeb536,True
WBA_0000593201,wuchereria_bancrofti_prjeb536,False
WBA_0000593301,wuchereria_bancrofti_prjeb536,True
WBA_0000593401,wuchereria_bancrofti_prjeb536,True
WBA_0000593501,wuchereria_bancrofti_prjeb536,True
WBA_0000593601,wuchereria_bancrofti_prjeb536,True
WBA_0000593701,wuchereria_bancrofti_prjeb536,True
WBA_0000593801,wuchereria_bancrofti_prjeb536,True
WBA_0000593901,wuchereria_bancrofti_prjeb536,False
WBA_0000594001,wuchereria_bancrofti_prjeb536,True
WBA_0000594101,wuchereria_bancrofti_prjeb536,True
WBA_0000594201,wuchereria_bancrofti_prjeb536,True
WBA_0000594301,wuchereria_bancrofti_prjeb536,True
WBA_0000594401,wuchereria_bancrofti_prjeb536,True
WBA_0000594501,wuchereria_bancrofti_prjeb536,True
WBA_0000594601,wuchereria_bancrofti_prjeb536,True
WBA_0000594701,wuchereria_bancrofti_prjeb536,False
WBA_0000594801,wuchereria_bancrofti_prjeb536,True
WBA_0000594901,wuchereria_bancrofti_prjeb536,True
WBA_0000595001,wuchereria_bancrofti_prjeb536,False
WBA_0000595101,wuchereria_bancrofti_prjeb536,True
WBA_0000595201,wuchereria_bancrofti_prjeb536,False
WBA_0000595301,wuchereria_bancrofti_prjeb536,True
WBA_0000595401,wuchereria_bancrofti_prjeb536,True
WBA_0000595501,wuchereria_bancrofti_prjeb536,True
WBA_0000595601,wuchereria_bancrofti_prjeb536,True
WBA_0000595701,wuchereria_bancrofti_prjeb536,True
WBA_0000595801,wuchereria_bancrofti_prjeb536,True
WBA_0000595901,wuchereria_bancrofti_prjeb536,True
WBA_0000596001,wuchereria_bancrofti_prjeb536,True
WBA_0000596101,wuchereria_bancrofti_prjeb536,True
WBA_0000596201,wuchereria_bancrofti_prjeb536,True
WBA_0000596301,wuchereria_bancrofti_prjeb536,True
WBA_0000596401,wuchereria_bancrofti_prjeb536,True
WBA_0000596501,wuchereria_bancrofti_prjeb536,True
WBA_0000596601,wuchereria_bancrofti_prjeb536,True
WBA_0000596701,wuchereria_bancrofti_prjeb536,True
WBA_0000596801,wuchereria_bancrofti_prjeb536,False
WBA_0000596901,wuchereria_bancrofti_prjeb536,True
WBA_0000597001,wuchereria_bancrofti_prjeb536,True
WBA_0000597101,wuchereria_bancrofti_prjeb536,True
WBA_0000597201,wuchereria_bancrofti_prjeb536,True
WBA_0000597301,wuchereria_bancrofti_prjeb536,True
WBA_0000597401,wuchereria_bancrofti_prjeb536,True
WBA_0000597501,wuchereria_bancrofti_prjeb536,True
WBA_0000597601,wuchereria_bancrofti_prjeb536,True
WBA_0000597701,wuchereria_bancrofti_prjeb536,True
WBA_0000597801,wuchereria_bancrofti_prjeb536,True
WBA_0000597901,wuchereria_bancrofti_prjeb536,True
WBA_0000598001,wuchereria_bancrofti_prjeb536,True
WBA_0000598101,wuchereria_bancrofti_prjeb536,True
WBA_0000598201,wuchereria_bancrofti_prjeb536,True
WBA_0000598301,wuchereria_bancrofti_prjeb536,True
WBA_0000598401,wuchereria_bancrofti_prjeb536,True
WBA_0000598501,wuchereria_bancrofti_prjeb536,True
WBA_0000598601,wuchereria_bancrofti_prjeb536,False
WBA_0000598701,wuchereria_bancrofti_prjeb536,True
WBA_0000598801,wuchereria_bancrofti_prjeb536,True
WBA_0000598901,wuchereria_bancrofti_prjeb536,False
WBA_0000599001,wuchereria_bancrofti_prjeb536,True
WBA_0000599101,wuchereria_bancrofti_prjeb536,True
WBA_0000599201,wuchereria_bancrofti_prjeb536,True
WBA_0000599301,wuchereria_bancrofti_prjeb536,True
WBA_0000599401,wuchereria_bancrofti_prjeb536,True
WBA_0000599501,wuchereria_bancrofti_prjeb536,True
WBA_0000599601,wuchereria_bancrofti_prjeb536,True
WBA_0000599701,wuchereria_bancrofti_prjeb536,False
WBA_0000599801,wuchereria_bancrofti_prjeb536,True
WBA_0000599901,wuchereria_bancrofti_prjeb536,True
WBA_0000600001,wuchereria_bancrofti_prjeb536,True
WBA_0000600101,wuchereria_bancrofti_prjeb536,True
WBA_0000600201,wuchereria_bancrofti_prjeb536,True
WBA_0000600301,wuchereria_bancrofti_prjeb536,True
WBA_0000600401,wuchereria_bancrofti_prjeb536,False
WBA_0000600501,wuchereria_bancrofti_prjeb536,True
WBA_0000600601,wuchereria_bancrofti_prjeb536,True
WBA_0000600701,wuchereria_bancrofti_prjeb536,True
WBA_0000600801,wuchereria_bancrofti_prjeb536,False
WBA_0000600901,wuchereria_bancrofti_prjeb536,True
WBA_0000601001,wuchereria_bancrofti_prjeb536,True
WBA_0000601101,wuchereria_bancrofti_prjeb536,True
WBA_0000601201,wuchereria_bancrofti_prjeb536,False
WBA_0000601301,wuchereria_bancrofti_prjeb536,True
WBA_0000601401,wuchereria_bancrofti_prjeb536,False
WBA_0000601501,wuchereria_bancrofti_prjeb536,True
WBA_0000601601,wuchereria_bancrofti_prjeb536,True
WBA_0000601701,wuchereria_bancrofti_prjeb536,True
WBA_0000601801,wuchereria_bancrofti_prjeb536,True
WBA_0000601901,wuchereria_bancrofti_prjeb536,True
WBA_0000602001,wuchereria_bancrofti_prjeb536,True
WBA_0000602101,wuchereria_bancrofti_prjeb536,False
WBA_0000602201,wuchereria_bancrofti_prjeb536,True
WBA_0000602301,wuchereria_bancrofti_prjeb536,True
WBA_0000602401,wuchereria_bancrofti_prjeb536,True
WBA_0000602501,wuchereria_bancrofti_prjeb536,True
WBA_0000602601,wuchereria_bancrofti_prjeb536,True
WBA_0000602701,wuchereria_bancrofti_prjeb536,True
WBA_0000602801,wuchereria_bancrofti_prjeb536,True
WBA_0000602901,wuchereria_bancrofti_prjeb536,False
WBA_0000603001,wuchereria_bancrofti_prjeb536,True
WBA_0000603101,wuchereria_bancrofti_prjeb536,True
WBA_0000603201,wuchereria_bancrofti_prjeb536,True
WBA_0000603301,wuchereria_bancrofti_prjeb536,True
WBA_0000603401,wuchereria_bancrofti_prjeb536,True
WBA_0000603501,wuchereria_bancrofti_prjeb536,True
WBA_0000603601,wuchereria_bancrofti_prjeb536,True
WBA_0000603701,wuchereria_bancrofti_prjeb536,True
WBA_0000603801,wuchereria_bancrofti_prjeb536,True
WBA_0000603901,wuchereria_bancrofti_prjeb536,True
WBA_0000604001,wuchereria_bancrofti_prjeb536,True
WBA_0000604101,wuchereria_bancrofti_prjeb536,True
WBA_0000604201,wuchereria_bancrofti_prjeb536,False
WBA_0000604301,wuchereria_bancrofti_prjeb536,False
WBA_0000604401,wuchereria_bancrofti_prjeb536,True
WBA_0000604501,wuchereria_bancrofti_prjeb536,True
WBA_0000604601,wuchereria_bancrofti_prjeb536,False
WBA_0000604701,wuchereria_bancrofti_prjeb536,True
WBA_0000604801,wuchereria_bancrofti_prjeb536,True
WBA_0000604901,wuchereria_bancrofti_prjeb536,True
WBA_0000605001,wuchereria_bancrofti_prjeb536,True
WBA_0000605101,wuchereria_bancrofti_prjeb536,True
WBA_0000605201,wuchereria_bancrofti_prjeb536,True
WBA_0000605301,wuchereria_bancrofti_prjeb536,True
WBA_0000605401,wuchereria_bancrofti_prjeb536,True
WBA_0000605501,wuchereria_bancrofti_prjeb536,True
WBA_0000605601,wuchereria_bancrofti_prjeb536,True
WBA_0000605701,wuchereria_bancrofti_prjeb536,False
WBA_0000605801,wuchereria_bancrofti_prjeb536,True
WBA_0000605901,wuchereria_bancrofti_prjeb536,True
WBA_0000606001,wuchereria_bancrofti_prjeb536,False
WBA_0000606101,wuchereria_bancrofti_prjeb536,True
WBA_0000606201,wuchereria_bancrofti_prjeb536,True
WBA_0000606301,wuchereria_bancrofti_prjeb536,True
WBA_0000606401,wuchereria_bancrofti_prjeb536,True
WBA_0000606501,wuchereria_bancrofti_prjeb536,True
WBA_0000606601,wuchereria_bancrofti_prjeb536,False
WBA_0000606701,wuchereria_bancrofti_prjeb536,True
WBA_0000606801,wuchereria_bancrofti_prjeb536,True
WBA_0000606901,wuchereria_bancrofti_prjeb536,True
WBA_0000607001,wuchereria_bancrofti_prjeb536,True
WBA_0000607101,wuchereria_bancrofti_prjeb536,True
WBA_0000607201,wuchereria_bancrofti_prjeb536,True
WBA_0000607601,wuchereria_bancrofti_prjeb536,True
WBA_0000607701,wuchereria_bancrofti_prjeb536,True
WBA_0000607801,wuchereria_bancrofti_prjeb536,True
WBA_0000607901,wuchereria_bancrofti_prjeb536,True
WBA_0000608001,wuchereria_bancrofti_prjeb536,True
WBA_0000608101,wuchereria_bancrofti_prjeb536,True
WBA_0000608201,wuchereria_bancrofti_prjeb536,True
WBA_0000608301,wuchereria_bancrofti_prjeb536,True
WBA_0000608401,wuchereria_bancrofti_prjeb536,True
WBA_0000608501,wuchereria_bancrofti_prjeb536,True
WBA_0000608601,wuchereria_bancrofti_prjeb536,True
WBA_0000608701,wuchereria_bancrofti_prjeb536,True
WBA_0000608801,wuchereria_bancrofti_prjeb536,True
WBA_0000608901,wuchereria_bancrofti_prjeb536,True
WBA_0000609001,wuchereria_bancrofti_prjeb536,True
WBA_0000609101,wuchereria_bancrofti_prjeb536,True
WBA_0000609201,wuchereria_bancrofti_prjeb536,True
WBA_0000609301,wuchereria_bancrofti_prjeb536,True
WBA_0000609401,wuchereria_bancrofti_prjeb536,True
WBA_0000609501,wuchereria_bancrofti_prjeb536,True
WBA_0000609601,wuchereria_bancrofti_prjeb536,False
WBA_0000609701,wuchereria_bancrofti_prjeb536,True
WBA_0000609801,wuchereria_bancrofti_prjeb536,False
WBA_0000609901,wuchereria_bancrofti_prjeb536,True
WBA_0000610001,wuchereria_bancrofti_prjeb536,True
WBA_0000610101,wuchereria_bancrofti_prjeb536,False
WBA_0000610201,wuchereria_bancrofti_prjeb536,True
WBA_0000610301,wuchereria_bancrofti_prjeb536,True
WBA_0000610401,wuchereria_bancrofti_prjeb536,True
WBA_0000610501,wuchereria_bancrofti_prjeb536,True
WBA_0000610601,wuchereria_bancrofti_prjeb536,True
WBA_0000610701,wuchereria_bancrofti_prjeb536,True
WBA_0000610801,wuchereria_bancrofti_prjeb536,False
WBA_0000610901,wuchereria_bancrofti_prjeb536,True
WBA_0000611001,wuchereria_bancrofti_prjeb536,True
WBA_0000611101,wuchereria_bancrofti_prjeb536,True
WBA_0000611201,wuchereria_bancrofti_prjeb536,True
WBA_0000611301,wuchereria_bancrofti_prjeb536,True
WBA_0000611401,wuchereria_bancrofti_prjeb536,True
WBA_0000611501,wuchereria_bancrofti_prjeb536,True
WBA_0000611601,wuchereria_bancrofti_prjeb536,True
WBA_0000611701,wuchereria_bancrofti_prjeb536,True
WBA_0000611801,wuchereria_bancrofti_prjeb536,True
WBA_0000611901,wuchereria_bancrofti_prjeb536,True
WBA_0000612001,wuchereria_bancrofti_prjeb536,True
WBA_0000612101,wuchereria_bancrofti_prjeb536,False
WBA_0000612201,wuchereria_bancrofti_prjeb536,True
WBA_0000612301,wuchereria_bancrofti_prjeb536,True
WBA_0000612401,wuchereria_bancrofti_prjeb536,False
WBA_0000612501,wuchereria_bancrofti_prjeb536,True
WBA_0000612601,wuchereria_bancrofti_prjeb536,True
WBA_0000612701,wuchereria_bancrofti_prjeb536,False
WBA_0000612801,wuchereria_bancrofti_prjeb536,True
WBA_0000612901,wuchereria_bancrofti_prjeb536,True
WBA_0000613001,wuchereria_bancrofti_prjeb536,False
WBA_0000613101,wuchereria_bancrofti_prjeb536,True
WBA_0000613201,wuchereria_bancrofti_prjeb536,True
WBA_0000613301,wuchereria_bancrofti_prjeb536,True
WBA_0000613401,wuchereria_bancrofti_prjeb536,True
WBA_0000613501,wuchereria_bancrofti_prjeb536,True
WBA_0000613601,wuchereria_bancrofti_prjeb536,True
WBA_0000613701,wuchereria_bancrofti_prjeb536,True
WBA_0000613801,wuchereria_bancrofti_prjeb536,True
WBA_0000613901,wuchereria_bancrofti_prjeb536,False
WBA_0000614001,wuchereria_bancrofti_prjeb536,True
WBA_0000614101,wuchereria_bancrofti_prjeb536,True
WBA_0000614201,wuchereria_bancrofti_prjeb536,True
WBA_0000614301,wuchereria_bancrofti_prjeb536,True
WBA_0000614401,wuchereria_bancrofti_prjeb536,True
WBA_0000614501,wuchereria_bancrofti_prjeb536,True
WBA_0000614601,wuchereria_bancrofti_prjeb536,True
WBA_0000614701,wuchereria_bancrofti_prjeb536,True
WBA_0000614801,wuchereria_bancrofti_prjeb536,False
WBA_0000614901,wuchereria_bancrofti_prjeb536,True
WBA_0000615001,wuchereria_bancrofti_prjeb536,False
WBA_0000615101,wuchereria_bancrofti_prjeb536,True
WBA_0000615201,wuchereria_bancrofti_prjeb536,True
WBA_0000615301,wuchereria_bancrofti_prjeb536,False
WBA_0000615401,wuchereria_bancrofti_prjeb536,True
WBA_0000615501,wuchereria_bancrofti_prjeb536,True
WBA_0000615601,wuchereria_bancrofti_prjeb536,True
WBA_0000615701,wuchereria_bancrofti_prjeb536,True
WBA_0000615801,wuchereria_bancrofti_prjeb536,True
WBA_0000615901,wuchereria_bancrofti_prjeb536,True
WBA_0000616001,wuchereria_bancrofti_prjeb536,True
WBA_0000616101,wuchereria_bancrofti_prjeb536,True
WBA_0000616201,wuchereria_bancrofti_prjeb536,True
WBA_0000616301,wuchereria_bancrofti_prjeb536,True
WBA_0000616401,wuchereria_bancrofti_prjeb536,True
WBA_0000616501,wuchereria_bancrofti_prjeb536,True
WBA_0000616601,wuchereria_bancrofti_prjeb536,True
WBA_0000616701,wuchereria_bancrofti_prjeb536,True
WBA_0000616801,wuchereria_bancrofti_prjeb536,True
WBA_0000616901,wuchereria_bancrofti_prjeb536,True
WBA_0000617001,wuchereria_bancrofti_prjeb536,True
WBA_0000617101,wuchereria_bancrofti_prjeb536,False
WBA_0000617201,wuchereria_bancrofti_prjeb536,True
WBA_0000617301,wuchereria_bancrofti_prjeb536,True
WBA_0000617401,wuchereria_bancrofti_prjeb536,True
WBA_0000617501,wuchereria_bancrofti_prjeb536,True
WBA_0000617601,wuchereria_bancrofti_prjeb536,True
WBA_0000617701,wuchereria_bancrofti_prjeb536,True
WBA_0000617801,wuchereria_bancrofti_prjeb536,True
WBA_0000617901,wuchereria_bancrofti_prjeb536,True
WBA_0000618001,wuchereria_bancrofti_prjeb536,True
WBA_0000618101,wuchereria_bancrofti_prjeb536,True
WBA_0000618201,wuchereria_bancrofti_prjeb536,True
WBA_0000618301,wuchereria_bancrofti_prjeb536,True
WBA_0000618401,wuchereria_bancrofti_prjeb536,True
WBA_0000618501,wuchereria_bancrofti_prjeb536,False
WBA_0000618601,wuchereria_bancrofti_prjeb536,True
WBA_0000618701,wuchereria_bancrofti_prjeb536,True
WBA_0000618801,wuchereria_bancrofti_prjeb536,True
WBA_0000618901,wuchereria_bancrofti_prjeb536,True
WBA_0000619001,wuchereria_bancrofti_prjeb536,False
WBA_0000619101,wuchereria_bancrofti_prjeb536,True
WBA_0000619201,wuchereria_bancrofti_prjeb536,True
WBA_0000619301,wuchereria_bancrofti_prjeb536,False
WBA_0000619401,wuchereria_bancrofti_prjeb536,True
WBA_0000619501,wuchereria_bancrofti_prjeb536,False
WBA_0000619601,wuchereria_bancrofti_prjeb536,True
WBA_0000619701,wuchereria_bancrofti_prjeb536,True
WBA_0000619801,wuchereria_bancrofti_prjeb536,True
WBA_0000619901,wuchereria_bancrofti_prjeb536,True
WBA_0000620001,wuchereria_bancrofti_prjeb536,False
WBA_0000620101,wuchereria_bancrofti_prjeb536,True
WBA_0000620201,wuchereria_bancrofti_prjeb536,True
WBA_0000620301,wuchereria_bancrofti_prjeb536,True
WBA_0000620401,wuchereria_bancrofti_prjeb536,True
WBA_0000620501,wuchereria_bancrofti_prjeb536,True
WBA_0000620601,wuchereria_bancrofti_prjeb536,False
WBA_0000620701,wuchereria_bancrofti_prjeb536,True
WBA_0000620801,wuchereria_bancrofti_prjeb536,True
WBA_0000620901,wuchereria_bancrofti_prjeb536,True
WBA_0000621001,wuchereria_bancrofti_prjeb536,True
WBA_0000621101,wuchereria_bancrofti_prjeb536,True
WBA_0000621201,wuchereria_bancrofti_prjeb536,True
WBA_0000621301,wuchereria_bancrofti_prjeb536,True
WBA_0000621401,wuchereria_bancrofti_prjeb536,False
WBA_0000621501,wuchereria_bancrofti_prjeb536,True
WBA_0000621601,wuchereria_bancrofti_prjeb536,True
WBA_0000621701,wuchereria_bancrofti_prjeb536,True
WBA_0000621801,wuchereria_bancrofti_prjeb536,True
WBA_0000621901,wuchereria_bancrofti_prjeb536,True
WBA_0000622001,wuchereria_bancrofti_prjeb536,True
WBA_0000622101,wuchereria_bancrofti_prjeb536,True
WBA_0000622201,wuchereria_bancrofti_prjeb536,True
WBA_0000622301,wuchereria_bancrofti_prjeb536,True
WBA_0000622401,wuchereria_bancrofti_prjeb536,True
WBA_0000622501,wuchereria_bancrofti_prjeb536,True
WBA_0000622601,wuchereria_bancrofti_prjeb536,True
WBA_0000622701,wuchereria_bancrofti_prjeb536,False
WBA_0000622801,wuchereria_bancrofti_prjeb536,True
WBA_0000622901,wuchereria_bancrofti_prjeb536,True
WBA_0000623001,wuchereria_bancrofti_prjeb536,False
WBA_0000623101,wuchereria_bancrofti_prjeb536,True
WBA_0000623201,wuchereria_bancrofti_prjeb536,True
WBA_0000623301,wuchereria_bancrofti_prjeb536,False
WBA_0000623401,wuchereria_bancrofti_prjeb536,True
WBA_0000623501,wuchereria_bancrofti_prjeb536,True
WBA_0000623601,wuchereria_bancrofti_prjeb536,True
WBA_0000623701,wuchereria_bancrofti_prjeb536,True
WBA_0000623801,wuchereria_bancrofti_prjeb536,True
WBA_0000623901,wuchereria_bancrofti_prjeb536,True
WBA_0000624001,wuchereria_bancrofti_prjeb536,True
WBA_0000624101,wuchereria_bancrofti_prjeb536,True
WBA_0000624201,wuchereria_bancrofti_prjeb536,True
WBA_0000624301,wuchereria_bancrofti_prjeb536,True
WBA_0000624401,wuchereria_bancrofti_prjeb536,True
WBA_0000624501,wuchereria_bancrofti_prjeb536,True
WBA_0000624601,wuchereria_bancrofti_prjeb536,True
WBA_0000624701,wuchereria_bancrofti_prjeb536,True
WBA_0000624801,wuchereria_bancrofti_prjeb536,True
WBA_0000624901,wuchereria_bancrofti_prjeb536,True
WBA_0000625001,wuchereria_bancrofti_prjeb536,False
WBA_0000625101,wuchereria_bancrofti_prjeb536,True
WBA_0000625201,wuchereria_bancrofti_prjeb536,True
WBA_0000625301,wuchereria_bancrofti_prjeb536,True
WBA_0000625401,wuchereria_bancrofti_prjeb536,True
WBA_0000625501,wuchereria_bancrofti_prjeb536,True
WBA_0000625601,wuchereria_bancrofti_prjeb536,True
WBA_0000625701,wuchereria_bancrofti_prjeb536,True
WBA_0000625801,wuchereria_bancrofti_prjeb536,True
WBA_0000625901,wuchereria_bancrofti_prjeb536,False
WBA_0000626001,wuchereria_bancrofti_prjeb536,False
WBA_0000626101,wuchereria_bancrofti_prjeb536,True
WBA_0000626201,wuchereria_bancrofti_prjeb536,False
WBA_0000626301,wuchereria_bancrofti_prjeb536,False
WBA_0000626401,wuchereria_bancrofti_prjeb536,True
WBA_0000626501,wuchereria_bancrofti_prjeb536,True
WBA_0000626601,wuchereria_bancrofti_prjeb536,True
WBA_0000626701,wuchereria_bancrofti_prjeb536,True
WBA_0000626801,wuchereria_bancrofti_prjeb536,True
WBA_0000626901,wuchereria_bancrofti_prjeb536,True
WBA_0000627001,wuchereria_bancrofti_prjeb536,True
WBA_0000627101,wuchereria_bancrofti_prjeb536,True
WBA_0000627201,wuchereria_bancrofti_prjeb536,True
WBA_0000627301,wuchereria_bancrofti_prjeb536,True
WBA_0000627401,wuchereria_bancrofti_prjeb536,True
WBA_0000627501,wuchereria_bancrofti_prjeb536,True
WBA_0000627601,wuchereria_bancrofti_prjeb536,True
WBA_0000627701,wuchereria_bancrofti_prjeb536,False
WBA_0000627801,wuchereria_bancrofti_prjeb536,True
WBA_0000627901,wuchereria_bancrofti_prjeb536,True
WBA_0000628001,wuchereria_bancrofti_prjeb536,True
WBA_0000628101,wuchereria_bancrofti_prjeb536,True
WBA_0000628201,wuchereria_bancrofti_prjeb536,True
WBA_0000628301,wuchereria_bancrofti_prjeb536,True
WBA_0000628401,wuchereria_bancrofti_prjeb536,True
WBA_0000628501,wuchereria_bancrofti_prjeb536,False
WBA_0000628601,wuchereria_bancrofti_prjeb536,True
WBA_0000628701,wuchereria_bancrofti_prjeb536,True
WBA_0000628801,wuchereria_bancrofti_prjeb536,True
WBA_0000628901,wuchereria_bancrofti_prjeb536,True
WBA_0000629001,wuchereria_bancrofti_prjeb536,True
WBA_0000629101,wuchereria_bancrofti_prjeb536,True
WBA_0000629201,wuchereria_bancrofti_prjeb536,True
WBA_0000629301,wuchereria_bancrofti_prjeb536,False
WBA_0000629401,wuchereria_bancrofti_prjeb536,True
WBA_0000629501,wuchereria_bancrofti_prjeb536,True
WBA_0000629601,wuchereria_bancrofti_prjeb536,True
WBA_0000629701,wuchereria_bancrofti_prjeb536,True
WBA_0000629801,wuchereria_bancrofti_prjeb536,True
WBA_0000629901,wuchereria_bancrofti_prjeb536,True
WBA_0000630001,wuchereria_bancrofti_prjeb536,True
WBA_0000630101,wuchereria_bancrofti_prjeb536,False
WBA_0000630201,wuchereria_bancrofti_prjeb536,True
WBA_0000630301,wuchereria_bancrofti_prjeb536,True
WBA_0000630401,wuchereria_bancrofti_prjeb536,False
WBA_0000630501,wuchereria_bancrofti_prjeb536,True
WBA_0000630601,wuchereria_bancrofti_prjeb536,True
WBA_0000630701,wuchereria_bancrofti_prjeb536,True
WBA_0000630801,wuchereria_bancrofti_prjeb536,True
WBA_0000630901,wuchereria_bancrofti_prjeb536,False
WBA_0000631001,wuchereria_bancrofti_prjeb536,True
WBA_0000631101,wuchereria_bancrofti_prjeb536,True
WBA_0000631201,wuchereria_bancrofti_prjeb536,True
WBA_0000631301,wuchereria_bancrofti_prjeb536,True
WBA_0000631401,wuchereria_bancrofti_prjeb536,True
WBA_0000631501,wuchereria_bancrofti_prjeb536,True
WBA_0000631601,wuchereria_bancrofti_prjeb536,True
WBA_0000631701,wuchereria_bancrofti_prjeb536,True
WBA_0000631801,wuchereria_bancrofti_prjeb536,True
WBA_0000631901,wuchereria_bancrofti_prjeb536,True
WBA_0000632001,wuchereria_bancrofti_prjeb536,True
WBA_0000632101,wuchereria_bancrofti_prjeb536,True
WBA_0000632201,wuchereria_bancrofti_prjeb536,True
WBA_0000632301,wuchereria_bancrofti_prjeb536,True
WBA_0000632401,wuchereria_bancrofti_prjeb536,True
WBA_0000632501,wuchereria_bancrofti_prjeb536,True
WBA_0000632601,wuchereria_bancrofti_prjeb536,False
WBA_0000632701,wuchereria_bancrofti_prjeb536,True
WBA_0000632801,wuchereria_bancrofti_prjeb536,True
WBA_0000632901,wuchereria_bancrofti_prjeb536,True
WBA_0000633001,wuchereria_bancrofti_prjeb536,True
WBA_0000633101,wuchereria_bancrofti_prjeb536,True
WBA_0000633201,wuchereria_bancrofti_prjeb536,True
WBA_0000633301,wuchereria_bancrofti_prjeb536,False
WBA_0000633401,wuchereria_bancrofti_prjeb536,True
WBA_0000633501,wuchereria_bancrofti_prjeb536,True
WBA_0000633601,wuchereria_bancrofti_prjeb536,True
WBA_0000633701,wuchereria_bancrofti_prjeb536,True
WBA_0000633801,wuchereria_bancrofti_prjeb536,True
WBA_0000633901,wuchereria_bancrofti_prjeb536,True
WBA_0000634001,wuchereria_bancrofti_prjeb536,True
WBA_0000634101,wuchereria_bancrofti_prjeb536,True
WBA_0000634201,wuchereria_bancrofti_prjeb536,False
WBA_0000634301,wuchereria_bancrofti_prjeb536,True
WBA_0000634401,wuchereria_bancrofti_prjeb536,True
WBA_0000634501,wuchereria_bancrofti_prjeb536,False
WBA_0000634601,wuchereria_bancrofti_prjeb536,True
WBA_0000634701,wuchereria_bancrofti_prjeb536,True
WBA_0000634801,wuchereria_bancrofti_prjeb536,True
WBA_0000634901,wuchereria_bancrofti_prjeb536,True
WBA_0000635001,wuchereria_bancrofti_prjeb536,True
WBA_0000635101,wuchereria_bancrofti_prjeb536,True
WBA_0000635201,wuchereria_bancrofti_prjeb536,True
WBA_0000635301,wuchereria_bancrofti_prjeb536,False
WBA_0000635401,wuchereria_bancrofti_prjeb536,True
WBA_0000635501,wuchereria_bancrofti_prjeb536,True
WBA_0000635601,wuchereria_bancrofti_prjeb536,True
WBA_0000635701,wuchereria_bancrofti_prjeb536,True
WBA_0000635801,wuchereria_bancrofti_prjeb536,False
WBA_0000635901,wuchereria_bancrofti_prjeb536,False
WBA_0000636001,wuchereria_bancrofti_prjeb536,False
WBA_0000636101,wuchereria_bancrofti_prjeb536,True
WBA_0000636201,wuchereria_bancrofti_prjeb536,True
WBA_0000636301,wuchereria_bancrofti_prjeb536,True
WBA_0000636401,wuchereria_bancrofti_prjeb536,True
WBA_0000636501,wuchereria_bancrofti_prjeb536,True
WBA_0000636601,wuchereria_bancrofti_prjeb536,True
WBA_0000636701,wuchereria_bancrofti_prjeb536,False
WBA_0000636801,wuchereria_bancrofti_prjeb536,True
WBA_0000636901,wuchereria_bancrofti_prjeb536,True
WBA_0000637001,wuchereria_bancrofti_prjeb536,True
WBA_0000637101,wuchereria_bancrofti_prjeb536,True
WBA_0000637201,wuchereria_bancrofti_prjeb536,True
WBA_0000637301,wuchereria_bancrofti_prjeb536,True
WBA_0000637401,wuchereria_bancrofti_prjeb536,True
WBA_0000637501,wuchereria_bancrofti_prjeb536,True
WBA_0000637601,wuchereria_bancrofti_prjeb536,True
WBA_0000637701,wuchereria_bancrofti_prjeb536,True
WBA_0000637801,wuchereria_bancrofti_prjeb536,True
WBA_0000637901,wuchereria_bancrofti_prjeb536,True
WBA_0000638001,wuchereria_bancrofti_prjeb536,True
WBA_0000638101,wuchereria_bancrofti_prjeb536,False
WBA_0000638201,wuchereria_bancrofti_prjeb536,True
WBA_0000638301,wuchereria_bancrofti_prjeb536,True
WBA_0000638401,wuchereria_bancrofti_prjeb536,True
WBA_0000638501,wuchereria_bancrofti_prjeb536,True
WBA_0000638601,wuchereria_bancrofti_prjeb536,True
WBA_0000638701,wuchereria_bancrofti_prjeb536,True
WBA_0000638801,wuchereria_bancrofti_prjeb536,True
WBA_0000638901,wuchereria_bancrofti_prjeb536,True
WBA_0000639001,wuchereria_bancrofti_prjeb536,False
WBA_0000639101,wuchereria_bancrofti_prjeb536,True
WBA_0000639201,wuchereria_bancrofti_prjeb536,True
WBA_0000639301,wuchereria_bancrofti_prjeb536,True
WBA_0000639401,wuchereria_bancrofti_prjeb536,True
WBA_0000639501,wuchereria_bancrofti_prjeb536,True
WBA_0000639601,wuchereria_bancrofti_prjeb536,True
WBA_0000639701,wuchereria_bancrofti_prjeb536,False
WBA_0000639801,wuchereria_bancrofti_prjeb536,False
WBA_0000639901,wuchereria_bancrofti_prjeb536,True
WBA_0000640001,wuchereria_bancrofti_prjeb536,True
WBA_0000640101,wuchereria_bancrofti_prjeb536,True
WBA_0000640201,wuchereria_bancrofti_prjeb536,True
WBA_0000640301,wuchereria_bancrofti_prjeb536,True
WBA_0000640401,wuchereria_bancrofti_prjeb536,True
WBA_0000640501,wuchereria_bancrofti_prjeb536,True
WBA_0000640601,wuchereria_bancrofti_prjeb536,True
WBA_0000640701,wuchereria_bancrofti_prjeb536,True
WBA_0000640801,wuchereria_bancrofti_prjeb536,False
WBA_0000640901,wuchereria_bancrofti_prjeb536,True
WBA_0000641001,wuchereria_bancrofti_prjeb536,True
WBA_0000641101,wuchereria_bancrofti_prjeb536,True
WBA_0000641201,wuchereria_bancrofti_prjeb536,True
WBA_0000641301,wuchereria_bancrofti_prjeb536,True
WBA_0000641401,wuchereria_bancrofti_prjeb536,True
WBA_0000641501,wuchereria_bancrofti_prjeb536,True
WBA_0000641601,wuchereria_bancrofti_prjeb536,True
WBA_0000641701,wuchereria_bancrofti_prjeb536,True
WBA_0000641801,wuchereria_bancrofti_prjeb536,True
WBA_0000641901,wuchereria_bancrofti_prjeb536,True
WBA_0000642001,wuchereria_bancrofti_prjeb536,True
WBA_0000642101,wuchereria_bancrofti_prjeb536,True
WBA_0000642201,wuchereria_bancrofti_prjeb536,True
WBA_0000642301,wuchereria_bancrofti_prjeb536,True
WBA_0000642401,wuchereria_bancrofti_prjeb536,True
WBA_0000642501,wuchereria_bancrofti_prjeb536,True
WBA_0000643101,wuchereria_bancrofti_prjeb536,True
WBA_0000643201,wuchereria_bancrofti_prjeb536,True
WBA_0000643301,wuchereria_bancrofti_prjeb536,True
WBA_0000643401,wuchereria_bancrofti_prjeb536,True
WBA_0000643501,wuchereria_bancrofti_prjeb536,True
WBA_0000643601,wuchereria_bancrofti_prjeb536,True
WBA_0000643701,wuchereria_bancrofti_prjeb536,True
WBA_0000643801,wuchereria_bancrofti_prjeb536,False
WBA_0000643901,wuchereria_bancrofti_prjeb536,True
WBA_0000644001,wuchereria_bancrofti_prjeb536,True
WBA_0000644101,wuchereria_bancrofti_prjeb536,True
WBA_0000644201,wuchereria_bancrofti_prjeb536,True
WBA_0000644301,wuchereria_bancrofti_prjeb536,False
WBA_0000644401,wuchereria_bancrofti_prjeb536,True
WBA_0000644501,wuchereria_bancrofti_prjeb536,True
WBA_0000644601,wuchereria_bancrofti_prjeb536,True
WBA_0000644701,wuchereria_bancrofti_prjeb536,True
WBA_0000644801,wuchereria_bancrofti_prjeb536,False
WBA_0000644901,wuchereria_bancrofti_prjeb536,False
WBA_0000645001,wuchereria_bancrofti_prjeb536,True
WBA_0000645101,wuchereria_bancrofti_prjeb536,True
WBA_0000645201,wuchereria_bancrofti_prjeb536,True
WBA_0000645301,wuchereria_bancrofti_prjeb536,True
WBA_0000645401,wuchereria_bancrofti_prjeb536,False
WBA_0000645501,wuchereria_bancrofti_prjeb536,True
WBA_0000645601,wuchereria_bancrofti_prjeb536,True
WBA_0000645701,wuchereria_bancrofti_prjeb536,True
WBA_0000645801,wuchereria_bancrofti_prjeb536,True
WBA_0000645901,wuchereria_bancrofti_prjeb536,True
WBA_0000646001,wuchereria_bancrofti_prjeb536,True
WBA_0000646101,wuchereria_bancrofti_prjeb536,True
WBA_0000646201,wuchereria_bancrofti_prjeb536,True
WBA_0000646301,wuchereria_bancrofti_prjeb536,True
WBA_0000646401,wuchereria_bancrofti_prjeb536,True
WBA_0000646501,wuchereria_bancrofti_prjeb536,True
WBA_0000646601,wuchereria_bancrofti_prjeb536,False
WBA_0000646701,wuchereria_bancrofti_prjeb536,True
WBA_0000646801,wuchereria_bancrofti_prjeb536,True
WBA_0000646901,wuchereria_bancrofti_prjeb536,True
WBA_0000647001,wuchereria_bancrofti_prjeb536,True
WBA_0000647101,wuchereria_bancrofti_prjeb536,True
WBA_0000647201,wuchereria_bancrofti_prjeb536,True
WBA_0000647301,wuchereria_bancrofti_prjeb536,False
WBA_0000647401,wuchereria_bancrofti_prjeb536,True
WBA_0000647501,wuchereria_bancrofti_prjeb536,True
WBA_0000647601,wuchereria_bancrofti_prjeb536,True
WBA_0000647701,wuchereria_bancrofti_prjeb536,True
WBA_0000647801,wuchereria_bancrofti_prjeb536,True
WBA_0000647901,wuchereria_bancrofti_prjeb536,True
WBA_0000648001,wuchereria_bancrofti_prjeb536,True
WBA_0000648101,wuchereria_bancrofti_prjeb536,False
WBA_0000648201,wuchereria_bancrofti_prjeb536,True
WBA_0000648301,wuchereria_bancrofti_prjeb536,True
WBA_0000648401,wuchereria_bancrofti_prjeb536,False
WBA_0000648501,wuchereria_bancrofti_prjeb536,True
WBA_0000648601,wuchereria_bancrofti_prjeb536,True
WBA_0000648701,wuchereria_bancrofti_prjeb536,True
WBA_0000648801,wuchereria_bancrofti_prjeb536,True
WBA_0000648901,wuchereria_bancrofti_prjeb536,False
WBA_0000649001,wuchereria_bancrofti_prjeb536,False
WBA_0000649101,wuchereria_bancrofti_prjeb536,True
WBA_0000649201,wuchereria_bancrofti_prjeb536,True
WBA_0000649301,wuchereria_bancrofti_prjeb536,True
WBA_0000649401,wuchereria_bancrofti_prjeb536,True
WBA_0000649501,wuchereria_bancrofti_prjeb536,True
WBA_0000649601,wuchereria_bancrofti_prjeb536,True
WBA_0000649701,wuchereria_bancrofti_prjeb536,True
WBA_0000649801,wuchereria_bancrofti_prjeb536,True
WBA_0000649901,wuchereria_bancrofti_prjeb536,True
WBA_0000650001,wuchereria_bancrofti_prjeb536,True
WBA_0000650101,wuchereria_bancrofti_prjeb536,True
WBA_0000650201,wuchereria_bancrofti_prjeb536,True
WBA_0000650301,wuchereria_bancrofti_prjeb536,True
WBA_0000650401,wuchereria_bancrofti_prjeb536,True
WBA_0000650801,wuchereria_bancrofti_prjeb536,True
WBA_0000650901,wuchereria_bancrofti_prjeb536,True
WBA_0000651001,wuchereria_bancrofti_prjeb536,True
WBA_0000651101,wuchereria_bancrofti_prjeb536,True
WBA_0000651201,wuchereria_bancrofti_prjeb536,True
WBA_0000651301,wuchereria_bancrofti_prjeb536,True
WBA_0000651401,wuchereria_bancrofti_prjeb536,True
WBA_0000651501,wuchereria_bancrofti_prjeb536,True
WBA_0000651601,wuchereria_bancrofti_prjeb536,True
WBA_0000651701,wuchereria_bancrofti_prjeb536,True
WBA_0000651801,wuchereria_bancrofti_prjeb536,True
WBA_0000651901,wuchereria_bancrofti_prjeb536,True
WBA_0000652001,wuchereria_bancrofti_prjeb536,True
WBA_0000652101,wuchereria_bancrofti_prjeb536,True
WBA_0000652201,wuchereria_bancrofti_prjeb536,True
WBA_0000652301,wuchereria_bancrofti_prjeb536,False
WBA_0000652401,wuchereria_bancrofti_prjeb536,True
WBA_0000652501,wuchereria_bancrofti_prjeb536,False
WBA_0000652601,wuchereria_bancrofti_prjeb536,True
WBA_0000652701,wuchereria_bancrofti_prjeb536,True
WBA_0000652801,wuchereria_bancrofti_prjeb536,True
WBA_0000652901,wuchereria_bancrofti_prjeb536,True
WBA_0000653001,wuchereria_bancrofti_prjeb536,True
WBA_0000653101,wuchereria_bancrofti_prjeb536,True
WBA_0000653201,wuchereria_bancrofti_prjeb536,True
WBA_0000653301,wuchereria_bancrofti_prjeb536,False
WBA_0000653401,wuchereria_bancrofti_prjeb536,True
WBA_0000653501,wuchereria_bancrofti_prjeb536,True
WBA_0000653601,wuchereria_bancrofti_prjeb536,True
WBA_0000653701,wuchereria_bancrofti_prjeb536,True
WBA_0000653801,wuchereria_bancrofti_prjeb536,True
WBA_0000653901,wuchereria_bancrofti_prjeb536,True
WBA_0000654001,wuchereria_bancrofti_prjeb536,True
WBA_0000654101,wuchereria_bancrofti_prjeb536,True
WBA_0000654201,wuchereria_bancrofti_prjeb536,True
WBA_0000654301,wuchereria_bancrofti_prjeb536,True
WBA_0000654401,wuchereria_bancrofti_prjeb536,True
WBA_0000654501,wuchereria_bancrofti_prjeb536,True
WBA_0000654601,wuchereria_bancrofti_prjeb536,False
WBA_0000654701,wuchereria_bancrofti_prjeb536,False
WBA_0000654801,wuchereria_bancrofti_prjeb536,True
WBA_0000654901,wuchereria_bancrofti_prjeb536,True
WBA_0000655001,wuchereria_bancrofti_prjeb536,True
WBA_0000655101,wuchereria_bancrofti_prjeb536,True
WBA_0000655201,wuchereria_bancrofti_prjeb536,True
WBA_0000655301,wuchereria_bancrofti_prjeb536,True
WBA_0000655401,wuchereria_bancrofti_prjeb536,True
WBA_0000655501,wuchereria_bancrofti_prjeb536,True
WBA_0000655601,wuchereria_bancrofti_prjeb536,True
WBA_0000655701,wuchereria_bancrofti_prjeb536,True
WBA_0000655801,wuchereria_bancrofti_prjeb536,True
WBA_0000655901,wuchereria_bancrofti_prjeb536,True
WBA_0000656001,wuchereria_bancrofti_prjeb536,True
WBA_0000656101,wuchereria_bancrofti_prjeb536,True
WBA_0000656201,wuchereria_bancrofti_prjeb536,True
WBA_0000656301,wuchereria_bancrofti_prjeb536,True
WBA_0000656401,wuchereria_bancrofti_prjeb536,False
WBA_0000656501,wuchereria_bancrofti_prjeb536,True
WBA_0000656601,wuchereria_bancrofti_prjeb536,False
WBA_0000656701,wuchereria_bancrofti_prjeb536,True
WBA_0000656801,wuchereria_bancrofti_prjeb536,True
WBA_0000656901,wuchereria_bancrofti_prjeb536,True
WBA_0000657001,wuchereria_bancrofti_prjeb536,True
WBA_0000657101,wuchereria_bancrofti_prjeb536,True
WBA_0000657201,wuchereria_bancrofti_prjeb536,False
WBA_0000657301,wuchereria_bancrofti_prjeb536,True
WBA_0000657401,wuchereria_bancrofti_prjeb536,True
WBA_0000657501,wuchereria_bancrofti_prjeb536,False
WBA_0000657601,wuchereria_bancrofti_prjeb536,True
WBA_0000657701,wuchereria_bancrofti_prjeb536,True
WBA_0000657801,wuchereria_bancrofti_prjeb536,True
WBA_0000657901,wuchereria_bancrofti_prjeb536,True
WBA_0000658001,wuchereria_bancrofti_prjeb536,True
WBA_0000658101,wuchereria_bancrofti_prjeb536,True
WBA_0000658201,wuchereria_bancrofti_prjeb536,True
WBA_0000658301,wuchereria_bancrofti_prjeb536,True
WBA_0000658401,wuchereria_bancrofti_prjeb536,True
WBA_0000658501,wuchereria_bancrofti_prjeb536,True
WBA_0000658601,wuchereria_bancrofti_prjeb536,True
WBA_0000658701,wuchereria_bancrofti_prjeb536,True
WBA_0000658801,wuchereria_bancrofti_prjeb536,True
WBA_0000658901,wuchereria_bancrofti_prjeb536,True
WBA_0000659001,wuchereria_bancrofti_prjeb536,True
WBA_0000659101,wuchereria_bancrofti_prjeb536,True
WBA_0000659201,wuchereria_bancrofti_prjeb536,True
WBA_0000659301,wuchereria_bancrofti_prjeb536,True
WBA_0000659401,wuchereria_bancrofti_prjeb536,True
WBA_0000659501,wuchereria_bancrofti_prjeb536,False
WBA_0000659601,wuchereria_bancrofti_prjeb536,True
WBA_0000659701,wuchereria_bancrofti_prjeb536,True
WBA_0000659801,wuchereria_bancrofti_prjeb536,True
WBA_0000659901,wuchereria_bancrofti_prjeb536,True
WBA_0000660001,wuchereria_bancrofti_prjeb536,True
WBA_0000660101,wuchereria_bancrofti_prjeb536,True
WBA_0000660201,wuchereria_bancrofti_prjeb536,True
WBA_0000660301,wuchereria_bancrofti_prjeb536,True
WBA_0000660401,wuchereria_bancrofti_prjeb536,True
WBA_0000660501,wuchereria_bancrofti_prjeb536,True
WBA_0000660601,wuchereria_bancrofti_prjeb536,False
WBA_0000660701,wuchereria_bancrofti_prjeb536,True
WBA_0000660801,wuchereria_bancrofti_prjeb536,True
WBA_0000660901,wuchereria_bancrofti_prjeb536,True
WBA_0000661001,wuchereria_bancrofti_prjeb536,True
WBA_0000661101,wuchereria_bancrofti_prjeb536,True
WBA_0000661201,wuchereria_bancrofti_prjeb536,True
WBA_0000661301,wuchereria_bancrofti_prjeb536,True
WBA_0000661401,wuchereria_bancrofti_prjeb536,True
WBA_0000661501,wuchereria_bancrofti_prjeb536,True
WBA_0000661601,wuchereria_bancrofti_prjeb536,True
WBA_0000661701,wuchereria_bancrofti_prjeb536,True
WBA_0000661801,wuchereria_bancrofti_prjeb536,True
WBA_0000661901,wuchereria_bancrofti_prjeb536,True
WBA_0000662001,wuchereria_bancrofti_prjeb536,True
WBA_0000662101,wuchereria_bancrofti_prjeb536,True
WBA_0000662201,wuchereria_bancrofti_prjeb536,True
WBA_0000662301,wuchereria_bancrofti_prjeb536,True
WBA_0000662401,wuchereria_bancrofti_prjeb536,True
WBA_0000662501,wuchereria_bancrofti_prjeb536,True
WBA_0000662601,wuchereria_bancrofti_prjeb536,False
WBA_0000662701,wuchereria_bancrofti_prjeb536,True
WBA_0000662801,wuchereria_bancrofti_prjeb536,True
WBA_0000662901,wuchereria_bancrofti_prjeb536,True
WBA_0000663001,wuchereria_bancrofti_prjeb536,True
WBA_0000663101,wuchereria_bancrofti_prjeb536,True
WBA_0000663201,wuchereria_bancrofti_prjeb536,True
WBA_0000663301,wuchereria_bancrofti_prjeb536,True
WBA_0000663401,wuchereria_bancrofti_prjeb536,True
WBA_0000663501,wuchereria_bancrofti_prjeb536,True
WBA_0000663601,wuchereria_bancrofti_prjeb536,True
WBA_0000663701,wuchereria_bancrofti_prjeb536,True
WBA_0000663801,wuchereria_bancrofti_prjeb536,True
WBA_0000663901,wuchereria_bancrofti_prjeb536,True
WBA_0000664001,wuchereria_bancrofti_prjeb536,True
WBA_0000664101,wuchereria_bancrofti_prjeb536,True
WBA_0000664201,wuchereria_bancrofti_prjeb536,True
WBA_0000664301,wuchereria_bancrofti_prjeb536,True
WBA_0000664401,wuchereria_bancrofti_prjeb536,True
WBA_0000664501,wuchereria_bancrofti_prjeb536,True
WBA_0000664601,wuchereria_bancrofti_prjeb536,False
WBA_0000664701,wuchereria_bancrofti_prjeb536,True
WBA_0000664801,wuchereria_bancrofti_prjeb536,True
WBA_0000664901,wuchereria_bancrofti_prjeb536,True
WBA_0000665001,wuchereria_bancrofti_prjeb536,True
WBA_0000665101,wuchereria_bancrofti_prjeb536,True
WBA_0000665201,wuchereria_bancrofti_prjeb536,False
WBA_0000665301,wuchereria_bancrofti_prjeb536,True
WBA_0000665401,wuchereria_bancrofti_prjeb536,True
WBA_0000665501,wuchereria_bancrofti_prjeb536,True
WBA_0000665601,wuchereria_bancrofti_prjeb536,True
WBA_0000665701,wuchereria_bancrofti_prjeb536,True
WBA_0000665801,wuchereria_bancrofti_prjeb536,True
WBA_0000665901,wuchereria_bancrofti_prjeb536,True
WBA_0000666001,wuchereria_bancrofti_prjeb536,True
WBA_0000666101,wuchereria_bancrofti_prjeb536,True
WBA_0000666201,wuchereria_bancrofti_prjeb536,True
WBA_0000666301,wuchereria_bancrofti_prjeb536,True
WBA_0000666401,wuchereria_bancrofti_prjeb536,True
WBA_0000666501,wuchereria_bancrofti_prjeb536,True
WBA_0000666601,wuchereria_bancrofti_prjeb536,False
WBA_0000666701,wuchereria_bancrofti_prjeb536,True
WBA_0000666801,wuchereria_bancrofti_prjeb536,True
WBA_0000666901,wuchereria_bancrofti_prjeb536,True
WBA_0000667001,wuchereria_bancrofti_prjeb536,True
WBA_0000667101,wuchereria_bancrofti_prjeb536,True
WBA_0000667201,wuchereria_bancrofti_prjeb536,True
WBA_0000667301,wuchereria_bancrofti_prjeb536,True
WBA_0000667401,wuchereria_bancrofti_prjeb536,False
WBA_0000667501,wuchereria_bancrofti_prjeb536,True
WBA_0000667601,wuchereria_bancrofti_prjeb536,True
WBA_0000667701,wuchereria_bancrofti_prjeb536,True
WBA_0000667801,wuchereria_bancrofti_prjeb536,True
WBA_0000667901,wuchereria_bancrofti_prjeb536,True
WBA_0000668001,wuchereria_bancrofti_prjeb536,True
WBA_0000668101,wuchereria_bancrofti_prjeb536,True
WBA_0000668201,wuchereria_bancrofti_prjeb536,False
WBA_0000668301,wuchereria_bancrofti_prjeb536,True
WBA_0000668401,wuchereria_bancrofti_prjeb536,False
WBA_0000668501,wuchereria_bancrofti_prjeb536,True
WBA_0000668601,wuchereria_bancrofti_prjeb536,True
WBA_0000668701,wuchereria_bancrofti_prjeb536,True
WBA_0000668801,wuchereria_bancrofti_prjeb536,True
WBA_0000668901,wuchereria_bancrofti_prjeb536,True
WBA_0000669001,wuchereria_bancrofti_prjeb536,False
WBA_0000669101,wuchereria_bancrofti_prjeb536,True
WBA_0000669201,wuchereria_bancrofti_prjeb536,False
WBA_0000669301,wuchereria_bancrofti_prjeb536,True
WBA_0000669401,wuchereria_bancrofti_prjeb536,True
WBA_0000669501,wuchereria_bancrofti_prjeb536,True
WBA_0000669801,wuchereria_bancrofti_prjeb536,True
WBA_0000669901,wuchereria_bancrofti_prjeb536,True
WBA_0000670001,wuchereria_bancrofti_prjeb536,True
WBA_0000670101,wuchereria_bancrofti_prjeb536,True
WBA_0000670201,wuchereria_bancrofti_prjeb536,True
WBA_0000670301,wuchereria_bancrofti_prjeb536,True
WBA_0000670401,wuchereria_bancrofti_prjeb536,True
WBA_0000670501,wuchereria_bancrofti_prjeb536,True
WBA_0000670601,wuchereria_bancrofti_prjeb536,True
WBA_0000670701,wuchereria_bancrofti_prjeb536,True
WBA_0000670801,wuchereria_bancrofti_prjeb536,True
WBA_0000670901,wuchereria_bancrofti_prjeb536,True
WBA_0000671001,wuchereria_bancrofti_prjeb536,True
WBA_0000671101,wuchereria_bancrofti_prjeb536,True
WBA_0000671201,wuchereria_bancrofti_prjeb536,True
WBA_0000671301,wuchereria_bancrofti_prjeb536,True
WBA_0000671401,wuchereria_bancrofti_prjeb536,True
WBA_0000671501,wuchereria_bancrofti_prjeb536,True
WBA_0000671601,wuchereria_bancrofti_prjeb536,True
WBA_0000671701,wuchereria_bancrofti_prjeb536,False
WBA_0000671801,wuchereria_bancrofti_prjeb536,True
WBA_0000671901,wuchereria_bancrofti_prjeb536,True
WBA_0000672001,wuchereria_bancrofti_prjeb536,True
WBA_0000672101,wuchereria_bancrofti_prjeb536,False
WBA_0000672201,wuchereria_bancrofti_prjeb536,True
WBA_0000672301,wuchereria_bancrofti_prjeb536,True
WBA_0000672401,wuchereria_bancrofti_prjeb536,True
WBA_0000672501,wuchereria_bancrofti_prjeb536,True
WBA_0000672601,wuchereria_bancrofti_prjeb536,True
WBA_0000672701,wuchereria_bancrofti_prjeb536,True
WBA_0000672801,wuchereria_bancrofti_prjeb536,True
WBA_0000672901,wuchereria_bancrofti_prjeb536,True
WBA_0000673001,wuchereria_bancrofti_prjeb536,True
WBA_0000673101,wuchereria_bancrofti_prjeb536,True
WBA_0000673201,wuchereria_bancrofti_prjeb536,True
WBA_0000673301,wuchereria_bancrofti_prjeb536,True
WBA_0000673401,wuchereria_bancrofti_prjeb536,True
WBA_0000673501,wuchereria_bancrofti_prjeb536,True
WBA_0000673601,wuchereria_bancrofti_prjeb536,False
WBA_0000673701,wuchereria_bancrofti_prjeb536,True
WBA_0000673801,wuchereria_bancrofti_prjeb536,True
WBA_0000673901,wuchereria_bancrofti_prjeb536,True
WBA_0000674001,wuchereria_bancrofti_prjeb536,True
WBA_0000674101,wuchereria_bancrofti_prjeb536,True
WBA_0000674201,wuchereria_bancrofti_prjeb536,False
WBA_0000674301,wuchereria_bancrofti_prjeb536,True
WBA_0000674401,wuchereria_bancrofti_prjeb536,True
WBA_0000674501,wuchereria_bancrofti_prjeb536,False
WBA_0000674601,wuchereria_bancrofti_prjeb536,True
WBA_0000674701,wuchereria_bancrofti_prjeb536,True
WBA_0000674801,wuchereria_bancrofti_prjeb536,True
WBA_0000674901,wuchereria_bancrofti_prjeb536,True
WBA_0000675001,wuchereria_bancrofti_prjeb536,True
WBA_0000675101,wuchereria_bancrofti_prjeb536,True
WBA_0000675201,wuchereria_bancrofti_prjeb536,True
WBA_0000675301,wuchereria_bancrofti_prjeb536,True
WBA_0000675401,wuchereria_bancrofti_prjeb536,True
WBA_0000675501,wuchereria_bancrofti_prjeb536,False
WBA_0000675601,wuchereria_bancrofti_prjeb536,True
WBA_0000675701,wuchereria_bancrofti_prjeb536,True
WBA_0000675801,wuchereria_bancrofti_prjeb536,True
WBA_0000675901,wuchereria_bancrofti_prjeb536,True
WBA_0000676001,wuchereria_bancrofti_prjeb536,True
WBA_0000676101,wuchereria_bancrofti_prjeb536,True
WBA_0000676201,wuchereria_bancrofti_prjeb536,False
WBA_0000676301,wuchereria_bancrofti_prjeb536,False
WBA_0000676401,wuchereria_bancrofti_prjeb536,False
WBA_0000676501,wuchereria_bancrofti_prjeb536,True
WBA_0000676601,wuchereria_bancrofti_prjeb536,True
WBA_0000676701,wuchereria_bancrofti_prjeb536,True
WBA_0000676801,wuchereria_bancrofti_prjeb536,True
WBA_0000676901,wuchereria_bancrofti_prjeb536,True
WBA_0000677001,wuchereria_bancrofti_prjeb536,True
WBA_0000677101,wuchereria_bancrofti_prjeb536,True
WBA_0000677201,wuchereria_bancrofti_prjeb536,False
WBA_0000677301,wuchereria_bancrofti_prjeb536,True
WBA_0000677401,wuchereria_bancrofti_prjeb536,True
WBA_0000677501,wuchereria_bancrofti_prjeb536,True
WBA_0000677601,wuchereria_bancrofti_prjeb536,True
WBA_0000677701,wuchereria_bancrofti_prjeb536,True
WBA_0000677801,wuchereria_bancrofti_prjeb536,False
WBA_0000677901,wuchereria_bancrofti_prjeb536,True
WBA_0000678001,wuchereria_bancrofti_prjeb536,True
WBA_0000678101,wuchereria_bancrofti_prjeb536,True
WBA_0000678201,wuchereria_bancrofti_prjeb536,True
WBA_0000678301,wuchereria_bancrofti_prjeb536,True
WBA_0000678401,wuchereria_bancrofti_prjeb536,True
WBA_0000678501,wuchereria_bancrofti_prjeb536,True
WBA_0000678601,wuchereria_bancrofti_prjeb536,True
WBA_0000678701,wuchereria_bancrofti_prjeb536,True
WBA_0000678801,wuchereria_bancrofti_prjeb536,True
WBA_0000678901,wuchereria_bancrofti_prjeb536,True
WBA_0000679001,wuchereria_bancrofti_prjeb536,True
WBA_0000679101,wuchereria_bancrofti_prjeb536,True
WBA_0000679201,wuchereria_bancrofti_prjeb536,True
WBA_0000679301,wuchereria_bancrofti_prjeb536,True
WBA_0000679401,wuchereria_bancrofti_prjeb536,True
WBA_0000679501,wuchereria_bancrofti_prjeb536,True
WBA_0000679601,wuchereria_bancrofti_prjeb536,True
WBA_0000679701,wuchereria_bancrofti_prjeb536,False
WBA_0000679801,wuchereria_bancrofti_prjeb536,True
WBA_0000679901,wuchereria_bancrofti_prjeb536,True
WBA_0000680001,wuchereria_bancrofti_prjeb536,False
WBA_0000680101,wuchereria_bancrofti_prjeb536,True
WBA_0000680201,wuchereria_bancrofti_prjeb536,False
WBA_0000680301,wuchereria_bancrofti_prjeb536,True
WBA_0000680401,wuchereria_bancrofti_prjeb536,False
WBA_0000680501,wuchereria_bancrofti_prjeb536,True
WBA_0000680601,wuchereria_bancrofti_prjeb536,False
WBA_0000680701,wuchereria_bancrofti_prjeb536,True
WBA_0000680801,wuchereria_bancrofti_prjeb536,True
WBA_0000680901,wuchereria_bancrofti_prjeb536,True
WBA_0000681001,wuchereria_bancrofti_prjeb536,False
WBA_0000681101,wuchereria_bancrofti_prjeb536,True
WBA_0000681201,wuchereria_bancrofti_prjeb536,True
WBA_0000681301,wuchereria_bancrofti_prjeb536,True
WBA_0000681401,wuchereria_bancrofti_prjeb536,True
WBA_0000681501,wuchereria_bancrofti_prjeb536,True
WBA_0000681601,wuchereria_bancrofti_prjeb536,True
WBA_0000681701,wuchereria_bancrofti_prjeb536,True
WBA_0000681801,wuchereria_bancrofti_prjeb536,True
WBA_0000681901,wuchereria_bancrofti_prjeb536,True
WBA_0000682001,wuchereria_bancrofti_prjeb536,True
WBA_0000682101,wuchereria_bancrofti_prjeb536,True
WBA_0000682201,wuchereria_bancrofti_prjeb536,True
WBA_0000682301,wuchereria_bancrofti_prjeb536,True
WBA_0000682401,wuchereria_bancrofti_prjeb536,True
WBA_0000682501,wuchereria_bancrofti_prjeb536,True
WBA_0000682601,wuchereria_bancrofti_prjeb536,True
WBA_0000682701,wuchereria_bancrofti_prjeb536,True
WBA_0000682801,wuchereria_bancrofti_prjeb536,False
WBA_0000682901,wuchereria_bancrofti_prjeb536,True
WBA_0000683001,wuchereria_bancrofti_prjeb536,False
WBA_0000683101,wuchereria_bancrofti_prjeb536,False
WBA_0000683201,wuchereria_bancrofti_prjeb536,True
WBA_0000683301,wuchereria_bancrofti_prjeb536,True
WBA_0000683401,wuchereria_bancrofti_prjeb536,True
WBA_0000683501,wuchereria_bancrofti_prjeb536,False
WBA_0000683601,wuchereria_bancrofti_prjeb536,True
WBA_0000683701,wuchereria_bancrofti_prjeb536,True
WBA_0000683801,wuchereria_bancrofti_prjeb536,True
WBA_0000683901,wuchereria_bancrofti_prjeb536,True
WBA_0000684001,wuchereria_bancrofti_prjeb536,False
WBA_0000684101,wuchereria_bancrofti_prjeb536,True
WBA_0000684201,wuchereria_bancrofti_prjeb536,True
WBA_0000684301,wuchereria_bancrofti_prjeb536,True
WBA_0000684401,wuchereria_bancrofti_prjeb536,False
WBA_0000684501,wuchereria_bancrofti_prjeb536,False
WBA_0000684601,wuchereria_bancrofti_prjeb536,True
WBA_0000684701,wuchereria_bancrofti_prjeb536,True
WBA_0000684801,wuchereria_bancrofti_prjeb536,True
WBA_0000684901,wuchereria_bancrofti_prjeb536,False
WBA_0000685001,wuchereria_bancrofti_prjeb536,True
WBA_0000685101,wuchereria_bancrofti_prjeb536,True
WBA_0000685201,wuchereria_bancrofti_prjeb536,True
WBA_0000685301,wuchereria_bancrofti_prjeb536,True
WBA_0000685401,wuchereria_bancrofti_prjeb536,True
WBA_0000685501,wuchereria_bancrofti_prjeb536,True
WBA_0000685601,wuchereria_bancrofti_prjeb536,True
WBA_0000685701,wuchereria_bancrofti_prjeb536,True
WBA_0000685801,wuchereria_bancrofti_prjeb536,True
WBA_0000685901,wuchereria_bancrofti_prjeb536,True
WBA_0000686001,wuchereria_bancrofti_prjeb536,False
WBA_0000686101,wuchereria_bancrofti_prjeb536,False
WBA_0000686201,wuchereria_bancrofti_prjeb536,True
WBA_0000686301,wuchereria_bancrofti_prjeb536,True
WBA_0000686401,wuchereria_bancrofti_prjeb536,True
WBA_0000686501,wuchereria_bancrofti_prjeb536,True
WBA_0000686601,wuchereria_bancrofti_prjeb536,True
WBA_0000686701,wuchereria_bancrofti_prjeb536,True
WBA_0000686801,wuchereria_bancrofti_prjeb536,False
WBA_0000686901,wuchereria_bancrofti_prjeb536,True
WBA_0000687001,wuchereria_bancrofti_prjeb536,True
WBA_0000687101,wuchereria_bancrofti_prjeb536,True
WBA_0000687201,wuchereria_bancrofti_prjeb536,True
WBA_0000687301,wuchereria_bancrofti_prjeb536,True
WBA_0000687401,wuchereria_bancrofti_prjeb536,True
WBA_0000687501,wuchereria_bancrofti_prjeb536,True
WBA_0000687601,wuchereria_bancrofti_prjeb536,True
WBA_0000687701,wuchereria_bancrofti_prjeb536,True
WBA_0000687801,wuchereria_bancrofti_prjeb536,True
WBA_0000687901,wuchereria_bancrofti_prjeb536,False
WBA_0000688001,wuchereria_bancrofti_prjeb536,False
WBA_0000688101,wuchereria_bancrofti_prjeb536,True
WBA_0000688201,wuchereria_bancrofti_prjeb536,True
WBA_0000688301,wuchereria_bancrofti_prjeb536,True
WBA_0000688401,wuchereria_bancrofti_prjeb536,True
WBA_0000688501,wuchereria_bancrofti_prjeb536,False
WBA_0000688601,wuchereria_bancrofti_prjeb536,True
WBA_0000688701,wuchereria_bancrofti_prjeb536,True
WBA_0000688801,wuchereria_bancrofti_prjeb536,False
WBA_0000688901,wuchereria_bancrofti_prjeb536,False
WBA_0000689001,wuchereria_bancrofti_prjeb536,True
WBA_0000689101,wuchereria_bancrofti_prjeb536,False
WBA_0000689201,wuchereria_bancrofti_prjeb536,True
WBA_0000689301,wuchereria_bancrofti_prjeb536,True
WBA_0000689401,wuchereria_bancrofti_prjeb536,True
WBA_0000689501,wuchereria_bancrofti_prjeb536,True
WBA_0000689601,wuchereria_bancrofti_prjeb536,True
WBA_0000689701,wuchereria_bancrofti_prjeb536,True
WBA_0000689801,wuchereria_bancrofti_prjeb536,True
WBA_0000689901,wuchereria_bancrofti_prjeb536,True
WBA_0000690001,wuchereria_bancrofti_prjeb536,True
WBA_0000690101,wuchereria_bancrofti_prjeb536,False
WBA_0000690201,wuchereria_bancrofti_prjeb536,True
WBA_0000690301,wuchereria_bancrofti_prjeb536,False
WBA_0000690401,wuchereria_bancrofti_prjeb536,True
WBA_0000690501,wuchereria_bancrofti_prjeb536,True
WBA_0000690601,wuchereria_bancrofti_prjeb536,False
WBA_0000690701,wuchereria_bancrofti_prjeb536,True
WBA_0000690801,wuchereria_bancrofti_prjeb536,True
WBA_0000690901,wuchereria_bancrofti_prjeb536,True
WBA_0000691001,wuchereria_bancrofti_prjeb536,True
WBA_0000691101,wuchereria_bancrofti_prjeb536,True
WBA_0000691201,wuchereria_bancrofti_prjeb536,True
WBA_0000691301,wuchereria_bancrofti_prjeb536,True
WBA_0000691401,wuchereria_bancrofti_prjeb536,False
WBA_0000691501,wuchereria_bancrofti_prjeb536,False
WBA_0000691601,wuchereria_bancrofti_prjeb536,False
WBA_0000691701,wuchereria_bancrofti_prjeb536,True
WBA_0000691801,wuchereria_bancrofti_prjeb536,True
WBA_0000691901,wuchereria_bancrofti_prjeb536,True
WBA_0000692001,wuchereria_bancrofti_prjeb536,True
WBA_0000692101,wuchereria_bancrofti_prjeb536,True
WBA_0000692201,wuchereria_bancrofti_prjeb536,False
WBA_0000692301,wuchereria_bancrofti_prjeb536,True
WBA_0000692401,wuchereria_bancrofti_prjeb536,True
WBA_0000692501,wuchereria_bancrofti_prjeb536,True
WBA_0000692601,wuchereria_bancrofti_prjeb536,False
WBA_0000692701,wuchereria_bancrofti_prjeb536,True
WBA_0000692801,wuchereria_bancrofti_prjeb536,True
WBA_0000692901,wuchereria_bancrofti_prjeb536,True
WBA_0000693001,wuchereria_bancrofti_prjeb536,True
WBA_0000693101,wuchereria_bancrofti_prjeb536,True
WBA_0000693201,wuchereria_bancrofti_prjeb536,True
WBA_0000693301,wuchereria_bancrofti_prjeb536,True
WBA_0000693401,wuchereria_bancrofti_prjeb536,True
WBA_0000693501,wuchereria_bancrofti_prjeb536,True
WBA_0000693601,wuchereria_bancrofti_prjeb536,True
WBA_0000693701,wuchereria_bancrofti_prjeb536,False
WBA_0000693801,wuchereria_bancrofti_prjeb536,True
WBA_0000693901,wuchereria_bancrofti_prjeb536,True
WBA_0000694001,wuchereria_bancrofti_prjeb536,True
WBA_0000694101,wuchereria_bancrofti_prjeb536,True
WBA_0000694201,wuchereria_bancrofti_prjeb536,True
WBA_0000694301,wuchereria_bancrofti_prjeb536,True
WBA_0000694401,wuchereria_bancrofti_prjeb536,True
WBA_0000694501,wuchereria_bancrofti_prjeb536,True
WBA_0000694601,wuchereria_bancrofti_prjeb536,True
WBA_0000694701,wuchereria_bancrofti_prjeb536,True
WBA_0000694801,wuchereria_bancrofti_prjeb536,False
WBA_0000694901,wuchereria_bancrofti_prjeb536,True
WBA_0000695001,wuchereria_bancrofti_prjeb536,True
WBA_0000695101,wuchereria_bancrofti_prjeb536,False
WBA_0000695201,wuchereria_bancrofti_prjeb536,True
WBA_0000695301,wuchereria_bancrofti_prjeb536,True
WBA_0000695401,wuchereria_bancrofti_prjeb536,False
WBA_0000695501,wuchereria_bancrofti_prjeb536,True
WBA_0000695601,wuchereria_bancrofti_prjeb536,True
WBA_0000695701,wuchereria_bancrofti_prjeb536,False
WBA_0000695801,wuchereria_bancrofti_prjeb536,True
WBA_0000695901,wuchereria_bancrofti_prjeb536,True
WBA_0000696001,wuchereria_bancrofti_prjeb536,True
WBA_0000696101,wuchereria_bancrofti_prjeb536,False
WBA_0000696201,wuchereria_bancrofti_prjeb536,True
WBA_0000696301,wuchereria_bancrofti_prjeb536,True
WBA_0000696401,wuchereria_bancrofti_prjeb536,True
WBA_0000696501,wuchereria_bancrofti_prjeb536,False
WBA_0000696601,wuchereria_bancrofti_prjeb536,False
WBA_0000696701,wuchereria_bancrofti_prjeb536,True
WBA_0000696801,wuchereria_bancrofti_prjeb536,True
WBA_0000696901,wuchereria_bancrofti_prjeb536,False
WBA_0000697001,wuchereria_bancrofti_prjeb536,False
WBA_0000697101,wuchereria_bancrofti_prjeb536,True
WBA_0000697201,wuchereria_bancrofti_prjeb536,True
WBA_0000697301,wuchereria_bancrofti_prjeb536,True
WBA_0000697401,wuchereria_bancrofti_prjeb536,True
WBA_0000697501,wuchereria_bancrofti_prjeb536,False
WBA_0000697601,wuchereria_bancrofti_prjeb536,True
WBA_0000697701,wuchereria_bancrofti_prjeb536,True
WBA_0000697801,wuchereria_bancrofti_prjeb536,True
WBA_0000697901,wuchereria_bancrofti_prjeb536,True
WBA_0000698001,wuchereria_bancrofti_prjeb536,True
WBA_0000698101,wuchereria_bancrofti_prjeb536,True
WBA_0000698201,wuchereria_bancrofti_prjeb536,False
WBA_0000698301,wuchereria_bancrofti_prjeb536,False
WBA_0000698401,wuchereria_bancrofti_prjeb536,True
WBA_0000698501,wuchereria_bancrofti_prjeb536,False
WBA_0000698601,wuchereria_bancrofti_prjeb536,False
WBA_0000698701,wuchereria_bancrofti_prjeb536,False
WBA_0000698801,wuchereria_bancrofti_prjeb536,True
WBA_0000698901,wuchereria_bancrofti_prjeb536,True
WBA_0000699001,wuchereria_bancrofti_prjeb536,True
WBA_0000699101,wuchereria_bancrofti_prjeb536,True
WBA_0000699201,wuchereria_bancrofti_prjeb536,False
WBA_0000699301,wuchereria_bancrofti_prjeb536,True
WBA_0000699401,wuchereria_bancrofti_prjeb536,True
WBA_0000699501,wuchereria_bancrofti_prjeb536,True
WBA_0000699601,wuchereria_bancrofti_prjeb536,True
WBA_0000699701,wuchereria_bancrofti_prjeb536,True
WBA_0000699801,wuchereria_bancrofti_prjeb536,True
WBA_0000699901,wuchereria_bancrofti_prjeb536,True
WBA_0000700001,wuchereria_bancrofti_prjeb536,True
WBA_0000700101,wuchereria_bancrofti_prjeb536,True
WBA_0000700201,wuchereria_bancrofti_prjeb536,True
WBA_0000700301,wuchereria_bancrofti_prjeb536,True
WBA_0000700401,wuchereria_bancrofti_prjeb536,False
WBA_0000700501,wuchereria_bancrofti_prjeb536,True
WBA_0000700601,wuchereria_bancrofti_prjeb536,True
WBA_0000700701,wuchereria_bancrofti_prjeb536,True
WBA_0000700801,wuchereria_bancrofti_prjeb536,True
WBA_0000700901,wuchereria_bancrofti_prjeb536,True
WBA_0000701001,wuchereria_bancrofti_prjeb536,True
WBA_0000701101,wuchereria_bancrofti_prjeb536,False
WBA_0000701201,wuchereria_bancrofti_prjeb536,True
WBA_0000701301,wuchereria_bancrofti_prjeb536,True
WBA_0000701401,wuchereria_bancrofti_prjeb536,True
WBA_0000701501,wuchereria_bancrofti_prjeb536,False
WBA_0000701601,wuchereria_bancrofti_prjeb536,True
WBA_0000701701,wuchereria_bancrofti_prjeb536,True
WBA_0000701801,wuchereria_bancrofti_prjeb536,True
WBA_0000701901,wuchereria_bancrofti_prjeb536,True
WBA_0000702001,wuchereria_bancrofti_prjeb536,True
WBA_0000702101,wuchereria_bancrofti_prjeb536,True
WBA_0000702201,wuchereria_bancrofti_prjeb536,True
WBA_0000702301,wuchereria_bancrofti_prjeb536,True
WBA_0000702401,wuchereria_bancrofti_prjeb536,True
WBA_0000702501,wuchereria_bancrofti_prjeb536,True
WBA_0000702601,wuchereria_bancrofti_prjeb536,True
WBA_0000702701,wuchereria_bancrofti_prjeb536,True
WBA_0000702801,wuchereria_bancrofti_prjeb536,True
WBA_0000702901,wuchereria_bancrofti_prjeb536,True
WBA_0000703001,wuchereria_bancrofti_prjeb536,True
WBA_0000703101,wuchereria_bancrofti_prjeb536,True
WBA_0000703201,wuchereria_bancrofti_prjeb536,True
WBA_0000703301,wuchereria_bancrofti_prjeb536,True
WBA_0000703401,wuchereria_bancrofti_prjeb536,True
WBA_0000703501,wuchereria_bancrofti_prjeb536,True
WBA_0000703601,wuchereria_bancrofti_prjeb536,True
WBA_0000703701,wuchereria_bancrofti_prjeb536,True
WBA_0000703801,wuchereria_bancrofti_prjeb536,True
WBA_0000703901,wuchereria_bancrofti_prjeb536,False
WBA_0000704001,wuchereria_bancrofti_prjeb536,True
WBA_0000704101,wuchereria_bancrofti_prjeb536,True
WBA_0000704201,wuchereria_bancrofti_prjeb536,True
WBA_0000704301,wuchereria_bancrofti_prjeb536,True
WBA_0000704401,wuchereria_bancrofti_prjeb536,True
WBA_0000704501,wuchereria_bancrofti_prjeb536,True
WBA_0000704601,wuchereria_bancrofti_prjeb536,True
WBA_0000704701,wuchereria_bancrofti_prjeb536,True
WBA_0000704801,wuchereria_bancrofti_prjeb536,False
WBA_0000704901,wuchereria_bancrofti_prjeb536,True
WBA_0000705001,wuchereria_bancrofti_prjeb536,False
WBA_0000705101,wuchereria_bancrofti_prjeb536,True
WBA_0000705201,wuchereria_bancrofti_prjeb536,True
WBA_0000705301,wuchereria_bancrofti_prjeb536,True
WBA_0000705401,wuchereria_bancrofti_prjeb536,True
WBA_0000705501,wuchereria_bancrofti_prjeb536,True
WBA_0000705601,wuchereria_bancrofti_prjeb536,True
WBA_0000705701,wuchereria_bancrofti_prjeb536,True
WBA_0000705801,wuchereria_bancrofti_prjeb536,True
WBA_0000705901,wuchereria_bancrofti_prjeb536,True
WBA_0000706001,wuchereria_bancrofti_prjeb536,True
WBA_0000706101,wuchereria_bancrofti_prjeb536,True
WBA_0000706201,wuchereria_bancrofti_prjeb536,False
WBA_0000706301,wuchereria_bancrofti_prjeb536,True
WBA_0000706401,wuchereria_bancrofti_prjeb536,True
WBA_0000706501,wuchereria_bancrofti_prjeb536,True
WBA_0000706601,wuchereria_bancrofti_prjeb536,True
WBA_0000706701,wuchereria_bancrofti_prjeb536,True
WBA_0000706801,wuchereria_bancrofti_prjeb536,True
WBA_0000706901,wuchereria_bancrofti_prjeb536,True
WBA_0000707001,wuchereria_bancrofti_prjeb536,True
WBA_0000707101,wuchereria_bancrofti_prjeb536,True
WBA_0000707201,wuchereria_bancrofti_prjeb536,True
WBA_0000707301,wuchereria_bancrofti_prjeb536,True
WBA_0000707401,wuchereria_bancrofti_prjeb536,True
WBA_0000707501,wuchereria_bancrofti_prjeb536,True
WBA_0000707601,wuchereria_bancrofti_prjeb536,True
WBA_0000707701,wuchereria_bancrofti_prjeb536,False
WBA_0000707801,wuchereria_bancrofti_prjeb536,True
WBA_0000707901,wuchereria_bancrofti_prjeb536,True
WBA_0000708001,wuchereria_bancrofti_prjeb536,True
WBA_0000708101,wuchereria_bancrofti_prjeb536,True
WBA_0000708201,wuchereria_bancrofti_prjeb536,True
WBA_0000708301,wuchereria_bancrofti_prjeb536,True
WBA_0000708401,wuchereria_bancrofti_prjeb536,True
WBA_0000708501,wuchereria_bancrofti_prjeb536,True
WBA_0000708601,wuchereria_bancrofti_prjeb536,True
WBA_0000708701,wuchereria_bancrofti_prjeb536,True
WBA_0000708801,wuchereria_bancrofti_prjeb536,False
WBA_0000708901,wuchereria_bancrofti_prjeb536,True
WBA_0000709001,wuchereria_bancrofti_prjeb536,True
WBA_0000709101,wuchereria_bancrofti_prjeb536,True
WBA_0000709201,wuchereria_bancrofti_prjeb536,True
WBA_0000709301,wuchereria_bancrofti_prjeb536,True
WBA_0000709401,wuchereria_bancrofti_prjeb536,True
WBA_0000709501,wuchereria_bancrofti_prjeb536,True
WBA_0000709601,wuchereria_bancrofti_prjeb536,True
WBA_0000709701,wuchereria_bancrofti_prjeb536,False
WBA_0000709801,wuchereria_bancrofti_prjeb536,True
WBA_0000709901,wuchereria_bancrofti_prjeb536,True
WBA_0000710001,wuchereria_bancrofti_prjeb536,False
WBA_0000710101,wuchereria_bancrofti_prjeb536,True
WBA_0000710201,wuchereria_bancrofti_prjeb536,True
WBA_0000710301,wuchereria_bancrofti_prjeb536,True
WBA_0000710401,wuchereria_bancrofti_prjeb536,False
WBA_0000710501,wuchereria_bancrofti_prjeb536,True
WBA_0000710601,wuchereria_bancrofti_prjeb536,True
WBA_0000710701,wuchereria_bancrofti_prjeb536,True
WBA_0000710801,wuchereria_bancrofti_prjeb536,True
WBA_0000710901,wuchereria_bancrofti_prjeb536,True
WBA_0000711001,wuchereria_bancrofti_prjeb536,True
WBA_0000711101,wuchereria_bancrofti_prjeb536,True
WBA_0000711201,wuchereria_bancrofti_prjeb536,True
WBA_0000711301,wuchereria_bancrofti_prjeb536,True
WBA_0000711401,wuchereria_bancrofti_prjeb536,False
WBA_0000711501,wuchereria_bancrofti_prjeb536,True
WBA_0000711601,wuchereria_bancrofti_prjeb536,True
WBA_0000711701,wuchereria_bancrofti_prjeb536,True
WBA_0000711801,wuchereria_bancrofti_prjeb536,True
WBA_0000711901,wuchereria_bancrofti_prjeb536,True
WBA_0000712001,wuchereria_bancrofti_prjeb536,True
WBA_0000712101,wuchereria_bancrofti_prjeb536,True
WBA_0000712201,wuchereria_bancrofti_prjeb536,True
WBA_0000712301,wuchereria_bancrofti_prjeb536,False
WBA_0000712401,wuchereria_bancrofti_prjeb536,True
WBA_0000712501,wuchereria_bancrofti_prjeb536,True
WBA_0000712601,wuchereria_bancrofti_prjeb536,True
WBA_0000712701,wuchereria_bancrofti_prjeb536,True
WBA_0000712801,wuchereria_bancrofti_prjeb536,False
WBA_0000712901,wuchereria_bancrofti_prjeb536,True
WBA_0000713001,wuchereria_bancrofti_prjeb536,True
WBA_0000713101,wuchereria_bancrofti_prjeb536,True
WBA_0000713201,wuchereria_bancrofti_prjeb536,True
WBA_0000713301,wuchereria_bancrofti_prjeb536,True
WBA_0000713401,wuchereria_bancrofti_prjeb536,True
WBA_0000713501,wuchereria_bancrofti_prjeb536,True
WBA_0000713601,wuchereria_bancrofti_prjeb536,True
WBA_0000713701,wuchereria_bancrofti_prjeb536,True
WBA_0000713801,wuchereria_bancrofti_prjeb536,True
WBA_0000713901,wuchereria_bancrofti_prjeb536,True
WBA_0000714001,wuchereria_bancrofti_prjeb536,True
WBA_0000714101,wuchereria_bancrofti_prjeb536,True
WBA_0000714201,wuchereria_bancrofti_prjeb536,True
WBA_0000714301,wuchereria_bancrofti_prjeb536,True
WBA_0000714401,wuchereria_bancrofti_prjeb536,True
WBA_0000714501,wuchereria_bancrofti_prjeb536,True
WBA_0000714601,wuchereria_bancrofti_prjeb536,True
WBA_0000714701,wuchereria_bancrofti_prjeb536,True
WBA_0000714801,wuchereria_bancrofti_prjeb536,True
WBA_0000714901,wuchereria_bancrofti_prjeb536,True
WBA_0000715001,wuchereria_bancrofti_prjeb536,False
WBA_0000715101,wuchereria_bancrofti_prjeb536,True
WBA_0000715201,wuchereria_bancrofti_prjeb536,False
WBA_0000715301,wuchereria_bancrofti_prjeb536,True
WBA_0000715401,wuchereria_bancrofti_prjeb536,True
WBA_0000715501,wuchereria_bancrofti_prjeb536,True
WBA_0000715601,wuchereria_bancrofti_prjeb536,True
WBA_0000715701,wuchereria_bancrofti_prjeb536,True
WBA_0000715801,wuchereria_bancrofti_prjeb536,True
WBA_0000715901,wuchereria_bancrofti_prjeb536,True
WBA_0000716001,wuchereria_bancrofti_prjeb536,True
WBA_0000716101,wuchereria_bancrofti_prjeb536,True
WBA_0000716201,wuchereria_bancrofti_prjeb536,True
WBA_0000716301,wuchereria_bancrofti_prjeb536,True
WBA_0000716401,wuchereria_bancrofti_prjeb536,False
WBA_0000716501,wuchereria_bancrofti_prjeb536,False
WBA_0000716601,wuchereria_bancrofti_prjeb536,True
WBA_0000716701,wuchereria_bancrofti_prjeb536,True
WBA_0000716801,wuchereria_bancrofti_prjeb536,True
WBA_0000716901,wuchereria_bancrofti_prjeb536,True
WBA_0000717001,wuchereria_bancrofti_prjeb536,True
WBA_0000717101,wuchereria_bancrofti_prjeb536,True
WBA_0000717201,wuchereria_bancrofti_prjeb536,True
WBA_0000717301,wuchereria_bancrofti_prjeb536,True
WBA_0000717401,wuchereria_bancrofti_prjeb536,True
WBA_0000717501,wuchereria_bancrofti_prjeb536,False
WBA_0000717601,wuchereria_bancrofti_prjeb536,True
WBA_0000717701,wuchereria_bancrofti_prjeb536,True
WBA_0000717801,wuchereria_bancrofti_prjeb536,False
WBA_0000717901,wuchereria_bancrofti_prjeb536,True
WBA_0000718001,wuchereria_bancrofti_prjeb536,True
WBA_0000718101,wuchereria_bancrofti_prjeb536,True
WBA_0000718201,wuchereria_bancrofti_prjeb536,False
WBA_0000718301,wuchereria_bancrofti_prjeb536,True
WBA_0000718401,wuchereria_bancrofti_prjeb536,True
WBA_0000718501,wuchereria_bancrofti_prjeb536,False
WBA_0000718601,wuchereria_bancrofti_prjeb536,True
WBA_0000718701,wuchereria_bancrofti_prjeb536,False
WBA_0000718801,wuchereria_bancrofti_prjeb536,True
WBA_0000718901,wuchereria_bancrofti_prjeb536,False
WBA_0000719001,wuchereria_bancrofti_prjeb536,True
WBA_0000719101,wuchereria_bancrofti_prjeb536,True
WBA_0000719201,wuchereria_bancrofti_prjeb536,True
WBA_0000719301,wuchereria_bancrofti_prjeb536,True
WBA_0000719401,wuchereria_bancrofti_prjeb536,True
WBA_0000719501,wuchereria_bancrofti_prjeb536,True
WBA_0000719601,wuchereria_bancrofti_prjeb536,True
WBA_0000719701,wuchereria_bancrofti_prjeb536,True
WBA_0000719801,wuchereria_bancrofti_prjeb536,True
WBA_0000719901,wuchereria_bancrofti_prjeb536,True
WBA_0000720001,wuchereria_bancrofti_prjeb536,True
WBA_0000720101,wuchereria_bancrofti_prjeb536,True
WBA_0000720201,wuchereria_bancrofti_prjeb536,True
WBA_0000720301,wuchereria_bancrofti_prjeb536,True
WBA_0000720401,wuchereria_bancrofti_prjeb536,True
WBA_0000720501,wuchereria_bancrofti_prjeb536,True
WBA_0000720601,wuchereria_bancrofti_prjeb536,True
WBA_0000720701,wuchereria_bancrofti_prjeb536,True
WBA_0000720801,wuchereria_bancrofti_prjeb536,True
WBA_0000720901,wuchereria_bancrofti_prjeb536,True
WBA_0000721001,wuchereria_bancrofti_prjeb536,False
WBA_0000721101,wuchereria_bancrofti_prjeb536,True
WBA_0000721201,wuchereria_bancrofti_prjeb536,True
WBA_0000721301,wuchereria_bancrofti_prjeb536,True
WBA_0000721401,wuchereria_bancrofti_prjeb536,True
WBA_0000721501,wuchereria_bancrofti_prjeb536,True
WBA_0000721601,wuchereria_bancrofti_prjeb536,True
WBA_0000721701,wuchereria_bancrofti_prjeb536,True
WBA_0000721801,wuchereria_bancrofti_prjeb536,True
WBA_0000721901,wuchereria_bancrofti_prjeb536,True
WBA_0000722001,wuchereria_bancrofti_prjeb536,True
WBA_0000722101,wuchereria_bancrofti_prjeb536,True
WBA_0000722201,wuchereria_bancrofti_prjeb536,True
WBA_0000722301,wuchereria_bancrofti_prjeb536,True
WBA_0000722401,wuchereria_bancrofti_prjeb536,False
WBA_0000722501,wuchereria_bancrofti_prjeb536,True
WBA_0000722601,wuchereria_bancrofti_prjeb536,True
WBA_0000722701,wuchereria_bancrofti_prjeb536,True
WBA_0000722801,wuchereria_bancrofti_prjeb536,True
WBA_0000722901,wuchereria_bancrofti_prjeb536,True
WBA_0000723001,wuchereria_bancrofti_prjeb536,True
WBA_0000723101,wuchereria_bancrofti_prjeb536,True
WBA_0000723201,wuchereria_bancrofti_prjeb536,False
WBA_0000723301,wuchereria_bancrofti_prjeb536,True
WBA_0000723401,wuchereria_bancrofti_prjeb536,True
WBA_0000723501,wuchereria_bancrofti_prjeb536,True
WBA_0000723601,wuchereria_bancrofti_prjeb536,True
WBA_0000723701,wuchereria_bancrofti_prjeb536,False
WBA_0000723801,wuchereria_bancrofti_prjeb536,True
WBA_0000723901,wuchereria_bancrofti_prjeb536,True
WBA_0000724001,wuchereria_bancrofti_prjeb536,True
WBA_0000724101,wuchereria_bancrofti_prjeb536,True
WBA_0000724201,wuchereria_bancrofti_prjeb536,False
WBA_0000724301,wuchereria_bancrofti_prjeb536,False
WBA_0000724401,wuchereria_bancrofti_prjeb536,True
WBA_0000724501,wuchereria_bancrofti_prjeb536,True
WBA_0000724601,wuchereria_bancrofti_prjeb536,True
WBA_0000724701,wuchereria_bancrofti_prjeb536,True
WBA_0000724801,wuchereria_bancrofti_prjeb536,True
WBA_0000724901,wuchereria_bancrofti_prjeb536,False
WBA_0000725001,wuchereria_bancrofti_prjeb536,True
WBA_0000725101,wuchereria_bancrofti_prjeb536,True
WBA_0000725201,wuchereria_bancrofti_prjeb536,False
WBA_0000725301,wuchereria_bancrofti_prjeb536,True
WBA_0000725401,wuchereria_bancrofti_prjeb536,True
WBA_0000725501,wuchereria_bancrofti_prjeb536,True
WBA_0000725601,wuchereria_bancrofti_prjeb536,True
WBA_0000725701,wuchereria_bancrofti_prjeb536,True
WBA_0000725801,wuchereria_bancrofti_prjeb536,True
WBA_0000725901,wuchereria_bancrofti_prjeb536,True
WBA_0000726001,wuchereria_bancrofti_prjeb536,False
WBA_0000726101,wuchereria_bancrofti_prjeb536,True
WBA_0000726201,wuchereria_bancrofti_prjeb536,True
WBA_0000726301,wuchereria_bancrofti_prjeb536,True
WBA_0000726401,wuchereria_bancrofti_prjeb536,False
WBA_0000726501,wuchereria_bancrofti_prjeb536,True
WBA_0000726601,wuchereria_bancrofti_prjeb536,True
WBA_0000726701,wuchereria_bancrofti_prjeb536,True
WBA_0000726801,wuchereria_bancrofti_prjeb536,True
WBA_0000726901,wuchereria_bancrofti_prjeb536,True
WBA_0000727001,wuchereria_bancrofti_prjeb536,False
WBA_0000727101,wuchereria_bancrofti_prjeb536,True
WBA_0000727201,wuchereria_bancrofti_prjeb536,True
WBA_0000727301,wuchereria_bancrofti_prjeb536,True
WBA_0000727401,wuchereria_bancrofti_prjeb536,True
WBA_0000727501,wuchereria_bancrofti_prjeb536,True
WBA_0000727601,wuchereria_bancrofti_prjeb536,True
WBA_0000727701,wuchereria_bancrofti_prjeb536,True
WBA_0000727801,wuchereria_bancrofti_prjeb536,True
WBA_0000727901,wuchereria_bancrofti_prjeb536,True
WBA_0000728001,wuchereria_bancrofti_prjeb536,True
WBA_0000728101,wuchereria_bancrofti_prjeb536,True
WBA_0000728201,wuchereria_bancrofti_prjeb536,False
WBA_0000728301,wuchereria_bancrofti_prjeb536,False
WBA_0000728401,wuchereria_bancrofti_prjeb536,False
WBA_0000728501,wuchereria_bancrofti_prjeb536,True
WBA_0000728601,wuchereria_bancrofti_prjeb536,True
WBA_0000728701,wuchereria_bancrofti_prjeb536,False
WBA_0000728801,wuchereria_bancrofti_prjeb536,False
WBA_0000728901,wuchereria_bancrofti_prjeb536,True
WBA_0000729001,wuchereria_bancrofti_prjeb536,True
WBA_0000729101,wuchereria_bancrofti_prjeb536,True
WBA_0000729201,wuchereria_bancrofti_prjeb536,True
WBA_0000729301,wuchereria_bancrofti_prjeb536,True
WBA_0000729401,wuchereria_bancrofti_prjeb536,True
WBA_0000729501,wuchereria_bancrofti_prjeb536,True
WBA_0000729601,wuchereria_bancrofti_prjeb536,True
WBA_0000729701,wuchereria_bancrofti_prjeb536,True
WBA_0000729801,wuchereria_bancrofti_prjeb536,True
WBA_0000729901,wuchereria_bancrofti_prjeb536,True
WBA_0000730001,wuchereria_bancrofti_prjeb536,True
WBA_0000730101,wuchereria_bancrofti_prjeb536,True
WBA_0000730201,wuchereria_bancrofti_prjeb536,True
WBA_0000730301,wuchereria_bancrofti_prjeb536,False
WBA_0000730401,wuchereria_bancrofti_prjeb536,True
WBA_0000730501,wuchereria_bancrofti_prjeb536,True
WBA_0000730601,wuchereria_bancrofti_prjeb536,True
WBA_0000730701,wuchereria_bancrofti_prjeb536,True
WBA_0000730801,wuchereria_bancrofti_prjeb536,True
WBA_0000730901,wuchereria_bancrofti_prjeb536,False
WBA_0000731001,wuchereria_bancrofti_prjeb536,True
WBA_0000731101,wuchereria_bancrofti_prjeb536,True
WBA_0000731201,wuchereria_bancrofti_prjeb536,False
WBA_0000731301,wuchereria_bancrofti_prjeb536,True
WBA_0000731401,wuchereria_bancrofti_prjeb536,True
WBA_0000731501,wuchereria_bancrofti_prjeb536,True
WBA_0000731601,wuchereria_bancrofti_prjeb536,True
WBA_0000731701,wuchereria_bancrofti_prjeb536,True
WBA_0000731801,wuchereria_bancrofti_prjeb536,True
WBA_0000731901,wuchereria_bancrofti_prjeb536,False
WBA_0000732001,wuchereria_bancrofti_prjeb536,True
WBA_0000732101,wuchereria_bancrofti_prjeb536,True
WBA_0000732201,wuchereria_bancrofti_prjeb536,True
WBA_0000732301,wuchereria_bancrofti_prjeb536,True
WBA_0000732401,wuchereria_bancrofti_prjeb536,True
WBA_0000732501,wuchereria_bancrofti_prjeb536,True
WBA_0000732601,wuchereria_bancrofti_prjeb536,True
WBA_0000732701,wuchereria_bancrofti_prjeb536,True
WBA_0000732801,wuchereria_bancrofti_prjeb536,True
WBA_0000732901,wuchereria_bancrofti_prjeb536,True
WBA_0000733001,wuchereria_bancrofti_prjeb536,False
WBA_0000733101,wuchereria_bancrofti_prjeb536,True
WBA_0000733201,wuchereria_bancrofti_prjeb536,True
WBA_0000733301,wuchereria_bancrofti_prjeb536,True
WBA_0000733401,wuchereria_bancrofti_prjeb536,True
WBA_0000733501,wuchereria_bancrofti_prjeb536,True
WBA_0000733601,wuchereria_bancrofti_prjeb536,True
WBA_0000733701,wuchereria_bancrofti_prjeb536,True
WBA_0000733801,wuchereria_bancrofti_prjeb536,True
WBA_0000733901,wuchereria_bancrofti_prjeb536,False
WBA_0000734001,wuchereria_bancrofti_prjeb536,True
WBA_0000734101,wuchereria_bancrofti_prjeb536,True
WBA_0000734201,wuchereria_bancrofti_prjeb536,True
WBA_0000734301,wuchereria_bancrofti_prjeb536,False
WBA_0000734401,wuchereria_bancrofti_prjeb536,True
WBA_0000734501,wuchereria_bancrofti_prjeb536,True
WBA_0000734601,wuchereria_bancrofti_prjeb536,True
WBA_0000734701,wuchereria_bancrofti_prjeb536,True
WBA_0000734801,wuchereria_bancrofti_prjeb536,False
WBA_0000734901,wuchereria_bancrofti_prjeb536,True
WBA_0000735001,wuchereria_bancrofti_prjeb536,False
WBA_0000735101,wuchereria_bancrofti_prjeb536,True
WBA_0000735201,wuchereria_bancrofti_prjeb536,True
WBA_0000735301,wuchereria_bancrofti_prjeb536,True
WBA_0000735401,wuchereria_bancrofti_prjeb536,True
WBA_0000735501,wuchereria_bancrofti_prjeb536,True
WBA_0000735601,wuchereria_bancrofti_prjeb536,True
WBA_0000735701,wuchereria_bancrofti_prjeb536,True
WBA_0000735801,wuchereria_bancrofti_prjeb536,False
WBA_0000735901,wuchereria_bancrofti_prjeb536,True
WBA_0000736001,wuchereria_bancrofti_prjeb536,True
WBA_0000736101,wuchereria_bancrofti_prjeb536,True
WBA_0000736201,wuchereria_bancrofti_prjeb536,True
WBA_0000736301,wuchereria_bancrofti_prjeb536,True
WBA_0000736401,wuchereria_bancrofti_prjeb536,True
WBA_0000736501,wuchereria_bancrofti_prjeb536,True
WBA_0000736601,wuchereria_bancrofti_prjeb536,True
WBA_0000736701,wuchereria_bancrofti_prjeb536,False
WBA_0000736801,wuchereria_bancrofti_prjeb536,True
WBA_0000736901,wuchereria_bancrofti_prjeb536,True
WBA_0000737001,wuchereria_bancrofti_prjeb536,True
WBA_0000737101,wuchereria_bancrofti_prjeb536,True
WBA_0000737201,wuchereria_bancrofti_prjeb536,True
WBA_0000737301,wuchereria_bancrofti_prjeb536,True
WBA_0000737401,wuchereria_bancrofti_prjeb536,False
WBA_0000737501,wuchereria_bancrofti_prjeb536,True
WBA_0000737601,wuchereria_bancrofti_prjeb536,True
WBA_0000737701,wuchereria_bancrofti_prjeb536,False
WBA_0000737801,wuchereria_bancrofti_prjeb536,True
WBA_0000737901,wuchereria_bancrofti_prjeb536,False
WBA_0000738001,wuchereria_bancrofti_prjeb536,True
WBA_0000738101,wuchereria_bancrofti_prjeb536,True
WBA_0000738201,wuchereria_bancrofti_prjeb536,True
WBA_0000738301,wuchereria_bancrofti_prjeb536,True
WBA_0000738401,wuchereria_bancrofti_prjeb536,True
WBA_0000738501,wuchereria_bancrofti_prjeb536,True
WBA_0000738601,wuchereria_bancrofti_prjeb536,True
WBA_0000738701,wuchereria_bancrofti_prjeb536,True
WBA_0000738801,wuchereria_bancrofti_prjeb536,True
WBA_0000738901,wuchereria_bancrofti_prjeb536,True
WBA_0000739001,wuchereria_bancrofti_prjeb536,True
WBA_0000739101,wuchereria_bancrofti_prjeb536,True
WBA_0000739201,wuchereria_bancrofti_prjeb536,True
WBA_0000739301,wuchereria_bancrofti_prjeb536,True
WBA_0000739401,wuchereria_bancrofti_prjeb536,True
WBA_0000739501,wuchereria_bancrofti_prjeb536,False
WBA_0000739601,wuchereria_bancrofti_prjeb536,True
WBA_0000739701,wuchereria_bancrofti_prjeb536,True
WBA_0000739801,wuchereria_bancrofti_prjeb536,True
WBA_0000739901,wuchereria_bancrofti_prjeb536,False
WBA_0000740001,wuchereria_bancrofti_prjeb536,True
WBA_0000740101,wuchereria_bancrofti_prjeb536,False
WBA_0000740201,wuchereria_bancrofti_prjeb536,False
WBA_0000740301,wuchereria_bancrofti_prjeb536,True
WBA_0000740401,wuchereria_bancrofti_prjeb536,True
WBA_0000740501,wuchereria_bancrofti_prjeb536,True
WBA_0000740601,wuchereria_bancrofti_prjeb536,True
WBA_0000740701,wuchereria_bancrofti_prjeb536,False
WBA_0000740801,wuchereria_bancrofti_prjeb536,False
WBA_0000740901,wuchereria_bancrofti_prjeb536,True
WBA_0000741001,wuchereria_bancrofti_prjeb536,True
WBA_0000741101,wuchereria_bancrofti_prjeb536,True
WBA_0000741201,wuchereria_bancrofti_prjeb536,True
WBA_0000741301,wuchereria_bancrofti_prjeb536,True
WBA_0000741401,wuchereria_bancrofti_prjeb536,True
WBA_0000741501,wuchereria_bancrofti_prjeb536,True
WBA_0000741601,wuchereria_bancrofti_prjeb536,True
WBA_0000741701,wuchereria_bancrofti_prjeb536,True
WBA_0000741801,wuchereria_bancrofti_prjeb536,True
WBA_0000741901,wuchereria_bancrofti_prjeb536,True
WBA_0000742001,wuchereria_bancrofti_prjeb536,True
WBA_0000742101,wuchereria_bancrofti_prjeb536,True
WBA_0000742201,wuchereria_bancrofti_prjeb536,True
WBA_0000742301,wuchereria_bancrofti_prjeb536,True
WBA_0000742401,wuchereria_bancrofti_prjeb536,True
WBA_0000742501,wuchereria_bancrofti_prjeb536,True
WBA_0000742601,wuchereria_bancrofti_prjeb536,True
WBA_0000742701,wuchereria_bancrofti_prjeb536,True
WBA_0000742801,wuchereria_bancrofti_prjeb536,True
WBA_0000742901,wuchereria_bancrofti_prjeb536,True
WBA_0000743001,wuchereria_bancrofti_prjeb536,True
WBA_0000743101,wuchereria_bancrofti_prjeb536,True
WBA_0000743201,wuchereria_bancrofti_prjeb536,True
WBA_0000743301,wuchereria_bancrofti_prjeb536,True
WBA_0000743401,wuchereria_bancrofti_prjeb536,True
WBA_0000743501,wuchereria_bancrofti_prjeb536,True
WBA_0000743601,wuchereria_bancrofti_prjeb536,True
WBA_0000743701,wuchereria_bancrofti_prjeb536,False
WBA_0000743801,wuchereria_bancrofti_prjeb536,True
WBA_0000743901,wuchereria_bancrofti_prjeb536,False
WBA_0000744001,wuchereria_bancrofti_prjeb536,False
WBA_0000744101,wuchereria_bancrofti_prjeb536,True
WBA_0000744201,wuchereria_bancrofti_prjeb536,True
WBA_0000744301,wuchereria_bancrofti_prjeb536,False
WBA_0000744401,wuchereria_bancrofti_prjeb536,True
WBA_0000744501,wuchereria_bancrofti_prjeb536,False
WBA_0000744601,wuchereria_bancrofti_prjeb536,True
WBA_0000744701,wuchereria_bancrofti_prjeb536,True
WBA_0000744801,wuchereria_bancrofti_prjeb536,True
WBA_0000744901,wuchereria_bancrofti_prjeb536,False
WBA_0000745001,wuchereria_bancrofti_prjeb536,True
WBA_0000745101,wuchereria_bancrofti_prjeb536,True
WBA_0000745201,wuchereria_bancrofti_prjeb536,True
WBA_0000745301,wuchereria_bancrofti_prjeb536,True
WBA_0000745401,wuchereria_bancrofti_prjeb536,True
WBA_0000745501,wuchereria_bancrofti_prjeb536,False
WBA_0000745601,wuchereria_bancrofti_prjeb536,True
WBA_0000745701,wuchereria_bancrofti_prjeb536,True
WBA_0000745801,wuchereria_bancrofti_prjeb536,False
WBA_0000745901,wuchereria_bancrofti_prjeb536,True
WBA_0000746001,wuchereria_bancrofti_prjeb536,True
WBA_0000746101,wuchereria_bancrofti_prjeb536,True
WBA_0000746201,wuchereria_bancrofti_prjeb536,True
WBA_0000746301,wuchereria_bancrofti_prjeb536,True
WBA_0000746401,wuchereria_bancrofti_prjeb536,True
WBA_0000746501,wuchereria_bancrofti_prjeb536,True
WBA_0000746601,wuchereria_bancrofti_prjeb536,True
WBA_0000746701,wuchereria_bancrofti_prjeb536,False
WBA_0000746801,wuchereria_bancrofti_prjeb536,True
WBA_0000746901,wuchereria_bancrofti_prjeb536,True
WBA_0000747001,wuchereria_bancrofti_prjeb536,False
WBA_0000747101,wuchereria_bancrofti_prjeb536,False
WBA_0000747201,wuchereria_bancrofti_prjeb536,True
WBA_0000747301,wuchereria_bancrofti_prjeb536,True
WBA_0000747401,wuchereria_bancrofti_prjeb536,True
WBA_0000747501,wuchereria_bancrofti_prjeb536,True
WBA_0000747601,wuchereria_bancrofti_prjeb536,True
WBA_0000747701,wuchereria_bancrofti_prjeb536,True
WBA_0000747801,wuchereria_bancrofti_prjeb536,True
WBA_0000747901,wuchereria_bancrofti_prjeb536,True
WBA_0000748001,wuchereria_bancrofti_prjeb536,False
WBA_0000748101,wuchereria_bancrofti_prjeb536,True
WBA_0000748201,wuchereria_bancrofti_prjeb536,True
WBA_0000748301,wuchereria_bancrofti_prjeb536,True
WBA_0000748401,wuchereria_bancrofti_prjeb536,False
WBA_0000748501,wuchereria_bancrofti_prjeb536,True
WBA_0000748601,wuchereria_bancrofti_prjeb536,True
WBA_0000748701,wuchereria_bancrofti_prjeb536,False
WBA_0000748801,wuchereria_bancrofti_prjeb536,True
WBA_0000748901,wuchereria_bancrofti_prjeb536,True
WBA_0000749001,wuchereria_bancrofti_prjeb536,True
WBA_0000749101,wuchereria_bancrofti_prjeb536,True
WBA_0000749201,wuchereria_bancrofti_prjeb536,True
WBA_0000749301,wuchereria_bancrofti_prjeb536,True
WBA_0000749401,wuchereria_bancrofti_prjeb536,True
WBA_0000749501,wuchereria_bancrofti_prjeb536,True
WBA_0000749601,wuchereria_bancrofti_prjeb536,True
WBA_0000749701,wuchereria_bancrofti_prjeb536,False
WBA_0000749801,wuchereria_bancrofti_prjeb536,True
WBA_0000749901,wuchereria_bancrofti_prjeb536,True
WBA_0000750001,wuchereria_bancrofti_prjeb536,True
WBA_0000750101,wuchereria_bancrofti_prjeb536,True
WBA_0000750201,wuchereria_bancrofti_prjeb536,False
WBA_0000750301,wuchereria_bancrofti_prjeb536,True
WBA_0000750401,wuchereria_bancrofti_prjeb536,True
WBA_0000750501,wuchereria_bancrofti_prjeb536,True
WBA_0000750601,wuchereria_bancrofti_prjeb536,True
WBA_0000750701,wuchereria_bancrofti_prjeb536,True
WBA_0000750801,wuchereria_bancrofti_prjeb536,True
WBA_0000750901,wuchereria_bancrofti_prjeb536,True
WBA_0000751001,wuchereria_bancrofti_prjeb536,False
WBA_0000751101,wuchereria_bancrofti_prjeb536,False
WBA_0000751201,wuchereria_bancrofti_prjeb536,True
WBA_0000751301,wuchereria_bancrofti_prjeb536,True
WBA_0000751401,wuchereria_bancrofti_prjeb536,True
WBA_0000751501,wuchereria_bancrofti_prjeb536,True
WBA_0000751601,wuchereria_bancrofti_prjeb536,True
WBA_0000751701,wuchereria_bancrofti_prjeb536,True
WBA_0000751801,wuchereria_bancrofti_prjeb536,True
WBA_0000751901,wuchereria_bancrofti_prjeb536,True
WBA_0000752001,wuchereria_bancrofti_prjeb536,True
WBA_0000752101,wuchereria_bancrofti_prjeb536,True
WBA_0000752201,wuchereria_bancrofti_prjeb536,True
WBA_0000752301,wuchereria_bancrofti_prjeb536,True
WBA_0000752401,wuchereria_bancrofti_prjeb536,True
WBA_0000752501,wuchereria_bancrofti_prjeb536,True
WBA_0000752601,wuchereria_bancrofti_prjeb536,True
WBA_0000752701,wuchereria_bancrofti_prjeb536,True
WBA_0000752801,wuchereria_bancrofti_prjeb536,True
WBA_0000752901,wuchereria_bancrofti_prjeb536,True
WBA_0000753001,wuchereria_bancrofti_prjeb536,True
WBA_0000753101,wuchereria_bancrofti_prjeb536,True
WBA_0000753201,wuchereria_bancrofti_prjeb536,True
WBA_0000753701,wuchereria_bancrofti_prjeb536,True
WBA_0000753801,wuchereria_bancrofti_prjeb536,True
WBA_0000753901,wuchereria_bancrofti_prjeb536,True
WBA_0000754001,wuchereria_bancrofti_prjeb536,False
WBA_0000754101,wuchereria_bancrofti_prjeb536,True
WBA_0000754201,wuchereria_bancrofti_prjeb536,True
WBA_0000754301,wuchereria_bancrofti_prjeb536,True
WBA_0000754401,wuchereria_bancrofti_prjeb536,True
WBA_0000754501,wuchereria_bancrofti_prjeb536,True
WBA_0000754601,wuchereria_bancrofti_prjeb536,True
WBA_0000754701,wuchereria_bancrofti_prjeb536,True
WBA_0000754801,wuchereria_bancrofti_prjeb536,True
WBA_0000754901,wuchereria_bancrofti_prjeb536,True
WBA_0000755001,wuchereria_bancrofti_prjeb536,True
WBA_0000755101,wuchereria_bancrofti_prjeb536,True
WBA_0000755201,wuchereria_bancrofti_prjeb536,True
WBA_0000755301,wuchereria_bancrofti_prjeb536,False
WBA_0000755401,wuchereria_bancrofti_prjeb536,True
WBA_0000755501,wuchereria_bancrofti_prjeb536,True
WBA_0000755601,wuchereria_bancrofti_prjeb536,True
WBA_0000755701,wuchereria_bancrofti_prjeb536,False
WBA_0000755801,wuchereria_bancrofti_prjeb536,True
WBA_0000755901,wuchereria_bancrofti_prjeb536,True
WBA_0000756001,wuchereria_bancrofti_prjeb536,True
WBA_0000756101,wuchereria_bancrofti_prjeb536,True
WBA_0000756201,wuchereria_bancrofti_prjeb536,True
WBA_0000756301,wuchereria_bancrofti_prjeb536,True
WBA_0000756401,wuchereria_bancrofti_prjeb536,True
WBA_0000756501,wuchereria_bancrofti_prjeb536,True
WBA_0000756601,wuchereria_bancrofti_prjeb536,False
WBA_0000756701,wuchereria_bancrofti_prjeb536,False
WBA_0000756801,wuchereria_bancrofti_prjeb536,True
WBA_0000756901,wuchereria_bancrofti_prjeb536,False
WBA_0000757001,wuchereria_bancrofti_prjeb536,True
WBA_0000757101,wuchereria_bancrofti_prjeb536,True
WBA_0000757201,wuchereria_bancrofti_prjeb536,False
WBA_0000757301,wuchereria_bancrofti_prjeb536,True
WBA_0000757401,wuchereria_bancrofti_prjeb536,True
WBA_0000757501,wuchereria_bancrofti_prjeb536,True
WBA_0000757601,wuchereria_bancrofti_prjeb536,True
WBA_0000757701,wuchereria_bancrofti_prjeb536,False
WBA_0000757801,wuchereria_bancrofti_prjeb536,False
WBA_0000757901,wuchereria_bancrofti_prjeb536,True
WBA_0000758001,wuchereria_bancrofti_prjeb536,False
WBA_0000758101,wuchereria_bancrofti_prjeb536,True
WBA_0000758201,wuchereria_bancrofti_prjeb536,True
WBA_0000758301,wuchereria_bancrofti_prjeb536,True
WBA_0000758401,wuchereria_bancrofti_prjeb536,False
WBA_0000758501,wuchereria_bancrofti_prjeb536,True
WBA_0000758601,wuchereria_bancrofti_prjeb536,True
WBA_0000758701,wuchereria_bancrofti_prjeb536,False
WBA_0000758801,wuchereria_bancrofti_prjeb536,False
WBA_0000758901,wuchereria_bancrofti_prjeb536,True
WBA_0000759001,wuchereria_bancrofti_prjeb536,False
WBA_0000759101,wuchereria_bancrofti_prjeb536,True
WBA_0000759201,wuchereria_bancrofti_prjeb536,True
WBA_0000759301,wuchereria_bancrofti_prjeb536,True
WBA_0000759401,wuchereria_bancrofti_prjeb536,True
WBA_0000759501,wuchereria_bancrofti_prjeb536,False
WBA_0000759601,wuchereria_bancrofti_prjeb536,True
WBA_0000759701,wuchereria_bancrofti_prjeb536,True
WBA_0000759801,wuchereria_bancrofti_prjeb536,True
WBA_0000759901,wuchereria_bancrofti_prjeb536,False
WBA_0000760001,wuchereria_bancrofti_prjeb536,True
WBA_0000760101,wuchereria_bancrofti_prjeb536,True
WBA_0000760201,wuchereria_bancrofti_prjeb536,True
WBA_0000760301,wuchereria_bancrofti_prjeb536,True
WBA_0000760401,wuchereria_bancrofti_prjeb536,True
WBA_0000760501,wuchereria_bancrofti_prjeb536,False
WBA_0000760601,wuchereria_bancrofti_prjeb536,True
WBA_0000760701,wuchereria_bancrofti_prjeb536,True
WBA_0000760801,wuchereria_bancrofti_prjeb536,True
WBA_0000760901,wuchereria_bancrofti_prjeb536,True
WBA_0000761001,wuchereria_bancrofti_prjeb536,True
WBA_0000761101,wuchereria_bancrofti_prjeb536,True
WBA_0000761201,wuchereria_bancrofti_prjeb536,True
WBA_0000761301,wuchereria_bancrofti_prjeb536,True
WBA_0000761401,wuchereria_bancrofti_prjeb536,True
WBA_0000761501,wuchereria_bancrofti_prjeb536,True
WBA_0000761601,wuchereria_bancrofti_prjeb536,True
WBA_0000761701,wuchereria_bancrofti_prjeb536,True
WBA_0000761801,wuchereria_bancrofti_prjeb536,True
WBA_0000761901,wuchereria_bancrofti_prjeb536,True
WBA_0000762001,wuchereria_bancrofti_prjeb536,True
WBA_0000762101,wuchereria_bancrofti_prjeb536,True
WBA_0000762201,wuchereria_bancrofti_prjeb536,True
WBA_0000762301,wuchereria_bancrofti_prjeb536,True
WBA_0000762401,wuchereria_bancrofti_prjeb536,False
WBA_0000762501,wuchereria_bancrofti_prjeb536,True
WBA_0000762601,wuchereria_bancrofti_prjeb536,False
WBA_0000762701,wuchereria_bancrofti_prjeb536,True
WBA_0000762801,wuchereria_bancrofti_prjeb536,True
WBA_0000762901,wuchereria_bancrofti_prjeb536,True
WBA_0000763001,wuchereria_bancrofti_prjeb536,True
WBA_0000763101,wuchereria_bancrofti_prjeb536,True
WBA_0000763201,wuchereria_bancrofti_prjeb536,True
WBA_0000763301,wuchereria_bancrofti_prjeb536,False
WBA_0000763401,wuchereria_bancrofti_prjeb536,False
WBA_0000763501,wuchereria_bancrofti_prjeb536,True
WBA_0000763601,wuchereria_bancrofti_prjeb536,True
WBA_0000763701,wuchereria_bancrofti_prjeb536,True
WBA_0000763801,wuchereria_bancrofti_prjeb536,False
WBA_0000763901,wuchereria_bancrofti_prjeb536,True
WBA_0000764001,wuchereria_bancrofti_prjeb536,True
WBA_0000764101,wuchereria_bancrofti_prjeb536,True
WBA_0000764201,wuchereria_bancrofti_prjeb536,True
WBA_0000764301,wuchereria_bancrofti_prjeb536,True
WBA_0000764401,wuchereria_bancrofti_prjeb536,True
WBA_0000764501,wuchereria_bancrofti_prjeb536,True
WBA_0000764601,wuchereria_bancrofti_prjeb536,True
WBA_0000764701,wuchereria_bancrofti_prjeb536,True
WBA_0000764801,wuchereria_bancrofti_prjeb536,True
WBA_0000764901,wuchereria_bancrofti_prjeb536,True
WBA_0000765001,wuchereria_bancrofti_prjeb536,True
WBA_0000765101,wuchereria_bancrofti_prjeb536,True
WBA_0000765201,wuchereria_bancrofti_prjeb536,False
WBA_0000765301,wuchereria_bancrofti_prjeb536,True
WBA_0000765401,wuchereria_bancrofti_prjeb536,True
WBA_0000765501,wuchereria_bancrofti_prjeb536,True
WBA_0000765601,wuchereria_bancrofti_prjeb536,False
WBA_0000765701,wuchereria_bancrofti_prjeb536,True
WBA_0000765801,wuchereria_bancrofti_prjeb536,True
WBA_0000765901,wuchereria_bancrofti_prjeb536,True
WBA_0000766001,wuchereria_bancrofti_prjeb536,False
WBA_0000766101,wuchereria_bancrofti_prjeb536,True
WBA_0000766201,wuchereria_bancrofti_prjeb536,False
WBA_0000766301,wuchereria_bancrofti_prjeb536,True
WBA_0000766401,wuchereria_bancrofti_prjeb536,True
WBA_0000766701,wuchereria_bancrofti_prjeb536,True
WBA_0000766801,wuchereria_bancrofti_prjeb536,True
WBA_0000766901,wuchereria_bancrofti_prjeb536,True
WBA_0000767001,wuchereria_bancrofti_prjeb536,True
WBA_0000767101,wuchereria_bancrofti_prjeb536,False
WBA_0000767201,wuchereria_bancrofti_prjeb536,True
WBA_0000767301,wuchereria_bancrofti_prjeb536,True
WBA_0000767401,wuchereria_bancrofti_prjeb536,True
WBA_0000767501,wuchereria_bancrofti_prjeb536,True
WBA_0000767601,wuchereria_bancrofti_prjeb536,True
WBA_0000767701,wuchereria_bancrofti_prjeb536,True
WBA_0000767801,wuchereria_bancrofti_prjeb536,True
WBA_0000767901,wuchereria_bancrofti_prjeb536,True
WBA_0000768001,wuchereria_bancrofti_prjeb536,True
WBA_0000768101,wuchereria_bancrofti_prjeb536,True
WBA_0000768201,wuchereria_bancrofti_prjeb536,False
WBA_0000768301,wuchereria_bancrofti_prjeb536,True
WBA_0000768401,wuchereria_bancrofti_prjeb536,False
WBA_0000768501,wuchereria_bancrofti_prjeb536,True
WBA_0000768601,wuchereria_bancrofti_prjeb536,True
WBA_0000768701,wuchereria_bancrofti_prjeb536,True
WBA_0000768801,wuchereria_bancrofti_prjeb536,False
WBA_0000768901,wuchereria_bancrofti_prjeb536,True
WBA_0000769001,wuchereria_bancrofti_prjeb536,True
WBA_0000769101,wuchereria_bancrofti_prjeb536,True
WBA_0000769201,wuchereria_bancrofti_prjeb536,False
WBA_0000769301,wuchereria_bancrofti_prjeb536,False
WBA_0000769401,wuchereria_bancrofti_prjeb536,True
WBA_0000769501,wuchereria_bancrofti_prjeb536,True
WBA_0000769601,wuchereria_bancrofti_prjeb536,False
WBA_0000769701,wuchereria_bancrofti_prjeb536,True
WBA_0000769801,wuchereria_bancrofti_prjeb536,False
WBA_0000769901,wuchereria_bancrofti_prjeb536,True
WBA_0000770001,wuchereria_bancrofti_prjeb536,True
WBA_0000770101,wuchereria_bancrofti_prjeb536,True
WBA_0000770201,wuchereria_bancrofti_prjeb536,True
WBA_0000770301,wuchereria_bancrofti_prjeb536,True
WBA_0000770401,wuchereria_bancrofti_prjeb536,True
WBA_0000770501,wuchereria_bancrofti_prjeb536,True
WBA_0000770601,wuchereria_bancrofti_prjeb536,True
WBA_0000770701,wuchereria_bancrofti_prjeb536,True
WBA_0000770801,wuchereria_bancrofti_prjeb536,True
WBA_0000770901,wuchereria_bancrofti_prjeb536,True
WBA_0000771001,wuchereria_bancrofti_prjeb536,True
WBA_0000771101,wuchereria_bancrofti_prjeb536,True
WBA_0000771201,wuchereria_bancrofti_prjeb536,True
WBA_0000771301,wuchereria_bancrofti_prjeb536,False
WBA_0000771401,wuchereria_bancrofti_prjeb536,True
WBA_0000771501,wuchereria_bancrofti_prjeb536,True
WBA_0000771601,wuchereria_bancrofti_prjeb536,True
WBA_0000771701,wuchereria_bancrofti_prjeb536,True
WBA_0000771801,wuchereria_bancrofti_prjeb536,True
WBA_0000771901,wuchereria_bancrofti_prjeb536,True
WBA_0000772001,wuchereria_bancrofti_prjeb536,True
WBA_0000772101,wuchereria_bancrofti_prjeb536,True
WBA_0000772201,wuchereria_bancrofti_prjeb536,False
WBA_0000772301,wuchereria_bancrofti_prjeb536,True
WBA_0000772401,wuchereria_bancrofti_prjeb536,True
WBA_0000772501,wuchereria_bancrofti_prjeb536,True
WBA_0000772601,wuchereria_bancrofti_prjeb536,True
WBA_0000772701,wuchereria_bancrofti_prjeb536,True
WBA_0000772801,wuchereria_bancrofti_prjeb536,True
WBA_0000772901,wuchereria_bancrofti_prjeb536,True
WBA_0000773001,wuchereria_bancrofti_prjeb536,True
WBA_0000773101,wuchereria_bancrofti_prjeb536,True
WBA_0000773201,wuchereria_bancrofti_prjeb536,True
WBA_0000773301,wuchereria_bancrofti_prjeb536,True
WBA_0000773401,wuchereria_bancrofti_prjeb536,True
WBA_0000773501,wuchereria_bancrofti_prjeb536,False
WBA_0000773601,wuchereria_bancrofti_prjeb536,True
WBA_0000773701,wuchereria_bancrofti_prjeb536,True
WBA_0000773801,wuchereria_bancrofti_prjeb536,True
WBA_0000773901,wuchereria_bancrofti_prjeb536,True
WBA_0000774001,wuchereria_bancrofti_prjeb536,True
WBA_0000774101,wuchereria_bancrofti_prjeb536,True
WBA_0000774201,wuchereria_bancrofti_prjeb536,False
WBA_0000774301,wuchereria_bancrofti_prjeb536,True
WBA_0000774401,wuchereria_bancrofti_prjeb536,False
WBA_0000774501,wuchereria_bancrofti_prjeb536,True
WBA_0000774601,wuchereria_bancrofti_prjeb536,True
WBA_0000774701,wuchereria_bancrofti_prjeb536,True
WBA_0000774801,wuchereria_bancrofti_prjeb536,True
WBA_0000774901,wuchereria_bancrofti_prjeb536,False
WBA_0000775001,wuchereria_bancrofti_prjeb536,True
WBA_0000775101,wuchereria_bancrofti_prjeb536,True
WBA_0000775201,wuchereria_bancrofti_prjeb536,True
WBA_0000775301,wuchereria_bancrofti_prjeb536,True
WBA_0000775401,wuchereria_bancrofti_prjeb536,False
WBA_0000775501,wuchereria_bancrofti_prjeb536,True
WBA_0000775601,wuchereria_bancrofti_prjeb536,True
WBA_0000775701,wuchereria_bancrofti_prjeb536,True
WBA_0000776301,wuchereria_bancrofti_prjeb536,True
WBA_0000776401,wuchereria_bancrofti_prjeb536,True
WBA_0000776501,wuchereria_bancrofti_prjeb536,True
WBA_0000776601,wuchereria_bancrofti_prjeb536,True
WBA_0000776701,wuchereria_bancrofti_prjeb536,True
WBA_0000776801,wuchereria_bancrofti_prjeb536,True
WBA_0000776901,wuchereria_bancrofti_prjeb536,True
WBA_0000777001,wuchereria_bancrofti_prjeb536,True
WBA_0000777101,wuchereria_bancrofti_prjeb536,True
WBA_0000777201,wuchereria_bancrofti_prjeb536,True
WBA_0000777301,wuchereria_bancrofti_prjeb536,True
WBA_0000777401,wuchereria_bancrofti_prjeb536,True
WBA_0000777501,wuchereria_bancrofti_prjeb536,False
WBA_0000777601,wuchereria_bancrofti_prjeb536,True
WBA_0000777701,wuchereria_bancrofti_prjeb536,True
WBA_0000777801,wuchereria_bancrofti_prjeb536,False
WBA_0000777901,wuchereria_bancrofti_prjeb536,True
WBA_0000778001,wuchereria_bancrofti_prjeb536,True
WBA_0000778101,wuchereria_bancrofti_prjeb536,True
WBA_0000778201,wuchereria_bancrofti_prjeb536,True
WBA_0000778301,wuchereria_bancrofti_prjeb536,True
WBA_0000778401,wuchereria_bancrofti_prjeb536,True
WBA_0000778501,wuchereria_bancrofti_prjeb536,True
WBA_0000778601,wuchereria_bancrofti_prjeb536,True
WBA_0000778701,wuchereria_bancrofti_prjeb536,True
WBA_0000778801,wuchereria_bancrofti_prjeb536,True
WBA_0000778901,wuchereria_bancrofti_prjeb536,True
WBA_0000779001,wuchereria_bancrofti_prjeb536,False
WBA_0000779101,wuchereria_bancrofti_prjeb536,True
WBA_0000779201,wuchereria_bancrofti_prjeb536,True
WBA_0000779301,wuchereria_bancrofti_prjeb536,True
WBA_0000779401,wuchereria_bancrofti_prjeb536,False
WBA_0000779501,wuchereria_bancrofti_prjeb536,True
WBA_0000779601,wuchereria_bancrofti_prjeb536,True
WBA_0000779701,wuchereria_bancrofti_prjeb536,False
WBA_0000779801,wuchereria_bancrofti_prjeb536,True
WBA_0000779901,wuchereria_bancrofti_prjeb536,True
WBA_0000780001,wuchereria_bancrofti_prjeb536,True
WBA_0000780101,wuchereria_bancrofti_prjeb536,True
WBA_0000780201,wuchereria_bancrofti_prjeb536,True
WBA_0000780301,wuchereria_bancrofti_prjeb536,True
WBA_0000780401,wuchereria_bancrofti_prjeb536,True
WBA_0000780501,wuchereria_bancrofti_prjeb536,True
WBA_0000780601,wuchereria_bancrofti_prjeb536,False
WBA_0000780701,wuchereria_bancrofti_prjeb536,True
WBA_0000780801,wuchereria_bancrofti_prjeb536,True
WBA_0000780901,wuchereria_bancrofti_prjeb536,True
WBA_0000781001,wuchereria_bancrofti_prjeb536,False
WBA_0000781101,wuchereria_bancrofti_prjeb536,True
WBA_0000781201,wuchereria_bancrofti_prjeb536,True
WBA_0000781301,wuchereria_bancrofti_prjeb536,True
WBA_0000781401,wuchereria_bancrofti_prjeb536,True
WBA_0000781501,wuchereria_bancrofti_prjeb536,True
WBA_0000781601,wuchereria_bancrofti_prjeb536,True
WBA_0000781701,wuchereria_bancrofti_prjeb536,True
WBA_0000781801,wuchereria_bancrofti_prjeb536,True
WBA_0000781901,wuchereria_bancrofti_prjeb536,True
WBA_0000782001,wuchereria_bancrofti_prjeb536,True
WBA_0000782101,wuchereria_bancrofti_prjeb536,True
WBA_0000782201,wuchereria_bancrofti_prjeb536,True
WBA_0000782301,wuchereria_bancrofti_prjeb536,True
WBA_0000782401,wuchereria_bancrofti_prjeb536,True
WBA_0000782501,wuchereria_bancrofti_prjeb536,True
WBA_0000782601,wuchereria_bancrofti_prjeb536,True
WBA_0000782701,wuchereria_bancrofti_prjeb536,True
WBA_0000782801,wuchereria_bancrofti_prjeb536,False
WBA_0000782901,wuchereria_bancrofti_prjeb536,True
WBA_0000783001,wuchereria_bancrofti_prjeb536,True
WBA_0000783101,wuchereria_bancrofti_prjeb536,True
WBA_0000783201,wuchereria_bancrofti_prjeb536,True
WBA_0000783301,wuchereria_bancrofti_prjeb536,True
WBA_0000783401,wuchereria_bancrofti_prjeb536,True
WBA_0000783501,wuchereria_bancrofti_prjeb536,True
WBA_0000783601,wuchereria_bancrofti_prjeb536,True
WBA_0000783701,wuchereria_bancrofti_prjeb536,True
WBA_0000783801,wuchereria_bancrofti_prjeb536,True
WBA_0000783901,wuchereria_bancrofti_prjeb536,True
WBA_0000784001,wuchereria_bancrofti_prjeb536,True
WBA_0000784101,wuchereria_bancrofti_prjeb536,True
WBA_0000784201,wuchereria_bancrofti_prjeb536,True
WBA_0000784301,wuchereria_bancrofti_prjeb536,True
WBA_0000784401,wuchereria_bancrofti_prjeb536,True
WBA_0000784501,wuchereria_bancrofti_prjeb536,True
WBA_0000784601,wuchereria_bancrofti_prjeb536,True
WBA_0000784701,wuchereria_bancrofti_prjeb536,True
WBA_0000784801,wuchereria_bancrofti_prjeb536,True
WBA_0000784901,wuchereria_bancrofti_prjeb536,True
WBA_0000785001,wuchereria_bancrofti_prjeb536,False
WBA_0000785101,wuchereria_bancrofti_prjeb536,True
WBA_0000785201,wuchereria_bancrofti_prjeb536,True
WBA_0000785301,wuchereria_bancrofti_prjeb536,True
WBA_0000785401,wuchereria_bancrofti_prjeb536,True
WBA_0000785501,wuchereria_bancrofti_prjeb536,False
WBA_0000785601,wuchereria_bancrofti_prjeb536,True
WBA_0000785701,wuchereria_bancrofti_prjeb536,True
WBA_0000785801,wuchereria_bancrofti_prjeb536,True
WBA_0000785901,wuchereria_bancrofti_prjeb536,True
WBA_0000786001,wuchereria_bancrofti_prjeb536,True
WBA_0000786101,wuchereria_bancrofti_prjeb536,False
WBA_0000786201,wuchereria_bancrofti_prjeb536,False
WBA_0000786301,wuchereria_bancrofti_prjeb536,True
WBA_0000786401,wuchereria_bancrofti_prjeb536,True
WBA_0000786501,wuchereria_bancrofti_prjeb536,True
WBA_0000786601,wuchereria_bancrofti_prjeb536,True
WBA_0000786701,wuchereria_bancrofti_prjeb536,True
WBA_0000786801,wuchereria_bancrofti_prjeb536,True
WBA_0000786901,wuchereria_bancrofti_prjeb536,True
WBA_0000787001,wuchereria_bancrofti_prjeb536,True
WBA_0000787101,wuchereria_bancrofti_prjeb536,True
WBA_0000787201,wuchereria_bancrofti_prjeb536,True
WBA_0000787301,wuchereria_bancrofti_prjeb536,True
WBA_0000787401,wuchereria_bancrofti_prjeb536,True
WBA_0000787501,wuchereria_bancrofti_prjeb536,True
WBA_0000787601,wuchereria_bancrofti_prjeb536,True
WBA_0000787701,wuchereria_bancrofti_prjeb536,True
WBA_0000787801,wuchereria_bancrofti_prjeb536,False
WBA_0000787901,wuchereria_bancrofti_prjeb536,True
WBA_0000788001,wuchereria_bancrofti_prjeb536,True
WBA_0000788101,wuchereria_bancrofti_prjeb536,True
WBA_0000788201,wuchereria_bancrofti_prjeb536,True
WBA_0000788301,wuchereria_bancrofti_prjeb536,True
WBA_0000788401,wuchereria_bancrofti_prjeb536,True
WBA_0000788501,wuchereria_bancrofti_prjeb536,False
WBA_0000788601,wuchereria_bancrofti_prjeb536,True
WBA_0000788701,wuchereria_bancrofti_prjeb536,True
WBA_0000788801,wuchereria_bancrofti_prjeb536,True
WBA_0000788901,wuchereria_bancrofti_prjeb536,True
WBA_0000789001,wuchereria_bancrofti_prjeb536,False
WBA_0000789101,wuchereria_bancrofti_prjeb536,True
WBA_0000789201,wuchereria_bancrofti_prjeb536,True
WBA_0000789301,wuchereria_bancrofti_prjeb536,True
WBA_0000789401,wuchereria_bancrofti_prjeb536,True
WBA_0000789501,wuchereria_bancrofti_prjeb536,True
WBA_0000789601,wuchereria_bancrofti_prjeb536,True
WBA_0000789701,wuchereria_bancrofti_prjeb536,True
WBA_0000789801,wuchereria_bancrofti_prjeb536,True
WBA_0000789901,wuchereria_bancrofti_prjeb536,True
WBA_0000790001,wuchereria_bancrofti_prjeb536,True
WBA_0000790101,wuchereria_bancrofti_prjeb536,True
WBA_0000790201,wuchereria_bancrofti_prjeb536,False
WBA_0000790301,wuchereria_bancrofti_prjeb536,True
WBA_0000790401,wuchereria_bancrofti_prjeb536,True
WBA_0000790501,wuchereria_bancrofti_prjeb536,False
WBA_0000790601,wuchereria_bancrofti_prjeb536,True
WBA_0000790701,wuchereria_bancrofti_prjeb536,True
WBA_0000790801,wuchereria_bancrofti_prjeb536,True
WBA_0000790901,wuchereria_bancrofti_prjeb536,True
WBA_0000791001,wuchereria_bancrofti_prjeb536,True
WBA_0000791101,wuchereria_bancrofti_prjeb536,True
WBA_0000791201,wuchereria_bancrofti_prjeb536,False
WBA_0000791301,wuchereria_bancrofti_prjeb536,True
WBA_0000791401,wuchereria_bancrofti_prjeb536,True
WBA_0000791501,wuchereria_bancrofti_prjeb536,True
WBA_0000791601,wuchereria_bancrofti_prjeb536,True
WBA_0000791701,wuchereria_bancrofti_prjeb536,True
WBA_0000791801,wuchereria_bancrofti_prjeb536,True
WBA_0000791901,wuchereria_bancrofti_prjeb536,True
WBA_0000792001,wuchereria_bancrofti_prjeb536,True
WBA_0000792101,wuchereria_bancrofti_prjeb536,False
WBA_0000792201,wuchereria_bancrofti_prjeb536,True
WBA_0000792301,wuchereria_bancrofti_prjeb536,False
WBA_0000792401,wuchereria_bancrofti_prjeb536,True
WBA_0000792501,wuchereria_bancrofti_prjeb536,False
WBA_0000792601,wuchereria_bancrofti_prjeb536,True
WBA_0000792701,wuchereria_bancrofti_prjeb536,True
WBA_0000792801,wuchereria_bancrofti_prjeb536,True
WBA_0000792901,wuchereria_bancrofti_prjeb536,True
WBA_0000793001,wuchereria_bancrofti_prjeb536,True
WBA_0000793101,wuchereria_bancrofti_prjeb536,True
WBA_0000793201,wuchereria_bancrofti_prjeb536,False
WBA_0000793301,wuchereria_bancrofti_prjeb536,True
WBA_0000793401,wuchereria_bancrofti_prjeb536,True
WBA_0000793501,wuchereria_bancrofti_prjeb536,True
WBA_0000793601,wuchereria_bancrofti_prjeb536,True
WBA_0000793701,wuchereria_bancrofti_prjeb536,True
WBA_0000793801,wuchereria_bancrofti_prjeb536,True
WBA_0000793901,wuchereria_bancrofti_prjeb536,True
WBA_0000794001,wuchereria_bancrofti_prjeb536,True
WBA_0000794101,wuchereria_bancrofti_prjeb536,True
WBA_0000794201,wuchereria_bancrofti_prjeb536,False
WBA_0000794301,wuchereria_bancrofti_prjeb536,True
WBA_0000794401,wuchereria_bancrofti_prjeb536,True
WBA_0000794501,wuchereria_bancrofti_prjeb536,False
WBA_0000794601,wuchereria_bancrofti_prjeb536,True
WBA_0000794701,wuchereria_bancrofti_prjeb536,True
WBA_0000794801,wuchereria_bancrofti_prjeb536,True
WBA_0000794901,wuchereria_bancrofti_prjeb536,True
WBA_0000795001,wuchereria_bancrofti_prjeb536,True
WBA_0000795101,wuchereria_bancrofti_prjeb536,False
WBA_0000795201,wuchereria_bancrofti_prjeb536,True
WBA_0000795301,wuchereria_bancrofti_prjeb536,True
WBA_0000795401,wuchereria_bancrofti_prjeb536,True
WBA_0000795501,wuchereria_bancrofti_prjeb536,True
WBA_0000795601,wuchereria_bancrofti_prjeb536,True
WBA_0000795701,wuchereria_bancrofti_prjeb536,True
WBA_0000795801,wuchereria_bancrofti_prjeb536,True
WBA_0000795901,wuchereria_bancrofti_prjeb536,True
WBA_0000796001,wuchereria_bancrofti_prjeb536,True
WBA_0000796101,wuchereria_bancrofti_prjeb536,True
WBA_0000796201,wuchereria_bancrofti_prjeb536,False
WBA_0000796301,wuchereria_bancrofti_prjeb536,True
WBA_0000796401,wuchereria_bancrofti_prjeb536,False
WBA_0000796501,wuchereria_bancrofti_prjeb536,True
WBA_0000796601,wuchereria_bancrofti_prjeb536,True
WBA_0000796701,wuchereria_bancrofti_prjeb536,True
WBA_0000796801,wuchereria_bancrofti_prjeb536,True
WBA_0000796901,wuchereria_bancrofti_prjeb536,True
WBA_0000797001,wuchereria_bancrofti_prjeb536,True
WBA_0000797101,wuchereria_bancrofti_prjeb536,True
WBA_0000797201,wuchereria_bancrofti_prjeb536,True
WBA_0000797301,wuchereria_bancrofti_prjeb536,True
WBA_0000797501,wuchereria_bancrofti_prjeb536,True
WBA_0000797601,wuchereria_bancrofti_prjeb536,False
WBA_0000797701,wuchereria_bancrofti_prjeb536,True
WBA_0000797801,wuchereria_bancrofti_prjeb536,False
WBA_0000797901,wuchereria_bancrofti_prjeb536,True
WBA_0000798001,wuchereria_bancrofti_prjeb536,True
WBA_0000798101,wuchereria_bancrofti_prjeb536,True
WBA_0000798201,wuchereria_bancrofti_prjeb536,False
WBA_0000798301,wuchereria_bancrofti_prjeb536,False
WBA_0000798401,wuchereria_bancrofti_prjeb536,True
WBA_0000798501,wuchereria_bancrofti_prjeb536,False
WBA_0000798601,wuchereria_bancrofti_prjeb536,True
WBA_0000798701,wuchereria_bancrofti_prjeb536,True
WBA_0000798801,wuchereria_bancrofti_prjeb536,True
WBA_0000798901,wuchereria_bancrofti_prjeb536,True
WBA_0000799001,wuchereria_bancrofti_prjeb536,True
WBA_0000799101,wuchereria_bancrofti_prjeb536,True
WBA_0000799201,wuchereria_bancrofti_prjeb536,False
WBA_0000799301,wuchereria_bancrofti_prjeb536,False
WBA_0000799401,wuchereria_bancrofti_prjeb536,True
WBA_0000799501,wuchereria_bancrofti_prjeb536,True
WBA_0000799601,wuchereria_bancrofti_prjeb536,True
WBA_0000799701,wuchereria_bancrofti_prjeb536,True
WBA_0000799801,wuchereria_bancrofti_prjeb536,True
WBA_0000799901,wuchereria_bancrofti_prjeb536,True
WBA_0000800001,wuchereria_bancrofti_prjeb536,True
WBA_0000800101,wuchereria_bancrofti_prjeb536,True
WBA_0000800201,wuchereria_bancrofti_prjeb536,True
WBA_0000800301,wuchereria_bancrofti_prjeb536,True
WBA_0000800401,wuchereria_bancrofti_prjeb536,True
WBA_0000800501,wuchereria_bancrofti_prjeb536,True
WBA_0000800601,wuchereria_bancrofti_prjeb536,False
WBA_0000800701,wuchereria_bancrofti_prjeb536,True
WBA_0000800801,wuchereria_bancrofti_prjeb536,True
WBA_0000800901,wuchereria_bancrofti_prjeb536,True
WBA_0000801001,wuchereria_bancrofti_prjeb536,True
WBA_0000801101,wuchereria_bancrofti_prjeb536,True
WBA_0000801201,wuchereria_bancrofti_prjeb536,True
WBA_0000801301,wuchereria_bancrofti_prjeb536,True
WBA_0000801401,wuchereria_bancrofti_prjeb536,False
WBA_0000801501,wuchereria_bancrofti_prjeb536,True
WBA_0000801601,wuchereria_bancrofti_prjeb536,True
WBA_0000801701,wuchereria_bancrofti_prjeb536,False
WBA_0000801801,wuchereria_bancrofti_prjeb536,True
WBA_0000801901,wuchereria_bancrofti_prjeb536,True
WBA_0000802001,wuchereria_bancrofti_prjeb536,True
WBA_0000802101,wuchereria_bancrofti_prjeb536,True
WBA_0000802201,wuchereria_bancrofti_prjeb536,True
WBA_0000802301,wuchereria_bancrofti_prjeb536,True
WBA_0000802401,wuchereria_bancrofti_prjeb536,True
WBA_0000802501,wuchereria_bancrofti_prjeb536,True
WBA_0000802601,wuchereria_bancrofti_prjeb536,True
WBA_0000802701,wuchereria_bancrofti_prjeb536,True
WBA_0000802801,wuchereria_bancrofti_prjeb536,False
WBA_0000802901,wuchereria_bancrofti_prjeb536,True
WBA_0000803001,wuchereria_bancrofti_prjeb536,True
WBA_0000803101,wuchereria_bancrofti_prjeb536,True
WBA_0000803201,wuchereria_bancrofti_prjeb536,True
WBA_0000803301,wuchereria_bancrofti_prjeb536,True
WBA_0000803401,wuchereria_bancrofti_prjeb536,True
WBA_0000803501,wuchereria_bancrofti_prjeb536,False
WBA_0000803601,wuchereria_bancrofti_prjeb536,False
WBA_0000803701,wuchereria_bancrofti_prjeb536,True
WBA_0000803801,wuchereria_bancrofti_prjeb536,True
WBA_0000803901,wuchereria_bancrofti_prjeb536,True
WBA_0000804001,wuchereria_bancrofti_prjeb536,True
WBA_0000804101,wuchereria_bancrofti_prjeb536,True
WBA_0000804201,wuchereria_bancrofti_prjeb536,False
WBA_0000804301,wuchereria_bancrofti_prjeb536,True
WBA_0000804401,wuchereria_bancrofti_prjeb536,True
WBA_0000804501,wuchereria_bancrofti_prjeb536,True
WBA_0000804601,wuchereria_bancrofti_prjeb536,False
WBA_0000804701,wuchereria_bancrofti_prjeb536,True
WBA_0000804801,wuchereria_bancrofti_prjeb536,True
WBA_0000804901,wuchereria_bancrofti_prjeb536,True
WBA_0000805001,wuchereria_bancrofti_prjeb536,True
WBA_0000805101,wuchereria_bancrofti_prjeb536,True
WBA_0000805201,wuchereria_bancrofti_prjeb536,True
WBA_0000805301,wuchereria_bancrofti_prjeb536,True
WBA_0000805401,wuchereria_bancrofti_prjeb536,True
WBA_0000805501,wuchereria_bancrofti_prjeb536,True
WBA_0000805601,wuchereria_bancrofti_prjeb536,True
WBA_0000805701,wuchereria_bancrofti_prjeb536,True
WBA_0000805801,wuchereria_bancrofti_prjeb536,True
WBA_0000805901,wuchereria_bancrofti_prjeb536,False
WBA_0000806001,wuchereria_bancrofti_prjeb536,True
WBA_0000806101,wuchereria_bancrofti_prjeb536,True
WBA_0000806201,wuchereria_bancrofti_prjeb536,True
WBA_0000806301,wuchereria_bancrofti_prjeb536,False
WBA_0000806401,wuchereria_bancrofti_prjeb536,True
WBA_0000806501,wuchereria_bancrofti_prjeb536,True
WBA_0000806601,wuchereria_bancrofti_prjeb536,True
WBA_0000806701,wuchereria_bancrofti_prjeb536,True
WBA_0000806801,wuchereria_bancrofti_prjeb536,True
WBA_0000806901,wuchereria_bancrofti_prjeb536,True
WBA_0000807001,wuchereria_bancrofti_prjeb536,True
WBA_0000807101,wuchereria_bancrofti_prjeb536,True
WBA_0000807201,wuchereria_bancrofti_prjeb536,True
WBA_0000807301,wuchereria_bancrofti_prjeb536,False
WBA_0000807401,wuchereria_bancrofti_prjeb536,True
WBA_0000807501,wuchereria_bancrofti_prjeb536,True
WBA_0000807601,wuchereria_bancrofti_prjeb536,True
WBA_0000807701,wuchereria_bancrofti_prjeb536,True
WBA_0000807801,wuchereria_bancrofti_prjeb536,True
WBA_0000807901,wuchereria_bancrofti_prjeb536,True
WBA_0000808001,wuchereria_bancrofti_prjeb536,True
WBA_0000808101,wuchereria_bancrofti_prjeb536,True
WBA_0000808201,wuchereria_bancrofti_prjeb536,True
WBA_0000808301,wuchereria_bancrofti_prjeb536,False
WBA_0000808401,wuchereria_bancrofti_prjeb536,True
WBA_0000808501,wuchereria_bancrofti_prjeb536,True
WBA_0000808601,wuchereria_bancrofti_prjeb536,True
WBA_0000808701,wuchereria_bancrofti_prjeb536,True
WBA_0000808801,wuchereria_bancrofti_prjeb536,True
WBA_0000808901,wuchereria_bancrofti_prjeb536,True
WBA_0000809001,wuchereria_bancrofti_prjeb536,True
WBA_0000809101,wuchereria_bancrofti_prjeb536,True
WBA_0000809201,wuchereria_bancrofti_prjeb536,True
WBA_0000809301,wuchereria_bancrofti_prjeb536,False
WBA_0000809401,wuchereria_bancrofti_prjeb536,True
WBA_0000809501,wuchereria_bancrofti_prjeb536,False
WBA_0000809601,wuchereria_bancrofti_prjeb536,True
WBA_0000809701,wuchereria_bancrofti_prjeb536,True
WBA_0000809801,wuchereria_bancrofti_prjeb536,False
WBA_0000809901,wuchereria_bancrofti_prjeb536,True
WBA_0000810001,wuchereria_bancrofti_prjeb536,False
WBA_0000810101,wuchereria_bancrofti_prjeb536,True
WBA_0000810201,wuchereria_bancrofti_prjeb536,True
WBA_0000810301,wuchereria_bancrofti_prjeb536,True
WBA_0000810401,wuchereria_bancrofti_prjeb536,True
WBA_0000810501,wuchereria_bancrofti_prjeb536,True
WBA_0000810601,wuchereria_bancrofti_prjeb536,True
WBA_0000810701,wuchereria_bancrofti_prjeb536,True
WBA_0000810801,wuchereria_bancrofti_prjeb536,True
WBA_0000810901,wuchereria_bancrofti_prjeb536,True
WBA_0000811001,wuchereria_bancrofti_prjeb536,True
WBA_0000811101,wuchereria_bancrofti_prjeb536,True
WBA_0000811201,wuchereria_bancrofti_prjeb536,False
WBA_0000811301,wuchereria_bancrofti_prjeb536,True
WBA_0000811401,wuchereria_bancrofti_prjeb536,True
WBA_0000811501,wuchereria_bancrofti_prjeb536,True
WBA_0000811601,wuchereria_bancrofti_prjeb536,True
WBA_0000811701,wuchereria_bancrofti_prjeb536,True
WBA_0000811801,wuchereria_bancrofti_prjeb536,False
WBA_0000811901,wuchereria_bancrofti_prjeb536,True
WBA_0000812001,wuchereria_bancrofti_prjeb536,True
WBA_0000812101,wuchereria_bancrofti_prjeb536,True
WBA_0000812201,wuchereria_bancrofti_prjeb536,True
WBA_0000812301,wuchereria_bancrofti_prjeb536,False
WBA_0000812401,wuchereria_bancrofti_prjeb536,True
WBA_0000812901,wuchereria_bancrofti_prjeb536,True
WBA_0000813001,wuchereria_bancrofti_prjeb536,True
WBA_0000813101,wuchereria_bancrofti_prjeb536,True
WBA_0000813201,wuchereria_bancrofti_prjeb536,True
WBA_0000813301,wuchereria_bancrofti_prjeb536,True
WBA_0000813401,wuchereria_bancrofti_prjeb536,True
WBA_0000813501,wuchereria_bancrofti_prjeb536,True
WBA_0000813601,wuchereria_bancrofti_prjeb536,True
WBA_0000813701,wuchereria_bancrofti_prjeb536,True
WBA_0000813801,wuchereria_bancrofti_prjeb536,False
WBA_0000813901,wuchereria_bancrofti_prjeb536,True
WBA_0000814001,wuchereria_bancrofti_prjeb536,False
WBA_0000814101,wuchereria_bancrofti_prjeb536,True
WBA_0000814201,wuchereria_bancrofti_prjeb536,False
WBA_0000814301,wuchereria_bancrofti_prjeb536,True
WBA_0000814401,wuchereria_bancrofti_prjeb536,True
WBA_0000814501,wuchereria_bancrofti_prjeb536,False
WBA_0000814601,wuchereria_bancrofti_prjeb536,False
WBA_0000814701,wuchereria_bancrofti_prjeb536,False
WBA_0000814801,wuchereria_bancrofti_prjeb536,True
WBA_0000814901,wuchereria_bancrofti_prjeb536,True
WBA_0000815001,wuchereria_bancrofti_prjeb536,True
WBA_0000815101,wuchereria_bancrofti_prjeb536,False
WBA_0000815201,wuchereria_bancrofti_prjeb536,True
WBA_0000815301,wuchereria_bancrofti_prjeb536,True
WBA_0000815401,wuchereria_bancrofti_prjeb536,True
WBA_0000815501,wuchereria_bancrofti_prjeb536,True
WBA_0000815601,wuchereria_bancrofti_prjeb536,True
WBA_0000815701,wuchereria_bancrofti_prjeb536,True
WBA_0000815801,wuchereria_bancrofti_prjeb536,True
WBA_0000815901,wuchereria_bancrofti_prjeb536,True
WBA_0000816001,wuchereria_bancrofti_prjeb536,True
WBA_0000816101,wuchereria_bancrofti_prjeb536,True
WBA_0000816201,wuchereria_bancrofti_prjeb536,False
WBA_0000816301,wuchereria_bancrofti_prjeb536,True
WBA_0000816401,wuchereria_bancrofti_prjeb536,False
WBA_0000816501,wuchereria_bancrofti_prjeb536,True
WBA_0000816601,wuchereria_bancrofti_prjeb536,True
WBA_0000816701,wuchereria_bancrofti_prjeb536,True
WBA_0000816801,wuchereria_bancrofti_prjeb536,True
WBA_0000816901,wuchereria_bancrofti_prjeb536,False
WBA_0000817001,wuchereria_bancrofti_prjeb536,True
WBA_0000817101,wuchereria_bancrofti_prjeb536,True
WBA_0000817201,wuchereria_bancrofti_prjeb536,True
WBA_0000817301,wuchereria_bancrofti_prjeb536,True
WBA_0000817401,wuchereria_bancrofti_prjeb536,True
WBA_0000817501,wuchereria_bancrofti_prjeb536,True
WBA_0000817601,wuchereria_bancrofti_prjeb536,True
WBA_0000817701,wuchereria_bancrofti_prjeb536,True
WBA_0000817801,wuchereria_bancrofti_prjeb536,True
WBA_0000817901,wuchereria_bancrofti_prjeb536,False
WBA_0000818001,wuchereria_bancrofti_prjeb536,True
WBA_0000818101,wuchereria_bancrofti_prjeb536,False
WBA_0000818201,wuchereria_bancrofti_prjeb536,True
WBA_0000818301,wuchereria_bancrofti_prjeb536,False
WBA_0000818401,wuchereria_bancrofti_prjeb536,True
WBA_0000818501,wuchereria_bancrofti_prjeb536,True
WBA_0000818601,wuchereria_bancrofti_prjeb536,True
WBA_0000818701,wuchereria_bancrofti_prjeb536,True
WBA_0000818801,wuchereria_bancrofti_prjeb536,True
WBA_0000818901,wuchereria_bancrofti_prjeb536,True
WBA_0000819001,wuchereria_bancrofti_prjeb536,False
WBA_0000819101,wuchereria_bancrofti_prjeb536,True
WBA_0000819201,wuchereria_bancrofti_prjeb536,False
WBA_0000819301,wuchereria_bancrofti_prjeb536,True
WBA_0000819401,wuchereria_bancrofti_prjeb536,True
WBA_0000819501,wuchereria_bancrofti_prjeb536,True
WBA_0000819601,wuchereria_bancrofti_prjeb536,True
WBA_0000819701,wuchereria_bancrofti_prjeb536,True
WBA_0000819801,wuchereria_bancrofti_prjeb536,True
WBA_0000819901,wuchereria_bancrofti_prjeb536,True
WBA_0000820001,wuchereria_bancrofti_prjeb536,False
WBA_0000820101,wuchereria_bancrofti_prjeb536,False
WBA_0000820201,wuchereria_bancrofti_prjeb536,False
WBA_0000820301,wuchereria_bancrofti_prjeb536,True
WBA_0000820401,wuchereria_bancrofti_prjeb536,True
WBA_0000820501,wuchereria_bancrofti_prjeb536,True
WBA_0000820601,wuchereria_bancrofti_prjeb536,True
WBA_0000820701,wuchereria_bancrofti_prjeb536,True
WBA_0000820801,wuchereria_bancrofti_prjeb536,False
WBA_0000820901,wuchereria_bancrofti_prjeb536,False
WBA_0000821001,wuchereria_bancrofti_prjeb536,True
WBA_0000821101,wuchereria_bancrofti_prjeb536,True
WBA_0000821201,wuchereria_bancrofti_prjeb536,True
WBA_0000821301,wuchereria_bancrofti_prjeb536,True
WBA_0000821401,wuchereria_bancrofti_prjeb536,True
WBA_0000821501,wuchereria_bancrofti_prjeb536,True
WBA_0000821601,wuchereria_bancrofti_prjeb536,True
WBA_0000821701,wuchereria_bancrofti_prjeb536,False
WBA_0000821801,wuchereria_bancrofti_prjeb536,True
WBA_0000821901,wuchereria_bancrofti_prjeb536,True
WBA_0000822001,wuchereria_bancrofti_prjeb536,True
WBA_0000822101,wuchereria_bancrofti_prjeb536,True
WBA_0000822201,wuchereria_bancrofti_prjeb536,True
WBA_0000822301,wuchereria_bancrofti_prjeb536,True
WBA_0000822401,wuchereria_bancrofti_prjeb536,False
WBA_0000822501,wuchereria_bancrofti_prjeb536,False
WBA_0000822601,wuchereria_bancrofti_prjeb536,True
WBA_0000822701,wuchereria_bancrofti_prjeb536,False
WBA_0000822801,wuchereria_bancrofti_prjeb536,True
WBA_0000822901,wuchereria_bancrofti_prjeb536,True
WBA_0000823001,wuchereria_bancrofti_prjeb536,False
WBA_0000823101,wuchereria_bancrofti_prjeb536,True
WBA_0000823201,wuchereria_bancrofti_prjeb536,True
WBA_0000823301,wuchereria_bancrofti_prjeb536,False
WBA_0000823401,wuchereria_bancrofti_prjeb536,True
WBA_0000823501,wuchereria_bancrofti_prjeb536,True
WBA_0000823601,wuchereria_bancrofti_prjeb536,True
WBA_0000823701,wuchereria_bancrofti_prjeb536,True
WBA_0000823801,wuchereria_bancrofti_prjeb536,False
WBA_0000823901,wuchereria_bancrofti_prjeb536,True
WBA_0000824001,wuchereria_bancrofti_prjeb536,False
WBA_0000824101,wuchereria_bancrofti_prjeb536,True
WBA_0000824201,wuchereria_bancrofti_prjeb536,True
WBA_0000824301,wuchereria_bancrofti_prjeb536,True
WBA_0000824401,wuchereria_bancrofti_prjeb536,True
WBA_0000824501,wuchereria_bancrofti_prjeb536,True
WBA_0000824601,wuchereria_bancrofti_prjeb536,True
WBA_0000824701,wuchereria_bancrofti_prjeb536,False
WBA_0000824801,wuchereria_bancrofti_prjeb536,False
WBA_0000824901,wuchereria_bancrofti_prjeb536,True
WBA_0000825001,wuchereria_bancrofti_prjeb536,True
WBA_0000825101,wuchereria_bancrofti_prjeb536,False
WBA_0000825201,wuchereria_bancrofti_prjeb536,True
WBA_0000825301,wuchereria_bancrofti_prjeb536,True
WBA_0000825401,wuchereria_bancrofti_prjeb536,True
WBA_0000825501,wuchereria_bancrofti_prjeb536,True
WBA_0000825901,wuchereria_bancrofti_prjeb536,True
WBA_0000826001,wuchereria_bancrofti_prjeb536,True
WBA_0000826101,wuchereria_bancrofti_prjeb536,True
WBA_0000826501,wuchereria_bancrofti_prjeb536,True
WBA_0000826601,wuchereria_bancrofti_prjeb536,True
WBA_0000826701,wuchereria_bancrofti_prjeb536,True
WBA_0000826801,wuchereria_bancrofti_prjeb536,True
WBA_0000826901,wuchereria_bancrofti_prjeb536,True
WBA_0000827001,wuchereria_bancrofti_prjeb536,True
WBA_0000827101,wuchereria_bancrofti_prjeb536,True
WBA_0000827201,wuchereria_bancrofti_prjeb536,False
WBA_0000827301,wuchereria_bancrofti_prjeb536,True
WBA_0000827401,wuchereria_bancrofti_prjeb536,True
WBA_0000827501,wuchereria_bancrofti_prjeb536,True
WBA_0000827601,wuchereria_bancrofti_prjeb536,False
WBA_0000827701,wuchereria_bancrofti_prjeb536,True
WBA_0000827801,wuchereria_bancrofti_prjeb536,True
WBA_0000827901,wuchereria_bancrofti_prjeb536,True
WBA_0000828001,wuchereria_bancrofti_prjeb536,True
WBA_0000828101,wuchereria_bancrofti_prjeb536,True
WBA_0000828201,wuchereria_bancrofti_prjeb536,False
WBA_0000828301,wuchereria_bancrofti_prjeb536,True
WBA_0000828401,wuchereria_bancrofti_prjeb536,True
WBA_0000828501,wuchereria_bancrofti_prjeb536,False
WBA_0000828601,wuchereria_bancrofti_prjeb536,True
WBA_0000828701,wuchereria_bancrofti_prjeb536,False
WBA_0000828801,wuchereria_bancrofti_prjeb536,True
WBA_0000828901,wuchereria_bancrofti_prjeb536,True
WBA_0000829001,wuchereria_bancrofti_prjeb536,True
WBA_0000829101,wuchereria_bancrofti_prjeb536,True
WBA_0000829201,wuchereria_bancrofti_prjeb536,True
WBA_0000829301,wuchereria_bancrofti_prjeb536,False
WBA_0000829401,wuchereria_bancrofti_prjeb536,True
WBA_0000829501,wuchereria_bancrofti_prjeb536,True
WBA_0000829601,wuchereria_bancrofti_prjeb536,True
WBA_0000829701,wuchereria_bancrofti_prjeb536,True
WBA_0000829801,wuchereria_bancrofti_prjeb536,True
WBA_0000829901,wuchereria_bancrofti_prjeb536,True
WBA_0000830001,wuchereria_bancrofti_prjeb536,True
WBA_0000830101,wuchereria_bancrofti_prjeb536,True
WBA_0000830201,wuchereria_bancrofti_prjeb536,True
WBA_0000830301,wuchereria_bancrofti_prjeb536,True
WBA_0000830401,wuchereria_bancrofti_prjeb536,True
WBA_0000830501,wuchereria_bancrofti_prjeb536,True
WBA_0000830601,wuchereria_bancrofti_prjeb536,True
WBA_0000830701,wuchereria_bancrofti_prjeb536,True
WBA_0000830801,wuchereria_bancrofti_prjeb536,True
WBA_0000830901,wuchereria_bancrofti_prjeb536,True
WBA_0000831001,wuchereria_bancrofti_prjeb536,True
WBA_0000831101,wuchereria_bancrofti_prjeb536,True
WBA_0000831201,wuchereria_bancrofti_prjeb536,True
WBA_0000831301,wuchereria_bancrofti_prjeb536,True
WBA_0000831401,wuchereria_bancrofti_prjeb536,True
WBA_0000831501,wuchereria_bancrofti_prjeb536,True
WBA_0000831601,wuchereria_bancrofti_prjeb536,True
WBA_0000831701,wuchereria_bancrofti_prjeb536,True
WBA_0000831801,wuchereria_bancrofti_prjeb536,True
WBA_0000831901,wuchereria_bancrofti_prjeb536,True
WBA_0000832001,wuchereria_bancrofti_prjeb536,True
WBA_0000832101,wuchereria_bancrofti_prjeb536,True
WBA_0000832201,wuchereria_bancrofti_prjeb536,False
WBA_0000832301,wuchereria_bancrofti_prjeb536,True
WBA_0000832401,wuchereria_bancrofti_prjeb536,True
WBA_0000832501,wuchereria_bancrofti_prjeb536,True
WBA_0000832601,wuchereria_bancrofti_prjeb536,True
WBA_0000832701,wuchereria_bancrofti_prjeb536,True
WBA_0000832801,wuchereria_bancrofti_prjeb536,True
WBA_0000832901,wuchereria_bancrofti_prjeb536,True
WBA_0000833001,wuchereria_bancrofti_prjeb536,True
WBA_0000833101,wuchereria_bancrofti_prjeb536,True
WBA_0000833201,wuchereria_bancrofti_prjeb536,True
WBA_0000833301,wuchereria_bancrofti_prjeb536,False
WBA_0000833401,wuchereria_bancrofti_prjeb536,True
WBA_0000833501,wuchereria_bancrofti_prjeb536,False
WBA_0000833601,wuchereria_bancrofti_prjeb536,True
WBA_0000833701,wuchereria_bancrofti_prjeb536,True
WBA_0000833801,wuchereria_bancrofti_prjeb536,True
WBA_0000833901,wuchereria_bancrofti_prjeb536,True
WBA_0000834001,wuchereria_bancrofti_prjeb536,True
WBA_0000834101,wuchereria_bancrofti_prjeb536,True
WBA_0000834201,wuchereria_bancrofti_prjeb536,True
WBA_0000834301,wuchereria_bancrofti_prjeb536,True
WBA_0000834401,wuchereria_bancrofti_prjeb536,True
WBA_0000834501,wuchereria_bancrofti_prjeb536,True
WBA_0000834601,wuchereria_bancrofti_prjeb536,True
WBA_0000834701,wuchereria_bancrofti_prjeb536,True
WBA_0000834801,wuchereria_bancrofti_prjeb536,False
WBA_0000834901,wuchereria_bancrofti_prjeb536,True
WBA_0000835001,wuchereria_bancrofti_prjeb536,True
WBA_0000835101,wuchereria_bancrofti_prjeb536,True
WBA_0000835201,wuchereria_bancrofti_prjeb536,True
WBA_0000835301,wuchereria_bancrofti_prjeb536,True
WBA_0000835401,wuchereria_bancrofti_prjeb536,False
WBA_0000835501,wuchereria_bancrofti_prjeb536,True
WBA_0000835601,wuchereria_bancrofti_prjeb536,True
WBA_0000835701,wuchereria_bancrofti_prjeb536,False
WBA_0000835801,wuchereria_bancrofti_prjeb536,True
WBA_0000835901,wuchereria_bancrofti_prjeb536,True
WBA_0000836001,wuchereria_bancrofti_prjeb536,True
WBA_0000836101,wuchereria_bancrofti_prjeb536,True
WBA_0000836201,wuchereria_bancrofti_prjeb536,True
WBA_0000836301,wuchereria_bancrofti_prjeb536,True
WBA_0000836401,wuchereria_bancrofti_prjeb536,True
WBA_0000837001,wuchereria_bancrofti_prjeb536,True
WBA_0000837101,wuchereria_bancrofti_prjeb536,False
WBA_0000837201,wuchereria_bancrofti_prjeb536,True
WBA_0000837301,wuchereria_bancrofti_prjeb536,False
WBA_0000837401,wuchereria_bancrofti_prjeb536,True
WBA_0000837501,wuchereria_bancrofti_prjeb536,True
WBA_0000837601,wuchereria_bancrofti_prjeb536,True
WBA_0000837701,wuchereria_bancrofti_prjeb536,True
WBA_0000837801,wuchereria_bancrofti_prjeb536,True
WBA_0000837901,wuchereria_bancrofti_prjeb536,True
WBA_0000838001,wuchereria_bancrofti_prjeb536,False
WBA_0000838101,wuchereria_bancrofti_prjeb536,True
WBA_0000838201,wuchereria_bancrofti_prjeb536,True
WBA_0000838301,wuchereria_bancrofti_prjeb536,True
WBA_0000838401,wuchereria_bancrofti_prjeb536,False
WBA_0000838501,wuchereria_bancrofti_prjeb536,False
WBA_0000838601,wuchereria_bancrofti_prjeb536,True
WBA_0000838701,wuchereria_bancrofti_prjeb536,True
WBA_0000838801,wuchereria_bancrofti_prjeb536,True
WBA_0000838901,wuchereria_bancrofti_prjeb536,False
WBA_0000839001,wuchereria_bancrofti_prjeb536,True
WBA_0000839101,wuchereria_bancrofti_prjeb536,True
WBA_0000839201,wuchereria_bancrofti_prjeb536,True
WBA_0000839301,wuchereria_bancrofti_prjeb536,False
WBA_0000839401,wuchereria_bancrofti_prjeb536,True
WBA_0000839501,wuchereria_bancrofti_prjeb536,True
WBA_0000839601,wuchereria_bancrofti_prjeb536,False
WBA_0000839701,wuchereria_bancrofti_prjeb536,True
WBA_0000839801,wuchereria_bancrofti_prjeb536,True
WBA_0000839901,wuchereria_bancrofti_prjeb536,True
WBA_0000840001,wuchereria_bancrofti_prjeb536,True
WBA_0000840101,wuchereria_bancrofti_prjeb536,True
WBA_0000840201,wuchereria_bancrofti_prjeb536,True
WBA_0000840301,wuchereria_bancrofti_prjeb536,False
WBA_0000840401,wuchereria_bancrofti_prjeb536,True
WBA_0000840501,wuchereria_bancrofti_prjeb536,True
WBA_0000840601,wuchereria_bancrofti_prjeb536,True
WBA_0000840701,wuchereria_bancrofti_prjeb536,False
WBA_0000840801,wuchereria_bancrofti_prjeb536,True
WBA_0000840901,wuchereria_bancrofti_prjeb536,True
WBA_0000841001,wuchereria_bancrofti_prjeb536,True
WBA_0000841101,wuchereria_bancrofti_prjeb536,True
WBA_0000841201,wuchereria_bancrofti_prjeb536,True
WBA_0000841301,wuchereria_bancrofti_prjeb536,True
WBA_0000841401,wuchereria_bancrofti_prjeb536,True
WBA_0000841501,wuchereria_bancrofti_prjeb536,True
WBA_0000841601,wuchereria_bancrofti_prjeb536,True
WBA_0000841701,wuchereria_bancrofti_prjeb536,False
WBA_0000841801,wuchereria_bancrofti_prjeb536,False
WBA_0000841901,wuchereria_bancrofti_prjeb536,True
WBA_0000842001,wuchereria_bancrofti_prjeb536,True
WBA_0000842101,wuchereria_bancrofti_prjeb536,False
WBA_0000842201,wuchereria_bancrofti_prjeb536,True
WBA_0000842301,wuchereria_bancrofti_prjeb536,True
WBA_0000842401,wuchereria_bancrofti_prjeb536,True
WBA_0000842501,wuchereria_bancrofti_prjeb536,True
WBA_0000842601,wuchereria_bancrofti_prjeb536,False
WBA_0000842701,wuchereria_bancrofti_prjeb536,False
WBA_0000842801,wuchereria_bancrofti_prjeb536,False
WBA_0000842901,wuchereria_bancrofti_prjeb536,False
WBA_0000843001,wuchereria_bancrofti_prjeb536,False
WBA_0000843101,wuchereria_bancrofti_prjeb536,False
WBA_0000843201,wuchereria_bancrofti_prjeb536,True
WBA_0000843301,wuchereria_bancrofti_prjeb536,True
WBA_0000843401,wuchereria_bancrofti_prjeb536,True
WBA_0000843501,wuchereria_bancrofti_prjeb536,True
WBA_0000843601,wuchereria_bancrofti_prjeb536,True
WBA_0000843701,wuchereria_bancrofti_prjeb536,False
WBA_0000843801,wuchereria_bancrofti_prjeb536,True
WBA_0000843901,wuchereria_bancrofti_prjeb536,True
WBA_0000844001,wuchereria_bancrofti_prjeb536,True
WBA_0000844101,wuchereria_bancrofti_prjeb536,True
WBA_0000844201,wuchereria_bancrofti_prjeb536,True
WBA_0000844301,wuchereria_bancrofti_prjeb536,False
WBA_0000844401,wuchereria_bancrofti_prjeb536,False
WBA_0000844501,wuchereria_bancrofti_prjeb536,True
WBA_0000844601,wuchereria_bancrofti_prjeb536,True
WBA_0000844701,wuchereria_bancrofti_prjeb536,False
WBA_0000844801,wuchereria_bancrofti_prjeb536,True
WBA_0000844901,wuchereria_bancrofti_prjeb536,True
WBA_0000845001,wuchereria_bancrofti_prjeb536,True
WBA_0000845101,wuchereria_bancrofti_prjeb536,True
WBA_0000845201,wuchereria_bancrofti_prjeb536,True
WBA_0000845301,wuchereria_bancrofti_prjeb536,True
WBA_0000845401,wuchereria_bancrofti_prjeb536,True
WBA_0000845501,wuchereria_bancrofti_prjeb536,False
WBA_0000845601,wuchereria_bancrofti_prjeb536,True
WBA_0000845701,wuchereria_bancrofti_prjeb536,False
WBA_0000845801,wuchereria_bancrofti_prjeb536,True
WBA_0000845901,wuchereria_bancrofti_prjeb536,True
WBA_0000846001,wuchereria_bancrofti_prjeb536,True
WBA_0000846101,wuchereria_bancrofti_prjeb536,True
WBA_0000846201,wuchereria_bancrofti_prjeb536,True
WBA_0000846301,wuchereria_bancrofti_prjeb536,True
WBA_0000846401,wuchereria_bancrofti_prjeb536,False
WBA_0000846501,wuchereria_bancrofti_prjeb536,False
WBA_0000846601,wuchereria_bancrofti_prjeb536,True
WBA_0000846701,wuchereria_bancrofti_prjeb536,True
WBA_0000846801,wuchereria_bancrofti_prjeb536,True
WBA_0000846901,wuchereria_bancrofti_prjeb536,True
WBA_0000847001,wuchereria_bancrofti_prjeb536,True
WBA_0000847101,wuchereria_bancrofti_prjeb536,False
WBA_0000847201,wuchereria_bancrofti_prjeb536,True
WBA_0000847301,wuchereria_bancrofti_prjeb536,True
WBA_0000847401,wuchereria_bancrofti_prjeb536,True
WBA_0000847501,wuchereria_bancrofti_prjeb536,True
WBA_0000847601,wuchereria_bancrofti_prjeb536,True
WBA_0000847701,wuchereria_bancrofti_prjeb536,True
WBA_0000847801,wuchereria_bancrofti_prjeb536,False
WBA_0000847901,wuchereria_bancrofti_prjeb536,False
WBA_0000848001,wuchereria_bancrofti_prjeb536,True
WBA_0000848101,wuchereria_bancrofti_prjeb536,False
WBA_0000848201,wuchereria_bancrofti_prjeb536,True
WBA_0000848301,wuchereria_bancrofti_prjeb536,False
WBA_0000848401,wuchereria_bancrofti_prjeb536,True
WBA_0000848501,wuchereria_bancrofti_prjeb536,True
WBA_0000848601,wuchereria_bancrofti_prjeb536,True
WBA_0000848701,wuchereria_bancrofti_prjeb536,True
WBA_0000848801,wuchereria_bancrofti_prjeb536,True
WBA_0000848901,wuchereria_bancrofti_prjeb536,False
WBA_0000849001,wuchereria_bancrofti_prjeb536,False
WBA_0000849101,wuchereria_bancrofti_prjeb536,True
WBA_0000849201,wuchereria_bancrofti_prjeb536,False
WBA_0000849301,wuchereria_bancrofti_prjeb536,False
WBA_0000849401,wuchereria_bancrofti_prjeb536,True
WBA_0000849501,wuchereria_bancrofti_prjeb536,True
WBA_0000849601,wuchereria_bancrofti_prjeb536,True
WBA_0000849701,wuchereria_bancrofti_prjeb536,True
WBA_0000849801,wuchereria_bancrofti_prjeb536,True
WBA_0000849901,wuchereria_bancrofti_prjeb536,True
WBA_0000850001,wuchereria_bancrofti_prjeb536,True
WBA_0000850101,wuchereria_bancrofti_prjeb536,False
WBA_0000850201,wuchereria_bancrofti_prjeb536,True
WBA_0000850301,wuchereria_bancrofti_prjeb536,True
WBA_0000850401,wuchereria_bancrofti_prjeb536,True
WBA_0000850501,wuchereria_bancrofti_prjeb536,True
WBA_0000850601,wuchereria_bancrofti_prjeb536,True
WBA_0000850701,wuchereria_bancrofti_prjeb536,True
WBA_0000850801,wuchereria_bancrofti_prjeb536,True
WBA_0000850901,wuchereria_bancrofti_prjeb536,True
WBA_0000851001,wuchereria_bancrofti_prjeb536,True
WBA_0000851101,wuchereria_bancrofti_prjeb536,False
WBA_0000851201,wuchereria_bancrofti_prjeb536,True
WBA_0000851301,wuchereria_bancrofti_prjeb536,True
WBA_0000851401,wuchereria_bancrofti_prjeb536,True
WBA_0000851501,wuchereria_bancrofti_prjeb536,True
WBA_0000851601,wuchereria_bancrofti_prjeb536,True
WBA_0000851701,wuchereria_bancrofti_prjeb536,True
WBA_0000851801,wuchereria_bancrofti_prjeb536,True
WBA_0000851901,wuchereria_bancrofti_prjeb536,False
WBA_0000852001,wuchereria_bancrofti_prjeb536,True
WBA_0000852101,wuchereria_bancrofti_prjeb536,True
WBA_0000852201,wuchereria_bancrofti_prjeb536,True
WBA_0000852301,wuchereria_bancrofti_prjeb536,True
WBA_0000852401,wuchereria_bancrofti_prjeb536,False
WBA_0000852501,wuchereria_bancrofti_prjeb536,True
WBA_0000852601,wuchereria_bancrofti_prjeb536,True
WBA_0000852701,wuchereria_bancrofti_prjeb536,True
WBA_0000852801,wuchereria_bancrofti_prjeb536,True
WBA_0000852901,wuchereria_bancrofti_prjeb536,True
WBA_0000853001,wuchereria_bancrofti_prjeb536,True
WBA_0000853101,wuchereria_bancrofti_prjeb536,True
WBA_0000853201,wuchereria_bancrofti_prjeb536,True
WBA_0000853301,wuchereria_bancrofti_prjeb536,False
WBA_0000853401,wuchereria_bancrofti_prjeb536,True
WBA_0000853501,wuchereria_bancrofti_prjeb536,True
WBA_0000853601,wuchereria_bancrofti_prjeb536,True
WBA_0000853701,wuchereria_bancrofti_prjeb536,True
WBA_0000853801,wuchereria_bancrofti_prjeb536,True
WBA_0000853901,wuchereria_bancrofti_prjeb536,False
WBA_0000854001,wuchereria_bancrofti_prjeb536,True
WBA_0000854101,wuchereria_bancrofti_prjeb536,True
WBA_0000854201,wuchereria_bancrofti_prjeb536,True
WBA_0000854301,wuchereria_bancrofti_prjeb536,True
WBA_0000854401,wuchereria_bancrofti_prjeb536,True
WBA_0000854501,wuchereria_bancrofti_prjeb536,False
WBA_0000854601,wuchereria_bancrofti_prjeb536,True
WBA_0000854701,wuchereria_bancrofti_prjeb536,False
WBA_0000854801,wuchereria_bancrofti_prjeb536,True
WBA_0000854901,wuchereria_bancrofti_prjeb536,False
WBA_0000855001,wuchereria_bancrofti_prjeb536,True
WBA_0000855101,wuchereria_bancrofti_prjeb536,True
WBA_0000855201,wuchereria_bancrofti_prjeb536,True
WBA_0000855301,wuchereria_bancrofti_prjeb536,True
WBA_0000855401,wuchereria_bancrofti_prjeb536,True
WBA_0000855501,wuchereria_bancrofti_prjeb536,True
WBA_0000855601,wuchereria_bancrofti_prjeb536,False
WBA_0000855701,wuchereria_bancrofti_prjeb536,True
WBA_0000855801,wuchereria_bancrofti_prjeb536,False
WBA_0000855901,wuchereria_bancrofti_prjeb536,True
WBA_0000856001,wuchereria_bancrofti_prjeb536,False
WBA_0000856101,wuchereria_bancrofti_prjeb536,True
WBA_0000856201,wuchereria_bancrofti_prjeb536,True
WBA_0000856301,wuchereria_bancrofti_prjeb536,True
WBA_0000856401,wuchereria_bancrofti_prjeb536,True
WBA_0000856501,wuchereria_bancrofti_prjeb536,True
WBA_0000856601,wuchereria_bancrofti_prjeb536,False
WBA_0000856701,wuchereria_bancrofti_prjeb536,False
WBA_0000856801,wuchereria_bancrofti_prjeb536,True
WBA_0000856901,wuchereria_bancrofti_prjeb536,True
WBA_0000857001,wuchereria_bancrofti_prjeb536,True
WBA_0000857101,wuchereria_bancrofti_prjeb536,True
WBA_0000857201,wuchereria_bancrofti_prjeb536,True
WBA_0000857301,wuchereria_bancrofti_prjeb536,True
WBA_0000857401,wuchereria_bancrofti_prjeb536,False
WBA_0000857501,wuchereria_bancrofti_prjeb536,True
WBA_0000857601,wuchereria_bancrofti_prjeb536,True
WBA_0000857701,wuchereria_bancrofti_prjeb536,True
WBA_0000857801,wuchereria_bancrofti_prjeb536,True
WBA_0000857901,wuchereria_bancrofti_prjeb536,True
WBA_0000858001,wuchereria_bancrofti_prjeb536,True
WBA_0000858101,wuchereria_bancrofti_prjeb536,False
WBA_0000858201,wuchereria_bancrofti_prjeb536,True
WBA_0000858301,wuchereria_bancrofti_prjeb536,True
WBA_0000858401,wuchereria_bancrofti_prjeb536,True
WBA_0000858501,wuchereria_bancrofti_prjeb536,True
WBA_0000858601,wuchereria_bancrofti_prjeb536,False
WBA_0000858701,wuchereria_bancrofti_prjeb536,True
WBA_0000858801,wuchereria_bancrofti_prjeb536,True
WBA_0000858901,wuchereria_bancrofti_prjeb536,False
WBA_0000859001,wuchereria_bancrofti_prjeb536,True
WBA_0000859101,wuchereria_bancrofti_prjeb536,True
WBA_0000859201,wuchereria_bancrofti_prjeb536,True
WBA_0000859301,wuchereria_bancrofti_prjeb536,True
WBA_0000859401,wuchereria_bancrofti_prjeb536,True
WBA_0000859501,wuchereria_bancrofti_prjeb536,True
WBA_0000859601,wuchereria_bancrofti_prjeb536,True
WBA_0000859701,wuchereria_bancrofti_prjeb536,True
WBA_0000859801,wuchereria_bancrofti_prjeb536,True
WBA_0000859901,wuchereria_bancrofti_prjeb536,True
WBA_0000860001,wuchereria_bancrofti_prjeb536,True
WBA_0000860101,wuchereria_bancrofti_prjeb536,True
WBA_0000860201,wuchereria_bancrofti_prjeb536,False
WBA_0000860301,wuchereria_bancrofti_prjeb536,True
WBA_0000860401,wuchereria_bancrofti_prjeb536,True
WBA_0000860501,wuchereria_bancrofti_prjeb536,True
WBA_0000860601,wuchereria_bancrofti_prjeb536,True
WBA_0000860701,wuchereria_bancrofti_prjeb536,False
WBA_0000860801,wuchereria_bancrofti_prjeb536,True
WBA_0000860901,wuchereria_bancrofti_prjeb536,True
WBA_0000861001,wuchereria_bancrofti_prjeb536,True
WBA_0000861101,wuchereria_bancrofti_prjeb536,True
WBA_0000861201,wuchereria_bancrofti_prjeb536,True
WBA_0000861301,wuchereria_bancrofti_prjeb536,True
WBA_0000861401,wuchereria_bancrofti_prjeb536,True
WBA_0000861501,wuchereria_bancrofti_prjeb536,True
WBA_0000861601,wuchereria_bancrofti_prjeb536,True
WBA_0000861701,wuchereria_bancrofti_prjeb536,True
WBA_0000861801,wuchereria_bancrofti_prjeb536,False
WBA_0000861901,wuchereria_bancrofti_prjeb536,False
WBA_0000862001,wuchereria_bancrofti_prjeb536,True
WBA_0000862101,wuchereria_bancrofti_prjeb536,True
WBA_0000862201,wuchereria_bancrofti_prjeb536,True
WBA_0000862301,wuchereria_bancrofti_prjeb536,True
WBA_0000862401,wuchereria_bancrofti_prjeb536,True
WBA_0000862501,wuchereria_bancrofti_prjeb536,True
WBA_0000862601,wuchereria_bancrofti_prjeb536,True
WBA_0000862701,wuchereria_bancrofti_prjeb536,True
WBA_0000862801,wuchereria_bancrofti_prjeb536,True
WBA_0000862901,wuchereria_bancrofti_prjeb536,True
WBA_0000863001,wuchereria_bancrofti_prjeb536,True
WBA_0000863101,wuchereria_bancrofti_prjeb536,True
WBA_0000863201,wuchereria_bancrofti_prjeb536,True
WBA_0000863301,wuchereria_bancrofti_prjeb536,True
WBA_0000863401,wuchereria_bancrofti_prjeb536,True
WBA_0000863501,wuchereria_bancrofti_prjeb536,True
WBA_0000863601,wuchereria_bancrofti_prjeb536,False
WBA_0000863701,wuchereria_bancrofti_prjeb536,True
WBA_0000863801,wuchereria_bancrofti_prjeb536,True
WBA_0000863901,wuchereria_bancrofti_prjeb536,False
WBA_0000864001,wuchereria_bancrofti_prjeb536,True
WBA_0000864101,wuchereria_bancrofti_prjeb536,False
WBA_0000864201,wuchereria_bancrofti_prjeb536,True
WBA_0000864301,wuchereria_bancrofti_prjeb536,True
WBA_0000864401,wuchereria_bancrofti_prjeb536,True
WBA_0000864501,wuchereria_bancrofti_prjeb536,True
WBA_0000864601,wuchereria_bancrofti_prjeb536,True
WBA_0000864701,wuchereria_bancrofti_prjeb536,False
WBA_0000864801,wuchereria_bancrofti_prjeb536,True
WBA_0000864901,wuchereria_bancrofti_prjeb536,True
WBA_0000865001,wuchereria_bancrofti_prjeb536,True
WBA_0000865101,wuchereria_bancrofti_prjeb536,True
WBA_0000865201,wuchereria_bancrofti_prjeb536,False
WBA_0000865301,wuchereria_bancrofti_prjeb536,True
WBA_0000865401,wuchereria_bancrofti_prjeb536,True
WBA_0000865501,wuchereria_bancrofti_prjeb536,True
WBA_0000865601,wuchereria_bancrofti_prjeb536,True
WBA_0000865701,wuchereria_bancrofti_prjeb536,True
WBA_0000865801,wuchereria_bancrofti_prjeb536,True
WBA_0000865901,wuchereria_bancrofti_prjeb536,True
WBA_0000866001,wuchereria_bancrofti_prjeb536,True
WBA_0000866101,wuchereria_bancrofti_prjeb536,True
WBA_0000866201,wuchereria_bancrofti_prjeb536,False
WBA_0000866301,wuchereria_bancrofti_prjeb536,True
WBA_0000866401,wuchereria_bancrofti_prjeb536,True
WBA_0000866501,wuchereria_bancrofti_prjeb536,True
WBA_0000866601,wuchereria_bancrofti_prjeb536,True
WBA_0000866701,wuchereria_bancrofti_prjeb536,True
WBA_0000866801,wuchereria_bancrofti_prjeb536,True
WBA_0000866901,wuchereria_bancrofti_prjeb536,True
WBA_0000867001,wuchereria_bancrofti_prjeb536,False
WBA_0000867101,wuchereria_bancrofti_prjeb536,True
WBA_0000867201,wuchereria_bancrofti_prjeb536,False
WBA_0000867301,wuchereria_bancrofti_prjeb536,True
WBA_0000867401,wuchereria_bancrofti_prjeb536,True
WBA_0000867501,wuchereria_bancrofti_prjeb536,False
WBA_0000867601,wuchereria_bancrofti_prjeb536,True
WBA_0000867701,wuchereria_bancrofti_prjeb536,True
WBA_0000867801,wuchereria_bancrofti_prjeb536,True
WBA_0000867901,wuchereria_bancrofti_prjeb536,True
WBA_0000868001,wuchereria_bancrofti_prjeb536,True
WBA_0000868101,wuchereria_bancrofti_prjeb536,True
WBA_0000868201,wuchereria_bancrofti_prjeb536,False
WBA_0000868301,wuchereria_bancrofti_prjeb536,True
WBA_0000868401,wuchereria_bancrofti_prjeb536,True
WBA_0000868501,wuchereria_bancrofti_prjeb536,True
WBA_0000868601,wuchereria_bancrofti_prjeb536,True
WBA_0000868701,wuchereria_bancrofti_prjeb536,True
WBA_0000868801,wuchereria_bancrofti_prjeb536,False
WBA_0000868901,wuchereria_bancrofti_prjeb536,True
WBA_0000869001,wuchereria_bancrofti_prjeb536,True
WBA_0000869101,wuchereria_bancrofti_prjeb536,True
WBA_0000869201,wuchereria_bancrofti_prjeb536,True
WBA_0000869301,wuchereria_bancrofti_prjeb536,True
WBA_0000869401,wuchereria_bancrofti_prjeb536,True
WBA_0000869501,wuchereria_bancrofti_prjeb536,True
WBA_0000869601,wuchereria_bancrofti_prjeb536,True
WBA_0000869701,wuchereria_bancrofti_prjeb536,True
WBA_0000869801,wuchereria_bancrofti_prjeb536,True
WBA_0000869901,wuchereria_bancrofti_prjeb536,True
WBA_0000870001,wuchereria_bancrofti_prjeb536,True
WBA_0000870101,wuchereria_bancrofti_prjeb536,True
WBA_0000870201,wuchereria_bancrofti_prjeb536,True
WBA_0000870301,wuchereria_bancrofti_prjeb536,True
WBA_0000870401,wuchereria_bancrofti_prjeb536,False
WBA_0000870501,wuchereria_bancrofti_prjeb536,True
WBA_0000870601,wuchereria_bancrofti_prjeb536,True
WBA_0000870701,wuchereria_bancrofti_prjeb536,False
WBA_0000870801,wuchereria_bancrofti_prjeb536,False
WBA_0000870901,wuchereria_bancrofti_prjeb536,True
WBA_0000871001,wuchereria_bancrofti_prjeb536,True
WBA_0000871101,wuchereria_bancrofti_prjeb536,True
WBA_0000871201,wuchereria_bancrofti_prjeb536,False
WBA_0000871301,wuchereria_bancrofti_prjeb536,True
WBA_0000871401,wuchereria_bancrofti_prjeb536,True
WBA_0000871501,wuchereria_bancrofti_prjeb536,True
WBA_0000871601,wuchereria_bancrofti_prjeb536,True
WBA_0000871701,wuchereria_bancrofti_prjeb536,False
WBA_0000871801,wuchereria_bancrofti_prjeb536,True
WBA_0000871901,wuchereria_bancrofti_prjeb536,True
WBA_0000872001,wuchereria_bancrofti_prjeb536,True
WBA_0000872101,wuchereria_bancrofti_prjeb536,True
WBA_0000872201,wuchereria_bancrofti_prjeb536,True
WBA_0000872301,wuchereria_bancrofti_prjeb536,True
WBA_0000872401,wuchereria_bancrofti_prjeb536,True
WBA_0000872501,wuchereria_bancrofti_prjeb536,True
WBA_0000872601,wuchereria_bancrofti_prjeb536,True
WBA_0000872701,wuchereria_bancrofti_prjeb536,False
WBA_0000872801,wuchereria_bancrofti_prjeb536,True
WBA_0000872901,wuchereria_bancrofti_prjeb536,True
WBA_0000873001,wuchereria_bancrofti_prjeb536,True
WBA_0000873101,wuchereria_bancrofti_prjeb536,True
WBA_0000873201,wuchereria_bancrofti_prjeb536,True
WBA_0000873301,wuchereria_bancrofti_prjeb536,True
WBA_0000873401,wuchereria_bancrofti_prjeb536,True
WBA_0000873501,wuchereria_bancrofti_prjeb536,True
WBA_0000873601,wuchereria_bancrofti_prjeb536,True
WBA_0000873701,wuchereria_bancrofti_prjeb536,True
WBA_0000873801,wuchereria_bancrofti_prjeb536,True
WBA_0000873901,wuchereria_bancrofti_prjeb536,True
WBA_0000874001,wuchereria_bancrofti_prjeb536,True
WBA_0000874101,wuchereria_bancrofti_prjeb536,True
WBA_0000874201,wuchereria_bancrofti_prjeb536,True
WBA_0000874301,wuchereria_bancrofti_prjeb536,True
WBA_0000874401,wuchereria_bancrofti_prjeb536,True
WBA_0000874501,wuchereria_bancrofti_prjeb536,True
WBA_0000874601,wuchereria_bancrofti_prjeb536,False
WBA_0000874701,wuchereria_bancrofti_prjeb536,True
WBA_0000874801,wuchereria_bancrofti_prjeb536,True
WBA_0000874901,wuchereria_bancrofti_prjeb536,True
WBA_0000875001,wuchereria_bancrofti_prjeb536,True
WBA_0000875101,wuchereria_bancrofti_prjeb536,True
WBA_0000875201,wuchereria_bancrofti_prjeb536,True
WBA_0000875301,wuchereria_bancrofti_prjeb536,True
WBA_0000875401,wuchereria_bancrofti_prjeb536,True
WBA_0000875501,wuchereria_bancrofti_prjeb536,True
WBA_0000875601,wuchereria_bancrofti_prjeb536,True
WBA_0000875701,wuchereria_bancrofti_prjeb536,True
WBA_0000875801,wuchereria_bancrofti_prjeb536,True
WBA_0000875901,wuchereria_bancrofti_prjeb536,True
WBA_0000876001,wuchereria_bancrofti_prjeb536,True
WBA_0000876101,wuchereria_bancrofti_prjeb536,True
WBA_0000876201,wuchereria_bancrofti_prjeb536,True
WBA_0000876301,wuchereria_bancrofti_prjeb536,True
WBA_0000876401,wuchereria_bancrofti_prjeb536,False
WBA_0000876501,wuchereria_bancrofti_prjeb536,True
WBA_0000876601,wuchereria_bancrofti_prjeb536,True
WBA_0000876701,wuchereria_bancrofti_prjeb536,True
WBA_0000876801,wuchereria_bancrofti_prjeb536,True
WBA_0000876901,wuchereria_bancrofti_prjeb536,True
WBA_0000877001,wuchereria_bancrofti_prjeb536,True
WBA_0000877101,wuchereria_bancrofti_prjeb536,True
WBA_0000877201,wuchereria_bancrofti_prjeb536,False
WBA_0000877301,wuchereria_bancrofti_prjeb536,True
WBA_0000877401,wuchereria_bancrofti_prjeb536,True
WBA_0000877501,wuchereria_bancrofti_prjeb536,True
WBA_0000877601,wuchereria_bancrofti_prjeb536,True
WBA_0000877701,wuchereria_bancrofti_prjeb536,False
WBA_0000877801,wuchereria_bancrofti_prjeb536,False
WBA_0000877901,wuchereria_bancrofti_prjeb536,True
WBA_0000878001,wuchereria_bancrofti_prjeb536,True
WBA_0000878101,wuchereria_bancrofti_prjeb536,True
WBA_0000878201,wuchereria_bancrofti_prjeb536,True
WBA_0000878301,wuchereria_bancrofti_prjeb536,True
WBA_0000878401,wuchereria_bancrofti_prjeb536,False
WBA_0000878501,wuchereria_bancrofti_prjeb536,True
WBA_0000878601,wuchereria_bancrofti_prjeb536,True
WBA_0000878701,wuchereria_bancrofti_prjeb536,True
WBA_0000878801,wuchereria_bancrofti_prjeb536,False
WBA_0000878901,wuchereria_bancrofti_prjeb536,True
WBA_0000879001,wuchereria_bancrofti_prjeb536,True
WBA_0000879101,wuchereria_bancrofti_prjeb536,False
WBA_0000879201,wuchereria_bancrofti_prjeb536,True
WBA_0000879301,wuchereria_bancrofti_prjeb536,True
WBA_0000879401,wuchereria_bancrofti_prjeb536,True
WBA_0000879501,wuchereria_bancrofti_prjeb536,True
WBA_0000879601,wuchereria_bancrofti_prjeb536,True
WBA_0000879701,wuchereria_bancrofti_prjeb536,True
WBA_0000879801,wuchereria_bancrofti_prjeb536,False
WBA_0000879901,wuchereria_bancrofti_prjeb536,True
WBA_0000880001,wuchereria_bancrofti_prjeb536,True
WBA_0000880101,wuchereria_bancrofti_prjeb536,False
WBA_0000880201,wuchereria_bancrofti_prjeb536,False
WBA_0000880301,wuchereria_bancrofti_prjeb536,True
WBA_0000880401,wuchereria_bancrofti_prjeb536,False
WBA_0000880501,wuchereria_bancrofti_prjeb536,False
WBA_0000880601,wuchereria_bancrofti_prjeb536,True
WBA_0000880701,wuchereria_bancrofti_prjeb536,False
WBA_0000880801,wuchereria_bancrofti_prjeb536,True
WBA_0000880901,wuchereria_bancrofti_prjeb536,True
WBA_0000881001,wuchereria_bancrofti_prjeb536,False
WBA_0000881101,wuchereria_bancrofti_prjeb536,False
WBA_0000881201,wuchereria_bancrofti_prjeb536,True
WBA_0000881301,wuchereria_bancrofti_prjeb536,True
WBA_0000881401,wuchereria_bancrofti_prjeb536,True
WBA_0000881501,wuchereria_bancrofti_prjeb536,True
WBA_0000881601,wuchereria_bancrofti_prjeb536,False
WBA_0000881701,wuchereria_bancrofti_prjeb536,True
WBA_0000881801,wuchereria_bancrofti_prjeb536,True
WBA_0000881901,wuchereria_bancrofti_prjeb536,True
WBA_0000882001,wuchereria_bancrofti_prjeb536,False
WBA_0000882101,wuchereria_bancrofti_prjeb536,True
WBA_0000882201,wuchereria_bancrofti_prjeb536,True
WBA_0000882301,wuchereria_bancrofti_prjeb536,True
WBA_0000882401,wuchereria_bancrofti_prjeb536,False
WBA_0000882501,wuchereria_bancrofti_prjeb536,True
WBA_0000882601,wuchereria_bancrofti_prjeb536,True
WBA_0000882701,wuchereria_bancrofti_prjeb536,True
WBA_0000882801,wuchereria_bancrofti_prjeb536,True
WBA_0000882901,wuchereria_bancrofti_prjeb536,False
WBA_0000883001,wuchereria_bancrofti_prjeb536,True
WBA_0000883101,wuchereria_bancrofti_prjeb536,True
WBA_0000883201,wuchereria_bancrofti_prjeb536,True
WBA_0000883301,wuchereria_bancrofti_prjeb536,True
WBA_0000883401,wuchereria_bancrofti_prjeb536,True
WBA_0000883501,wuchereria_bancrofti_prjeb536,True
WBA_0000883601,wuchereria_bancrofti_prjeb536,True
WBA_0000883701,wuchereria_bancrofti_prjeb536,True
WBA_0000883801,wuchereria_bancrofti_prjeb536,True
WBA_0000883901,wuchereria_bancrofti_prjeb536,True
WBA_0000884001,wuchereria_bancrofti_prjeb536,False
WBA_0000884101,wuchereria_bancrofti_prjeb536,False
WBA_0000884201,wuchereria_bancrofti_prjeb536,True
WBA_0000884301,wuchereria_bancrofti_prjeb536,True
WBA_0000884401,wuchereria_bancrofti_prjeb536,True
WBA_0000884501,wuchereria_bancrofti_prjeb536,False
WBA_0000884601,wuchereria_bancrofti_prjeb536,True
WBA_0000884701,wuchereria_bancrofti_prjeb536,True
WBA_0000884801,wuchereria_bancrofti_prjeb536,True
WBA_0000884901,wuchereria_bancrofti_prjeb536,True
WBA_0000885001,wuchereria_bancrofti_prjeb536,False
WBA_0000885101,wuchereria_bancrofti_prjeb536,True
WBA_0000885201,wuchereria_bancrofti_prjeb536,True
WBA_0000885301,wuchereria_bancrofti_prjeb536,True
WBA_0000885401,wuchereria_bancrofti_prjeb536,True
WBA_0000885501,wuchereria_bancrofti_prjeb536,True
WBA_0000885601,wuchereria_bancrofti_prjeb536,True
WBA_0000885701,wuchereria_bancrofti_prjeb536,True
WBA_0000885801,wuchereria_bancrofti_prjeb536,True
WBA_0000885901,wuchereria_bancrofti_prjeb536,True
WBA_0000886001,wuchereria_bancrofti_prjeb536,False
WBA_0000886101,wuchereria_bancrofti_prjeb536,True
WBA_0000886201,wuchereria_bancrofti_prjeb536,False
WBA_0000886301,wuchereria_bancrofti_prjeb536,True
WBA_0000886401,wuchereria_bancrofti_prjeb536,False
WBA_0000886501,wuchereria_bancrofti_prjeb536,True
WBA_0000886601,wuchereria_bancrofti_prjeb536,True
WBA_0000886701,wuchereria_bancrofti_prjeb536,True
WBA_0000886801,wuchereria_bancrofti_prjeb536,True
WBA_0000886901,wuchereria_bancrofti_prjeb536,False
WBA_0000887001,wuchereria_bancrofti_prjeb536,True
WBA_0000887101,wuchereria_bancrofti_prjeb536,False
WBA_0000887201,wuchereria_bancrofti_prjeb536,True
WBA_0000887301,wuchereria_bancrofti_prjeb536,True
WBA_0000887401,wuchereria_bancrofti_prjeb536,True
WBA_0000887501,wuchereria_bancrofti_prjeb536,True
WBA_0000887601,wuchereria_bancrofti_prjeb536,True
WBA_0000887701,wuchereria_bancrofti_prjeb536,True
WBA_0000887801,wuchereria_bancrofti_prjeb536,True
WBA_0000887901,wuchereria_bancrofti_prjeb536,False
WBA_0000888001,wuchereria_bancrofti_prjeb536,True
WBA_0000888101,wuchereria_bancrofti_prjeb536,True
WBA_0000888201,wuchereria_bancrofti_prjeb536,False
WBA_0000888301,wuchereria_bancrofti_prjeb536,True
WBA_0000888401,wuchereria_bancrofti_prjeb536,False
WBA_0000888501,wuchereria_bancrofti_prjeb536,False
WBA_0000888601,wuchereria_bancrofti_prjeb536,True
WBA_0000888701,wuchereria_bancrofti_prjeb536,True
WBA_0000888801,wuchereria_bancrofti_prjeb536,True
WBA_0000888901,wuchereria_bancrofti_prjeb536,True
WBA_0000889001,wuchereria_bancrofti_prjeb536,True
WBA_0000889101,wuchereria_bancrofti_prjeb536,True
WBA_0000889201,wuchereria_bancrofti_prjeb536,False
WBA_0000889301,wuchereria_bancrofti_prjeb536,True
WBA_0000889401,wuchereria_bancrofti_prjeb536,True
WBA_0000889501,wuchereria_bancrofti_prjeb536,False
WBA_0000889601,wuchereria_bancrofti_prjeb536,False
WBA_0000889701,wuchereria_bancrofti_prjeb536,True
WBA_0000889801,wuchereria_bancrofti_prjeb536,True
WBA_0000889901,wuchereria_bancrofti_prjeb536,True
WBA_0000890001,wuchereria_bancrofti_prjeb536,True
WBA_0000890101,wuchereria_bancrofti_prjeb536,True
WBA_0000890201,wuchereria_bancrofti_prjeb536,True
WBA_0000890301,wuchereria_bancrofti_prjeb536,True
WBA_0000890401,wuchereria_bancrofti_prjeb536,True
WBA_0000890501,wuchereria_bancrofti_prjeb536,False
WBA_0000890601,wuchereria_bancrofti_prjeb536,True
WBA_0000890701,wuchereria_bancrofti_prjeb536,True
WBA_0000890801,wuchereria_bancrofti_prjeb536,True
WBA_0000890901,wuchereria_bancrofti_prjeb536,True
WBA_0000891001,wuchereria_bancrofti_prjeb536,True
WBA_0000891101,wuchereria_bancrofti_prjeb536,True
WBA_0000891201,wuchereria_bancrofti_prjeb536,True
WBA_0000891301,wuchereria_bancrofti_prjeb536,True
WBA_0000891401,wuchereria_bancrofti_prjeb536,True
WBA_0000891501,wuchereria_bancrofti_prjeb536,True
WBA_0000891601,wuchereria_bancrofti_prjeb536,True
WBA_0000891701,wuchereria_bancrofti_prjeb536,True
WBA_0000891801,wuchereria_bancrofti_prjeb536,True
WBA_0000891901,wuchereria_bancrofti_prjeb536,True
WBA_0000892001,wuchereria_bancrofti_prjeb536,False
WBA_0000892101,wuchereria_bancrofti_prjeb536,True
WBA_0000892201,wuchereria_bancrofti_prjeb536,True
WBA_0000892301,wuchereria_bancrofti_prjeb536,True
WBA_0000892401,wuchereria_bancrofti_prjeb536,True
WBA_0000892501,wuchereria_bancrofti_prjeb536,True
WBA_0000892601,wuchereria_bancrofti_prjeb536,True
WBA_0000892701,wuchereria_bancrofti_prjeb536,True
WBA_0000892801,wuchereria_bancrofti_prjeb536,True
WBA_0000892901,wuchereria_bancrofti_prjeb536,True
WBA_0000893001,wuchereria_bancrofti_prjeb536,True
WBA_0000893101,wuchereria_bancrofti_prjeb536,True
WBA_0000893201,wuchereria_bancrofti_prjeb536,True
WBA_0000893301,wuchereria_bancrofti_prjeb536,True
WBA_0000893401,wuchereria_bancrofti_prjeb536,True
WBA_0000893501,wuchereria_bancrofti_prjeb536,True
WBA_0000893601,wuchereria_bancrofti_prjeb536,False
WBA_0000893701,wuchereria_bancrofti_prjeb536,True
WBA_0000893801,wuchereria_bancrofti_prjeb536,True
WBA_0000893901,wuchereria_bancrofti_prjeb536,True
WBA_0000894001,wuchereria_bancrofti_prjeb536,False
WBA_0000894101,wuchereria_bancrofti_prjeb536,True
WBA_0000894201,wuchereria_bancrofti_prjeb536,True
WBA_0000894301,wuchereria_bancrofti_prjeb536,True
WBA_0000894401,wuchereria_bancrofti_prjeb536,True
WBA_0000894501,wuchereria_bancrofti_prjeb536,True
WBA_0000894601,wuchereria_bancrofti_prjeb536,True
WBA_0000894701,wuchereria_bancrofti_prjeb536,False
WBA_0000894801,wuchereria_bancrofti_prjeb536,True
WBA_0000894901,wuchereria_bancrofti_prjeb536,True
WBA_0000895001,wuchereria_bancrofti_prjeb536,True
WBA_0000895101,wuchereria_bancrofti_prjeb536,True
WBA_0000895201,wuchereria_bancrofti_prjeb536,True
WBA_0000895301,wuchereria_bancrofti_prjeb536,False
WBA_0000895401,wuchereria_bancrofti_prjeb536,False
WBA_0000895501,wuchereria_bancrofti_prjeb536,False
WBA_0000895601,wuchereria_bancrofti_prjeb536,True
WBA_0000895701,wuchereria_bancrofti_prjeb536,True
WBA_0000895801,wuchereria_bancrofti_prjeb536,True
WBA_0000895901,wuchereria_bancrofti_prjeb536,True
WBA_0000896001,wuchereria_bancrofti_prjeb536,True
WBA_0000896101,wuchereria_bancrofti_prjeb536,True
WBA_0000896201,wuchereria_bancrofti_prjeb536,True
WBA_0000896301,wuchereria_bancrofti_prjeb536,True
WBA_0000896401,wuchereria_bancrofti_prjeb536,True
WBA_0000896501,wuchereria_bancrofti_prjeb536,True
WBA_0000896601,wuchereria_bancrofti_prjeb536,False
WBA_0000896701,wuchereria_bancrofti_prjeb536,True
WBA_0000896801,wuchereria_bancrofti_prjeb536,True
WBA_0000896901,wuchereria_bancrofti_prjeb536,True
WBA_0000897001,wuchereria_bancrofti_prjeb536,True
WBA_0000897101,wuchereria_bancrofti_prjeb536,True
WBA_0000897201,wuchereria_bancrofti_prjeb536,True
WBA_0000897301,wuchereria_bancrofti_prjeb536,True
WBA_0000897401,wuchereria_bancrofti_prjeb536,False
WBA_0000897501,wuchereria_bancrofti_prjeb536,False
WBA_0000897601,wuchereria_bancrofti_prjeb536,True
WBA_0000897701,wuchereria_bancrofti_prjeb536,True
WBA_0000897801,wuchereria_bancrofti_prjeb536,True
WBA_0000897901,wuchereria_bancrofti_prjeb536,True
WBA_0000898001,wuchereria_bancrofti_prjeb536,True
WBA_0000898101,wuchereria_bancrofti_prjeb536,True
WBA_0000898201,wuchereria_bancrofti_prjeb536,True
WBA_0000898301,wuchereria_bancrofti_prjeb536,True
WBA_0000898401,wuchereria_bancrofti_prjeb536,False
WBA_0000898501,wuchereria_bancrofti_prjeb536,False
WBA_0000898601,wuchereria_bancrofti_prjeb536,True
WBA_0000898701,wuchereria_bancrofti_prjeb536,True
WBA_0000898801,wuchereria_bancrofti_prjeb536,True
WBA_0000898901,wuchereria_bancrofti_prjeb536,True
WBA_0000899001,wuchereria_bancrofti_prjeb536,False
WBA_0000899101,wuchereria_bancrofti_prjeb536,False
WBA_0000899201,wuchereria_bancrofti_prjeb536,True
WBA_0000899301,wuchereria_bancrofti_prjeb536,True
WBA_0000899401,wuchereria_bancrofti_prjeb536,False
WBA_0000899501,wuchereria_bancrofti_prjeb536,True
WBA_0000899601,wuchereria_bancrofti_prjeb536,True
WBA_0000899701,wuchereria_bancrofti_prjeb536,True
WBA_0000899801,wuchereria_bancrofti_prjeb536,True
WBA_0000899901,wuchereria_bancrofti_prjeb536,True
WBA_0000900001,wuchereria_bancrofti_prjeb536,True
WBA_0000900101,wuchereria_bancrofti_prjeb536,False
WBA_0000900201,wuchereria_bancrofti_prjeb536,True
WBA_0000900301,wuchereria_bancrofti_prjeb536,True
WBA_0000900401,wuchereria_bancrofti_prjeb536,True
WBA_0000900501,wuchereria_bancrofti_prjeb536,True
WBA_0000900601,wuchereria_bancrofti_prjeb536,True
WBA_0000900701,wuchereria_bancrofti_prjeb536,True
WBA_0000900801,wuchereria_bancrofti_prjeb536,True
WBA_0000900901,wuchereria_bancrofti_prjeb536,True
WBA_0000901001,wuchereria_bancrofti_prjeb536,True
WBA_0000901101,wuchereria_bancrofti_prjeb536,True
WBA_0000901201,wuchereria_bancrofti_prjeb536,True
WBA_0000901301,wuchereria_bancrofti_prjeb536,True
WBA_0000901401,wuchereria_bancrofti_prjeb536,True
WBA_0000901501,wuchereria_bancrofti_prjeb536,True
WBA_0000901601,wuchereria_bancrofti_prjeb536,True
WBA_0000901701,wuchereria_bancrofti_prjeb536,True
WBA_0000901801,wuchereria_bancrofti_prjeb536,True
WBA_0000901901,wuchereria_bancrofti_prjeb536,True
WBA_0000902001,wuchereria_bancrofti_prjeb536,True
WBA_0000902101,wuchereria_bancrofti_prjeb536,False
WBA_0000902201,wuchereria_bancrofti_prjeb536,True
WBA_0000902301,wuchereria_bancrofti_prjeb536,True
WBA_0000902401,wuchereria_bancrofti_prjeb536,True
WBA_0000902501,wuchereria_bancrofti_prjeb536,True
WBA_0000902601,wuchereria_bancrofti_prjeb536,True
WBA_0000902701,wuchereria_bancrofti_prjeb536,False
WBA_0000902801,wuchereria_bancrofti_prjeb536,False
WBA_0000902901,wuchereria_bancrofti_prjeb536,True
WBA_0000903001,wuchereria_bancrofti_prjeb536,False
WBA_0000903101,wuchereria_bancrofti_prjeb536,True
WBA_0000903201,wuchereria_bancrofti_prjeb536,True
WBA_0000903301,wuchereria_bancrofti_prjeb536,True
WBA_0000903401,wuchereria_bancrofti_prjeb536,True
WBA_0000903501,wuchereria_bancrofti_prjeb536,False
WBA_0000903601,wuchereria_bancrofti_prjeb536,True
WBA_0000903701,wuchereria_bancrofti_prjeb536,True
WBA_0000903801,wuchereria_bancrofti_prjeb536,True
WBA_0000903901,wuchereria_bancrofti_prjeb536,True
WBA_0000904001,wuchereria_bancrofti_prjeb536,True
WBA_0000904101,wuchereria_bancrofti_prjeb536,True
WBA_0000904201,wuchereria_bancrofti_prjeb536,False
WBA_0000904301,wuchereria_bancrofti_prjeb536,False
WBA_0000904401,wuchereria_bancrofti_prjeb536,True
WBA_0000904501,wuchereria_bancrofti_prjeb536,True
WBA_0000904601,wuchereria_bancrofti_prjeb536,False
WBA_0000904701,wuchereria_bancrofti_prjeb536,True
WBA_0000904801,wuchereria_bancrofti_prjeb536,True
WBA_0000904901,wuchereria_bancrofti_prjeb536,True
WBA_0000905001,wuchereria_bancrofti_prjeb536,True
WBA_0000905101,wuchereria_bancrofti_prjeb536,False
WBA_0000905201,wuchereria_bancrofti_prjeb536,False
WBA_0000905301,wuchereria_bancrofti_prjeb536,False
WBA_0000905401,wuchereria_bancrofti_prjeb536,True
WBA_0000905501,wuchereria_bancrofti_prjeb536,False
WBA_0000905601,wuchereria_bancrofti_prjeb536,True
WBA_0000905701,wuchereria_bancrofti_prjeb536,True
WBA_0000905801,wuchereria_bancrofti_prjeb536,True
WBA_0000905901,wuchereria_bancrofti_prjeb536,True
WBA_0000906001,wuchereria_bancrofti_prjeb536,True
WBA_0000906101,wuchereria_bancrofti_prjeb536,True
WBA_0000906201,wuchereria_bancrofti_prjeb536,True
WBA_0000906301,wuchereria_bancrofti_prjeb536,True
WBA_0000906401,wuchereria_bancrofti_prjeb536,True
WBA_0000906501,wuchereria_bancrofti_prjeb536,True
WBA_0000906601,wuchereria_bancrofti_prjeb536,True
WBA_0000906701,wuchereria_bancrofti_prjeb536,True
WBA_0000906801,wuchereria_bancrofti_prjeb536,False
WBA_0000906901,wuchereria_bancrofti_prjeb536,True
WBA_0000907001,wuchereria_bancrofti_prjeb536,True
WBA_0000907101,wuchereria_bancrofti_prjeb536,True
WBA_0000907201,wuchereria_bancrofti_prjeb536,True
WBA_0000907301,wuchereria_bancrofti_prjeb536,False
WBA_0000907401,wuchereria_bancrofti_prjeb536,False
WBA_0000907501,wuchereria_bancrofti_prjeb536,False
WBA_0000907601,wuchereria_bancrofti_prjeb536,True
WBA_0000907701,wuchereria_bancrofti_prjeb536,True
WBA_0000907801,wuchereria_bancrofti_prjeb536,True
WBA_0000907901,wuchereria_bancrofti_prjeb536,True
WBA_0000908001,wuchereria_bancrofti_prjeb536,True
WBA_0000908101,wuchereria_bancrofti_prjeb536,False
WBA_0000908201,wuchereria_bancrofti_prjeb536,True
WBA_0000908301,wuchereria_bancrofti_prjeb536,True
WBA_0000908401,wuchereria_bancrofti_prjeb536,True
WBA_0000908501,wuchereria_bancrofti_prjeb536,False
WBA_0000908601,wuchereria_bancrofti_prjeb536,True
WBA_0000908701,wuchereria_bancrofti_prjeb536,True
WBA_0000908801,wuchereria_bancrofti_prjeb536,True
WBA_0000908901,wuchereria_bancrofti_prjeb536,True
WBA_0000909001,wuchereria_bancrofti_prjeb536,True
WBA_0000909101,wuchereria_bancrofti_prjeb536,True
WBA_0000909201,wuchereria_bancrofti_prjeb536,True
WBA_0000909301,wuchereria_bancrofti_prjeb536,True
WBA_0000909401,wuchereria_bancrofti_prjeb536,True
WBA_0000909501,wuchereria_bancrofti_prjeb536,True
WBA_0000909601,wuchereria_bancrofti_prjeb536,True
WBA_0000909701,wuchereria_bancrofti_prjeb536,True
WBA_0000909801,wuchereria_bancrofti_prjeb536,True
WBA_0000909901,wuchereria_bancrofti_prjeb536,True
WBA_0000910001,wuchereria_bancrofti_prjeb536,True
WBA_0000910101,wuchereria_bancrofti_prjeb536,True
WBA_0000910201,wuchereria_bancrofti_prjeb536,True
WBA_0000910301,wuchereria_bancrofti_prjeb536,True
WBA_0000910401,wuchereria_bancrofti_prjeb536,False
WBA_0000910501,wuchereria_bancrofti_prjeb536,True
WBA_0000910601,wuchereria_bancrofti_prjeb536,True
WBA_0000910701,wuchereria_bancrofti_prjeb536,True
WBA_0000910801,wuchereria_bancrofti_prjeb536,True
WBA_0000910901,wuchereria_bancrofti_prjeb536,False
WBA_0000911001,wuchereria_bancrofti_prjeb536,True
WBA_0000911101,wuchereria_bancrofti_prjeb536,True
WBA_0000911201,wuchereria_bancrofti_prjeb536,True
WBA_0000911301,wuchereria_bancrofti_prjeb536,True
WBA_0000911401,wuchereria_bancrofti_prjeb536,False
WBA_0000911501,wuchereria_bancrofti_prjeb536,True
WBA_0000911601,wuchereria_bancrofti_prjeb536,True
WBA_0000911701,wuchereria_bancrofti_prjeb536,False
WBA_0000911801,wuchereria_bancrofti_prjeb536,True
WBA_0000911901,wuchereria_bancrofti_prjeb536,True
WBA_0000912001,wuchereria_bancrofti_prjeb536,True
WBA_0000912101,wuchereria_bancrofti_prjeb536,True
WBA_0000912201,wuchereria_bancrofti_prjeb536,True
WBA_0000912301,wuchereria_bancrofti_prjeb536,True
WBA_0000912401,wuchereria_bancrofti_prjeb536,True
WBA_0000912501,wuchereria_bancrofti_prjeb536,False
WBA_0000912601,wuchereria_bancrofti_prjeb536,True
WBA_0000912701,wuchereria_bancrofti_prjeb536,True
WBA_0000912801,wuchereria_bancrofti_prjeb536,True
WBA_0000912901,wuchereria_bancrofti_prjeb536,True
WBA_0000913001,wuchereria_bancrofti_prjeb536,True
WBA_0000913101,wuchereria_bancrofti_prjeb536,True
WBA_0000913201,wuchereria_bancrofti_prjeb536,True
WBA_0000913301,wuchereria_bancrofti_prjeb536,True
WBA_0000913401,wuchereria_bancrofti_prjeb536,False
WBA_0000913501,wuchereria_bancrofti_prjeb536,False
WBA_0000913601,wuchereria_bancrofti_prjeb536,True
WBA_0000913701,wuchereria_bancrofti_prjeb536,False
WBA_0000913801,wuchereria_bancrofti_prjeb536,True
WBA_0000913901,wuchereria_bancrofti_prjeb536,True
WBA_0000914001,wuchereria_bancrofti_prjeb536,True
WBA_0000914101,wuchereria_bancrofti_prjeb536,True
WBA_0000914201,wuchereria_bancrofti_prjeb536,True
WBA_0000914301,wuchereria_bancrofti_prjeb536,True
WBA_0000914401,wuchereria_bancrofti_prjeb536,True
WBA_0000914501,wuchereria_bancrofti_prjeb536,False
WBA_0000914601,wuchereria_bancrofti_prjeb536,True
WBA_0000914701,wuchereria_bancrofti_prjeb536,True
WBA_0000914801,wuchereria_bancrofti_prjeb536,True
WBA_0000914901,wuchereria_bancrofti_prjeb536,True
WBA_0000915001,wuchereria_bancrofti_prjeb536,False
WBA_0000915101,wuchereria_bancrofti_prjeb536,False
WBA_0000915201,wuchereria_bancrofti_prjeb536,True
WBA_0000915301,wuchereria_bancrofti_prjeb536,True
WBA_0000915401,wuchereria_bancrofti_prjeb536,True
WBA_0000915501,wuchereria_bancrofti_prjeb536,True
WBA_0000915601,wuchereria_bancrofti_prjeb536,True
WBA_0000915701,wuchereria_bancrofti_prjeb536,True
WBA_0000915801,wuchereria_bancrofti_prjeb536,True
WBA_0000915901,wuchereria_bancrofti_prjeb536,True
WBA_0000916001,wuchereria_bancrofti_prjeb536,False
WBA_0000916101,wuchereria_bancrofti_prjeb536,True
WBA_0000916201,wuchereria_bancrofti_prjeb536,False
WBA_0000916301,wuchereria_bancrofti_prjeb536,True
WBA_0000916401,wuchereria_bancrofti_prjeb536,True
WBA_0000916501,wuchereria_bancrofti_prjeb536,True
WBA_0000916601,wuchereria_bancrofti_prjeb536,True
WBA_0000916701,wuchereria_bancrofti_prjeb536,False
WBA_0000916801,wuchereria_bancrofti_prjeb536,True
WBA_0000916901,wuchereria_bancrofti_prjeb536,False
WBA_0000917001,wuchereria_bancrofti_prjeb536,True
WBA_0000917101,wuchereria_bancrofti_prjeb536,True
WBA_0000917201,wuchereria_bancrofti_prjeb536,True
WBA_0000917301,wuchereria_bancrofti_prjeb536,True
WBA_0000917401,wuchereria_bancrofti_prjeb536,True
WBA_0000917501,wuchereria_bancrofti_prjeb536,False
WBA_0000917601,wuchereria_bancrofti_prjeb536,True
WBA_0000917701,wuchereria_bancrofti_prjeb536,True
WBA_0000917801,wuchereria_bancrofti_prjeb536,True
WBA_0000917901,wuchereria_bancrofti_prjeb536,True
WBA_0000918001,wuchereria_bancrofti_prjeb536,False
WBA_0000918101,wuchereria_bancrofti_prjeb536,True
WBA_0000918201,wuchereria_bancrofti_prjeb536,True
WBA_0000918301,wuchereria_bancrofti_prjeb536,True
WBA_0000918401,wuchereria_bancrofti_prjeb536,False
WBA_0000918501,wuchereria_bancrofti_prjeb536,True
WBA_0000918601,wuchereria_bancrofti_prjeb536,True
WBA_0000918701,wuchereria_bancrofti_prjeb536,True
WBA_0000918801,wuchereria_bancrofti_prjeb536,False
WBA_0000918901,wuchereria_bancrofti_prjeb536,True
WBA_0000919001,wuchereria_bancrofti_prjeb536,True
WBA_0000919101,wuchereria_bancrofti_prjeb536,True
WBA_0000919201,wuchereria_bancrofti_prjeb536,False
WBA_0000919301,wuchereria_bancrofti_prjeb536,True
WBA_0000919401,wuchereria_bancrofti_prjeb536,True
WBA_0000919501,wuchereria_bancrofti_prjeb536,True
WBA_0000919601,wuchereria_bancrofti_prjeb536,True
WBA_0000919701,wuchereria_bancrofti_prjeb536,True
WBA_0000919801,wuchereria_bancrofti_prjeb536,True
WBA_0000919901,wuchereria_bancrofti_prjeb536,False
WBA_0000920001,wuchereria_bancrofti_prjeb536,True
WBA_0000920101,wuchereria_bancrofti_prjeb536,True
WBA_0000920201,wuchereria_bancrofti_prjeb536,True
WBA_0000920301,wuchereria_bancrofti_prjeb536,False
WBA_0000920401,wuchereria_bancrofti_prjeb536,True
WBA_0000920501,wuchereria_bancrofti_prjeb536,False
WBA_0000920601,wuchereria_bancrofti_prjeb536,True
WBA_0000920701,wuchereria_bancrofti_prjeb536,True
WBA_0000920801,wuchereria_bancrofti_prjeb536,False
WBA_0000920901,wuchereria_bancrofti_prjeb536,True
WBA_0000921001,wuchereria_bancrofti_prjeb536,True
WBA_0000921101,wuchereria_bancrofti_prjeb536,False
WBA_0000921201,wuchereria_bancrofti_prjeb536,False
WBA_0000921301,wuchereria_bancrofti_prjeb536,True
WBA_0000921401,wuchereria_bancrofti_prjeb536,True
WBA_0000921501,wuchereria_bancrofti_prjeb536,True
WBA_0000921601,wuchereria_bancrofti_prjeb536,True
WBA_0000921701,wuchereria_bancrofti_prjeb536,True
WBA_0000921801,wuchereria_bancrofti_prjeb536,True
WBA_0000921901,wuchereria_bancrofti_prjeb536,True
WBA_0000922001,wuchereria_bancrofti_prjeb536,True
WBA_0000922101,wuchereria_bancrofti_prjeb536,True
WBA_0000922201,wuchereria_bancrofti_prjeb536,True
WBA_0000922301,wuchereria_bancrofti_prjeb536,True
WBA_0000922401,wuchereria_bancrofti_prjeb536,True
WBA_0000922501,wuchereria_bancrofti_prjeb536,False
WBA_0000922601,wuchereria_bancrofti_prjeb536,True
WBA_0000922701,wuchereria_bancrofti_prjeb536,True
WBA_0000922801,wuchereria_bancrofti_prjeb536,True
WBA_0000922901,wuchereria_bancrofti_prjeb536,True
WBA_0000923001,wuchereria_bancrofti_prjeb536,True
WBA_0000923101,wuchereria_bancrofti_prjeb536,True
WBA_0000923201,wuchereria_bancrofti_prjeb536,False
WBA_0000923301,wuchereria_bancrofti_prjeb536,True
WBA_0000923401,wuchereria_bancrofti_prjeb536,True
WBA_0000923501,wuchereria_bancrofti_prjeb536,True
WBA_0000923601,wuchereria_bancrofti_prjeb536,True
WBA_0000923701,wuchereria_bancrofti_prjeb536,False
WBA_0000923801,wuchereria_bancrofti_prjeb536,True
WBA_0000923901,wuchereria_bancrofti_prjeb536,True
WBA_0000924001,wuchereria_bancrofti_prjeb536,True
WBA_0000924101,wuchereria_bancrofti_prjeb536,True
WBA_0000924201,wuchereria_bancrofti_prjeb536,True
WBA_0000924301,wuchereria_bancrofti_prjeb536,True
WBA_0000924401,wuchereria_bancrofti_prjeb536,True
WBA_0000924501,wuchereria_bancrofti_prjeb536,True
WBA_0000924601,wuchereria_bancrofti_prjeb536,True
WBA_0000924701,wuchereria_bancrofti_prjeb536,True
WBA_0000924801,wuchereria_bancrofti_prjeb536,True
WBA_0000924901,wuchereria_bancrofti_prjeb536,True
WBA_0000925001,wuchereria_bancrofti_prjeb536,True
WBA_0000925101,wuchereria_bancrofti_prjeb536,True
WBA_0000925201,wuchereria_bancrofti_prjeb536,True
WBA_0000925301,wuchereria_bancrofti_prjeb536,True
WBA_0000925401,wuchereria_bancrofti_prjeb536,True
WBA_0000925501,wuchereria_bancrofti_prjeb536,False
WBA_0000925601,wuchereria_bancrofti_prjeb536,False
WBA_0000925701,wuchereria_bancrofti_prjeb536,True
WBA_0000925801,wuchereria_bancrofti_prjeb536,True
WBA_0000925901,wuchereria_bancrofti_prjeb536,True
WBA_0000926001,wuchereria_bancrofti_prjeb536,True
WBA_0000926101,wuchereria_bancrofti_prjeb536,True
WBA_0000926201,wuchereria_bancrofti_prjeb536,True
WBA_0000926301,wuchereria_bancrofti_prjeb536,False
WBA_0000926401,wuchereria_bancrofti_prjeb536,True
WBA_0000926501,wuchereria_bancrofti_prjeb536,True
WBA_0000926601,wuchereria_bancrofti_prjeb536,True
WBA_0000926701,wuchereria_bancrofti_prjeb536,True
WBA_0000926801,wuchereria_bancrofti_prjeb536,True
WBA_0000926901,wuchereria_bancrofti_prjeb536,True
WBA_0000927001,wuchereria_bancrofti_prjeb536,True
WBA_0000927101,wuchereria_bancrofti_prjeb536,False
WBA_0000927201,wuchereria_bancrofti_prjeb536,False
WBA_0000927301,wuchereria_bancrofti_prjeb536,True
WBA_0000927401,wuchereria_bancrofti_prjeb536,True
WBA_0000927501,wuchereria_bancrofti_prjeb536,True
WBA_0000927601,wuchereria_bancrofti_prjeb536,True
WBA_0000927701,wuchereria_bancrofti_prjeb536,True
WBA_0000927801,wuchereria_bancrofti_prjeb536,True
WBA_0000927901,wuchereria_bancrofti_prjeb536,False
WBA_0000928001,wuchereria_bancrofti_prjeb536,True
WBA_0000928101,wuchereria_bancrofti_prjeb536,True
WBA_0000928201,wuchereria_bancrofti_prjeb536,True
WBA_0000928301,wuchereria_bancrofti_prjeb536,True
WBA_0000928401,wuchereria_bancrofti_prjeb536,True
WBA_0000928501,wuchereria_bancrofti_prjeb536,False
WBA_0000928601,wuchereria_bancrofti_prjeb536,True
WBA_0000928701,wuchereria_bancrofti_prjeb536,True
WBA_0000928801,wuchereria_bancrofti_prjeb536,True
WBA_0000928901,wuchereria_bancrofti_prjeb536,True
WBA_0000929001,wuchereria_bancrofti_prjeb536,True
WBA_0000929101,wuchereria_bancrofti_prjeb536,True
WBA_0000929201,wuchereria_bancrofti_prjeb536,False
WBA_0000929301,wuchereria_bancrofti_prjeb536,False
WBA_0000929401,wuchereria_bancrofti_prjeb536,True
WBA_0000929501,wuchereria_bancrofti_prjeb536,True
WBA_0000929601,wuchereria_bancrofti_prjeb536,True
WBA_0000929701,wuchereria_bancrofti_prjeb536,True
WBA_0000929801,wuchereria_bancrofti_prjeb536,True
WBA_0000929901,wuchereria_bancrofti_prjeb536,False
WBA_0000930001,wuchereria_bancrofti_prjeb536,True
WBA_0000930101,wuchereria_bancrofti_prjeb536,True
WBA_0000930201,wuchereria_bancrofti_prjeb536,True
WBA_0000930301,wuchereria_bancrofti_prjeb536,True
WBA_0000930401,wuchereria_bancrofti_prjeb536,True
WBA_0000930501,wuchereria_bancrofti_prjeb536,False
WBA_0000930601,wuchereria_bancrofti_prjeb536,True
WBA_0000930701,wuchereria_bancrofti_prjeb536,True
WBA_0000930801,wuchereria_bancrofti_prjeb536,True
WBA_0000930901,wuchereria_bancrofti_prjeb536,True
WBA_0000931001,wuchereria_bancrofti_prjeb536,True
WBA_0000931101,wuchereria_bancrofti_prjeb536,True
WBA_0000931201,wuchereria_bancrofti_prjeb536,False
WBA_0000931301,wuchereria_bancrofti_prjeb536,True
WBA_0000931401,wuchereria_bancrofti_prjeb536,True
WBA_0000931501,wuchereria_bancrofti_prjeb536,True
WBA_0000931601,wuchereria_bancrofti_prjeb536,True
WBA_0000931701,wuchereria_bancrofti_prjeb536,True
WBA_0000931801,wuchereria_bancrofti_prjeb536,True
WBA_0000931901,wuchereria_bancrofti_prjeb536,False
WBA_0000932001,wuchereria_bancrofti_prjeb536,True
WBA_0000932101,wuchereria_bancrofti_prjeb536,False
WBA_0000932201,wuchereria_bancrofti_prjeb536,False
WBA_0000932301,wuchereria_bancrofti_prjeb536,True
WBA_0000932401,wuchereria_bancrofti_prjeb536,True
WBA_0000932501,wuchereria_bancrofti_prjeb536,False
WBA_0000932601,wuchereria_bancrofti_prjeb536,True
WBA_0000932701,wuchereria_bancrofti_prjeb536,True
WBA_0000932801,wuchereria_bancrofti_prjeb536,False
WBA_0000932901,wuchereria_bancrofti_prjeb536,False
WBA_0000933001,wuchereria_bancrofti_prjeb536,True
WBA_0000933101,wuchereria_bancrofti_prjeb536,True
WBA_0000933201,wuchereria_bancrofti_prjeb536,False
WBA_0000933301,wuchereria_bancrofti_prjeb536,True
WBA_0000933401,wuchereria_bancrofti_prjeb536,False
WBA_0000933501,wuchereria_bancrofti_prjeb536,True
WBA_0000933601,wuchereria_bancrofti_prjeb536,True
WBA_0000933701,wuchereria_bancrofti_prjeb536,True
WBA_0000933801,wuchereria_bancrofti_prjeb536,True
WBA_0000933901,wuchereria_bancrofti_prjeb536,True
WBA_0000934001,wuchereria_bancrofti_prjeb536,True
WBA_0000934101,wuchereria_bancrofti_prjeb536,False
WBA_0000934201,wuchereria_bancrofti_prjeb536,False
WBA_0000934301,wuchereria_bancrofti_prjeb536,False
WBA_0000934401,wuchereria_bancrofti_prjeb536,True
WBA_0000934501,wuchereria_bancrofti_prjeb536,False
WBA_0000934601,wuchereria_bancrofti_prjeb536,True
WBA_0000934701,wuchereria_bancrofti_prjeb536,True
WBA_0000934801,wuchereria_bancrofti_prjeb536,True
WBA_0000934901,wuchereria_bancrofti_prjeb536,False
WBA_0000935001,wuchereria_bancrofti_prjeb536,False
WBA_0000935101,wuchereria_bancrofti_prjeb536,True
WBA_0000935201,wuchereria_bancrofti_prjeb536,True
WBA_0000935301,wuchereria_bancrofti_prjeb536,False
WBA_0000935401,wuchereria_bancrofti_prjeb536,True
WBA_0000935501,wuchereria_bancrofti_prjeb536,True
WBA_0000935601,wuchereria_bancrofti_prjeb536,True
WBA_0000935701,wuchereria_bancrofti_prjeb536,True
WBA_0000935801,wuchereria_bancrofti_prjeb536,False
WBA_0000935901,wuchereria_bancrofti_prjeb536,True
WBA_0000936001,wuchereria_bancrofti_prjeb536,True
WBA_0000936101,wuchereria_bancrofti_prjeb536,True
WBA_0000936201,wuchereria_bancrofti_prjeb536,True
WBA_0000936301,wuchereria_bancrofti_prjeb536,False
WBA_0000936401,wuchereria_bancrofti_prjeb536,True
WBA_0000936501,wuchereria_bancrofti_prjeb536,True
WBA_0000936601,wuchereria_bancrofti_prjeb536,True
WBA_0000936701,wuchereria_bancrofti_prjeb536,False
WBA_0000936801,wuchereria_bancrofti_prjeb536,True
WBA_0000936901,wuchereria_bancrofti_prjeb536,False
WBA_0000937001,wuchereria_bancrofti_prjeb536,True
WBA_0000937101,wuchereria_bancrofti_prjeb536,True
WBA_0000937201,wuchereria_bancrofti_prjeb536,True
WBA_0000937301,wuchereria_bancrofti_prjeb536,False
WBA_0000937401,wuchereria_bancrofti_prjeb536,True
WBA_0000937501,wuchereria_bancrofti_prjeb536,False
WBA_0000937601,wuchereria_bancrofti_prjeb536,True
WBA_0000937701,wuchereria_bancrofti_prjeb536,True
WBA_0000937801,wuchereria_bancrofti_prjeb536,True
WBA_0000937901,wuchereria_bancrofti_prjeb536,True
WBA_0000938001,wuchereria_bancrofti_prjeb536,True
WBA_0000938101,wuchereria_bancrofti_prjeb536,True
WBA_0000938201,wuchereria_bancrofti_prjeb536,True
WBA_0000938301,wuchereria_bancrofti_prjeb536,True
WBA_0000938401,wuchereria_bancrofti_prjeb536,False
WBA_0000938501,wuchereria_bancrofti_prjeb536,True
WBA_0000938601,wuchereria_bancrofti_prjeb536,True
WBA_0000938701,wuchereria_bancrofti_prjeb536,True
WBA_0000938801,wuchereria_bancrofti_prjeb536,True
WBA_0000938901,wuchereria_bancrofti_prjeb536,True
WBA_0000939001,wuchereria_bancrofti_prjeb536,True
WBA_0000939101,wuchereria_bancrofti_prjeb536,True
WBA_0000939201,wuchereria_bancrofti_prjeb536,True
WBA_0000939301,wuchereria_bancrofti_prjeb536,True
WBA_0000939401,wuchereria_bancrofti_prjeb536,True
WBA_0000939501,wuchereria_bancrofti_prjeb536,False
WBA_0000939601,wuchereria_bancrofti_prjeb536,False
WBA_0000939701,wuchereria_bancrofti_prjeb536,False
WBA_0000939801,wuchereria_bancrofti_prjeb536,True
WBA_0000939901,wuchereria_bancrofti_prjeb536,True
WBA_0000940001,wuchereria_bancrofti_prjeb536,True
WBA_0000940101,wuchereria_bancrofti_prjeb536,True
WBA_0000940201,wuchereria_bancrofti_prjeb536,True
WBA_0000940301,wuchereria_bancrofti_prjeb536,True
WBA_0000940401,wuchereria_bancrofti_prjeb536,True
WBA_0000940501,wuchereria_bancrofti_prjeb536,True
WBA_0000940601,wuchereria_bancrofti_prjeb536,True
WBA_0000940701,wuchereria_bancrofti_prjeb536,True
WBA_0000940801,wuchereria_bancrofti_prjeb536,True
WBA_0000940901,wuchereria_bancrofti_prjeb536,True
WBA_0000941001,wuchereria_bancrofti_prjeb536,True
WBA_0000941101,wuchereria_bancrofti_prjeb536,True
WBA_0000941201,wuchereria_bancrofti_prjeb536,False
WBA_0000941301,wuchereria_bancrofti_prjeb536,True
WBA_0000941401,wuchereria_bancrofti_prjeb536,True
WBA_0000941501,wuchereria_bancrofti_prjeb536,True
WBA_0000941601,wuchereria_bancrofti_prjeb536,True
WBA_0000941701,wuchereria_bancrofti_prjeb536,True
WBA_0000941801,wuchereria_bancrofti_prjeb536,True
WBA_0000941901,wuchereria_bancrofti_prjeb536,True
WBA_0000942001,wuchereria_bancrofti_prjeb536,True
WBA_0000942101,wuchereria_bancrofti_prjeb536,True
WBA_0000942201,wuchereria_bancrofti_prjeb536,True
WBA_0000942301,wuchereria_bancrofti_prjeb536,False
WBA_0000942401,wuchereria_bancrofti_prjeb536,False
WBA_0000942501,wuchereria_bancrofti_prjeb536,True
WBA_0000942601,wuchereria_bancrofti_prjeb536,True
WBA_0000942701,wuchereria_bancrofti_prjeb536,False
WBA_0000942801,wuchereria_bancrofti_prjeb536,True
WBA_0000942901,wuchereria_bancrofti_prjeb536,True
WBA_0000943001,wuchereria_bancrofti_prjeb536,True
WBA_0000943101,wuchereria_bancrofti_prjeb536,True
WBA_0000943201,wuchereria_bancrofti_prjeb536,True
WBA_0000943301,wuchereria_bancrofti_prjeb536,False
WBA_0000943401,wuchereria_bancrofti_prjeb536,True
WBA_0000943501,wuchereria_bancrofti_prjeb536,True
WBA_0000943601,wuchereria_bancrofti_prjeb536,True
WBA_0000943701,wuchereria_bancrofti_prjeb536,True
WBA_0000943801,wuchereria_bancrofti_prjeb536,True
WBA_0000943901,wuchereria_bancrofti_prjeb536,True
WBA_0000944001,wuchereria_bancrofti_prjeb536,True
WBA_0000944101,wuchereria_bancrofti_prjeb536,True
WBA_0000944201,wuchereria_bancrofti_prjeb536,True
WBA_0000944301,wuchereria_bancrofti_prjeb536,False
WBA_0000944401,wuchereria_bancrofti_prjeb536,True
WBA_0000944501,wuchereria_bancrofti_prjeb536,True
WBA_0000944601,wuchereria_bancrofti_prjeb536,False
WBA_0000944701,wuchereria_bancrofti_prjeb536,True
WBA_0000944801,wuchereria_bancrofti_prjeb536,True
WBA_0000944901,wuchereria_bancrofti_prjeb536,True
WBA_0000945001,wuchereria_bancrofti_prjeb536,True
WBA_0000945101,wuchereria_bancrofti_prjeb536,True
WBA_0000945201,wuchereria_bancrofti_prjeb536,True
WBA_0000945301,wuchereria_bancrofti_prjeb536,True
WBA_0000945401,wuchereria_bancrofti_prjeb536,True
WBA_0000945501,wuchereria_bancrofti_prjeb536,True
WBA_0000945601,wuchereria_bancrofti_prjeb536,True
WBA_0000945701,wuchereria_bancrofti_prjeb536,True
WBA_0000945801,wuchereria_bancrofti_prjeb536,True
WBA_0000945901,wuchereria_bancrofti_prjeb536,True
WBA_0000946001,wuchereria_bancrofti_prjeb536,True
WBA_0000946101,wuchereria_bancrofti_prjeb536,False
WBA_0000946201,wuchereria_bancrofti_prjeb536,False
WBA_0000946301,wuchereria_bancrofti_prjeb536,True
WBA_0000946401,wuchereria_bancrofti_prjeb536,True
WBA_0000946501,wuchereria_bancrofti_prjeb536,True
WBA_0000946601,wuchereria_bancrofti_prjeb536,True
WBA_0000946701,wuchereria_bancrofti_prjeb536,False
WBA_0000946801,wuchereria_bancrofti_prjeb536,False
WBA_0000946901,wuchereria_bancrofti_prjeb536,True
WBA_0000947001,wuchereria_bancrofti_prjeb536,True
WBA_0000947101,wuchereria_bancrofti_prjeb536,True
WBA_0000947201,wuchereria_bancrofti_prjeb536,True
WBA_0000947301,wuchereria_bancrofti_prjeb536,True
WBA_0000947401,wuchereria_bancrofti_prjeb536,True
WBA_0000947501,wuchereria_bancrofti_prjeb536,True
WBA_0000947601,wuchereria_bancrofti_prjeb536,True
WBA_0000947701,wuchereria_bancrofti_prjeb536,True
WBA_0000947801,wuchereria_bancrofti_prjeb536,True
WBA_0000947901,wuchereria_bancrofti_prjeb536,True
WBA_0000948001,wuchereria_bancrofti_prjeb536,True
WBA_0000948101,wuchereria_bancrofti_prjeb536,True
WBA_0000948201,wuchereria_bancrofti_prjeb536,True
WBA_0000948301,wuchereria_bancrofti_prjeb536,True
WBA_0000948401,wuchereria_bancrofti_prjeb536,True
WBA_0000948501,wuchereria_bancrofti_prjeb536,True
WBA_0000948601,wuchereria_bancrofti_prjeb536,True
WBA_0000948701,wuchereria_bancrofti_prjeb536,True
WBA_0000948801,wuchereria_bancrofti_prjeb536,True
WBA_0000948901,wuchereria_bancrofti_prjeb536,True
WBA_0000949001,wuchereria_bancrofti_prjeb536,True
WBA_0000949101,wuchereria_bancrofti_prjeb536,True
WBA_0000949201,wuchereria_bancrofti_prjeb536,True
WBA_0000949301,wuchereria_bancrofti_prjeb536,False
WBA_0000949401,wuchereria_bancrofti_prjeb536,False
WBA_0000949501,wuchereria_bancrofti_prjeb536,True
WBA_0000949601,wuchereria_bancrofti_prjeb536,True
WBA_0000949701,wuchereria_bancrofti_prjeb536,True
WBA_0000949801,wuchereria_bancrofti_prjeb536,False
WBA_0000949901,wuchereria_bancrofti_prjeb536,True
WBA_0000950001,wuchereria_bancrofti_prjeb536,True
WBA_0000950101,wuchereria_bancrofti_prjeb536,True
WBA_0000950201,wuchereria_bancrofti_prjeb536,True
WBA_0000950301,wuchereria_bancrofti_prjeb536,True
WBA_0000950401,wuchereria_bancrofti_prjeb536,True
WBA_0000950501,wuchereria_bancrofti_prjeb536,True
WBA_0000950601,wuchereria_bancrofti_prjeb536,True
WBA_0000950701,wuchereria_bancrofti_prjeb536,True
WBA_0000950801,wuchereria_bancrofti_prjeb536,True
WBA_0000950901,wuchereria_bancrofti_prjeb536,True
WBA_0000951001,wuchereria_bancrofti_prjeb536,True
WBA_0000951101,wuchereria_bancrofti_prjeb536,False
WBA_0000951201,wuchereria_bancrofti_prjeb536,True
WBA_0000951301,wuchereria_bancrofti_prjeb536,True
WBA_0000951401,wuchereria_bancrofti_prjeb536,True
WBA_0000951501,wuchereria_bancrofti_prjeb536,True
WBA_0000951601,wuchereria_bancrofti_prjeb536,True
WBA_0000951701,wuchereria_bancrofti_prjeb536,True
WBA_0000951801,wuchereria_bancrofti_prjeb536,True
WBA_0000951901,wuchereria_bancrofti_prjeb536,True
WBA_0000952001,wuchereria_bancrofti_prjeb536,True
WBA_0000952101,wuchereria_bancrofti_prjeb536,True
WBA_0000952201,wuchereria_bancrofti_prjeb536,True
WBA_0000952301,wuchereria_bancrofti_prjeb536,True
WBA_0000952401,wuchereria_bancrofti_prjeb536,False
WBA_0000952501,wuchereria_bancrofti_prjeb536,False
WBA_0000952601,wuchereria_bancrofti_prjeb536,True
WBA_0000952701,wuchereria_bancrofti_prjeb536,True
WBA_0000952801,wuchereria_bancrofti_prjeb536,True
WBA_0000952901,wuchereria_bancrofti_prjeb536,True
WBA_0000953001,wuchereria_bancrofti_prjeb536,True
WBA_0000953101,wuchereria_bancrofti_prjeb536,True
WBA_0000953201,wuchereria_bancrofti_prjeb536,True
WBA_0000953301,wuchereria_bancrofti_prjeb536,False
WBA_0000953401,wuchereria_bancrofti_prjeb536,True
WBA_0000953501,wuchereria_bancrofti_prjeb536,True
WBA_0000953601,wuchereria_bancrofti_prjeb536,False
WBA_0000953701,wuchereria_bancrofti_prjeb536,True
WBA_0000953801,wuchereria_bancrofti_prjeb536,True
WBA_0000953901,wuchereria_bancrofti_prjeb536,True
WBA_0000954001,wuchereria_bancrofti_prjeb536,False
WBA_0000954101,wuchereria_bancrofti_prjeb536,False
WBA_0000954201,wuchereria_bancrofti_prjeb536,True
WBA_0000954301,wuchereria_bancrofti_prjeb536,True
WBA_0000954401,wuchereria_bancrofti_prjeb536,True
WBA_0000954501,wuchereria_bancrofti_prjeb536,True
WBA_0000954601,wuchereria_bancrofti_prjeb536,False
WBA_0000954701,wuchereria_bancrofti_prjeb536,False
WBA_0000954801,wuchereria_bancrofti_prjeb536,True
WBA_0000954901,wuchereria_bancrofti_prjeb536,True
WBA_0000955001,wuchereria_bancrofti_prjeb536,True
WBA_0000955101,wuchereria_bancrofti_prjeb536,True
WBA_0000955201,wuchereria_bancrofti_prjeb536,True
WBA_0000955301,wuchereria_bancrofti_prjeb536,True
WBA_0000955401,wuchereria_bancrofti_prjeb536,True
WBA_0000955501,wuchereria_bancrofti_prjeb536,True
WBA_0000955601,wuchereria_bancrofti_prjeb536,True
WBA_0000955701,wuchereria_bancrofti_prjeb536,True
WBA_0000955801,wuchereria_bancrofti_prjeb536,True
WBA_0000955901,wuchereria_bancrofti_prjeb536,True
WBA_0000956001,wuchereria_bancrofti_prjeb536,True
WBA_0000956101,wuchereria_bancrofti_prjeb536,False
WBA_0000956201,wuchereria_bancrofti_prjeb536,True
WBA_0000956301,wuchereria_bancrofti_prjeb536,True
WBA_0000956401,wuchereria_bancrofti_prjeb536,True
WBA_0000956501,wuchereria_bancrofti_prjeb536,True
WBA_0000956601,wuchereria_bancrofti_prjeb536,True
WBA_0000956701,wuchereria_bancrofti_prjeb536,True
WBA_0000956801,wuchereria_bancrofti_prjeb536,True
WBA_0000956901,wuchereria_bancrofti_prjeb536,True
WBA_0000957001,wuchereria_bancrofti_prjeb536,True
WBA_0000957101,wuchereria_bancrofti_prjeb536,False
WBA_0000957201,wuchereria_bancrofti_prjeb536,False
WBA_0000957301,wuchereria_bancrofti_prjeb536,True
WBA_0000957401,wuchereria_bancrofti_prjeb536,True
WBA_0000957501,wuchereria_bancrofti_prjeb536,False
WBA_0000957601,wuchereria_bancrofti_prjeb536,True
WBA_0000957701,wuchereria_bancrofti_prjeb536,True
WBA_0000957801,wuchereria_bancrofti_prjeb536,True
WBA_0000957901,wuchereria_bancrofti_prjeb536,True
WBA_0000958001,wuchereria_bancrofti_prjeb536,True
WBA_0000958101,wuchereria_bancrofti_prjeb536,True
WBA_0000958201,wuchereria_bancrofti_prjeb536,True
WBA_0000958301,wuchereria_bancrofti_prjeb536,True
WBA_0000958401,wuchereria_bancrofti_prjeb536,True
WBA_0000958501,wuchereria_bancrofti_prjeb536,True
WBA_0000958601,wuchereria_bancrofti_prjeb536,True
WBA_0000958701,wuchereria_bancrofti_prjeb536,False
WBA_0000958801,wuchereria_bancrofti_prjeb536,True
WBA_0000958901,wuchereria_bancrofti_prjeb536,True
WBA_0000959001,wuchereria_bancrofti_prjeb536,True
WBA_0000959101,wuchereria_bancrofti_prjeb536,True
WBA_0000959201,wuchereria_bancrofti_prjeb536,True
WBA_0000959301,wuchereria_bancrofti_prjeb536,True
WBA_0000959401,wuchereria_bancrofti_prjeb536,False
WBA_0000959501,wuchereria_bancrofti_prjeb536,True
WBA_0000959601,wuchereria_bancrofti_prjeb536,True
WBA_0000959701,wuchereria_bancrofti_prjeb536,True
WBA_0000959801,wuchereria_bancrofti_prjeb536,True
WBA_0000959901,wuchereria_bancrofti_prjeb536,True
WBA_0000960001,wuchereria_bancrofti_prjeb536,False
WBA_0000960101,wuchereria_bancrofti_prjeb536,True
WBA_0000960201,wuchereria_bancrofti_prjeb536,True
WBA_0000960301,wuchereria_bancrofti_prjeb536,True
WBA_0000960401,wuchereria_bancrofti_prjeb536,True
WBA_0000960501,wuchereria_bancrofti_prjeb536,True
WBA_0000960601,wuchereria_bancrofti_prjeb536,True
WBA_0000960701,wuchereria_bancrofti_prjeb536,True
WBA_0000960801,wuchereria_bancrofti_prjeb536,True
WBA_0000960901,wuchereria_bancrofti_prjeb536,True
WBA_0000961001,wuchereria_bancrofti_prjeb536,True
WBA_0000961101,wuchereria_bancrofti_prjeb536,True
WBA_0000961201,wuchereria_bancrofti_prjeb536,False
WBA_0000961301,wuchereria_bancrofti_prjeb536,False
WBA_0000961401,wuchereria_bancrofti_prjeb536,True
WBA_0000961501,wuchereria_bancrofti_prjeb536,True
WBA_0000961601,wuchereria_bancrofti_prjeb536,True
WBA_0000961701,wuchereria_bancrofti_prjeb536,True
WBA_0000961801,wuchereria_bancrofti_prjeb536,False
WBA_0000961901,wuchereria_bancrofti_prjeb536,True
WBA_0000962001,wuchereria_bancrofti_prjeb536,True
WBA_0000962101,wuchereria_bancrofti_prjeb536,True
WBA_0000962201,wuchereria_bancrofti_prjeb536,True
WBA_0000962301,wuchereria_bancrofti_prjeb536,True
WBA_0000962401,wuchereria_bancrofti_prjeb536,True
WBA_0000962501,wuchereria_bancrofti_prjeb536,True
WBA_0000962601,wuchereria_bancrofti_prjeb536,True
WBA_0000962701,wuchereria_bancrofti_prjeb536,True
WBA_0000962801,wuchereria_bancrofti_prjeb536,True
WBA_0000962901,wuchereria_bancrofti_prjeb536,False
WBA_0000963001,wuchereria_bancrofti_prjeb536,True
WBA_0000963101,wuchereria_bancrofti_prjeb536,True
WBA_0000963201,wuchereria_bancrofti_prjeb536,True
WBA_0000963301,wuchereria_bancrofti_prjeb536,True
WBA_0000963401,wuchereria_bancrofti_prjeb536,True
WBA_0000963501,wuchereria_bancrofti_prjeb536,False
WBA_0000963601,wuchereria_bancrofti_prjeb536,True
WBA_0000963701,wuchereria_bancrofti_prjeb536,False
WBA_0000963801,wuchereria_bancrofti_prjeb536,True
WBA_0000963901,wuchereria_bancrofti_prjeb536,True
WBA_0000964001,wuchereria_bancrofti_prjeb536,True
WBA_0000964101,wuchereria_bancrofti_prjeb536,True
WBA_0000964201,wuchereria_bancrofti_prjeb536,True
WBA_0000964301,wuchereria_bancrofti_prjeb536,True
WBA_0000964401,wuchereria_bancrofti_prjeb536,True
WBA_0000964501,wuchereria_bancrofti_prjeb536,False
WBA_0000964601,wuchereria_bancrofti_prjeb536,True
WBA_0000964701,wuchereria_bancrofti_prjeb536,True
WBA_0000964801,wuchereria_bancrofti_prjeb536,True
WBA_0000964901,wuchereria_bancrofti_prjeb536,False
WBA_0000965001,wuchereria_bancrofti_prjeb536,True
WBA_0000965101,wuchereria_bancrofti_prjeb536,True
WBA_0000965201,wuchereria_bancrofti_prjeb536,True
WBA_0000965301,wuchereria_bancrofti_prjeb536,True
WBA_0000965401,wuchereria_bancrofti_prjeb536,True
WBA_0000965501,wuchereria_bancrofti_prjeb536,True
WBA_0000965601,wuchereria_bancrofti_prjeb536,True
WBA_0000965701,wuchereria_bancrofti_prjeb536,True
WBA_0000965801,wuchereria_bancrofti_prjeb536,True
WBA_0000965901,wuchereria_bancrofti_prjeb536,False
WBA_0000966001,wuchereria_bancrofti_prjeb536,True
WBA_0000966101,wuchereria_bancrofti_prjeb536,False
WBA_0000966201,wuchereria_bancrofti_prjeb536,True
WBA_0000966301,wuchereria_bancrofti_prjeb536,True
WBA_0000966401,wuchereria_bancrofti_prjeb536,False
WBA_0000966501,wuchereria_bancrofti_prjeb536,True
WBA_0000966601,wuchereria_bancrofti_prjeb536,True
WBA_0000966701,wuchereria_bancrofti_prjeb536,True
WBA_0000966801,wuchereria_bancrofti_prjeb536,True
WBA_0000966901,wuchereria_bancrofti_prjeb536,True
WBA_0000967001,wuchereria_bancrofti_prjeb536,False
WBA_0000967101,wuchereria_bancrofti_prjeb536,True
WBA_0000967201,wuchereria_bancrofti_prjeb536,True
WBA_0000967301,wuchereria_bancrofti_prjeb536,True
WBA_0000967401,wuchereria_bancrofti_prjeb536,True
WBA_0000967501,wuchereria_bancrofti_prjeb536,True
WBA_0000967601,wuchereria_bancrofti_prjeb536,True
WBA_0000967701,wuchereria_bancrofti_prjeb536,True
WBA_0000967801,wuchereria_bancrofti_prjeb536,True
WBA_0000967901,wuchereria_bancrofti_prjeb536,True
WBA_0000968001,wuchereria_bancrofti_prjeb536,False
WBA_0000968101,wuchereria_bancrofti_prjeb536,True
WBA_0000968201,wuchereria_bancrofti_prjeb536,False
WBA_0000968301,wuchereria_bancrofti_prjeb536,True
WBA_0000968401,wuchereria_bancrofti_prjeb536,True
WBA_0000968501,wuchereria_bancrofti_prjeb536,True
WBA_0000968601,wuchereria_bancrofti_prjeb536,True
WBA_0000968701,wuchereria_bancrofti_prjeb536,True
WBA_0000968801,wuchereria_bancrofti_prjeb536,False
WBA_0000968901,wuchereria_bancrofti_prjeb536,True
WBA_0000969001,wuchereria_bancrofti_prjeb536,False
WBA_0000969101,wuchereria_bancrofti_prjeb536,True
WBA_0000969201,wuchereria_bancrofti_prjeb536,False
WBA_0000969301,wuchereria_bancrofti_prjeb536,True
WBA_0000969401,wuchereria_bancrofti_prjeb536,True
WBA_0000969501,wuchereria_bancrofti_prjeb536,True
WBA_0000969601,wuchereria_bancrofti_prjeb536,True
WBA_0000969701,wuchereria_bancrofti_prjeb536,True
WBA_0000969801,wuchereria_bancrofti_prjeb536,False
WBA_0000969901,wuchereria_bancrofti_prjeb536,True
WBA_0000970001,wuchereria_bancrofti_prjeb536,True
WBA_0000970101,wuchereria_bancrofti_prjeb536,True
WBA_0000970201,wuchereria_bancrofti_prjeb536,True
WBA_0000970301,wuchereria_bancrofti_prjeb536,True
WBA_0000970401,wuchereria_bancrofti_prjeb536,True
WBA_0000970501,wuchereria_bancrofti_prjeb536,True
WBA_0000970601,wuchereria_bancrofti_prjeb536,True
WBA_0000970701,wuchereria_bancrofti_prjeb536,True
WBA_0000970801,wuchereria_bancrofti_prjeb536,True
WBA_0000970901,wuchereria_bancrofti_prjeb536,True
WBA_0000971001,wuchereria_bancrofti_prjeb536,False
WBA_0000971101,wuchereria_bancrofti_prjeb536,True
WBA_0000971201,wuchereria_bancrofti_prjeb536,True
WBA_0000971301,wuchereria_bancrofti_prjeb536,True
WBA_0000971401,wuchereria_bancrofti_prjeb536,True
WBA_0000971501,wuchereria_bancrofti_prjeb536,True
WBA_0000971601,wuchereria_bancrofti_prjeb536,True
WBA_0000971701,wuchereria_bancrofti_prjeb536,True
WBA_0000971801,wuchereria_bancrofti_prjeb536,True
WBA_0000971901,wuchereria_bancrofti_prjeb536,True
WBA_0000972001,wuchereria_bancrofti_prjeb536,False
WBA_0000972101,wuchereria_bancrofti_prjeb536,True
WBA_0000972201,wuchereria_bancrofti_prjeb536,True
WBA_0000972301,wuchereria_bancrofti_prjeb536,True
WBA_0000972401,wuchereria_bancrofti_prjeb536,True
WBA_0000972501,wuchereria_bancrofti_prjeb536,True
WBA_0000972601,wuchereria_bancrofti_prjeb536,True
WBA_0000972701,wuchereria_bancrofti_prjeb536,True
WBA_0000972801,wuchereria_bancrofti_prjeb536,True
WBA_0000972901,wuchereria_bancrofti_prjeb536,True
WBA_0000973001,wuchereria_bancrofti_prjeb536,True
WBA_0000973101,wuchereria_bancrofti_prjeb536,True
WBA_0000973201,wuchereria_bancrofti_prjeb536,True
WBA_0000973301,wuchereria_bancrofti_prjeb536,True
WBA_0000973401,wuchereria_bancrofti_prjeb536,True
WBA_0000973501,wuchereria_bancrofti_prjeb536,True
WBA_0000973601,wuchereria_bancrofti_prjeb536,True
WBA_0000973701,wuchereria_bancrofti_prjeb536,True
WBA_0000973801,wuchereria_bancrofti_prjeb536,True
WBA_0000973901,wuchereria_bancrofti_prjeb536,True
WBA_0000974001,wuchereria_bancrofti_prjeb536,False
WBA_0000974101,wuchereria_bancrofti_prjeb536,True
WBA_0000974201,wuchereria_bancrofti_prjeb536,True
WBA_0000974301,wuchereria_bancrofti_prjeb536,False
WBA_0000974401,wuchereria_bancrofti_prjeb536,True
WBA_0000974501,wuchereria_bancrofti_prjeb536,True
WBA_0000974601,wuchereria_bancrofti_prjeb536,True
WBA_0000974701,wuchereria_bancrofti_prjeb536,True
WBA_0000974801,wuchereria_bancrofti_prjeb536,True
WBA_0000974901,wuchereria_bancrofti_prjeb536,True
WBA_0000975001,wuchereria_bancrofti_prjeb536,True
WBA_0000975101,wuchereria_bancrofti_prjeb536,True
WBA_0000975201,wuchereria_bancrofti_prjeb536,False
WBA_0000975301,wuchereria_bancrofti_prjeb536,True
WBA_0000975401,wuchereria_bancrofti_prjeb536,True
WBA_0000975501,wuchereria_bancrofti_prjeb536,True
WBA_0000975601,wuchereria_bancrofti_prjeb536,True
WBA_0000975701,wuchereria_bancrofti_prjeb536,False
WBA_0000975801,wuchereria_bancrofti_prjeb536,True
WBA_0000975901,wuchereria_bancrofti_prjeb536,False
WBA_0000976001,wuchereria_bancrofti_prjeb536,True
WBA_0000976101,wuchereria_bancrofti_prjeb536,False
WBA_0000976201,wuchereria_bancrofti_prjeb536,True
WBA_0000976301,wuchereria_bancrofti_prjeb536,True
WBA_0000976401,wuchereria_bancrofti_prjeb536,True
WBA_0000976501,wuchereria_bancrofti_prjeb536,True
WBA_0000976601,wuchereria_bancrofti_prjeb536,False
WBA_0000976701,wuchereria_bancrofti_prjeb536,True
WBA_0000976801,wuchereria_bancrofti_prjeb536,True
WBA_0000976901,wuchereria_bancrofti_prjeb536,True
WBA_0000977001,wuchereria_bancrofti_prjeb536,True
WBA_0000977101,wuchereria_bancrofti_prjeb536,True
WBA_0000977201,wuchereria_bancrofti_prjeb536,True
WBA_0000977301,wuchereria_bancrofti_prjeb536,True
WBA_0000977401,wuchereria_bancrofti_prjeb536,True
WBA_0000977501,wuchereria_bancrofti_prjeb536,False
WBA_0000977601,wuchereria_bancrofti_prjeb536,True
WBA_0000977701,wuchereria_bancrofti_prjeb536,True
WBA_0000977801,wuchereria_bancrofti_prjeb536,True
WBA_0000977901,wuchereria_bancrofti_prjeb536,True
WBA_0000978001,wuchereria_bancrofti_prjeb536,True
WBA_0000978101,wuchereria_bancrofti_prjeb536,True
WBA_0000978201,wuchereria_bancrofti_prjeb536,True
WBA_0000978301,wuchereria_bancrofti_prjeb536,True
WBA_0000978401,wuchereria_bancrofti_prjeb536,False
WBA_0000978501,wuchereria_bancrofti_prjeb536,True
WBA_0000978601,wuchereria_bancrofti_prjeb536,True
WBA_0000978701,wuchereria_bancrofti_prjeb536,True
WBA_0000978801,wuchereria_bancrofti_prjeb536,True
WBA_0000978901,wuchereria_bancrofti_prjeb536,True
WBA_0000979001,wuchereria_bancrofti_prjeb536,True
WBA_0000979101,wuchereria_bancrofti_prjeb536,True
WBA_0000979201,wuchereria_bancrofti_prjeb536,True
WBA_0000979301,wuchereria_bancrofti_prjeb536,False
WBA_0000979401,wuchereria_bancrofti_prjeb536,True
WBA_0000979501,wuchereria_bancrofti_prjeb536,True
WBA_0000979601,wuchereria_bancrofti_prjeb536,True
WBA_0000979701,wuchereria_bancrofti_prjeb536,True
WBA_0000979801,wuchereria_bancrofti_prjeb536,True
WBA_0000979901,wuchereria_bancrofti_prjeb536,True
WBA_0000980001,wuchereria_bancrofti_prjeb536,True
WBA_0000980101,wuchereria_bancrofti_prjeb536,False
WBA_0000980201,wuchereria_bancrofti_prjeb536,True
WBA_0000980301,wuchereria_bancrofti_prjeb536,True
WBA_0000980401,wuchereria_bancrofti_prjeb536,True
WBA_0000980501,wuchereria_bancrofti_prjeb536,True
WBA_0000980601,wuchereria_bancrofti_prjeb536,True
WBA_0000980701,wuchereria_bancrofti_prjeb536,True
WBA_0000980801,wuchereria_bancrofti_prjeb536,True
WBA_0000980901,wuchereria_bancrofti_prjeb536,True
WBA_0000981001,wuchereria_bancrofti_prjeb536,True
WBA_0000981101,wuchereria_bancrofti_prjeb536,True
WBA_0000981201,wuchereria_bancrofti_prjeb536,True
WBA_0000981301,wuchereria_bancrofti_prjeb536,True
WBA_0000981401,wuchereria_bancrofti_prjeb536,True
WBA_0000981501,wuchereria_bancrofti_prjeb536,False
WBA_0000981601,wuchereria_bancrofti_prjeb536,True
WBA_0000981701,wuchereria_bancrofti_prjeb536,True
WBA_0000981801,wuchereria_bancrofti_prjeb536,True
WBA_0000981901,wuchereria_bancrofti_prjeb536,True
WBA_0000982001,wuchereria_bancrofti_prjeb536,True
WBA_0000982101,wuchereria_bancrofti_prjeb536,True
WBA_0000982201,wuchereria_bancrofti_prjeb536,True
WBA_0000982301,wuchereria_bancrofti_prjeb536,True
WBA_0000982401,wuchereria_bancrofti_prjeb536,True
WBA_0000982501,wuchereria_bancrofti_prjeb536,False
WBA_0000982601,wuchereria_bancrofti_prjeb536,True
WBA_0000982701,wuchereria_bancrofti_prjeb536,True
WBA_0000982801,wuchereria_bancrofti_prjeb536,True
WBA_0000982901,wuchereria_bancrofti_prjeb536,True
WBA_0000983001,wuchereria_bancrofti_prjeb536,True
WBA_0000983101,wuchereria_bancrofti_prjeb536,False
WBA_0000983201,wuchereria_bancrofti_prjeb536,True
WBA_0000983301,wuchereria_bancrofti_prjeb536,True
WBA_0000983401,wuchereria_bancrofti_prjeb536,True
WBA_0000983501,wuchereria_bancrofti_prjeb536,False
WBA_0000983601,wuchereria_bancrofti_prjeb536,True
WBA_0000983701,wuchereria_bancrofti_prjeb536,True
WBA_0000983801,wuchereria_bancrofti_prjeb536,True
WBA_0000983901,wuchereria_bancrofti_prjeb536,True
WBA_0000984001,wuchereria_bancrofti_prjeb536,True
WBA_0000984101,wuchereria_bancrofti_prjeb536,True
WBA_0000984201,wuchereria_bancrofti_prjeb536,True
WBA_0000984301,wuchereria_bancrofti_prjeb536,True
WBA_0000984401,wuchereria_bancrofti_prjeb536,False
WBA_0000984501,wuchereria_bancrofti_prjeb536,True
WBA_0000984601,wuchereria_bancrofti_prjeb536,True
WBA_0000984701,wuchereria_bancrofti_prjeb536,True
WBA_0000984801,wuchereria_bancrofti_prjeb536,True
WBA_0000984901,wuchereria_bancrofti_prjeb536,True
WBA_0000985001,wuchereria_bancrofti_prjeb536,True
WBA_0000985101,wuchereria_bancrofti_prjeb536,False
WBA_0000985201,wuchereria_bancrofti_prjeb536,True
WBA_0000985301,wuchereria_bancrofti_prjeb536,True
WBA_0000985401,wuchereria_bancrofti_prjeb536,True
WBA_0000985501,wuchereria_bancrofti_prjeb536,True
WBA_0000985601,wuchereria_bancrofti_prjeb536,True
WBA_0000985701,wuchereria_bancrofti_prjeb536,False
WBA_0000985801,wuchereria_bancrofti_prjeb536,True
WBA_0000985901,wuchereria_bancrofti_prjeb536,True
WBA_0000986001,wuchereria_bancrofti_prjeb536,True
WBA_0000986101,wuchereria_bancrofti_prjeb536,True
WBA_0000986201,wuchereria_bancrofti_prjeb536,False
WBA_0000986301,wuchereria_bancrofti_prjeb536,True
WBA_0000986401,wuchereria_bancrofti_prjeb536,True
WBA_0000986501,wuchereria_bancrofti_prjeb536,True
WBA_0000986601,wuchereria_bancrofti_prjeb536,True
WBA_0000986701,wuchereria_bancrofti_prjeb536,True
WBA_0000986801,wuchereria_bancrofti_prjeb536,True
WBA_0000986901,wuchereria_bancrofti_prjeb536,True
WBA_0000987001,wuchereria_bancrofti_prjeb536,True
WBA_0000987101,wuchereria_bancrofti_prjeb536,False
WBA_0000987201,wuchereria_bancrofti_prjeb536,True
WBA_0000987301,wuchereria_bancrofti_prjeb536,True
WBA_0000987401,wuchereria_bancrofti_prjeb536,True
WBA_0000987501,wuchereria_bancrofti_prjeb536,True
WBA_0000987601,wuchereria_bancrofti_prjeb536,True
WBA_0000987701,wuchereria_bancrofti_prjeb536,True
WBA_0000987801,wuchereria_bancrofti_prjeb536,True
WBA_0000987901,wuchereria_bancrofti_prjeb536,True
WBA_0000988001,wuchereria_bancrofti_prjeb536,True
WBA_0000988101,wuchereria_bancrofti_prjeb536,True
WBA_0000988201,wuchereria_bancrofti_prjeb536,True
WBA_0000988301,wuchereria_bancrofti_prjeb536,True
WBA_0000988401,wuchereria_bancrofti_prjeb536,True
WBA_0000988501,wuchereria_bancrofti_prjeb536,True
WBA_0000988601,wuchereria_bancrofti_prjeb536,True
WBA_0000988701,wuchereria_bancrofti_prjeb536,True
WBA_0000988801,wuchereria_bancrofti_prjeb536,True
WBA_0000988901,wuchereria_bancrofti_prjeb536,True
WBA_0000989001,wuchereria_bancrofti_prjeb536,True
WBA_0000989101,wuchereria_bancrofti_prjeb536,False
WBA_0000989201,wuchereria_bancrofti_prjeb536,True
WBA_0000989301,wuchereria_bancrofti_prjeb536,True
WBA_0000989401,wuchereria_bancrofti_prjeb536,True
WBA_0000989501,wuchereria_bancrofti_prjeb536,True
WBA_0000989601,wuchereria_bancrofti_prjeb536,True
WBA_0000989701,wuchereria_bancrofti_prjeb536,True
WBA_0000989801,wuchereria_bancrofti_prjeb536,True
WBA_0000989901,wuchereria_bancrofti_prjeb536,True
WBA_0000990001,wuchereria_bancrofti_prjeb536,False
WBA_0000990101,wuchereria_bancrofti_prjeb536,False
WBA_0000990201,wuchereria_bancrofti_prjeb536,False
WBA_0000990301,wuchereria_bancrofti_prjeb536,True
WBA_0000990401,wuchereria_bancrofti_prjeb536,True
WBA_0000990501,wuchereria_bancrofti_prjeb536,True
WBA_0000990601,wuchereria_bancrofti_prjeb536,False
WBA_0000990701,wuchereria_bancrofti_prjeb536,True
WBA_0000990801,wuchereria_bancrofti_prjeb536,True
WBA_0000990901,wuchereria_bancrofti_prjeb536,True
WBA_0000991001,wuchereria_bancrofti_prjeb536,False
WBA_0000991101,wuchereria_bancrofti_prjeb536,True
WBA_0000991201,wuchereria_bancrofti_prjeb536,True
WBA_0000991301,wuchereria_bancrofti_prjeb536,True
WBA_0000991401,wuchereria_bancrofti_prjeb536,True
WBA_0000991501,wuchereria_bancrofti_prjeb536,True
WBA_0000991601,wuchereria_bancrofti_prjeb536,False
WBA_0000991701,wuchereria_bancrofti_prjeb536,True
WBA_0000991801,wuchereria_bancrofti_prjeb536,True
WBA_0000991901,wuchereria_bancrofti_prjeb536,True
WBA_0000992001,wuchereria_bancrofti_prjeb536,True
WBA_0000992101,wuchereria_bancrofti_prjeb536,True
WBA_0000992201,wuchereria_bancrofti_prjeb536,True
WBA_0000992301,wuchereria_bancrofti_prjeb536,True
WBA_0000992401,wuchereria_bancrofti_prjeb536,True
WBA_0000992501,wuchereria_bancrofti_prjeb536,False
WBA_0000992601,wuchereria_bancrofti_prjeb536,True
WBA_0000992701,wuchereria_bancrofti_prjeb536,True
WBA_0000992801,wuchereria_bancrofti_prjeb536,False
WBA_0000992901,wuchereria_bancrofti_prjeb536,False
WBA_0000993001,wuchereria_bancrofti_prjeb536,True
WBA_0000993101,wuchereria_bancrofti_prjeb536,True
WBA_0000993201,wuchereria_bancrofti_prjeb536,True
WBA_0000993301,wuchereria_bancrofti_prjeb536,False
WBA_0000993401,wuchereria_bancrofti_prjeb536,True
WBA_0000993501,wuchereria_bancrofti_prjeb536,True
WBA_0000993601,wuchereria_bancrofti_prjeb536,False
WBA_0000993701,wuchereria_bancrofti_prjeb536,True
WBA_0000993801,wuchereria_bancrofti_prjeb536,True
WBA_0000993901,wuchereria_bancrofti_prjeb536,True
WBA_0000994001,wuchereria_bancrofti_prjeb536,False
WBA_0000994101,wuchereria_bancrofti_prjeb536,True
WBA_0000994201,wuchereria_bancrofti_prjeb536,True
WBA_0000994301,wuchereria_bancrofti_prjeb536,True
WBA_0000994401,wuchereria_bancrofti_prjeb536,True
WBA_0000994501,wuchereria_bancrofti_prjeb536,False
WBA_0000994601,wuchereria_bancrofti_prjeb536,True
WBA_0000994701,wuchereria_bancrofti_prjeb536,True
WBA_0000994801,wuchereria_bancrofti_prjeb536,True
WBA_0000994901,wuchereria_bancrofti_prjeb536,True
WBA_0000995001,wuchereria_bancrofti_prjeb536,True
WBA_0000995101,wuchereria_bancrofti_prjeb536,True
WBA_0000995201,wuchereria_bancrofti_prjeb536,False
WBA_0000995301,wuchereria_bancrofti_prjeb536,True
WBA_0000995401,wuchereria_bancrofti_prjeb536,True
WBA_0000995501,wuchereria_bancrofti_prjeb536,True
WBA_0000995601,wuchereria_bancrofti_prjeb536,True
WBA_0000995701,wuchereria_bancrofti_prjeb536,True
WBA_0000995801,wuchereria_bancrofti_prjeb536,True
WBA_0000995901,wuchereria_bancrofti_prjeb536,True
WBA_0000996001,wuchereria_bancrofti_prjeb536,True
WBA_0000996101,wuchereria_bancrofti_prjeb536,True
WBA_0000996201,wuchereria_bancrofti_prjeb536,True
WBA_0000996301,wuchereria_bancrofti_prjeb536,True
WBA_0000996401,wuchereria_bancrofti_prjeb536,True
WBA_0000996501,wuchereria_bancrofti_prjeb536,True
WBA_0000996601,wuchereria_bancrofti_prjeb536,True
WBA_0000996701,wuchereria_bancrofti_prjeb536,True
WBA_0000996801,wuchereria_bancrofti_prjeb536,True
WBA_0000996901,wuchereria_bancrofti_prjeb536,True
WBA_0000997001,wuchereria_bancrofti_prjeb536,True
WBA_0000997101,wuchereria_bancrofti_prjeb536,False
WBA_0000997201,wuchereria_bancrofti_prjeb536,True
WBA_0000997301,wuchereria_bancrofti_prjeb536,True
WBA_0000997401,wuchereria_bancrofti_prjeb536,True
WBA_0000997501,wuchereria_bancrofti_prjeb536,True
WBA_0000997601,wuchereria_bancrofti_prjeb536,True
WBA_0000997701,wuchereria_bancrofti_prjeb536,True
WBA_0000997801,wuchereria_bancrofti_prjeb536,True
WBA_0000997901,wuchereria_bancrofti_prjeb536,True
WBA_0000998001,wuchereria_bancrofti_prjeb536,False
WBA_0000998101,wuchereria_bancrofti_prjeb536,True
WBA_0000998201,wuchereria_bancrofti_prjeb536,True
WBA_0000998301,wuchereria_bancrofti_prjeb536,True
WBA_0000998401,wuchereria_bancrofti_prjeb536,True
WBA_0000998501,wuchereria_bancrofti_prjeb536,True
WBA_0000998601,wuchereria_bancrofti_prjeb536,True
WBA_0000998701,wuchereria_bancrofti_prjeb536,True
WBA_0000998801,wuchereria_bancrofti_prjeb536,True
WBA_0000998901,wuchereria_bancrofti_prjeb536,True
WBA_0000999001,wuchereria_bancrofti_prjeb536,True
WBA_0000999101,wuchereria_bancrofti_prjeb536,True
WBA_0000999201,wuchereria_bancrofti_prjeb536,False
WBA_0000999301,wuchereria_bancrofti_prjeb536,True
WBA_0000999401,wuchereria_bancrofti_prjeb536,True
WBA_0000999501,wuchereria_bancrofti_prjeb536,True
WBA_0000999601,wuchereria_bancrofti_prjeb536,False
WBA_0000999701,wuchereria_bancrofti_prjeb536,True
WBA_0000999801,wuchereria_bancrofti_prjeb536,True
WBA_0000999901,wuchereria_bancrofti_prjeb536,True
WBA_0001000001,wuchereria_bancrofti_prjeb536,False
WBA_0001000101,wuchereria_bancrofti_prjeb536,True
WBA_0001000201,wuchereria_bancrofti_prjeb536,True
WBA_0001000301,wuchereria_bancrofti_prjeb536,True
WBA_0001000401,wuchereria_bancrofti_prjeb536,True
WBA_0001000501,wuchereria_bancrofti_prjeb536,True
WBA_0001000601,wuchereria_bancrofti_prjeb536,True
WBA_0001000701,wuchereria_bancrofti_prjeb536,False
WBA_0001000801,wuchereria_bancrofti_prjeb536,True
WBA_0001000901,wuchereria_bancrofti_prjeb536,True
WBA_0001001001,wuchereria_bancrofti_prjeb536,True
WBA_0001001101,wuchereria_bancrofti_prjeb536,True
WBA_0001001201,wuchereria_bancrofti_prjeb536,True
WBA_0001001301,wuchereria_bancrofti_prjeb536,True
WBA_0001001401,wuchereria_bancrofti_prjeb536,True
WBA_0001001501,wuchereria_bancrofti_prjeb536,True
WBA_0001001601,wuchereria_bancrofti_prjeb536,True
WBA_0001001701,wuchereria_bancrofti_prjeb536,True
WBA_0001001801,wuchereria_bancrofti_prjeb536,True
WBA_0001001901,wuchereria_bancrofti_prjeb536,True
WBA_0001002001,wuchereria_bancrofti_prjeb536,False
WBA_0001002101,wuchereria_bancrofti_prjeb536,True
WBA_0001002201,wuchereria_bancrofti_prjeb536,True
WBA_0001002301,wuchereria_bancrofti_prjeb536,True
WBA_0001002401,wuchereria_bancrofti_prjeb536,False
WBA_0001002501,wuchereria_bancrofti_prjeb536,False
WBA_0001002601,wuchereria_bancrofti_prjeb536,True
WBA_0001002701,wuchereria_bancrofti_prjeb536,True
WBA_0001002801,wuchereria_bancrofti_prjeb536,True
WBA_0001002901,wuchereria_bancrofti_prjeb536,True
WBA_0001003001,wuchereria_bancrofti_prjeb536,True
WBA_0001003101,wuchereria_bancrofti_prjeb536,False
WBA_0001003201,wuchereria_bancrofti_prjeb536,True
WBA_0001003301,wuchereria_bancrofti_prjeb536,True
WBA_0001003401,wuchereria_bancrofti_prjeb536,True
WBA_0001003501,wuchereria_bancrofti_prjeb536,True
WBA_0001003601,wuchereria_bancrofti_prjeb536,True
WBA_0001003701,wuchereria_bancrofti_prjeb536,True
WBA_0001003801,wuchereria_bancrofti_prjeb536,True
WBA_0001003901,wuchereria_bancrofti_prjeb536,True
WBA_0001004001,wuchereria_bancrofti_prjeb536,True
WBA_0001004101,wuchereria_bancrofti_prjeb536,True
WBA_0001004201,wuchereria_bancrofti_prjeb536,True
WBA_0001004301,wuchereria_bancrofti_prjeb536,True
WBA_0001004401,wuchereria_bancrofti_prjeb536,True
WBA_0001004501,wuchereria_bancrofti_prjeb536,True
WBA_0001004601,wuchereria_bancrofti_prjeb536,True
WBA_0001004701,wuchereria_bancrofti_prjeb536,True
WBA_0001004801,wuchereria_bancrofti_prjeb536,True
WBA_0001004901,wuchereria_bancrofti_prjeb536,True
WBA_0001005001,wuchereria_bancrofti_prjeb536,True
WBA_0001005101,wuchereria_bancrofti_prjeb536,False
WBA_0001005201,wuchereria_bancrofti_prjeb536,False
WBA_0001005301,wuchereria_bancrofti_prjeb536,True
WBA_0001005401,wuchereria_bancrofti_prjeb536,True
WBA_0001005501,wuchereria_bancrofti_prjeb536,True
WBA_0001005601,wuchereria_bancrofti_prjeb536,True
WBA_0001005701,wuchereria_bancrofti_prjeb536,True
WBA_0001005801,wuchereria_bancrofti_prjeb536,True
WBA_0001005901,wuchereria_bancrofti_prjeb536,False
WBA_0001006001,wuchereria_bancrofti_prjeb536,True
WBA_0001006101,wuchereria_bancrofti_prjeb536,True
WBA_0001006201,wuchereria_bancrofti_prjeb536,False
WBA_0001006301,wuchereria_bancrofti_prjeb536,True
WBA_0001006401,wuchereria_bancrofti_prjeb536,True
WBA_0001006501,wuchereria_bancrofti_prjeb536,True
WBA_0001006601,wuchereria_bancrofti_prjeb536,True
WBA_0001006701,wuchereria_bancrofti_prjeb536,False
WBA_0001006801,wuchereria_bancrofti_prjeb536,False
WBA_0001006901,wuchereria_bancrofti_prjeb536,True
WBA_0001007001,wuchereria_bancrofti_prjeb536,True
WBA_0001007101,wuchereria_bancrofti_prjeb536,True
WBA_0001007201,wuchereria_bancrofti_prjeb536,True
WBA_0001007301,wuchereria_bancrofti_prjeb536,True
WBA_0001007401,wuchereria_bancrofti_prjeb536,False
WBA_0001007501,wuchereria_bancrofti_prjeb536,True
WBA_0001007601,wuchereria_bancrofti_prjeb536,True
WBA_0001007701,wuchereria_bancrofti_prjeb536,True
WBA_0001007801,wuchereria_bancrofti_prjeb536,True
WBA_0001007901,wuchereria_bancrofti_prjeb536,True
WBA_0001008001,wuchereria_bancrofti_prjeb536,True
WBA_0001008101,wuchereria_bancrofti_prjeb536,True
WBA_0001008201,wuchereria_bancrofti_prjeb536,False
WBA_0001008301,wuchereria_bancrofti_prjeb536,True
WBA_0001008401,wuchereria_bancrofti_prjeb536,True
WBA_0001008501,wuchereria_bancrofti_prjeb536,True
WBA_0001008601,wuchereria_bancrofti_prjeb536,True
WBA_0001008701,wuchereria_bancrofti_prjeb536,False
WBA_0001008801,wuchereria_bancrofti_prjeb536,True
WBA_0001008901,wuchereria_bancrofti_prjeb536,False
WBA_0001009001,wuchereria_bancrofti_prjeb536,True
WBA_0001009101,wuchereria_bancrofti_prjeb536,True
WBA_0001009201,wuchereria_bancrofti_prjeb536,True
WBA_0001009301,wuchereria_bancrofti_prjeb536,True
WBA_0001009401,wuchereria_bancrofti_prjeb536,False
WBA_0001009501,wuchereria_bancrofti_prjeb536,True
WBA_0001009601,wuchereria_bancrofti_prjeb536,False
WBA_0001009701,wuchereria_bancrofti_prjeb536,True
WBA_0001009801,wuchereria_bancrofti_prjeb536,True
WBA_0001009901,wuchereria_bancrofti_prjeb536,True
WBA_0001010001,wuchereria_bancrofti_prjeb536,True
WBA_0001010101,wuchereria_bancrofti_prjeb536,True
WBA_0001010201,wuchereria_bancrofti_prjeb536,True
WBA_0001010301,wuchereria_bancrofti_prjeb536,True
WBA_0001010401,wuchereria_bancrofti_prjeb536,True
WBA_0001010501,wuchereria_bancrofti_prjeb536,True
WBA_0001010601,wuchereria_bancrofti_prjeb536,False
WBA_0001010701,wuchereria_bancrofti_prjeb536,False
WBA_0001010801,wuchereria_bancrofti_prjeb536,True
WBA_0001010901,wuchereria_bancrofti_prjeb536,True
WBA_0001011001,wuchereria_bancrofti_prjeb536,True
WBA_0001011101,wuchereria_bancrofti_prjeb536,False
WBA_0001011201,wuchereria_bancrofti_prjeb536,True
WBA_0001011301,wuchereria_bancrofti_prjeb536,True
WBA_0001011401,wuchereria_bancrofti_prjeb536,True
WBA_0001011501,wuchereria_bancrofti_prjeb536,True
WBA_0001011601,wuchereria_bancrofti_prjeb536,False
WBA_0001011701,wuchereria_bancrofti_prjeb536,True
WBA_0001011801,wuchereria_bancrofti_prjeb536,True
WBA_0001011901,wuchereria_bancrofti_prjeb536,False
WBA_0001012001,wuchereria_bancrofti_prjeb536,True
WBA_0001012101,wuchereria_bancrofti_prjeb536,True
WBA_0001012201,wuchereria_bancrofti_prjeb536,True
WBA_0001012301,wuchereria_bancrofti_prjeb536,True
WBA_0001012401,wuchereria_bancrofti_prjeb536,True
WBA_0001012501,wuchereria_bancrofti_prjeb536,True
WBA_0001012601,wuchereria_bancrofti_prjeb536,True
WBA_0001012701,wuchereria_bancrofti_prjeb536,True
WBA_0001012801,wuchereria_bancrofti_prjeb536,False
WBA_0001012901,wuchereria_bancrofti_prjeb536,True
WBA_0001013001,wuchereria_bancrofti_prjeb536,True
WBA_0001013101,wuchereria_bancrofti_prjeb536,False
WBA_0001013201,wuchereria_bancrofti_prjeb536,False
WBA_0001013301,wuchereria_bancrofti_prjeb536,True
WBA_0001013401,wuchereria_bancrofti_prjeb536,True
WBA_0001013501,wuchereria_bancrofti_prjeb536,True
WBA_0001013601,wuchereria_bancrofti_prjeb536,True
WBA_0001013701,wuchereria_bancrofti_prjeb536,True
WBA_0001013801,wuchereria_bancrofti_prjeb536,True
WBA_0001013901,wuchereria_bancrofti_prjeb536,True
WBA_0001014001,wuchereria_bancrofti_prjeb536,True
WBA_0001014101,wuchereria_bancrofti_prjeb536,False
WBA_0001014201,wuchereria_bancrofti_prjeb536,True
WBA_0001014301,wuchereria_bancrofti_prjeb536,True
WBA_0001014401,wuchereria_bancrofti_prjeb536,True
WBA_0001014501,wuchereria_bancrofti_prjeb536,True
WBA_0001014601,wuchereria_bancrofti_prjeb536,True
WBA_0001014701,wuchereria_bancrofti_prjeb536,True
WBA_0001014801,wuchereria_bancrofti_prjeb536,True
WBA_0001014901,wuchereria_bancrofti_prjeb536,True
WBA_0001015001,wuchereria_bancrofti_prjeb536,True
WBA_0001015101,wuchereria_bancrofti_prjeb536,True
WBA_0001015201,wuchereria_bancrofti_prjeb536,True
WBA_0001015301,wuchereria_bancrofti_prjeb536,False
WBA_0001015401,wuchereria_bancrofti_prjeb536,True
WBA_0001015501,wuchereria_bancrofti_prjeb536,True
WBA_0001015601,wuchereria_bancrofti_prjeb536,True
WBA_0001015701,wuchereria_bancrofti_prjeb536,True
WBA_0001015801,wuchereria_bancrofti_prjeb536,True
WBA_0001015901,wuchereria_bancrofti_prjeb536,True
WBA_0001016001,wuchereria_bancrofti_prjeb536,False
WBA_0001016101,wuchereria_bancrofti_prjeb536,True
WBA_0001016201,wuchereria_bancrofti_prjeb536,False
WBA_0001016301,wuchereria_bancrofti_prjeb536,True
WBA_0001016401,wuchereria_bancrofti_prjeb536,True
WBA_0001016501,wuchereria_bancrofti_prjeb536,True
WBA_0001016601,wuchereria_bancrofti_prjeb536,True
WBA_0001016701,wuchereria_bancrofti_prjeb536,True
WBA_0001016801,wuchereria_bancrofti_prjeb536,True
WBA_0001016901,wuchereria_bancrofti_prjeb536,True
WBA_0001017001,wuchereria_bancrofti_prjeb536,True
WBA_0001017101,wuchereria_bancrofti_prjeb536,True
WBA_0001017201,wuchereria_bancrofti_prjeb536,True
WBA_0001017301,wuchereria_bancrofti_prjeb536,True
WBA_0001017401,wuchereria_bancrofti_prjeb536,True
WBA_0001017501,wuchereria_bancrofti_prjeb536,True
WBA_0001017601,wuchereria_bancrofti_prjeb536,True
WBA_0001017701,wuchereria_bancrofti_prjeb536,False
WBA_0001017801,wuchereria_bancrofti_prjeb536,True
WBA_0001017901,wuchereria_bancrofti_prjeb536,False
WBA_0001018001,wuchereria_bancrofti_prjeb536,False
WBA_0001018101,wuchereria_bancrofti_prjeb536,True
WBA_0001018201,wuchereria_bancrofti_prjeb536,True
WBA_0001018301,wuchereria_bancrofti_prjeb536,False
WBA_0001018401,wuchereria_bancrofti_prjeb536,True
WBA_0001018501,wuchereria_bancrofti_prjeb536,True
WBA_0001018601,wuchereria_bancrofti_prjeb536,True
WBA_0001018701,wuchereria_bancrofti_prjeb536,True
WBA_0001018801,wuchereria_bancrofti_prjeb536,True
WBA_0001018901,wuchereria_bancrofti_prjeb536,False
WBA_0001019001,wuchereria_bancrofti_prjeb536,True
WBA_0001019101,wuchereria_bancrofti_prjeb536,True
WBA_0001019201,wuchereria_bancrofti_prjeb536,True
WBA_0001019301,wuchereria_bancrofti_prjeb536,True
WBA_0001019401,wuchereria_bancrofti_prjeb536,True
WBA_0001019501,wuchereria_bancrofti_prjeb536,True
WBA_0001019601,wuchereria_bancrofti_prjeb536,True
WBA_0001019701,wuchereria_bancrofti_prjeb536,True
WBA_0001019801,wuchereria_bancrofti_prjeb536,True
WBA_0001019901,wuchereria_bancrofti_prjeb536,True
WBA_0001020001,wuchereria_bancrofti_prjeb536,True
WBA_0001020101,wuchereria_bancrofti_prjeb536,True
WBA_0001020201,wuchereria_bancrofti_prjeb536,True
WBA_0001020301,wuchereria_bancrofti_prjeb536,True
WBA_0001020401,wuchereria_bancrofti_prjeb536,False
WBA_0001020501,wuchereria_bancrofti_prjeb536,True
WBA_0001020601,wuchereria_bancrofti_prjeb536,True
WBA_0001020701,wuchereria_bancrofti_prjeb536,True
WBA_0001020801,wuchereria_bancrofti_prjeb536,True
WBA_0001020901,wuchereria_bancrofti_prjeb536,True
WBA_0001021001,wuchereria_bancrofti_prjeb536,True
WBA_0001021101,wuchereria_bancrofti_prjeb536,True
WBA_0001021201,wuchereria_bancrofti_prjeb536,True
WBA_0001021301,wuchereria_bancrofti_prjeb536,True
WBA_0001021401,wuchereria_bancrofti_prjeb536,True
WBA_0001021501,wuchereria_bancrofti_prjeb536,True
WBA_0001021601,wuchereria_bancrofti_prjeb536,True
WBA_0001021701,wuchereria_bancrofti_prjeb536,False
WBA_0001021801,wuchereria_bancrofti_prjeb536,True
WBA_0001021901,wuchereria_bancrofti_prjeb536,True
WBA_0001022001,wuchereria_bancrofti_prjeb536,True
WBA_0001022101,wuchereria_bancrofti_prjeb536,True
WBA_0001022201,wuchereria_bancrofti_prjeb536,True
WBA_0001022301,wuchereria_bancrofti_prjeb536,True
WBA_0001022401,wuchereria_bancrofti_prjeb536,False
WBA_0001022501,wuchereria_bancrofti_prjeb536,False
WBA_0001022601,wuchereria_bancrofti_prjeb536,True
WBA_0001022701,wuchereria_bancrofti_prjeb536,True
WBA_0001022801,wuchereria_bancrofti_prjeb536,False
WBA_0001022901,wuchereria_bancrofti_prjeb536,True
WBA_0001023001,wuchereria_bancrofti_prjeb536,False
WBA_0001023101,wuchereria_bancrofti_prjeb536,False
WBA_0001023201,wuchereria_bancrofti_prjeb536,True
WBA_0001023301,wuchereria_bancrofti_prjeb536,True
WBA_0001023401,wuchereria_bancrofti_prjeb536,True
WBA_0001023501,wuchereria_bancrofti_prjeb536,True
WBA_0001023601,wuchereria_bancrofti_prjeb536,True
WBA_0001023701,wuchereria_bancrofti_prjeb536,True
WBA_0001023801,wuchereria_bancrofti_prjeb536,True
WBA_0001023901,wuchereria_bancrofti_prjeb536,True
WBA_0001024001,wuchereria_bancrofti_prjeb536,True
WBA_0001024101,wuchereria_bancrofti_prjeb536,False
WBA_0001024201,wuchereria_bancrofti_prjeb536,True
WBA_0001024301,wuchereria_bancrofti_prjeb536,True
WBA_0001024401,wuchereria_bancrofti_prjeb536,True
WBA_0001024501,wuchereria_bancrofti_prjeb536,True
WBA_0001024601,wuchereria_bancrofti_prjeb536,True
WBA_0001024701,wuchereria_bancrofti_prjeb536,True
WBA_0001024801,wuchereria_bancrofti_prjeb536,True
WBA_0001024901,wuchereria_bancrofti_prjeb536,False
WBA_0001025001,wuchereria_bancrofti_prjeb536,True
WBA_0001025101,wuchereria_bancrofti_prjeb536,True
WBA_0001025201,wuchereria_bancrofti_prjeb536,True
WBA_0001025301,wuchereria_bancrofti_prjeb536,True
WBA_0001025401,wuchereria_bancrofti_prjeb536,True
WBA_0001025501,wuchereria_bancrofti_prjeb536,True
WBA_0001025601,wuchereria_bancrofti_prjeb536,True
WBA_0001025701,wuchereria_bancrofti_prjeb536,True
WBA_0001025801,wuchereria_bancrofti_prjeb536,True
WBA_0001025901,wuchereria_bancrofti_prjeb536,True
WBA_0001026001,wuchereria_bancrofti_prjeb536,True
WBA_0001026101,wuchereria_bancrofti_prjeb536,True
WBA_0001026201,wuchereria_bancrofti_prjeb536,True
WBA_0001026301,wuchereria_bancrofti_prjeb536,False
WBA_0001026401,wuchereria_bancrofti_prjeb536,True
WBA_0001026501,wuchereria_bancrofti_prjeb536,True
WBA_0001026601,wuchereria_bancrofti_prjeb536,False
WBA_0001026701,wuchereria_bancrofti_prjeb536,True
WBA_0001026801,wuchereria_bancrofti_prjeb536,True
WBA_0001026901,wuchereria_bancrofti_prjeb536,True
WBA_0001027001,wuchereria_bancrofti_prjeb536,True
WBA_0001027101,wuchereria_bancrofti_prjeb536,False
WBA_0001027201,wuchereria_bancrofti_prjeb536,False
WBA_0001027301,wuchereria_bancrofti_prjeb536,False
WBA_0001027401,wuchereria_bancrofti_prjeb536,True
WBA_0001027501,wuchereria_bancrofti_prjeb536,True
WBA_0001027601,wuchereria_bancrofti_prjeb536,True
WBA_0001027701,wuchereria_bancrofti_prjeb536,False
WBA_0001027801,wuchereria_bancrofti_prjeb536,True
WBA_0001027901,wuchereria_bancrofti_prjeb536,True
WBA_0001028001,wuchereria_bancrofti_prjeb536,True
WBA_0001028101,wuchereria_bancrofti_prjeb536,True
WBA_0001028201,wuchereria_bancrofti_prjeb536,True
WBA_0001028301,wuchereria_bancrofti_prjeb536,True
WBA_0001028401,wuchereria_bancrofti_prjeb536,True
WBA_0001028501,wuchereria_bancrofti_prjeb536,True
WBA_0001028601,wuchereria_bancrofti_prjeb536,False
WBA_0001028701,wuchereria_bancrofti_prjeb536,True
WBA_0001028801,wuchereria_bancrofti_prjeb536,True
WBA_0001028901,wuchereria_bancrofti_prjeb536,True
WBA_0001029001,wuchereria_bancrofti_prjeb536,True
WBA_0001029101,wuchereria_bancrofti_prjeb536,False
WBA_0001029201,wuchereria_bancrofti_prjeb536,True
WBA_0001029301,wuchereria_bancrofti_prjeb536,True
WBA_0001029401,wuchereria_bancrofti_prjeb536,True
WBA_0001029501,wuchereria_bancrofti_prjeb536,True
WBA_0001029601,wuchereria_bancrofti_prjeb536,True
WBA_0001029701,wuchereria_bancrofti_prjeb536,True
WBA_0001029801,wuchereria_bancrofti_prjeb536,True
WBA_0001029901,wuchereria_bancrofti_prjeb536,True
WBA_0001030001,wuchereria_bancrofti_prjeb536,False
WBA_0001030101,wuchereria_bancrofti_prjeb536,True
WBA_0001030201,wuchereria_bancrofti_prjeb536,True
WBA_0001030301,wuchereria_bancrofti_prjeb536,True
WBA_0001030401,wuchereria_bancrofti_prjeb536,True
WBA_0001030501,wuchereria_bancrofti_prjeb536,True
WBA_0001030601,wuchereria_bancrofti_prjeb536,True
WBA_0001030701,wuchereria_bancrofti_prjeb536,False
WBA_0001030801,wuchereria_bancrofti_prjeb536,True
WBA_0001030901,wuchereria_bancrofti_prjeb536,True
WBA_0001031001,wuchereria_bancrofti_prjeb536,True
WBA_0001031101,wuchereria_bancrofti_prjeb536,True
WBA_0001031201,wuchereria_bancrofti_prjeb536,True
WBA_0001031301,wuchereria_bancrofti_prjeb536,True
WBA_0001031401,wuchereria_bancrofti_prjeb536,True
WBA_0001031501,wuchereria_bancrofti_prjeb536,True
WBA_0001031601,wuchereria_bancrofti_prjeb536,True
WBA_0001031701,wuchereria_bancrofti_prjeb536,True
WBA_0001031801,wuchereria_bancrofti_prjeb536,False
WBA_0001031901,wuchereria_bancrofti_prjeb536,True
WBA_0001032001,wuchereria_bancrofti_prjeb536,True
WBA_0001032101,wuchereria_bancrofti_prjeb536,False
WBA_0001032201,wuchereria_bancrofti_prjeb536,True
WBA_0001032301,wuchereria_bancrofti_prjeb536,False
WBA_0001032401,wuchereria_bancrofti_prjeb536,True
WBA_0001032501,wuchereria_bancrofti_prjeb536,True
WBA_0001032601,wuchereria_bancrofti_prjeb536,True
WBA_0001032701,wuchereria_bancrofti_prjeb536,False
WBA_0001032801,wuchereria_bancrofti_prjeb536,True
WBA_0001032901,wuchereria_bancrofti_prjeb536,True
WBA_0001033001,wuchereria_bancrofti_prjeb536,False
WBA_0001033101,wuchereria_bancrofti_prjeb536,True
WBA_0001033201,wuchereria_bancrofti_prjeb536,True
WBA_0001033301,wuchereria_bancrofti_prjeb536,True
WBA_0001033401,wuchereria_bancrofti_prjeb536,True
WBA_0001033501,wuchereria_bancrofti_prjeb536,True
WBA_0001033601,wuchereria_bancrofti_prjeb536,False
WBA_0001033701,wuchereria_bancrofti_prjeb536,True
WBA_0001033801,wuchereria_bancrofti_prjeb536,False
WBA_0001033901,wuchereria_bancrofti_prjeb536,True
WBA_0001034001,wuchereria_bancrofti_prjeb536,True
WBA_0001034101,wuchereria_bancrofti_prjeb536,True
WBA_0001034201,wuchereria_bancrofti_prjeb536,True
WBA_0001034301,wuchereria_bancrofti_prjeb536,True
WBA_0001034401,wuchereria_bancrofti_prjeb536,True
WBA_0001034501,wuchereria_bancrofti_prjeb536,True
WBA_0001034601,wuchereria_bancrofti_prjeb536,True
WBA_0001034701,wuchereria_bancrofti_prjeb536,True
WBA_0001034801,wuchereria_bancrofti_prjeb536,False
WBA_0001034901,wuchereria_bancrofti_prjeb536,True
WBA_0001035001,wuchereria_bancrofti_prjeb536,False
WBA_0001035101,wuchereria_bancrofti_prjeb536,True
WBA_0001035201,wuchereria_bancrofti_prjeb536,True
WBA_0001035301,wuchereria_bancrofti_prjeb536,True
WBA_0001035401,wuchereria_bancrofti_prjeb536,True
WBA_0001035501,wuchereria_bancrofti_prjeb536,True
WBA_0001035601,wuchereria_bancrofti_prjeb536,True
WBA_0001035701,wuchereria_bancrofti_prjeb536,True
WBA_0001035801,wuchereria_bancrofti_prjeb536,True
WBA_0001036101,wuchereria_bancrofti_prjeb536,True
WBA_0001036201,wuchereria_bancrofti_prjeb536,True
WBA_0001036301,wuchereria_bancrofti_prjeb536,True
WBA_0001036401,wuchereria_bancrofti_prjeb536,True
WBA_0001036501,wuchereria_bancrofti_prjeb536,True
WBA_0001036601,wuchereria_bancrofti_prjeb536,True
WBA_0001036701,wuchereria_bancrofti_prjeb536,True
WBA_0001036801,wuchereria_bancrofti_prjeb536,True
WBA_0001036901,wuchereria_bancrofti_prjeb536,True
WBA_0001037001,wuchereria_bancrofti_prjeb536,True
WBA_0001037101,wuchereria_bancrofti_prjeb536,True
WBA_0001037201,wuchereria_bancrofti_prjeb536,True
WBA_0001037301,wuchereria_bancrofti_prjeb536,True
WBA_0001037401,wuchereria_bancrofti_prjeb536,False
WBA_0001037501,wuchereria_bancrofti_prjeb536,False
WBA_0001037601,wuchereria_bancrofti_prjeb536,True
WBA_0001037701,wuchereria_bancrofti_prjeb536,False
WBA_0001037801,wuchereria_bancrofti_prjeb536,False
WBA_0001037901,wuchereria_bancrofti_prjeb536,True
WBA_0001038001,wuchereria_bancrofti_prjeb536,False
WBA_0001038101,wuchereria_bancrofti_prjeb536,False
WBA_0001038201,wuchereria_bancrofti_prjeb536,True
WBA_0001038301,wuchereria_bancrofti_prjeb536,True
WBA_0001038401,wuchereria_bancrofti_prjeb536,True
WBA_0001038501,wuchereria_bancrofti_prjeb536,True
WBA_0001038601,wuchereria_bancrofti_prjeb536,False
WBA_0001038701,wuchereria_bancrofti_prjeb536,True
WBA_0001038801,wuchereria_bancrofti_prjeb536,True
WBA_0001038901,wuchereria_bancrofti_prjeb536,True
WBA_0001039001,wuchereria_bancrofti_prjeb536,True
WBA_0001039101,wuchereria_bancrofti_prjeb536,True
WBA_0001039201,wuchereria_bancrofti_prjeb536,True
WBA_0001039301,wuchereria_bancrofti_prjeb536,True
WBA_0001039401,wuchereria_bancrofti_prjeb536,True
WBA_0001039501,wuchereria_bancrofti_prjeb536,True
WBA_0001039601,wuchereria_bancrofti_prjeb536,True
WBA_0001039701,wuchereria_bancrofti_prjeb536,False
WBA_0001039801,wuchereria_bancrofti_prjeb536,True
WBA_0001039901,wuchereria_bancrofti_prjeb536,True
WBA_0001040001,wuchereria_bancrofti_prjeb536,True
WBA_0001040101,wuchereria_bancrofti_prjeb536,False
WBA_0001040201,wuchereria_bancrofti_prjeb536,True
WBA_0001040301,wuchereria_bancrofti_prjeb536,True
WBA_0001040401,wuchereria_bancrofti_prjeb536,False
WBA_0001040501,wuchereria_bancrofti_prjeb536,True
WBA_0001040601,wuchereria_bancrofti_prjeb536,True
WBA_0001040701,wuchereria_bancrofti_prjeb536,True
WBA_0001040801,wuchereria_bancrofti_prjeb536,False
WBA_0001040901,wuchereria_bancrofti_prjeb536,True
WBA_0001041001,wuchereria_bancrofti_prjeb536,True
WBA_0001041101,wuchereria_bancrofti_prjeb536,False
WBA_0001041201,wuchereria_bancrofti_prjeb536,False
WBA_0001041301,wuchereria_bancrofti_prjeb536,False
WBA_0001041401,wuchereria_bancrofti_prjeb536,True
WBA_0001041501,wuchereria_bancrofti_prjeb536,False
WBA_0001041601,wuchereria_bancrofti_prjeb536,False
WBA_0001041701,wuchereria_bancrofti_prjeb536,True
WBA_0001041801,wuchereria_bancrofti_prjeb536,True
WBA_0001041901,wuchereria_bancrofti_prjeb536,True
WBA_0001042001,wuchereria_bancrofti_prjeb536,True
WBA_0001042101,wuchereria_bancrofti_prjeb536,True
WBA_0001042201,wuchereria_bancrofti_prjeb536,True
WBA_0001042301,wuchereria_bancrofti_prjeb536,True
WBA_0001042401,wuchereria_bancrofti_prjeb536,True
WBA_0001042501,wuchereria_bancrofti_prjeb536,True
WBA_0001042601,wuchereria_bancrofti_prjeb536,True
WBA_0001042701,wuchereria_bancrofti_prjeb536,False
WBA_0001042801,wuchereria_bancrofti_prjeb536,True
WBA_0001042901,wuchereria_bancrofti_prjeb536,True
WBA_0001043001,wuchereria_bancrofti_prjeb536,True
WBA_0001043101,wuchereria_bancrofti_prjeb536,True
WBA_0001043201,wuchereria_bancrofti_prjeb536,False
WBA_0001043301,wuchereria_bancrofti_prjeb536,True
WBA_0001043401,wuchereria_bancrofti_prjeb536,True
WBA_0001043501,wuchereria_bancrofti_prjeb536,True
WBA_0001043601,wuchereria_bancrofti_prjeb536,True
WBA_0001043701,wuchereria_bancrofti_prjeb536,True
WBA_0001043801,wuchereria_bancrofti_prjeb536,True
WBA_0001043901,wuchereria_bancrofti_prjeb536,True
WBA_0001044001,wuchereria_bancrofti_prjeb536,True
WBA_0001044101,wuchereria_bancrofti_prjeb536,True
WBA_0001044201,wuchereria_bancrofti_prjeb536,True
WBA_0001044301,wuchereria_bancrofti_prjeb536,False
WBA_0001044401,wuchereria_bancrofti_prjeb536,True
WBA_0001044501,wuchereria_bancrofti_prjeb536,True
WBA_0001044601,wuchereria_bancrofti_prjeb536,True
WBA_0001044701,wuchereria_bancrofti_prjeb536,True
WBA_0001044801,wuchereria_bancrofti_prjeb536,True
WBA_0001044901,wuchereria_bancrofti_prjeb536,True
WBA_0001045001,wuchereria_bancrofti_prjeb536,True
WBA_0001045101,wuchereria_bancrofti_prjeb536,True
WBA_0001045201,wuchereria_bancrofti_prjeb536,True
WBA_0001045301,wuchereria_bancrofti_prjeb536,True
WBA_0001045401,wuchereria_bancrofti_prjeb536,False
WBA_0001045501,wuchereria_bancrofti_prjeb536,False
WBA_0001045601,wuchereria_bancrofti_prjeb536,True
WBA_0001045701,wuchereria_bancrofti_prjeb536,False
WBA_0001045801,wuchereria_bancrofti_prjeb536,True
WBA_0001045901,wuchereria_bancrofti_prjeb536,False
WBA_0001046001,wuchereria_bancrofti_prjeb536,True
WBA_0001046101,wuchereria_bancrofti_prjeb536,True
WBA_0001046201,wuchereria_bancrofti_prjeb536,True
WBA_0001046301,wuchereria_bancrofti_prjeb536,False
WBA_0001046401,wuchereria_bancrofti_prjeb536,False
WBA_0001046501,wuchereria_bancrofti_prjeb536,True
WBA_0001046601,wuchereria_bancrofti_prjeb536,True
WBA_0001046701,wuchereria_bancrofti_prjeb536,False
WBA_0001046801,wuchereria_bancrofti_prjeb536,True
WBA_0001046901,wuchereria_bancrofti_prjeb536,False
WBA_0001047001,wuchereria_bancrofti_prjeb536,True
WBA_0001047101,wuchereria_bancrofti_prjeb536,True
WBA_0001047201,wuchereria_bancrofti_prjeb536,True
WBA_0001047301,wuchereria_bancrofti_prjeb536,False
WBA_0001047401,wuchereria_bancrofti_prjeb536,False
WBA_0001047501,wuchereria_bancrofti_prjeb536,True
WBA_0001047601,wuchereria_bancrofti_prjeb536,True
WBA_0001047701,wuchereria_bancrofti_prjeb536,True
WBA_0001047801,wuchereria_bancrofti_prjeb536,True
WBA_0001047901,wuchereria_bancrofti_prjeb536,True
WBA_0001048001,wuchereria_bancrofti_prjeb536,False
WBA_0001048101,wuchereria_bancrofti_prjeb536,True
WBA_0001048201,wuchereria_bancrofti_prjeb536,True
WBA_0001048301,wuchereria_bancrofti_prjeb536,True
WBA_0001048401,wuchereria_bancrofti_prjeb536,True
WBA_0001048501,wuchereria_bancrofti_prjeb536,False
WBA_0001048601,wuchereria_bancrofti_prjeb536,True
WBA_0001048701,wuchereria_bancrofti_prjeb536,False
WBA_0001048801,wuchereria_bancrofti_prjeb536,True
WBA_0001048901,wuchereria_bancrofti_prjeb536,True
WBA_0001049001,wuchereria_bancrofti_prjeb536,True
WBA_0001049101,wuchereria_bancrofti_prjeb536,True
WBA_0001049201,wuchereria_bancrofti_prjeb536,True
WBA_0001049301,wuchereria_bancrofti_prjeb536,True
WBA_0001049401,wuchereria_bancrofti_prjeb536,False
WBA_0001049501,wuchereria_bancrofti_prjeb536,True
WBA_0001049601,wuchereria_bancrofti_prjeb536,False
WBA_0001049701,wuchereria_bancrofti_prjeb536,True
WBA_0001049801,wuchereria_bancrofti_prjeb536,True
WBA_0001049901,wuchereria_bancrofti_prjeb536,True
WBA_0001050001,wuchereria_bancrofti_prjeb536,True
WBA_0001050101,wuchereria_bancrofti_prjeb536,True
WBA_0001050201,wuchereria_bancrofti_prjeb536,True
WBA_0001050301,wuchereria_bancrofti_prjeb536,True
WBA_0001050401,wuchereria_bancrofti_prjeb536,True
WBA_0001050501,wuchereria_bancrofti_prjeb536,False
WBA_0001050601,wuchereria_bancrofti_prjeb536,False
WBA_0001050701,wuchereria_bancrofti_prjeb536,True
WBA_0001050801,wuchereria_bancrofti_prjeb536,True
WBA_0001050901,wuchereria_bancrofti_prjeb536,True
WBA_0001051001,wuchereria_bancrofti_prjeb536,True
WBA_0001051101,wuchereria_bancrofti_prjeb536,True
WBA_0001051201,wuchereria_bancrofti_prjeb536,True
WBA_0001051301,wuchereria_bancrofti_prjeb536,True
WBA_0001051401,wuchereria_bancrofti_prjeb536,True
WBA_0001051501,wuchereria_bancrofti_prjeb536,True
WBA_0001051601,wuchereria_bancrofti_prjeb536,True
WBA_0001051701,wuchereria_bancrofti_prjeb536,False
WBA_0001051801,wuchereria_bancrofti_prjeb536,True
WBA_0001051901,wuchereria_bancrofti_prjeb536,True
WBA_0001052001,wuchereria_bancrofti_prjeb536,True
WBA_0001052101,wuchereria_bancrofti_prjeb536,True
WBA_0001052201,wuchereria_bancrofti_prjeb536,True
WBA_0001052301,wuchereria_bancrofti_prjeb536,True
WBA_0001052401,wuchereria_bancrofti_prjeb536,False
WBA_0001052501,wuchereria_bancrofti_prjeb536,True
WBA_0001052601,wuchereria_bancrofti_prjeb536,True
WBA_0001052701,wuchereria_bancrofti_prjeb536,True
WBA_0001052801,wuchereria_bancrofti_prjeb536,True
WBA_0001052901,wuchereria_bancrofti_prjeb536,True
WBA_0001053001,wuchereria_bancrofti_prjeb536,True
WBA_0001053101,wuchereria_bancrofti_prjeb536,True
WBA_0001053201,wuchereria_bancrofti_prjeb536,True
WBA_0001053301,wuchereria_bancrofti_prjeb536,True
WBA_0001053401,wuchereria_bancrofti_prjeb536,True
WBA_0001053501,wuchereria_bancrofti_prjeb536,True
WBA_0001053601,wuchereria_bancrofti_prjeb536,False
WBA_0001053701,wuchereria_bancrofti_prjeb536,True
WBA_0001053801,wuchereria_bancrofti_prjeb536,True
WBA_0001053901,wuchereria_bancrofti_prjeb536,False
WBA_0001054001,wuchereria_bancrofti_prjeb536,False
WBA_0001054101,wuchereria_bancrofti_prjeb536,True
WBA_0001054201,wuchereria_bancrofti_prjeb536,True
WBA_0001054301,wuchereria_bancrofti_prjeb536,True
WBA_0001054401,wuchereria_bancrofti_prjeb536,True
WBA_0001054501,wuchereria_bancrofti_prjeb536,True
WBA_0001054601,wuchereria_bancrofti_prjeb536,True
WBA_0001054701,wuchereria_bancrofti_prjeb536,True
WBA_0001054801,wuchereria_bancrofti_prjeb536,False
WBA_0001054901,wuchereria_bancrofti_prjeb536,False
WBA_0001055001,wuchereria_bancrofti_prjeb536,False
WBA_0001055101,wuchereria_bancrofti_prjeb536,False
WBA_0001055201,wuchereria_bancrofti_prjeb536,True
WBA_0001055301,wuchereria_bancrofti_prjeb536,True
WBA_0001055401,wuchereria_bancrofti_prjeb536,True
WBA_0001055501,wuchereria_bancrofti_prjeb536,True
WBA_0001055601,wuchereria_bancrofti_prjeb536,True
WBA_0001055701,wuchereria_bancrofti_prjeb536,False
WBA_0001055801,wuchereria_bancrofti_prjeb536,True
WBA_0001055901,wuchereria_bancrofti_prjeb536,True
WBA_0001056001,wuchereria_bancrofti_prjeb536,True
WBA_0001056101,wuchereria_bancrofti_prjeb536,True
WBA_0001056201,wuchereria_bancrofti_prjeb536,True
WBA_0001056301,wuchereria_bancrofti_prjeb536,True
WBA_0001056401,wuchereria_bancrofti_prjeb536,True
WBA_0001056501,wuchereria_bancrofti_prjeb536,True
WBA_0001056601,wuchereria_bancrofti_prjeb536,False
WBA_0001056701,wuchereria_bancrofti_prjeb536,True
WBA_0001056801,wuchereria_bancrofti_prjeb536,True
WBA_0001056901,wuchereria_bancrofti_prjeb536,True
WBA_0001057001,wuchereria_bancrofti_prjeb536,True
WBA_0001057101,wuchereria_bancrofti_prjeb536,True
WBA_0001057201,wuchereria_bancrofti_prjeb536,True
WBA_0001057301,wuchereria_bancrofti_prjeb536,True
WBA_0001057401,wuchereria_bancrofti_prjeb536,True
WBA_0001057501,wuchereria_bancrofti_prjeb536,False
WBA_0001057601,wuchereria_bancrofti_prjeb536,False
WBA_0001057701,wuchereria_bancrofti_prjeb536,False
WBA_0001057801,wuchereria_bancrofti_prjeb536,True
WBA_0001057901,wuchereria_bancrofti_prjeb536,True
WBA_0001058001,wuchereria_bancrofti_prjeb536,True
WBA_0001058101,wuchereria_bancrofti_prjeb536,True
WBA_0001058201,wuchereria_bancrofti_prjeb536,False
WBA_0001058301,wuchereria_bancrofti_prjeb536,True
WBA_0001058401,wuchereria_bancrofti_prjeb536,False
WBA_0001058501,wuchereria_bancrofti_prjeb536,True
WBA_0001058601,wuchereria_bancrofti_prjeb536,True
WBA_0001058701,wuchereria_bancrofti_prjeb536,True
WBA_0001058801,wuchereria_bancrofti_prjeb536,True
WBA_0001058901,wuchereria_bancrofti_prjeb536,True
WBA_0001059001,wuchereria_bancrofti_prjeb536,False
WBA_0001059101,wuchereria_bancrofti_prjeb536,True
WBA_0001059201,wuchereria_bancrofti_prjeb536,True
WBA_0001059301,wuchereria_bancrofti_prjeb536,False
WBA_0001059401,wuchereria_bancrofti_prjeb536,True
WBA_0001059501,wuchereria_bancrofti_prjeb536,True
WBA_0001059601,wuchereria_bancrofti_prjeb536,False
WBA_0001059701,wuchereria_bancrofti_prjeb536,True
WBA_0001059801,wuchereria_bancrofti_prjeb536,True
WBA_0001059901,wuchereria_bancrofti_prjeb536,True
WBA_0001060001,wuchereria_bancrofti_prjeb536,True
WBA_0001060101,wuchereria_bancrofti_prjeb536,True
WBA_0001060201,wuchereria_bancrofti_prjeb536,False
WBA_0001060301,wuchereria_bancrofti_prjeb536,False
WBA_0001060401,wuchereria_bancrofti_prjeb536,False
WBA_0001060501,wuchereria_bancrofti_prjeb536,True
WBA_0001060601,wuchereria_bancrofti_prjeb536,True
WBA_0001060701,wuchereria_bancrofti_prjeb536,True
WBA_0001060801,wuchereria_bancrofti_prjeb536,True
WBA_0001060901,wuchereria_bancrofti_prjeb536,True
WBA_0001061001,wuchereria_bancrofti_prjeb536,True
WBA_0001061101,wuchereria_bancrofti_prjeb536,True
WBA_0001061201,wuchereria_bancrofti_prjeb536,True
WBA_0001061301,wuchereria_bancrofti_prjeb536,True
WBA_0001061401,wuchereria_bancrofti_prjeb536,True
WBA_0001061501,wuchereria_bancrofti_prjeb536,False
WBA_0001061601,wuchereria_bancrofti_prjeb536,True
WBA_0001061701,wuchereria_bancrofti_prjeb536,True
WBA_0001061801,wuchereria_bancrofti_prjeb536,False
WBA_0001061901,wuchereria_bancrofti_prjeb536,True
WBA_0001062001,wuchereria_bancrofti_prjeb536,True
WBA_0001062101,wuchereria_bancrofti_prjeb536,True
WBA_0001062201,wuchereria_bancrofti_prjeb536,True
WBA_0001062301,wuchereria_bancrofti_prjeb536,True
WBA_0001062401,wuchereria_bancrofti_prjeb536,True
WBA_0001062501,wuchereria_bancrofti_prjeb536,True
WBA_0001062601,wuchereria_bancrofti_prjeb536,True
WBA_0001062701,wuchereria_bancrofti_prjeb536,True
WBA_0001062801,wuchereria_bancrofti_prjeb536,True
WBA_0001062901,wuchereria_bancrofti_prjeb536,True
WBA_0001063001,wuchereria_bancrofti_prjeb536,False
WBA_0001063101,wuchereria_bancrofti_prjeb536,True
WBA_0001063201,wuchereria_bancrofti_prjeb536,True
WBA_0001063301,wuchereria_bancrofti_prjeb536,True
WBA_0001063401,wuchereria_bancrofti_prjeb536,True
WBA_0001063501,wuchereria_bancrofti_prjeb536,True
WBA_0001063601,wuchereria_bancrofti_prjeb536,True
WBA_0001063701,wuchereria_bancrofti_prjeb536,False
WBA_0001063801,wuchereria_bancrofti_prjeb536,True
WBA_0001063901,wuchereria_bancrofti_prjeb536,True
WBA_0001064001,wuchereria_bancrofti_prjeb536,True
WBA_0001064101,wuchereria_bancrofti_prjeb536,True
WBA_0001064201,wuchereria_bancrofti_prjeb536,True
WBA_0001064301,wuchereria_bancrofti_prjeb536,True
WBA_0001064401,wuchereria_bancrofti_prjeb536,True
WBA_0001064501,wuchereria_bancrofti_prjeb536,True
WBA_0001064601,wuchereria_bancrofti_prjeb536,True
WBA_0001064701,wuchereria_bancrofti_prjeb536,True
WBA_0001064801,wuchereria_bancrofti_prjeb536,False
WBA_0001064901,wuchereria_bancrofti_prjeb536,True
WBA_0001065001,wuchereria_bancrofti_prjeb536,True
WBA_0001065101,wuchereria_bancrofti_prjeb536,True
WBA_0001065201,wuchereria_bancrofti_prjeb536,True
WBA_0001065301,wuchereria_bancrofti_prjeb536,True
WBA_0001065401,wuchereria_bancrofti_prjeb536,True
WBA_0001065501,wuchereria_bancrofti_prjeb536,True
WBA_0001065601,wuchereria_bancrofti_prjeb536,True
WBA_0001065701,wuchereria_bancrofti_prjeb536,True
WBA_0001065801,wuchereria_bancrofti_prjeb536,True
WBA_0001065901,wuchereria_bancrofti_prjeb536,False
WBA_0001066001,wuchereria_bancrofti_prjeb536,True
WBA_0001066101,wuchereria_bancrofti_prjeb536,True
WBA_0001066201,wuchereria_bancrofti_prjeb536,True
WBA_0001066301,wuchereria_bancrofti_prjeb536,False
WBA_0001066401,wuchereria_bancrofti_prjeb536,True
WBA_0001066501,wuchereria_bancrofti_prjeb536,True
WBA_0001066601,wuchereria_bancrofti_prjeb536,False
WBA_0001066701,wuchereria_bancrofti_prjeb536,True
WBA_0001066801,wuchereria_bancrofti_prjeb536,True
WBA_0001066901,wuchereria_bancrofti_prjeb536,False
WBA_0001067001,wuchereria_bancrofti_prjeb536,True
WBA_0001067101,wuchereria_bancrofti_prjeb536,True
WBA_0001067201,wuchereria_bancrofti_prjeb536,True
WBA_0001067301,wuchereria_bancrofti_prjeb536,True
WBA_0001067401,wuchereria_bancrofti_prjeb536,True
WBA_0001067501,wuchereria_bancrofti_prjeb536,True
WBA_0001067601,wuchereria_bancrofti_prjeb536,True
WBA_0001067701,wuchereria_bancrofti_prjeb536,True
WBA_0001067801,wuchereria_bancrofti_prjeb536,True
WBA_0001067901,wuchereria_bancrofti_prjeb536,True
WBA_0001068001,wuchereria_bancrofti_prjeb536,False
WBA_0001068101,wuchereria_bancrofti_prjeb536,False
WBA_0001068201,wuchereria_bancrofti_prjeb536,True
WBA_0001068301,wuchereria_bancrofti_prjeb536,True
WBA_0001068401,wuchereria_bancrofti_prjeb536,True
WBA_0001068501,wuchereria_bancrofti_prjeb536,True
WBA_0001068601,wuchereria_bancrofti_prjeb536,True
WBA_0001068701,wuchereria_bancrofti_prjeb536,False
WBA_0001068801,wuchereria_bancrofti_prjeb536,True
WBA_0001068901,wuchereria_bancrofti_prjeb536,False
WBA_0001069001,wuchereria_bancrofti_prjeb536,True
WBA_0001069101,wuchereria_bancrofti_prjeb536,True
WBA_0001069201,wuchereria_bancrofti_prjeb536,True
WBA_0001069301,wuchereria_bancrofti_prjeb536,True
WBA_0001069401,wuchereria_bancrofti_prjeb536,False
WBA_0001069501,wuchereria_bancrofti_prjeb536,False
WBA_0001069601,wuchereria_bancrofti_prjeb536,True
WBA_0001069701,wuchereria_bancrofti_prjeb536,True
WBA_0001069801,wuchereria_bancrofti_prjeb536,True
WBA_0001069901,wuchereria_bancrofti_prjeb536,True
WBA_0001070001,wuchereria_bancrofti_prjeb536,False
WBA_0001070101,wuchereria_bancrofti_prjeb536,True
WBA_0001070201,wuchereria_bancrofti_prjeb536,True
WBA_0001070301,wuchereria_bancrofti_prjeb536,False
WBA_0001070401,wuchereria_bancrofti_prjeb536,True
WBA_0001070501,wuchereria_bancrofti_prjeb536,False
WBA_0001070601,wuchereria_bancrofti_prjeb536,False
WBA_0001070701,wuchereria_bancrofti_prjeb536,False
WBA_0001070801,wuchereria_bancrofti_prjeb536,True
WBA_0001070901,wuchereria_bancrofti_prjeb536,True
WBA_0001071001,wuchereria_bancrofti_prjeb536,True
WBA_0001071101,wuchereria_bancrofti_prjeb536,True
WBA_0001071201,wuchereria_bancrofti_prjeb536,True
WBA_0001071301,wuchereria_bancrofti_prjeb536,True
WBA_0001071401,wuchereria_bancrofti_prjeb536,True
WBA_0001071501,wuchereria_bancrofti_prjeb536,True
WBA_0001071601,wuchereria_bancrofti_prjeb536,True
WBA_0001071701,wuchereria_bancrofti_prjeb536,True
WBA_0001071801,wuchereria_bancrofti_prjeb536,True
WBA_0001071901,wuchereria_bancrofti_prjeb536,False
WBA_0001072001,wuchereria_bancrofti_prjeb536,True
WBA_0001072101,wuchereria_bancrofti_prjeb536,True
WBA_0001072201,wuchereria_bancrofti_prjeb536,True
WBA_0001072301,wuchereria_bancrofti_prjeb536,True
WBA_0001072401,wuchereria_bancrofti_prjeb536,True
WBA_0001072501,wuchereria_bancrofti_prjeb536,True
WBA_0001072601,wuchereria_bancrofti_prjeb536,False
WBA_0001072701,wuchereria_bancrofti_prjeb536,True
WBA_0001072801,wuchereria_bancrofti_prjeb536,True
WBA_0001072901,wuchereria_bancrofti_prjeb536,True
WBA_0001073001,wuchereria_bancrofti_prjeb536,True
WBA_0001073101,wuchereria_bancrofti_prjeb536,False
WBA_0001073201,wuchereria_bancrofti_prjeb536,True
WBA_0001073301,wuchereria_bancrofti_prjeb536,False
WBA_0001073401,wuchereria_bancrofti_prjeb536,True
WBA_0001073501,wuchereria_bancrofti_prjeb536,True
WBA_0001073601,wuchereria_bancrofti_prjeb536,True
WBA_0001073701,wuchereria_bancrofti_prjeb536,True
WBA_0001073801,wuchereria_bancrofti_prjeb536,True
WBA_0001073901,wuchereria_bancrofti_prjeb536,True
WBA_0001074001,wuchereria_bancrofti_prjeb536,True
WBA_0001074101,wuchereria_bancrofti_prjeb536,True
WBA_0001074201,wuchereria_bancrofti_prjeb536,False
WBA_0001074301,wuchereria_bancrofti_prjeb536,True
WBA_0001074401,wuchereria_bancrofti_prjeb536,False
WBA_0001074501,wuchereria_bancrofti_prjeb536,True
WBA_0001074601,wuchereria_bancrofti_prjeb536,True
WBA_0001074701,wuchereria_bancrofti_prjeb536,True
WBA_0001074801,wuchereria_bancrofti_prjeb536,False
WBA_0001074901,wuchereria_bancrofti_prjeb536,False
WBA_0001075001,wuchereria_bancrofti_prjeb536,True
WBA_0001075101,wuchereria_bancrofti_prjeb536,True
WBA_0001075201,wuchereria_bancrofti_prjeb536,True
WBA_0001075301,wuchereria_bancrofti_prjeb536,True
WBA_0001075401,wuchereria_bancrofti_prjeb536,True
WBA_0001075501,wuchereria_bancrofti_prjeb536,False
WBA_0001075601,wuchereria_bancrofti_prjeb536,True
WBA_0001075701,wuchereria_bancrofti_prjeb536,True
WBA_0001075801,wuchereria_bancrofti_prjeb536,True
WBA_0001075901,wuchereria_bancrofti_prjeb536,True
WBA_0001076001,wuchereria_bancrofti_prjeb536,True
WBA_0001076101,wuchereria_bancrofti_prjeb536,True
WBA_0001076201,wuchereria_bancrofti_prjeb536,True
WBA_0001076301,wuchereria_bancrofti_prjeb536,True
WBA_0001076401,wuchereria_bancrofti_prjeb536,False
WBA_0001076501,wuchereria_bancrofti_prjeb536,True
WBA_0001076601,wuchereria_bancrofti_prjeb536,True
WBA_0001076701,wuchereria_bancrofti_prjeb536,True
WBA_0001076801,wuchereria_bancrofti_prjeb536,True
WBA_0001076901,wuchereria_bancrofti_prjeb536,True
WBA_0001077001,wuchereria_bancrofti_prjeb536,True
WBA_0001077101,wuchereria_bancrofti_prjeb536,True
WBA_0001077201,wuchereria_bancrofti_prjeb536,True
WBA_0001077301,wuchereria_bancrofti_prjeb536,True
WBA_0001077401,wuchereria_bancrofti_prjeb536,True
WBA_0001077501,wuchereria_bancrofti_prjeb536,True
WBA_0001077601,wuchereria_bancrofti_prjeb536,True
WBA_0001077701,wuchereria_bancrofti_prjeb536,True
WBA_0001077801,wuchereria_bancrofti_prjeb536,True
WBA_0001077901,wuchereria_bancrofti_prjeb536,False
WBA_0001078001,wuchereria_bancrofti_prjeb536,True
WBA_0001078101,wuchereria_bancrofti_prjeb536,True
WBA_0001078201,wuchereria_bancrofti_prjeb536,True
WBA_0001078301,wuchereria_bancrofti_prjeb536,True
WBA_0001078401,wuchereria_bancrofti_prjeb536,True
WBA_0001078501,wuchereria_bancrofti_prjeb536,True
WBA_0001078601,wuchereria_bancrofti_prjeb536,True
WBA_0001078701,wuchereria_bancrofti_prjeb536,True
WBA_0001078801,wuchereria_bancrofti_prjeb536,False
WBA_0001078901,wuchereria_bancrofti_prjeb536,True
WBA_0001079001,wuchereria_bancrofti_prjeb536,True
WBA_0001079101,wuchereria_bancrofti_prjeb536,True
WBA_0001079201,wuchereria_bancrofti_prjeb536,True
WBA_0001079301,wuchereria_bancrofti_prjeb536,True
WBA_0001079401,wuchereria_bancrofti_prjeb536,True
WBA_0001079501,wuchereria_bancrofti_prjeb536,True
WBA_0001079601,wuchereria_bancrofti_prjeb536,True
WBA_0001079701,wuchereria_bancrofti_prjeb536,True
WBA_0001079801,wuchereria_bancrofti_prjeb536,True
WBA_0001079901,wuchereria_bancrofti_prjeb536,False
WBA_0001080001,wuchereria_bancrofti_prjeb536,True
WBA_0001080101,wuchereria_bancrofti_prjeb536,True
WBA_0001080201,wuchereria_bancrofti_prjeb536,True
WBA_0001080301,wuchereria_bancrofti_prjeb536,False
WBA_0001080401,wuchereria_bancrofti_prjeb536,False
WBA_0001080501,wuchereria_bancrofti_prjeb536,True
WBA_0001080601,wuchereria_bancrofti_prjeb536,True
WBA_0001080701,wuchereria_bancrofti_prjeb536,True
WBA_0001080801,wuchereria_bancrofti_prjeb536,True
WBA_0001080901,wuchereria_bancrofti_prjeb536,True
WBA_0001081001,wuchereria_bancrofti_prjeb536,True
WBA_0001081101,wuchereria_bancrofti_prjeb536,True
WBA_0001081201,wuchereria_bancrofti_prjeb536,True
WBA_0001081301,wuchereria_bancrofti_prjeb536,True
WBA_0001081401,wuchereria_bancrofti_prjeb536,True
WBA_0001081501,wuchereria_bancrofti_prjeb536,True
WBA_0001081601,wuchereria_bancrofti_prjeb536,True
WBA_0001081701,wuchereria_bancrofti_prjeb536,False
WBA_0001081801,wuchereria_bancrofti_prjeb536,True
WBA_0001081901,wuchereria_bancrofti_prjeb536,True
WBA_0001082001,wuchereria_bancrofti_prjeb536,False
WBA_0001082101,wuchereria_bancrofti_prjeb536,True
WBA_0001082201,wuchereria_bancrofti_prjeb536,True
WBA_0001082301,wuchereria_bancrofti_prjeb536,False
WBA_0001082401,wuchereria_bancrofti_prjeb536,True
WBA_0001082501,wuchereria_bancrofti_prjeb536,True
WBA_0001082601,wuchereria_bancrofti_prjeb536,False
WBA_0001082701,wuchereria_bancrofti_prjeb536,True
WBA_0001082801,wuchereria_bancrofti_prjeb536,True
WBA_0001082901,wuchereria_bancrofti_prjeb536,True
WBA_0001083001,wuchereria_bancrofti_prjeb536,True
WBA_0001083101,wuchereria_bancrofti_prjeb536,True
WBA_0001083201,wuchereria_bancrofti_prjeb536,True
WBA_0001083301,wuchereria_bancrofti_prjeb536,True
WBA_0001083401,wuchereria_bancrofti_prjeb536,True
WBA_0001083501,wuchereria_bancrofti_prjeb536,True
WBA_0001083601,wuchereria_bancrofti_prjeb536,True
WBA_0001083701,wuchereria_bancrofti_prjeb536,True
WBA_0001083801,wuchereria_bancrofti_prjeb536,True
WBA_0001083901,wuchereria_bancrofti_prjeb536,True
WBA_0001084001,wuchereria_bancrofti_prjeb536,True
WBA_0001084101,wuchereria_bancrofti_prjeb536,True
WBA_0001084201,wuchereria_bancrofti_prjeb536,False
WBA_0001084301,wuchereria_bancrofti_prjeb536,False
WBA_0001084401,wuchereria_bancrofti_prjeb536,True
WBA_0001084501,wuchereria_bancrofti_prjeb536,True
WBA_0001084601,wuchereria_bancrofti_prjeb536,True
WBA_0001084701,wuchereria_bancrofti_prjeb536,True
WBA_0001084801,wuchereria_bancrofti_prjeb536,True
WBA_0001084901,wuchereria_bancrofti_prjeb536,True
WBA_0001085001,wuchereria_bancrofti_prjeb536,True
WBA_0001085101,wuchereria_bancrofti_prjeb536,True
WBA_0001085201,wuchereria_bancrofti_prjeb536,True
WBA_0001085301,wuchereria_bancrofti_prjeb536,True
WBA_0001085401,wuchereria_bancrofti_prjeb536,True
WBA_0001085501,wuchereria_bancrofti_prjeb536,False
WBA_0001085601,wuchereria_bancrofti_prjeb536,True
WBA_0001085701,wuchereria_bancrofti_prjeb536,False
WBA_0001085801,wuchereria_bancrofti_prjeb536,True
WBA_0001085901,wuchereria_bancrofti_prjeb536,False
WBA_0001086001,wuchereria_bancrofti_prjeb536,True
WBA_0001086101,wuchereria_bancrofti_prjeb536,True
WBA_0001086201,wuchereria_bancrofti_prjeb536,True
WBA_0001086301,wuchereria_bancrofti_prjeb536,True
WBA_0001086401,wuchereria_bancrofti_prjeb536,True
WBA_0001086501,wuchereria_bancrofti_prjeb536,True
WBA_0001086601,wuchereria_bancrofti_prjeb536,False
WBA_0001086701,wuchereria_bancrofti_prjeb536,True
WBA_0001086801,wuchereria_bancrofti_prjeb536,True
WBA_0001086901,wuchereria_bancrofti_prjeb536,True
WBA_0001087001,wuchereria_bancrofti_prjeb536,True
WBA_0001087101,wuchereria_bancrofti_prjeb536,True
WBA_0001087201,wuchereria_bancrofti_prjeb536,True
WBA_0001087301,wuchereria_bancrofti_prjeb536,True
WBA_0001087401,wuchereria_bancrofti_prjeb536,True
WBA_0001087501,wuchereria_bancrofti_prjeb536,True
WBA_0001087601,wuchereria_bancrofti_prjeb536,True
WBA_0001087701,wuchereria_bancrofti_prjeb536,True
WBA_0001087801,wuchereria_bancrofti_prjeb536,False
WBA_0001087901,wuchereria_bancrofti_prjeb536,True
WBA_0001088001,wuchereria_bancrofti_prjeb536,False
WBA_0001088101,wuchereria_bancrofti_prjeb536,True
WBA_0001088201,wuchereria_bancrofti_prjeb536,True
WBA_0001088301,wuchereria_bancrofti_prjeb536,True
WBA_0001088401,wuchereria_bancrofti_prjeb536,True
WBA_0001088501,wuchereria_bancrofti_prjeb536,False
WBA_0001088601,wuchereria_bancrofti_prjeb536,True
WBA_0001088701,wuchereria_bancrofti_prjeb536,True
WBA_0001088801,wuchereria_bancrofti_prjeb536,True
WBA_0001088901,wuchereria_bancrofti_prjeb536,True
WBA_0001089001,wuchereria_bancrofti_prjeb536,True
WBA_0001089101,wuchereria_bancrofti_prjeb536,True
WBA_0001089201,wuchereria_bancrofti_prjeb536,True
WBA_0001089301,wuchereria_bancrofti_prjeb536,True
WBA_0001089401,wuchereria_bancrofti_prjeb536,False
WBA_0001089501,wuchereria_bancrofti_prjeb536,True
WBA_0001089601,wuchereria_bancrofti_prjeb536,True
WBA_0001089701,wuchereria_bancrofti_prjeb536,False
WBA_0001089801,wuchereria_bancrofti_prjeb536,True
WBA_0001089901,wuchereria_bancrofti_prjeb536,True
WBA_0001090001,wuchereria_bancrofti_prjeb536,True
WBA_0001090101,wuchereria_bancrofti_prjeb536,True
WBA_0001090201,wuchereria_bancrofti_prjeb536,True
WBA_0001090301,wuchereria_bancrofti_prjeb536,False
WBA_0001090401,wuchereria_bancrofti_prjeb536,True
WBA_0001090501,wuchereria_bancrofti_prjeb536,True
WBA_0001090601,wuchereria_bancrofti_prjeb536,False
WBA_0001090701,wuchereria_bancrofti_prjeb536,True
WBA_0001090801,wuchereria_bancrofti_prjeb536,True
WBA_0001090901,wuchereria_bancrofti_prjeb536,True
WBA_0001091001,wuchereria_bancrofti_prjeb536,True
WBA_0001091101,wuchereria_bancrofti_prjeb536,True
WBA_0001091201,wuchereria_bancrofti_prjeb536,True
WBA_0001091301,wuchereria_bancrofti_prjeb536,False
WBA_0001091401,wuchereria_bancrofti_prjeb536,True
WBA_0001091501,wuchereria_bancrofti_prjeb536,True
WBA_0001091601,wuchereria_bancrofti_prjeb536,True
WBA_0001091701,wuchereria_bancrofti_prjeb536,True
WBA_0001091801,wuchereria_bancrofti_prjeb536,True
WBA_0001091901,wuchereria_bancrofti_prjeb536,True
WBA_0001092001,wuchereria_bancrofti_prjeb536,True
WBA_0001092101,wuchereria_bancrofti_prjeb536,True
WBA_0001092201,wuchereria_bancrofti_prjeb536,False
WBA_0001092301,wuchereria_bancrofti_prjeb536,True
WBA_0001092401,wuchereria_bancrofti_prjeb536,True
WBA_0001092501,wuchereria_bancrofti_prjeb536,False
WBA_0001092601,wuchereria_bancrofti_prjeb536,True
WBA_0001092701,wuchereria_bancrofti_prjeb536,True
WBA_0001092801,wuchereria_bancrofti_prjeb536,True
WBA_0001092901,wuchereria_bancrofti_prjeb536,True
WBA_0001093001,wuchereria_bancrofti_prjeb536,False
WBA_0001093101,wuchereria_bancrofti_prjeb536,True
WBA_0001093201,wuchereria_bancrofti_prjeb536,True
WBA_0001093301,wuchereria_bancrofti_prjeb536,False
WBA_0001093401,wuchereria_bancrofti_prjeb536,True
WBA_0001093501,wuchereria_bancrofti_prjeb536,True
WBA_0001093601,wuchereria_bancrofti_prjeb536,True
WBA_0001093701,wuchereria_bancrofti_prjeb536,False
WBA_0001093801,wuchereria_bancrofti_prjeb536,True
WBA_0001093901,wuchereria_bancrofti_prjeb536,True
WBA_0001094001,wuchereria_bancrofti_prjeb536,True
WBA_0001094101,wuchereria_bancrofti_prjeb536,True
WBA_0001094201,wuchereria_bancrofti_prjeb536,True
WBA_0001094301,wuchereria_bancrofti_prjeb536,False
WBA_0001094401,wuchereria_bancrofti_prjeb536,False
WBA_0001094501,wuchereria_bancrofti_prjeb536,False
WBA_0001094601,wuchereria_bancrofti_prjeb536,True
WBA_0001094701,wuchereria_bancrofti_prjeb536,True
WBA_0001094801,wuchereria_bancrofti_prjeb536,True
WBA_0001094901,wuchereria_bancrofti_prjeb536,True
WBA_0001095001,wuchereria_bancrofti_prjeb536,True
WBA_0001095101,wuchereria_bancrofti_prjeb536,True
WBA_0001095201,wuchereria_bancrofti_prjeb536,True
WBA_0001095301,wuchereria_bancrofti_prjeb536,True
WBA_0001095401,wuchereria_bancrofti_prjeb536,True
WBA_0001095501,wuchereria_bancrofti_prjeb536,True
WBA_0001095601,wuchereria_bancrofti_prjeb536,False
WBA_0001095701,wuchereria_bancrofti_prjeb536,True
WBA_0001095801,wuchereria_bancrofti_prjeb536,False
WBA_0001095901,wuchereria_bancrofti_prjeb536,True
WBA_0001096001,wuchereria_bancrofti_prjeb536,True
WBA_0001096101,wuchereria_bancrofti_prjeb536,True
WBA_0001096201,wuchereria_bancrofti_prjeb536,True
WBA_0001096301,wuchereria_bancrofti_prjeb536,True
WBA_0001096401,wuchereria_bancrofti_prjeb536,False
WBA_0001096501,wuchereria_bancrofti_prjeb536,False
WBA_0001096601,wuchereria_bancrofti_prjeb536,True
WBA_0001096701,wuchereria_bancrofti_prjeb536,True
WBA_0001096801,wuchereria_bancrofti_prjeb536,True
WBA_0001096901,wuchereria_bancrofti_prjeb536,False
WBA_0001097001,wuchereria_bancrofti_prjeb536,True
WBA_0001097101,wuchereria_bancrofti_prjeb536,True
WBA_0001097201,wuchereria_bancrofti_prjeb536,True
WBA_0001097301,wuchereria_bancrofti_prjeb536,True
WBA_0001097401,wuchereria_bancrofti_prjeb536,True
WBA_0001097501,wuchereria_bancrofti_prjeb536,True
WBA_0001097601,wuchereria_bancrofti_prjeb536,True
WBA_0001097701,wuchereria_bancrofti_prjeb536,False
WBA_0001097801,wuchereria_bancrofti_prjeb536,True
WBA_0001097901,wuchereria_bancrofti_prjeb536,True
WBA_0001098001,wuchereria_bancrofti_prjeb536,False
WBA_0001098101,wuchereria_bancrofti_prjeb536,True
WBA_0001098201,wuchereria_bancrofti_prjeb536,True
WBA_0001098301,wuchereria_bancrofti_prjeb536,True
WBA_0001098401,wuchereria_bancrofti_prjeb536,True
WBA_0001098501,wuchereria_bancrofti_prjeb536,True
WBA_0001098601,wuchereria_bancrofti_prjeb536,True
WBA_0001098701,wuchereria_bancrofti_prjeb536,True
WBA_0001098801,wuchereria_bancrofti_prjeb536,True
WBA_0001098901,wuchereria_bancrofti_prjeb536,True
WBA_0001099001,wuchereria_bancrofti_prjeb536,True
WBA_0001099101,wuchereria_bancrofti_prjeb536,True
WBA_0001099201,wuchereria_bancrofti_prjeb536,True
WBA_0001099301,wuchereria_bancrofti_prjeb536,True
WBA_0001099401,wuchereria_bancrofti_prjeb536,False
WBA_0001099501,wuchereria_bancrofti_prjeb536,True
WBA_0001099601,wuchereria_bancrofti_prjeb536,True
WBA_0001099701,wuchereria_bancrofti_prjeb536,False
WBA_0001099801,wuchereria_bancrofti_prjeb536,False
WBA_0001099901,wuchereria_bancrofti_prjeb536,True
WBA_0001100001,wuchereria_bancrofti_prjeb536,True
WBA_0001100101,wuchereria_bancrofti_prjeb536,False
WBA_0001100201,wuchereria_bancrofti_prjeb536,True
WBA_0001100301,wuchereria_bancrofti_prjeb536,True
WBA_0001100401,wuchereria_bancrofti_prjeb536,False
WBA_0001100501,wuchereria_bancrofti_prjeb536,True
WBA_0001100601,wuchereria_bancrofti_prjeb536,True
WBA_0001100701,wuchereria_bancrofti_prjeb536,True
WBA_0001100801,wuchereria_bancrofti_prjeb536,True
WBA_0001100901,wuchereria_bancrofti_prjeb536,False
WBA_0001101001,wuchereria_bancrofti_prjeb536,False
WBA_0001101101,wuchereria_bancrofti_prjeb536,True
WBA_0001101201,wuchereria_bancrofti_prjeb536,True
WBA_0001101301,wuchereria_bancrofti_prjeb536,True
WBA_0001101401,wuchereria_bancrofti_prjeb536,False
WBA_0001101501,wuchereria_bancrofti_prjeb536,True
WBA_0001101601,wuchereria_bancrofti_prjeb536,True
WBA_0001101701,wuchereria_bancrofti_prjeb536,False
WBA_0001101801,wuchereria_bancrofti_prjeb536,True
WBA_0001101901,wuchereria_bancrofti_prjeb536,True
WBA_0001102001,wuchereria_bancrofti_prjeb536,True
WBA_0001102101,wuchereria_bancrofti_prjeb536,True
WBA_0001102201,wuchereria_bancrofti_prjeb536,True
WBA_0001102301,wuchereria_bancrofti_prjeb536,True
WBA_0001102401,wuchereria_bancrofti_prjeb536,True
WBA_0001102501,wuchereria_bancrofti_prjeb536,True
WBA_0001102601,wuchereria_bancrofti_prjeb536,True
WBA_0001102701,wuchereria_bancrofti_prjeb536,True
WBA_0001102801,wuchereria_bancrofti_prjeb536,True
WBA_0001102901,wuchereria_bancrofti_prjeb536,True
WBA_0001103001,wuchereria_bancrofti_prjeb536,True
WBA_0001103101,wuchereria_bancrofti_prjeb536,True
WBA_0001103201,wuchereria_bancrofti_prjeb536,True
WBA_0001103301,wuchereria_bancrofti_prjeb536,True
WBA_0001103401,wuchereria_bancrofti_prjeb536,True
WBA_0001103501,wuchereria_bancrofti_prjeb536,True
WBA_0001103601,wuchereria_bancrofti_prjeb536,True
WBA_0001103701,wuchereria_bancrofti_prjeb536,True
WBA_0001103801,wuchereria_bancrofti_prjeb536,True
WBA_0001104101,wuchereria_bancrofti_prjeb536,True
WBA_0001104201,wuchereria_bancrofti_prjeb536,True
WBA_0001104301,wuchereria_bancrofti_prjeb536,True
WBA_0001104401,wuchereria_bancrofti_prjeb536,True
WBA_0001104501,wuchereria_bancrofti_prjeb536,True
WBA_0001104601,wuchereria_bancrofti_prjeb536,True
WBA_0001104701,wuchereria_bancrofti_prjeb536,True
WBA_0001104801,wuchereria_bancrofti_prjeb536,True
WBA_0001104901,wuchereria_bancrofti_prjeb536,False
WBA_0001105001,wuchereria_bancrofti_prjeb536,False
WBA_0001105101,wuchereria_bancrofti_prjeb536,True
WBA_0001105201,wuchereria_bancrofti_prjeb536,True
WBA_0001105301,wuchereria_bancrofti_prjeb536,True
WBA_0001105401,wuchereria_bancrofti_prjeb536,False
WBA_0001105501,wuchereria_bancrofti_prjeb536,False
WBA_0001105601,wuchereria_bancrofti_prjeb536,True
WBA_0001105701,wuchereria_bancrofti_prjeb536,True
WBA_0001105801,wuchereria_bancrofti_prjeb536,False
WBA_0001105901,wuchereria_bancrofti_prjeb536,True
WBA_0001106001,wuchereria_bancrofti_prjeb536,False
WBA_0001106101,wuchereria_bancrofti_prjeb536,True
WBA_0001106201,wuchereria_bancrofti_prjeb536,True
WBA_0001106301,wuchereria_bancrofti_prjeb536,False
WBA_0001106401,wuchereria_bancrofti_prjeb536,True
WBA_0001106501,wuchereria_bancrofti_prjeb536,True
WBA_0001106601,wuchereria_bancrofti_prjeb536,True
WBA_0001106701,wuchereria_bancrofti_prjeb536,True
WBA_0001106801,wuchereria_bancrofti_prjeb536,True
WBA_0001106901,wuchereria_bancrofti_prjeb536,True
WBA_0001107001,wuchereria_bancrofti_prjeb536,False
WBA_0001107101,wuchereria_bancrofti_prjeb536,False
WBA_0001107201,wuchereria_bancrofti_prjeb536,True
WBA_0001107301,wuchereria_bancrofti_prjeb536,True
WBA_0001107401,wuchereria_bancrofti_prjeb536,True
WBA_0001107501,wuchereria_bancrofti_prjeb536,True
WBA_0001107601,wuchereria_bancrofti_prjeb536,True
WBA_0001107701,wuchereria_bancrofti_prjeb536,True
WBA_0001107801,wuchereria_bancrofti_prjeb536,False
WBA_0001107901,wuchereria_bancrofti_prjeb536,True
WBA_0001108001,wuchereria_bancrofti_prjeb536,True
WBA_0001108101,wuchereria_bancrofti_prjeb536,True
WBA_0001108201,wuchereria_bancrofti_prjeb536,True
WBA_0001108301,wuchereria_bancrofti_prjeb536,True
WBA_0001108401,wuchereria_bancrofti_prjeb536,False
WBA_0001108501,wuchereria_bancrofti_prjeb536,True
WBA_0001108601,wuchereria_bancrofti_prjeb536,True
WBA_0001108701,wuchereria_bancrofti_prjeb536,True
WBA_0001108801,wuchereria_bancrofti_prjeb536,False
WBA_0001108901,wuchereria_bancrofti_prjeb536,False
WBA_0001109001,wuchereria_bancrofti_prjeb536,True
WBA_0001109101,wuchereria_bancrofti_prjeb536,True
WBA_0001109201,wuchereria_bancrofti_prjeb536,True
WBA_0001109301,wuchereria_bancrofti_prjeb536,True
WBA_0001109401,wuchereria_bancrofti_prjeb536,True
WBA_0001109501,wuchereria_bancrofti_prjeb536,True
WBA_0001109601,wuchereria_bancrofti_prjeb536,True
WBA_0001109701,wuchereria_bancrofti_prjeb536,True
WBA_0001109801,wuchereria_bancrofti_prjeb536,True
WBA_0001109901,wuchereria_bancrofti_prjeb536,True
WBA_0001110001,wuchereria_bancrofti_prjeb536,False
WBA_0001110101,wuchereria_bancrofti_prjeb536,True
WBA_0001110201,wuchereria_bancrofti_prjeb536,False
WBA_0001110301,wuchereria_bancrofti_prjeb536,False
WBA_0001110401,wuchereria_bancrofti_prjeb536,True
WBA_0001110501,wuchereria_bancrofti_prjeb536,True
WBA_0001110601,wuchereria_bancrofti_prjeb536,True
WBA_0001110701,wuchereria_bancrofti_prjeb536,True
WBA_0001110801,wuchereria_bancrofti_prjeb536,True
WBA_0001110901,wuchereria_bancrofti_prjeb536,True
WBA_0001111001,wuchereria_bancrofti_prjeb536,False
WBA_0001111101,wuchereria_bancrofti_prjeb536,True
WBA_0001111201,wuchereria_bancrofti_prjeb536,False
WBA_0001111301,wuchereria_bancrofti_prjeb536,True
WBA_0001111401,wuchereria_bancrofti_prjeb536,False
WBA_0001111501,wuchereria_bancrofti_prjeb536,True
WBA_0001111601,wuchereria_bancrofti_prjeb536,False
WBA_0001111701,wuchereria_bancrofti_prjeb536,True
WBA_0001111801,wuchereria_bancrofti_prjeb536,True
WBA_0001111901,wuchereria_bancrofti_prjeb536,False
WBA_0001112001,wuchereria_bancrofti_prjeb536,True
WBA_0001112101,wuchereria_bancrofti_prjeb536,True
WBA_0001112201,wuchereria_bancrofti_prjeb536,True
WBA_0001112301,wuchereria_bancrofti_prjeb536,True
WBA_0001112401,wuchereria_bancrofti_prjeb536,True
WBA_0001112501,wuchereria_bancrofti_prjeb536,True
WBA_0001112601,wuchereria_bancrofti_prjeb536,True
WBA_0001112701,wuchereria_bancrofti_prjeb536,True
WBA_0001112801,wuchereria_bancrofti_prjeb536,True
WBA_0001112901,wuchereria_bancrofti_prjeb536,False
WBA_0001113001,wuchereria_bancrofti_prjeb536,False
WBA_0001113101,wuchereria_bancrofti_prjeb536,True
WBA_0001113201,wuchereria_bancrofti_prjeb536,True
WBA_0001113301,wuchereria_bancrofti_prjeb536,False
WBA_0001113401,wuchereria_bancrofti_prjeb536,True
WBA_0001113501,wuchereria_bancrofti_prjeb536,False
WBA_0001113601,wuchereria_bancrofti_prjeb536,False
WBA_0001113701,wuchereria_bancrofti_prjeb536,False
WBA_0001113801,wuchereria_bancrofti_prjeb536,False
WBA_0001113901,wuchereria_bancrofti_prjeb536,True
WBA_0001114001,wuchereria_bancrofti_prjeb536,True
WBA_0001114101,wuchereria_bancrofti_prjeb536,True
WBA_0001114201,wuchereria_bancrofti_prjeb536,True
WBA_0001114301,wuchereria_bancrofti_prjeb536,False
WBA_0001114401,wuchereria_bancrofti_prjeb536,False
WBA_0001114501,wuchereria_bancrofti_prjeb536,True
WBA_0001114601,wuchereria_bancrofti_prjeb536,True
WBA_0001114701,wuchereria_bancrofti_prjeb536,True
WBA_0001114801,wuchereria_bancrofti_prjeb536,True
WBA_0001114901,wuchereria_bancrofti_prjeb536,True
WBA_0001115001,wuchereria_bancrofti_prjeb536,False
WBA_0001115101,wuchereria_bancrofti_prjeb536,True
WBA_0001115201,wuchereria_bancrofti_prjeb536,True
WBA_0001115301,wuchereria_bancrofti_prjeb536,True
WBA_0001115401,wuchereria_bancrofti_prjeb536,True
WBA_0001115501,wuchereria_bancrofti_prjeb536,False
WBA_0001115601,wuchereria_bancrofti_prjeb536,True
WBA_0001115701,wuchereria_bancrofti_prjeb536,True
WBA_0001115801,wuchereria_bancrofti_prjeb536,True
WBA_0001115901,wuchereria_bancrofti_prjeb536,True
WBA_0001116001,wuchereria_bancrofti_prjeb536,True
WBA_0001116101,wuchereria_bancrofti_prjeb536,True
WBA_0001116201,wuchereria_bancrofti_prjeb536,True
WBA_0001116301,wuchereria_bancrofti_prjeb536,True
WBA_0001116401,wuchereria_bancrofti_prjeb536,True
WBA_0001116501,wuchereria_bancrofti_prjeb536,True
WBA_0001116601,wuchereria_bancrofti_prjeb536,False
WBA_0001116701,wuchereria_bancrofti_prjeb536,False
WBA_0001116801,wuchereria_bancrofti_prjeb536,True
WBA_0001116901,wuchereria_bancrofti_prjeb536,True
WBA_0001117001,wuchereria_bancrofti_prjeb536,True
WBA_0001117101,wuchereria_bancrofti_prjeb536,True
WBA_0001117201,wuchereria_bancrofti_prjeb536,True
WBA_0001117301,wuchereria_bancrofti_prjeb536,True
WBA_0001117401,wuchereria_bancrofti_prjeb536,True
WBA_0001117501,wuchereria_bancrofti_prjeb536,True
WBA_0001117601,wuchereria_bancrofti_prjeb536,True
WBA_0001117701,wuchereria_bancrofti_prjeb536,False
WBA_0001117801,wuchereria_bancrofti_prjeb536,True
WBA_0001117901,wuchereria_bancrofti_prjeb536,True
WBA_0001118001,wuchereria_bancrofti_prjeb536,True
WBA_0001118101,wuchereria_bancrofti_prjeb536,True
WBA_0001118201,wuchereria_bancrofti_prjeb536,True
WBA_0001118301,wuchereria_bancrofti_prjeb536,True
WBA_0001118401,wuchereria_bancrofti_prjeb536,False
WBA_0001118501,wuchereria_bancrofti_prjeb536,True
WBA_0001118601,wuchereria_bancrofti_prjeb536,True
WBA_0001118701,wuchereria_bancrofti_prjeb536,False
WBA_0001118801,wuchereria_bancrofti_prjeb536,False
WBA_0001118901,wuchereria_bancrofti_prjeb536,True
WBA_0001119001,wuchereria_bancrofti_prjeb536,True
WBA_0001119101,wuchereria_bancrofti_prjeb536,True
WBA_0001119201,wuchereria_bancrofti_prjeb536,True
WBA_0001119301,wuchereria_bancrofti_prjeb536,True
WBA_0001119401,wuchereria_bancrofti_prjeb536,True
WBA_0001119501,wuchereria_bancrofti_prjeb536,True
WBA_0001119601,wuchereria_bancrofti_prjeb536,False
WBA_0001119701,wuchereria_bancrofti_prjeb536,True
WBA_0001119801,wuchereria_bancrofti_prjeb536,True
WBA_0001119901,wuchereria_bancrofti_prjeb536,True
WBA_0001120001,wuchereria_bancrofti_prjeb536,True
WBA_0001120101,wuchereria_bancrofti_prjeb536,True
WBA_0001120201,wuchereria_bancrofti_prjeb536,True
WBA_0001120301,wuchereria_bancrofti_prjeb536,False
WBA_0001120401,wuchereria_bancrofti_prjeb536,True
WBA_0001120501,wuchereria_bancrofti_prjeb536,True
WBA_0001120601,wuchereria_bancrofti_prjeb536,False
WBA_0001120701,wuchereria_bancrofti_prjeb536,True
WBA_0001120801,wuchereria_bancrofti_prjeb536,True
WBA_0001120901,wuchereria_bancrofti_prjeb536,True
WBA_0001121001,wuchereria_bancrofti_prjeb536,False
WBA_0001121101,wuchereria_bancrofti_prjeb536,True
WBA_0001121201,wuchereria_bancrofti_prjeb536,False
WBA_0001121301,wuchereria_bancrofti_prjeb536,True
WBA_0001121401,wuchereria_bancrofti_prjeb536,True
WBA_0001121501,wuchereria_bancrofti_prjeb536,True
WBA_0001121601,wuchereria_bancrofti_prjeb536,True
WBA_0001121701,wuchereria_bancrofti_prjeb536,True
WBA_0001121801,wuchereria_bancrofti_prjeb536,True
WBA_0001121901,wuchereria_bancrofti_prjeb536,True
WBA_0001122001,wuchereria_bancrofti_prjeb536,True
WBA_0001122101,wuchereria_bancrofti_prjeb536,True
WBA_0001122201,wuchereria_bancrofti_prjeb536,True
WBA_0001122301,wuchereria_bancrofti_prjeb536,True
WBA_0001122401,wuchereria_bancrofti_prjeb536,True
WBA_0001122501,wuchereria_bancrofti_prjeb536,True
WBA_0001122601,wuchereria_bancrofti_prjeb536,True
WBA_0001122701,wuchereria_bancrofti_prjeb536,False
WBA_0001122801,wuchereria_bancrofti_prjeb536,True
WBA_0001122901,wuchereria_bancrofti_prjeb536,True
WBA_0001123001,wuchereria_bancrofti_prjeb536,False
WBA_0001123101,wuchereria_bancrofti_prjeb536,True
WBA_0001123201,wuchereria_bancrofti_prjeb536,True
WBA_0001123301,wuchereria_bancrofti_prjeb536,True
WBA_0001123401,wuchereria_bancrofti_prjeb536,True
WBA_0001123501,wuchereria_bancrofti_prjeb536,False
WBA_0001123601,wuchereria_bancrofti_prjeb536,True
WBA_0001123701,wuchereria_bancrofti_prjeb536,True
WBA_0001123801,wuchereria_bancrofti_prjeb536,True
WBA_0001123901,wuchereria_bancrofti_prjeb536,True
WBA_0001124001,wuchereria_bancrofti_prjeb536,True
WBA_0001124101,wuchereria_bancrofti_prjeb536,True
WBA_0001124201,wuchereria_bancrofti_prjeb536,True
WBA_0001124301,wuchereria_bancrofti_prjeb536,True
WBA_0001124401,wuchereria_bancrofti_prjeb536,True
WBA_0001124501,wuchereria_bancrofti_prjeb536,True
WBA_0001124601,wuchereria_bancrofti_prjeb536,True
WBA_0001124701,wuchereria_bancrofti_prjeb536,True
WBA_0001124801,wuchereria_bancrofti_prjeb536,True
WBA_0001124901,wuchereria_bancrofti_prjeb536,True
WBA_0001125001,wuchereria_bancrofti_prjeb536,False
WBA_0001125101,wuchereria_bancrofti_prjeb536,False
WBA_0001125201,wuchereria_bancrofti_prjeb536,False
WBA_0001125301,wuchereria_bancrofti_prjeb536,True
WBA_0001125401,wuchereria_bancrofti_prjeb536,True
WBA_0001125501,wuchereria_bancrofti_prjeb536,False
WBA_0001125601,wuchereria_bancrofti_prjeb536,False
WBA_0001125701,wuchereria_bancrofti_prjeb536,False
WBA_0001125801,wuchereria_bancrofti_prjeb536,True
WBA_0001125901,wuchereria_bancrofti_prjeb536,True
WBA_0001126001,wuchereria_bancrofti_prjeb536,True
WBA_0001126101,wuchereria_bancrofti_prjeb536,True
WBA_0001126201,wuchereria_bancrofti_prjeb536,True
WBA_0001126301,wuchereria_bancrofti_prjeb536,False
WBA_0001126401,wuchereria_bancrofti_prjeb536,True
WBA_0001126501,wuchereria_bancrofti_prjeb536,True
WBA_0001126601,wuchereria_bancrofti_prjeb536,True
WBA_0001126701,wuchereria_bancrofti_prjeb536,False
WBA_0001126801,wuchereria_bancrofti_prjeb536,True
WBA_0001126901,wuchereria_bancrofti_prjeb536,False
WBA_0001127001,wuchereria_bancrofti_prjeb536,False
WBA_0001127101,wuchereria_bancrofti_prjeb536,True
WBA_0001127201,wuchereria_bancrofti_prjeb536,True
WBA_0001127301,wuchereria_bancrofti_prjeb536,True
WBA_0001127401,wuchereria_bancrofti_prjeb536,True
WBA_0001127501,wuchereria_bancrofti_prjeb536,False
WBA_0001127601,wuchereria_bancrofti_prjeb536,False
WBA_0001127701,wuchereria_bancrofti_prjeb536,True
WBA_0001127801,wuchereria_bancrofti_prjeb536,True
WBA_0001127901,wuchereria_bancrofti_prjeb536,False
WBA_0001128001,wuchereria_bancrofti_prjeb536,False
WBA_0001128101,wuchereria_bancrofti_prjeb536,True
WBA_0001128201,wuchereria_bancrofti_prjeb536,True
WBA_0001128301,wuchereria_bancrofti_prjeb536,True
WBA_0001128401,wuchereria_bancrofti_prjeb536,True
WBA_0001128501,wuchereria_bancrofti_prjeb536,True
WBA_0001128601,wuchereria_bancrofti_prjeb536,True
WBA_0001128701,wuchereria_bancrofti_prjeb536,False
WBA_0001128801,wuchereria_bancrofti_prjeb536,False
WBA_0001128901,wuchereria_bancrofti_prjeb536,True
WBA_0001129001,wuchereria_bancrofti_prjeb536,True
WBA_0001129101,wuchereria_bancrofti_prjeb536,True
WBA_0001129201,wuchereria_bancrofti_prjeb536,True
WBA_0001129301,wuchereria_bancrofti_prjeb536,True
WBA_0001129401,wuchereria_bancrofti_prjeb536,True
WBA_0001129501,wuchereria_bancrofti_prjeb536,True
WBA_0001129601,wuchereria_bancrofti_prjeb536,True
WBA_0001129701,wuchereria_bancrofti_prjeb536,True
WBA_0001129801,wuchereria_bancrofti_prjeb536,True
WBA_0001129901,wuchereria_bancrofti_prjeb536,True
WBA_0001130001,wuchereria_bancrofti_prjeb536,True
WBA_0001130101,wuchereria_bancrofti_prjeb536,True
WBA_0001130201,wuchereria_bancrofti_prjeb536,True
WBA_0001130301,wuchereria_bancrofti_prjeb536,True
WBA_0001130401,wuchereria_bancrofti_prjeb536,True
WBA_0001130501,wuchereria_bancrofti_prjeb536,False
WBA_0001130601,wuchereria_bancrofti_prjeb536,False
WBA_0001130701,wuchereria_bancrofti_prjeb536,True
WBA_0001130801,wuchereria_bancrofti_prjeb536,True
WBA_0001130901,wuchereria_bancrofti_prjeb536,True
WBA_0001131001,wuchereria_bancrofti_prjeb536,True
WBA_0001131101,wuchereria_bancrofti_prjeb536,False
WBA_0001131201,wuchereria_bancrofti_prjeb536,True
WBA_0001131301,wuchereria_bancrofti_prjeb536,True
WBA_0001131401,wuchereria_bancrofti_prjeb536,False
WBA_0001131501,wuchereria_bancrofti_prjeb536,False
WBA_0001131601,wuchereria_bancrofti_prjeb536,True
WBA_0001131701,wuchereria_bancrofti_prjeb536,True
WBA_0001131801,wuchereria_bancrofti_prjeb536,False
WBA_0001131901,wuchereria_bancrofti_prjeb536,True
WBA_0001132001,wuchereria_bancrofti_prjeb536,True
WBA_0001132101,wuchereria_bancrofti_prjeb536,True
WBA_0001132201,wuchereria_bancrofti_prjeb536,True
WBA_0001132301,wuchereria_bancrofti_prjeb536,True
WBA_0001132401,wuchereria_bancrofti_prjeb536,True
WBA_0001132501,wuchereria_bancrofti_prjeb536,False
WBA_0001132601,wuchereria_bancrofti_prjeb536,True
WBA_0001132701,wuchereria_bancrofti_prjeb536,True
WBA_0001132801,wuchereria_bancrofti_prjeb536,True
WBA_0001132901,wuchereria_bancrofti_prjeb536,True
WBA_0001133001,wuchereria_bancrofti_prjeb536,True
WBA_0001133101,wuchereria_bancrofti_prjeb536,True
WBA_0001133201,wuchereria_bancrofti_prjeb536,True
WBA_0001133301,wuchereria_bancrofti_prjeb536,True
WBA_0001133401,wuchereria_bancrofti_prjeb536,True
WBA_0001133501,wuchereria_bancrofti_prjeb536,True
WBA_0001133601,wuchereria_bancrofti_prjeb536,True
WBA_0001133701,wuchereria_bancrofti_prjeb536,False
WBA_0001133801,wuchereria_bancrofti_prjeb536,False
WBA_0001133901,wuchereria_bancrofti_prjeb536,False
WBA_0001134001,wuchereria_bancrofti_prjeb536,True
WBA_0001134101,wuchereria_bancrofti_prjeb536,True
WBA_0001134201,wuchereria_bancrofti_prjeb536,True
WBA_0001134301,wuchereria_bancrofti_prjeb536,True
WBA_0001134401,wuchereria_bancrofti_prjeb536,True
WBA_0001134501,wuchereria_bancrofti_prjeb536,False
WBA_0001134601,wuchereria_bancrofti_prjeb536,True
WBA_0001134701,wuchereria_bancrofti_prjeb536,True
WBA_0001134801,wuchereria_bancrofti_prjeb536,True
WBA_0001134901,wuchereria_bancrofti_prjeb536,True
WBA_0001135001,wuchereria_bancrofti_prjeb536,True
WBA_0001135101,wuchereria_bancrofti_prjeb536,False
WBA_0001135201,wuchereria_bancrofti_prjeb536,True
WBA_0001135301,wuchereria_bancrofti_prjeb536,True
WBA_0001135401,wuchereria_bancrofti_prjeb536,True
WBA_0001135501,wuchereria_bancrofti_prjeb536,True
WBA_0001135601,wuchereria_bancrofti_prjeb536,False
WBA_0001135701,wuchereria_bancrofti_prjeb536,True
WBA_0001135801,wuchereria_bancrofti_prjeb536,True
WBA_0001135901,wuchereria_bancrofti_prjeb536,True
WBA_0001136001,wuchereria_bancrofti_prjeb536,True
WBA_0001136101,wuchereria_bancrofti_prjeb536,False
WBA_0001136201,wuchereria_bancrofti_prjeb536,True
WBA_0001136301,wuchereria_bancrofti_prjeb536,True
WBA_0001136401,wuchereria_bancrofti_prjeb536,True
WBA_0001136501,wuchereria_bancrofti_prjeb536,True
WBA_0001136601,wuchereria_bancrofti_prjeb536,True
WBA_0001136701,wuchereria_bancrofti_prjeb536,True
WBA_0001136801,wuchereria_bancrofti_prjeb536,False
WBA_0001136901,wuchereria_bancrofti_prjeb536,True
WBA_0001137001,wuchereria_bancrofti_prjeb536,False
WBA_0001137101,wuchereria_bancrofti_prjeb536,True
WBA_0001137201,wuchereria_bancrofti_prjeb536,False
WBA_0001137301,wuchereria_bancrofti_prjeb536,True
WBA_0001137401,wuchereria_bancrofti_prjeb536,True
WBA_0001137501,wuchereria_bancrofti_prjeb536,True
WBA_0001137601,wuchereria_bancrofti_prjeb536,True
WBA_0001137701,wuchereria_bancrofti_prjeb536,True
WBA_0001137801,wuchereria_bancrofti_prjeb536,False
WBA_0001137901,wuchereria_bancrofti_prjeb536,True
WBA_0001138001,wuchereria_bancrofti_prjeb536,True
WBA_0001138101,wuchereria_bancrofti_prjeb536,True
WBA_0001138201,wuchereria_bancrofti_prjeb536,True
WBA_0001138301,wuchereria_bancrofti_prjeb536,True
WBA_0001138401,wuchereria_bancrofti_prjeb536,True
WBA_0001138501,wuchereria_bancrofti_prjeb536,True
WBA_0001138601,wuchereria_bancrofti_prjeb536,True
WBA_0001138701,wuchereria_bancrofti_prjeb536,True
WBA_0001138801,wuchereria_bancrofti_prjeb536,True
WBA_0001138901,wuchereria_bancrofti_prjeb536,True
WBA_0001139001,wuchereria_bancrofti_prjeb536,True
WBA_0001139101,wuchereria_bancrofti_prjeb536,True
WBA_0001139201,wuchereria_bancrofti_prjeb536,True
WBA_0001139301,wuchereria_bancrofti_prjeb536,True
WBA_0001139401,wuchereria_bancrofti_prjeb536,True
WBA_0001139501,wuchereria_bancrofti_prjeb536,True
WBA_0001139601,wuchereria_bancrofti_prjeb536,True
WBA_0001139701,wuchereria_bancrofti_prjeb536,True
WBA_0001139801,wuchereria_bancrofti_prjeb536,True
WBA_0001139901,wuchereria_bancrofti_prjeb536,True
WBA_0001140001,wuchereria_bancrofti_prjeb536,True
WBA_0001140101,wuchereria_bancrofti_prjeb536,True
WBA_0001140201,wuchereria_bancrofti_prjeb536,True
WBA_0001140301,wuchereria_bancrofti_prjeb536,True
WBA_0001140401,wuchereria_bancrofti_prjeb536,True
WBA_0001140501,wuchereria_bancrofti_prjeb536,True
WBA_0001140601,wuchereria_bancrofti_prjeb536,True
WBA_0001140701,wuchereria_bancrofti_prjeb536,False
WBA_0001140801,wuchereria_bancrofti_prjeb536,True
WBA_0001140901,wuchereria_bancrofti_prjeb536,True
WBA_0001141001,wuchereria_bancrofti_prjeb536,True
WBA_0001141101,wuchereria_bancrofti_prjeb536,True
WBA_0001141201,wuchereria_bancrofti_prjeb536,True
WBA_0001141301,wuchereria_bancrofti_prjeb536,False
WBA_0001141401,wuchereria_bancrofti_prjeb536,True
WBA_0001141501,wuchereria_bancrofti_prjeb536,False
WBA_0001141601,wuchereria_bancrofti_prjeb536,True
WBA_0001141701,wuchereria_bancrofti_prjeb536,True
WBA_0001141801,wuchereria_bancrofti_prjeb536,True
WBA_0001141901,wuchereria_bancrofti_prjeb536,True
WBA_0001142001,wuchereria_bancrofti_prjeb536,False
WBA_0001142101,wuchereria_bancrofti_prjeb536,True
WBA_0001142201,wuchereria_bancrofti_prjeb536,True
WBA_0001142301,wuchereria_bancrofti_prjeb536,False
WBA_0001142401,wuchereria_bancrofti_prjeb536,False
WBA_0001142501,wuchereria_bancrofti_prjeb536,True
WBA_0001142601,wuchereria_bancrofti_prjeb536,True
WBA_0001142701,wuchereria_bancrofti_prjeb536,True
WBA_0001142801,wuchereria_bancrofti_prjeb536,True
WBA_0001142901,wuchereria_bancrofti_prjeb536,True
WBA_0001143001,wuchereria_bancrofti_prjeb536,True
WBA_0001143101,wuchereria_bancrofti_prjeb536,True
WBA_0001143201,wuchereria_bancrofti_prjeb536,True
WBA_0001143301,wuchereria_bancrofti_prjeb536,True
WBA_0001143401,wuchereria_bancrofti_prjeb536,True
WBA_0001143501,wuchereria_bancrofti_prjeb536,False
WBA_0001143601,wuchereria_bancrofti_prjeb536,False
WBA_0001143701,wuchereria_bancrofti_prjeb536,True
WBA_0001143801,wuchereria_bancrofti_prjeb536,True
WBA_0001143901,wuchereria_bancrofti_prjeb536,True
WBA_0001144001,wuchereria_bancrofti_prjeb536,True
WBA_0001144101,wuchereria_bancrofti_prjeb536,True
WBA_0001144201,wuchereria_bancrofti_prjeb536,True
WBA_0001144301,wuchereria_bancrofti_prjeb536,True
WBA_0001144401,wuchereria_bancrofti_prjeb536,True
WBA_0001144501,wuchereria_bancrofti_prjeb536,False
WBA_0001144601,wuchereria_bancrofti_prjeb536,False
WBA_0001144701,wuchereria_bancrofti_prjeb536,True
WBA_0001144801,wuchereria_bancrofti_prjeb536,True
WBA_0001144901,wuchereria_bancrofti_prjeb536,True
WBA_0001145001,wuchereria_bancrofti_prjeb536,True
WBA_0001145101,wuchereria_bancrofti_prjeb536,True
WBA_0001145201,wuchereria_bancrofti_prjeb536,False
WBA_0001145301,wuchereria_bancrofti_prjeb536,True
WBA_0001145401,wuchereria_bancrofti_prjeb536,False
WBA_0001145501,wuchereria_bancrofti_prjeb536,True
WBA_0001145601,wuchereria_bancrofti_prjeb536,False
WBA_0001145701,wuchereria_bancrofti_prjeb536,True
WBA_0001145801,wuchereria_bancrofti_prjeb536,False
WBA_0001145901,wuchereria_bancrofti_prjeb536,True
WBA_0001146001,wuchereria_bancrofti_prjeb536,True
WBA_0001146101,wuchereria_bancrofti_prjeb536,True
WBA_0001146201,wuchereria_bancrofti_prjeb536,True
WBA_0001146301,wuchereria_bancrofti_prjeb536,True
WBA_0001146401,wuchereria_bancrofti_prjeb536,False
WBA_0001146501,wuchereria_bancrofti_prjeb536,True
WBA_0001146601,wuchereria_bancrofti_prjeb536,True
WBA_0001146701,wuchereria_bancrofti_prjeb536,False
WBA_0001146801,wuchereria_bancrofti_prjeb536,True
WBA_0001146901,wuchereria_bancrofti_prjeb536,True
WBA_0001147001,wuchereria_bancrofti_prjeb536,False
WBA_0001147101,wuchereria_bancrofti_prjeb536,True
WBA_0001147201,wuchereria_bancrofti_prjeb536,True
WBA_0001147301,wuchereria_bancrofti_prjeb536,False
WBA_0001147401,wuchereria_bancrofti_prjeb536,True
WBA_0001147501,wuchereria_bancrofti_prjeb536,True
WBA_0001147601,wuchereria_bancrofti_prjeb536,False
WBA_0001147701,wuchereria_bancrofti_prjeb536,True
WBA_0001147801,wuchereria_bancrofti_prjeb536,False
WBA_0001147901,wuchereria_bancrofti_prjeb536,True
WBA_0001148001,wuchereria_bancrofti_prjeb536,True
WBA_0001148101,wuchereria_bancrofti_prjeb536,True
WBA_0001148201,wuchereria_bancrofti_prjeb536,True
WBA_0001148301,wuchereria_bancrofti_prjeb536,False
WBA_0001148401,wuchereria_bancrofti_prjeb536,True
WBA_0001148501,wuchereria_bancrofti_prjeb536,True
WBA_0001148601,wuchereria_bancrofti_prjeb536,True
WBA_0001148701,wuchereria_bancrofti_prjeb536,True
WBA_0001148801,wuchereria_bancrofti_prjeb536,True
WBA_0001148901,wuchereria_bancrofti_prjeb536,False
WBA_0001149001,wuchereria_bancrofti_prjeb536,True
WBA_0001149101,wuchereria_bancrofti_prjeb536,True
WBA_0001149201,wuchereria_bancrofti_prjeb536,True
WBA_0001149301,wuchereria_bancrofti_prjeb536,True
WBA_0001149401,wuchereria_bancrofti_prjeb536,True
WBA_0001149501,wuchereria_bancrofti_prjeb536,True
WBA_0001149601,wuchereria_bancrofti_prjeb536,False
WBA_0001149701,wuchereria_bancrofti_prjeb536,True
WBA_0001149801,wuchereria_bancrofti_prjeb536,True
WBA_0001149901,wuchereria_bancrofti_prjeb536,True
WBA_0001150001,wuchereria_bancrofti_prjeb536,True
WBA_0001150101,wuchereria_bancrofti_prjeb536,True
WBA_0001150201,wuchereria_bancrofti_prjeb536,False
WBA_0001150301,wuchereria_bancrofti_prjeb536,True
WBA_0001150401,wuchereria_bancrofti_prjeb536,True
WBA_0001150501,wuchereria_bancrofti_prjeb536,True
WBA_0001150601,wuchereria_bancrofti_prjeb536,True
WBA_0001150701,wuchereria_bancrofti_prjeb536,True
WBA_0001150801,wuchereria_bancrofti_prjeb536,True
WBA_0001150901,wuchereria_bancrofti_prjeb536,True
WBA_0001151001,wuchereria_bancrofti_prjeb536,True
WBA_0001151101,wuchereria_bancrofti_prjeb536,True
WBA_0001151201,wuchereria_bancrofti_prjeb536,False
WBA_0001151301,wuchereria_bancrofti_prjeb536,False
WBA_0001151401,wuchereria_bancrofti_prjeb536,True
WBA_0001151501,wuchereria_bancrofti_prjeb536,True
WBA_0001151601,wuchereria_bancrofti_prjeb536,False
WBA_0001151701,wuchereria_bancrofti_prjeb536,True
WBA_0001151801,wuchereria_bancrofti_prjeb536,True
WBA_0001151901,wuchereria_bancrofti_prjeb536,True
WBA_0001152001,wuchereria_bancrofti_prjeb536,True
WBA_0001152101,wuchereria_bancrofti_prjeb536,True
WBA_0001152201,wuchereria_bancrofti_prjeb536,False
WBA_0001152301,wuchereria_bancrofti_prjeb536,True
WBA_0001152401,wuchereria_bancrofti_prjeb536,True
WBA_0001152501,wuchereria_bancrofti_prjeb536,True
WBA_0001152601,wuchereria_bancrofti_prjeb536,False
WBA_0001152701,wuchereria_bancrofti_prjeb536,False
WBA_0001152801,wuchereria_bancrofti_prjeb536,True
WBA_0001152901,wuchereria_bancrofti_prjeb536,True
WBA_0001153001,wuchereria_bancrofti_prjeb536,True
WBA_0001153101,wuchereria_bancrofti_prjeb536,True
WBA_0001153201,wuchereria_bancrofti_prjeb536,True
WBA_0001153301,wuchereria_bancrofti_prjeb536,True
WBA_0001153401,wuchereria_bancrofti_prjeb536,True
WBA_0001153501,wuchereria_bancrofti_prjeb536,True
WBA_0001153601,wuchereria_bancrofti_prjeb536,True
WBA_0001153701,wuchereria_bancrofti_prjeb536,True
WBA_0001153801,wuchereria_bancrofti_prjeb536,True
WBA_0001153901,wuchereria_bancrofti_prjeb536,True
WBA_0001154001,wuchereria_bancrofti_prjeb536,True
WBA_0001154101,wuchereria_bancrofti_prjeb536,True
WBA_0001154201,wuchereria_bancrofti_prjeb536,True
WBA_0001154301,wuchereria_bancrofti_prjeb536,True
WBA_0001154401,wuchereria_bancrofti_prjeb536,True
WBA_0001154501,wuchereria_bancrofti_prjeb536,True
WBA_0001154601,wuchereria_bancrofti_prjeb536,True
WBA_0001154701,wuchereria_bancrofti_prjeb536,True
WBA_0001154801,wuchereria_bancrofti_prjeb536,True
WBA_0001154901,wuchereria_bancrofti_prjeb536,False
WBA_0001155001,wuchereria_bancrofti_prjeb536,True
WBA_0001155101,wuchereria_bancrofti_prjeb536,False
WBA_0001155201,wuchereria_bancrofti_prjeb536,True
WBA_0001155301,wuchereria_bancrofti_prjeb536,True
WBA_0001155401,wuchereria_bancrofti_prjeb536,True
WBA_0001155501,wuchereria_bancrofti_prjeb536,True
WBA_0001155601,wuchereria_bancrofti_prjeb536,False
WBA_0001155701,wuchereria_bancrofti_prjeb536,True
WBA_0001155801,wuchereria_bancrofti_prjeb536,True
WBA_0001155901,wuchereria_bancrofti_prjeb536,True
WBA_0001156001,wuchereria_bancrofti_prjeb536,True
WBA_0001156101,wuchereria_bancrofti_prjeb536,False
WBA_0001156201,wuchereria_bancrofti_prjeb536,False
WBA_0001156301,wuchereria_bancrofti_prjeb536,True
WBA_0001156401,wuchereria_bancrofti_prjeb536,True
WBA_0001156501,wuchereria_bancrofti_prjeb536,True
WBA_0001156601,wuchereria_bancrofti_prjeb536,True
WBA_0001156701,wuchereria_bancrofti_prjeb536,True
WBA_0001156801,wuchereria_bancrofti_prjeb536,True
WBA_0001156901,wuchereria_bancrofti_prjeb536,True
WBA_0001157001,wuchereria_bancrofti_prjeb536,True
WBA_0001157101,wuchereria_bancrofti_prjeb536,False
WBA_0001157201,wuchereria_bancrofti_prjeb536,True
WBA_0001157301,wuchereria_bancrofti_prjeb536,True
WBA_0001157401,wuchereria_bancrofti_prjeb536,True
WBA_0001157501,wuchereria_bancrofti_prjeb536,True
WBA_0001157601,wuchereria_bancrofti_prjeb536,True
WBA_0001157701,wuchereria_bancrofti_prjeb536,True
WBA_0001157801,wuchereria_bancrofti_prjeb536,False
WBA_0001157901,wuchereria_bancrofti_prjeb536,False
WBA_0001158001,wuchereria_bancrofti_prjeb536,True
WBA_0001158101,wuchereria_bancrofti_prjeb536,True
WBA_0001158201,wuchereria_bancrofti_prjeb536,True
WBA_0001158301,wuchereria_bancrofti_prjeb536,True
WBA_0001158401,wuchereria_bancrofti_prjeb536,True
WBA_0001158501,wuchereria_bancrofti_prjeb536,True
WBA_0001158601,wuchereria_bancrofti_prjeb536,True
WBA_0001158701,wuchereria_bancrofti_prjeb536,True
WBA_0001159101,wuchereria_bancrofti_prjeb536,True
WBA_0001159201,wuchereria_bancrofti_prjeb536,True
WBA_0001159301,wuchereria_bancrofti_prjeb536,True
WBA_0001159401,wuchereria_bancrofti_prjeb536,False
WBA_0001159501,wuchereria_bancrofti_prjeb536,False
WBA_0001159601,wuchereria_bancrofti_prjeb536,False
WBA_0001159701,wuchereria_bancrofti_prjeb536,True
WBA_0001159801,wuchereria_bancrofti_prjeb536,False
WBA_0001159901,wuchereria_bancrofti_prjeb536,True
WBA_0001160001,wuchereria_bancrofti_prjeb536,True
WBA_0001160101,wuchereria_bancrofti_prjeb536,True
WBA_0001160201,wuchereria_bancrofti_prjeb536,True
WBA_0001160301,wuchereria_bancrofti_prjeb536,True
WBA_0001160401,wuchereria_bancrofti_prjeb536,True
WBA_0001160501,wuchereria_bancrofti_prjeb536,True
WBA_0001160601,wuchereria_bancrofti_prjeb536,True
WBA_0001160701,wuchereria_bancrofti_prjeb536,True
WBA_0001160801,wuchereria_bancrofti_prjeb536,False
WBA_0001160901,wuchereria_bancrofti_prjeb536,True
WBA_0001161001,wuchereria_bancrofti_prjeb536,True
WBA_0001161101,wuchereria_bancrofti_prjeb536,True
WBA_0001161201,wuchereria_bancrofti_prjeb536,True
WBA_0001161301,wuchereria_bancrofti_prjeb536,True
WBA_0001161401,wuchereria_bancrofti_prjeb536,True
WBA_0001161501,wuchereria_bancrofti_prjeb536,True
WBA_0001161601,wuchereria_bancrofti_prjeb536,True
WBA_0001161701,wuchereria_bancrofti_prjeb536,True
WBA_0001161801,wuchereria_bancrofti_prjeb536,True
WBA_0001161901,wuchereria_bancrofti_prjeb536,True
WBA_0001162001,wuchereria_bancrofti_prjeb536,True
WBA_0001162101,wuchereria_bancrofti_prjeb536,False
WBA_0001162201,wuchereria_bancrofti_prjeb536,True
WBA_0001162301,wuchereria_bancrofti_prjeb536,True
WBA_0001162401,wuchereria_bancrofti_prjeb536,False
WBA_0001162501,wuchereria_bancrofti_prjeb536,False
WBA_0001162601,wuchereria_bancrofti_prjeb536,True
WBA_0001162701,wuchereria_bancrofti_prjeb536,True
WBA_0001162801,wuchereria_bancrofti_prjeb536,False
WBA_0001162901,wuchereria_bancrofti_prjeb536,True
WBA_0001163001,wuchereria_bancrofti_prjeb536,False
WBA_0001163101,wuchereria_bancrofti_prjeb536,True
WBA_0001163201,wuchereria_bancrofti_prjeb536,True
WBA_0001163301,wuchereria_bancrofti_prjeb536,True
WBA_0001163401,wuchereria_bancrofti_prjeb536,True
WBA_0001163501,wuchereria_bancrofti_prjeb536,False
WBA_0001163601,wuchereria_bancrofti_prjeb536,True
WBA_0001163701,wuchereria_bancrofti_prjeb536,True
WBA_0001163801,wuchereria_bancrofti_prjeb536,True
WBA_0001163901,wuchereria_bancrofti_prjeb536,True
WBA_0001164001,wuchereria_bancrofti_prjeb536,True
WBA_0001164101,wuchereria_bancrofti_prjeb536,True
WBA_0001164201,wuchereria_bancrofti_prjeb536,True
WBA_0001164301,wuchereria_bancrofti_prjeb536,True
WBA_0001164401,wuchereria_bancrofti_prjeb536,False
WBA_0001164501,wuchereria_bancrofti_prjeb536,False
WBA_0001164601,wuchereria_bancrofti_prjeb536,True
WBA_0001164701,wuchereria_bancrofti_prjeb536,True
WBA_0001164801,wuchereria_bancrofti_prjeb536,True
WBA_0001164901,wuchereria_bancrofti_prjeb536,False
WBA_0001165001,wuchereria_bancrofti_prjeb536,True
WBA_0001165101,wuchereria_bancrofti_prjeb536,True
WBA_0001165201,wuchereria_bancrofti_prjeb536,False
WBA_0001165301,wuchereria_bancrofti_prjeb536,True
WBA_0001165401,wuchereria_bancrofti_prjeb536,True
WBA_0001165501,wuchereria_bancrofti_prjeb536,False
WBA_0001165601,wuchereria_bancrofti_prjeb536,True
WBA_0001165701,wuchereria_bancrofti_prjeb536,False
WBA_0001165801,wuchereria_bancrofti_prjeb536,True
WBA_0001165901,wuchereria_bancrofti_prjeb536,True
WBA_0001166001,wuchereria_bancrofti_prjeb536,True
WBA_0001166101,wuchereria_bancrofti_prjeb536,True
WBA_0001166201,wuchereria_bancrofti_prjeb536,False
WBA_0001166301,wuchereria_bancrofti_prjeb536,True
WBA_0001166401,wuchereria_bancrofti_prjeb536,True
WBA_0001166501,wuchereria_bancrofti_prjeb536,True
WBA_0001166601,wuchereria_bancrofti_prjeb536,True
WBA_0001166701,wuchereria_bancrofti_prjeb536,True
WBA_0001166801,wuchereria_bancrofti_prjeb536,False
WBA_0001166901,wuchereria_bancrofti_prjeb536,False
WBA_0001167001,wuchereria_bancrofti_prjeb536,True
WBA_0001167101,wuchereria_bancrofti_prjeb536,True
WBA_0001167201,wuchereria_bancrofti_prjeb536,True
WBA_0001167301,wuchereria_bancrofti_prjeb536,True
WBA_0001167401,wuchereria_bancrofti_prjeb536,True
WBA_0001167501,wuchereria_bancrofti_prjeb536,True
WBA_0001167601,wuchereria_bancrofti_prjeb536,False
WBA_0001167701,wuchereria_bancrofti_prjeb536,False
WBA_0001167801,wuchereria_bancrofti_prjeb536,True
WBA_0001167901,wuchereria_bancrofti_prjeb536,True
WBA_0001168001,wuchereria_bancrofti_prjeb536,True
WBA_0001168101,wuchereria_bancrofti_prjeb536,False
WBA_0001168201,wuchereria_bancrofti_prjeb536,True
WBA_0001168301,wuchereria_bancrofti_prjeb536,True
WBA_0001168401,wuchereria_bancrofti_prjeb536,True
WBA_0001168501,wuchereria_bancrofti_prjeb536,True
WBA_0001168601,wuchereria_bancrofti_prjeb536,True
WBA_0001168701,wuchereria_bancrofti_prjeb536,True
WBA_0001168801,wuchereria_bancrofti_prjeb536,True
WBA_0001168901,wuchereria_bancrofti_prjeb536,True
WBA_0001169001,wuchereria_bancrofti_prjeb536,True
WBA_0001169101,wuchereria_bancrofti_prjeb536,True
WBA_0001169201,wuchereria_bancrofti_prjeb536,True
WBA_0001169301,wuchereria_bancrofti_prjeb536,False
WBA_0001169401,wuchereria_bancrofti_prjeb536,True
WBA_0001169501,wuchereria_bancrofti_prjeb536,True
WBA_0001169601,wuchereria_bancrofti_prjeb536,True
WBA_0001169701,wuchereria_bancrofti_prjeb536,True
WBA_0001169801,wuchereria_bancrofti_prjeb536,True
WBA_0001169901,wuchereria_bancrofti_prjeb536,True
WBA_0001170001,wuchereria_bancrofti_prjeb536,True
WBA_0001170101,wuchereria_bancrofti_prjeb536,False
WBA_0001170201,wuchereria_bancrofti_prjeb536,True
WBA_0001170301,wuchereria_bancrofti_prjeb536,False
WBA_0001170401,wuchereria_bancrofti_prjeb536,True
WBA_0001170501,wuchereria_bancrofti_prjeb536,True
WBA_0001170601,wuchereria_bancrofti_prjeb536,True
WBA_0001170701,wuchereria_bancrofti_prjeb536,True
WBA_0001170801,wuchereria_bancrofti_prjeb536,True
WBA_0001170901,wuchereria_bancrofti_prjeb536,True
WBA_0001171001,wuchereria_bancrofti_prjeb536,False
WBA_0001171101,wuchereria_bancrofti_prjeb536,True
WBA_0001171201,wuchereria_bancrofti_prjeb536,True
WBA_0001171301,wuchereria_bancrofti_prjeb536,True
WBA_0001171401,wuchereria_bancrofti_prjeb536,False
WBA_0001171501,wuchereria_bancrofti_prjeb536,True
WBA_0001171601,wuchereria_bancrofti_prjeb536,True
WBA_0001171701,wuchereria_bancrofti_prjeb536,True
WBA_0001171801,wuchereria_bancrofti_prjeb536,True
WBA_0001171901,wuchereria_bancrofti_prjeb536,True
WBA_0001172001,wuchereria_bancrofti_prjeb536,True
WBA_0001172101,wuchereria_bancrofti_prjeb536,True
WBA_0001172201,wuchereria_bancrofti_prjeb536,True
WBA_0001172301,wuchereria_bancrofti_prjeb536,True
WBA_0001172401,wuchereria_bancrofti_prjeb536,True
WBA_0001172501,wuchereria_bancrofti_prjeb536,True
WBA_0001172601,wuchereria_bancrofti_prjeb536,True
WBA_0001172701,wuchereria_bancrofti_prjeb536,False
WBA_0001172801,wuchereria_bancrofti_prjeb536,True
WBA_0001172901,wuchereria_bancrofti_prjeb536,True
WBA_0001173001,wuchereria_bancrofti_prjeb536,True
WBA_0001173101,wuchereria_bancrofti_prjeb536,False
WBA_0001173201,wuchereria_bancrofti_prjeb536,True
WBA_0001173301,wuchereria_bancrofti_prjeb536,True
WBA_0001173401,wuchereria_bancrofti_prjeb536,True
WBA_0001173501,wuchereria_bancrofti_prjeb536,False
WBA_0001173601,wuchereria_bancrofti_prjeb536,True
WBA_0001173701,wuchereria_bancrofti_prjeb536,True
WBA_0001173801,wuchereria_bancrofti_prjeb536,False
WBA_0001173901,wuchereria_bancrofti_prjeb536,False
WBA_0001174001,wuchereria_bancrofti_prjeb536,True
WBA_0001174101,wuchereria_bancrofti_prjeb536,True
WBA_0001174201,wuchereria_bancrofti_prjeb536,False
WBA_0001174301,wuchereria_bancrofti_prjeb536,True
WBA_0001174401,wuchereria_bancrofti_prjeb536,False
WBA_0001174501,wuchereria_bancrofti_prjeb536,True
WBA_0001174601,wuchereria_bancrofti_prjeb536,False
WBA_0001174701,wuchereria_bancrofti_prjeb536,True
WBA_0001174801,wuchereria_bancrofti_prjeb536,True
WBA_0001174901,wuchereria_bancrofti_prjeb536,True
WBA_0001175001,wuchereria_bancrofti_prjeb536,True
WBA_0001175101,wuchereria_bancrofti_prjeb536,True
WBA_0001175201,wuchereria_bancrofti_prjeb536,True
WBA_0001175301,wuchereria_bancrofti_prjeb536,False
WBA_0001175401,wuchereria_bancrofti_prjeb536,True
WBA_0001175501,wuchereria_bancrofti_prjeb536,True
WBA_0001175601,wuchereria_bancrofti_prjeb536,True
WBA_0001175701,wuchereria_bancrofti_prjeb536,True
WBA_0001175801,wuchereria_bancrofti_prjeb536,True
WBA_0001175901,wuchereria_bancrofti_prjeb536,False
WBA_0001176001,wuchereria_bancrofti_prjeb536,True
WBA_0001176101,wuchereria_bancrofti_prjeb536,True
WBA_0001176201,wuchereria_bancrofti_prjeb536,True
WBA_0001176301,wuchereria_bancrofti_prjeb536,True
WBA_0001176401,wuchereria_bancrofti_prjeb536,True
WBA_0001176501,wuchereria_bancrofti_prjeb536,True
WBA_0001176601,wuchereria_bancrofti_prjeb536,True
WBA_0001176701,wuchereria_bancrofti_prjeb536,True
WBA_0001176801,wuchereria_bancrofti_prjeb536,True
WBA_0001176901,wuchereria_bancrofti_prjeb536,True
WBA_0001177001,wuchereria_bancrofti_prjeb536,True
WBA_0001177101,wuchereria_bancrofti_prjeb536,True
WBA_0001177201,wuchereria_bancrofti_prjeb536,False
WBA_0001177301,wuchereria_bancrofti_prjeb536,True
WBA_0001177401,wuchereria_bancrofti_prjeb536,False
WBA_0001177501,wuchereria_bancrofti_prjeb536,False
WBA_0001177601,wuchereria_bancrofti_prjeb536,True
WBA_0001177701,wuchereria_bancrofti_prjeb536,True
WBA_0001177801,wuchereria_bancrofti_prjeb536,False
WBA_0001177901,wuchereria_bancrofti_prjeb536,True
WBA_0001178001,wuchereria_bancrofti_prjeb536,True
WBA_0001178101,wuchereria_bancrofti_prjeb536,True
WBA_0001178201,wuchereria_bancrofti_prjeb536,False
WBA_0001178301,wuchereria_bancrofti_prjeb536,True
WBA_0001178401,wuchereria_bancrofti_prjeb536,True
WBA_0001178501,wuchereria_bancrofti_prjeb536,True
WBA_0001178601,wuchereria_bancrofti_prjeb536,False
WBA_0001178701,wuchereria_bancrofti_prjeb536,True
WBA_0001178801,wuchereria_bancrofti_prjeb536,True
WBA_0001178901,wuchereria_bancrofti_prjeb536,True
WBA_0001179001,wuchereria_bancrofti_prjeb536,True
WBA_0001179101,wuchereria_bancrofti_prjeb536,True
WBA_0001179201,wuchereria_bancrofti_prjeb536,True
WBA_0001179301,wuchereria_bancrofti_prjeb536,True
WBA_0001179401,wuchereria_bancrofti_prjeb536,True
WBA_0001179501,wuchereria_bancrofti_prjeb536,True
WBA_0001179601,wuchereria_bancrofti_prjeb536,True
WBA_0001179701,wuchereria_bancrofti_prjeb536,True
WBA_0001179801,wuchereria_bancrofti_prjeb536,False
WBA_0001179901,wuchereria_bancrofti_prjeb536,False
WBA_0001180001,wuchereria_bancrofti_prjeb536,True
WBA_0001180101,wuchereria_bancrofti_prjeb536,True
WBA_0001180201,wuchereria_bancrofti_prjeb536,True
WBA_0001180301,wuchereria_bancrofti_prjeb536,False
WBA_0001180401,wuchereria_bancrofti_prjeb536,False
WBA_0001180501,wuchereria_bancrofti_prjeb536,True
WBA_0001180601,wuchereria_bancrofti_prjeb536,True
WBA_0001180701,wuchereria_bancrofti_prjeb536,True
WBA_0001180801,wuchereria_bancrofti_prjeb536,True
WBA_0001180901,wuchereria_bancrofti_prjeb536,True
WBA_0001181001,wuchereria_bancrofti_prjeb536,True
WBA_0001181101,wuchereria_bancrofti_prjeb536,True
WBA_0001181201,wuchereria_bancrofti_prjeb536,True
WBA_0001181301,wuchereria_bancrofti_prjeb536,True
WBA_0001181401,wuchereria_bancrofti_prjeb536,True
WBA_0001181501,wuchereria_bancrofti_prjeb536,True
WBA_0001181601,wuchereria_bancrofti_prjeb536,False
WBA_0001181701,wuchereria_bancrofti_prjeb536,True
WBA_0001181801,wuchereria_bancrofti_prjeb536,True
WBA_0001181901,wuchereria_bancrofti_prjeb536,True
WBA_0001182001,wuchereria_bancrofti_prjeb536,True
WBA_0001182101,wuchereria_bancrofti_prjeb536,True
WBA_0001182201,wuchereria_bancrofti_prjeb536,True
WBA_0001182301,wuchereria_bancrofti_prjeb536,True
WBA_0001182401,wuchereria_bancrofti_prjeb536,True
WBA_0001182501,wuchereria_bancrofti_prjeb536,True
WBA_0001182601,wuchereria_bancrofti_prjeb536,False
WBA_0001182701,wuchereria_bancrofti_prjeb536,True
WBA_0001182801,wuchereria_bancrofti_prjeb536,True
WBA_0001182901,wuchereria_bancrofti_prjeb536,False
WBA_0001183001,wuchereria_bancrofti_prjeb536,True
WBA_0001183101,wuchereria_bancrofti_prjeb536,True
WBA_0001183201,wuchereria_bancrofti_prjeb536,True
WBA_0001183301,wuchereria_bancrofti_prjeb536,True
WBA_0001183401,wuchereria_bancrofti_prjeb536,True
WBA_0001183501,wuchereria_bancrofti_prjeb536,True
WBA_0001183601,wuchereria_bancrofti_prjeb536,False
WBA_0001183701,wuchereria_bancrofti_prjeb536,True
WBA_0001183801,wuchereria_bancrofti_prjeb536,True
WBA_0001183901,wuchereria_bancrofti_prjeb536,True
WBA_0001184001,wuchereria_bancrofti_prjeb536,True
WBA_0001184101,wuchereria_bancrofti_prjeb536,True
WBA_0001184201,wuchereria_bancrofti_prjeb536,True
WBA_0001184301,wuchereria_bancrofti_prjeb536,True
WBA_0001184401,wuchereria_bancrofti_prjeb536,False
WBA_0001184501,wuchereria_bancrofti_prjeb536,True
WBA_0001184601,wuchereria_bancrofti_prjeb536,True
WBA_0001184701,wuchereria_bancrofti_prjeb536,True
WBA_0001184801,wuchereria_bancrofti_prjeb536,False
WBA_0001184901,wuchereria_bancrofti_prjeb536,True
WBA_0001185001,wuchereria_bancrofti_prjeb536,True
WBA_0001185101,wuchereria_bancrofti_prjeb536,True
WBA_0001185201,wuchereria_bancrofti_prjeb536,True
WBA_0001185301,wuchereria_bancrofti_prjeb536,True
WBA_0001185401,wuchereria_bancrofti_prjeb536,True
WBA_0001185501,wuchereria_bancrofti_prjeb536,True
WBA_0001185601,wuchereria_bancrofti_prjeb536,True
WBA_0001185701,wuchereria_bancrofti_prjeb536,True
WBA_0001185801,wuchereria_bancrofti_prjeb536,False
WBA_0001185901,wuchereria_bancrofti_prjeb536,True
WBA_0001186001,wuchereria_bancrofti_prjeb536,False
WBA_0001186101,wuchereria_bancrofti_prjeb536,True
WBA_0001186201,wuchereria_bancrofti_prjeb536,False
WBA_0001186301,wuchereria_bancrofti_prjeb536,True
WBA_0001186401,wuchereria_bancrofti_prjeb536,True
WBA_0001186501,wuchereria_bancrofti_prjeb536,True
WBA_0001186601,wuchereria_bancrofti_prjeb536,True
WBA_0001186701,wuchereria_bancrofti_prjeb536,False
WBA_0001186801,wuchereria_bancrofti_prjeb536,True
WBA_0001186901,wuchereria_bancrofti_prjeb536,True
WBA_0001187001,wuchereria_bancrofti_prjeb536,True
WBA_0001187101,wuchereria_bancrofti_prjeb536,False
WBA_0001187201,wuchereria_bancrofti_prjeb536,False
WBA_0001187301,wuchereria_bancrofti_prjeb536,True
WBA_0001187401,wuchereria_bancrofti_prjeb536,False
WBA_0001187501,wuchereria_bancrofti_prjeb536,True
WBA_0001187601,wuchereria_bancrofti_prjeb536,True
WBA_0001187701,wuchereria_bancrofti_prjeb536,True
WBA_0001187801,wuchereria_bancrofti_prjeb536,True
WBA_0001187901,wuchereria_bancrofti_prjeb536,True
WBA_0001188001,wuchereria_bancrofti_prjeb536,True
WBA_0001188101,wuchereria_bancrofti_prjeb536,False
WBA_0001188201,wuchereria_bancrofti_prjeb536,True
WBA_0001188301,wuchereria_bancrofti_prjeb536,True
WBA_0001188401,wuchereria_bancrofti_prjeb536,True
WBA_0001188501,wuchereria_bancrofti_prjeb536,True
WBA_0001188601,wuchereria_bancrofti_prjeb536,True
WBA_0001188701,wuchereria_bancrofti_prjeb536,False
WBA_0001188801,wuchereria_bancrofti_prjeb536,True
WBA_0001188901,wuchereria_bancrofti_prjeb536,False
WBA_0001189001,wuchereria_bancrofti_prjeb536,True
WBA_0001189101,wuchereria_bancrofti_prjeb536,True
WBA_0001189201,wuchereria_bancrofti_prjeb536,True
WBA_0001189301,wuchereria_bancrofti_prjeb536,True
WBA_0001189401,wuchereria_bancrofti_prjeb536,True
WBA_0001189501,wuchereria_bancrofti_prjeb536,True
WBA_0001189601,wuchereria_bancrofti_prjeb536,False
WBA_0001189701,wuchereria_bancrofti_prjeb536,True
WBA_0001189801,wuchereria_bancrofti_prjeb536,True
WBA_0001189901,wuchereria_bancrofti_prjeb536,True
WBA_0001190001,wuchereria_bancrofti_prjeb536,True
WBA_0001190101,wuchereria_bancrofti_prjeb536,True
WBA_0001190201,wuchereria_bancrofti_prjeb536,True
WBA_0001190301,wuchereria_bancrofti_prjeb536,True
WBA_0001190401,wuchereria_bancrofti_prjeb536,True
WBA_0001190501,wuchereria_bancrofti_prjeb536,True
WBA_0001190601,wuchereria_bancrofti_prjeb536,True
WBA_0001190701,wuchereria_bancrofti_prjeb536,True
WBA_0001190801,wuchereria_bancrofti_prjeb536,False
WBA_0001190901,wuchereria_bancrofti_prjeb536,True
WBA_0001191001,wuchereria_bancrofti_prjeb536,True
WBA_0001191101,wuchereria_bancrofti_prjeb536,False
WBA_0001191201,wuchereria_bancrofti_prjeb536,False
WBA_0001191301,wuchereria_bancrofti_prjeb536,True
WBA_0001191401,wuchereria_bancrofti_prjeb536,True
WBA_0001191501,wuchereria_bancrofti_prjeb536,True
WBA_0001191601,wuchereria_bancrofti_prjeb536,True
WBA_0001191701,wuchereria_bancrofti_prjeb536,True
WBA_0001191801,wuchereria_bancrofti_prjeb536,True
WBA_0001191901,wuchereria_bancrofti_prjeb536,False
WBA_0001192001,wuchereria_bancrofti_prjeb536,True
WBA_0001192101,wuchereria_bancrofti_prjeb536,True
WBA_0001192201,wuchereria_bancrofti_prjeb536,True
WBA_0001192301,wuchereria_bancrofti_prjeb536,True
WBA_0001192401,wuchereria_bancrofti_prjeb536,True
WBA_0001192501,wuchereria_bancrofti_prjeb536,False
WBA_0001192601,wuchereria_bancrofti_prjeb536,True
WBA_0001192701,wuchereria_bancrofti_prjeb536,True
WBA_0001192801,wuchereria_bancrofti_prjeb536,True
WBA_0001192901,wuchereria_bancrofti_prjeb536,False
WBA_0001193001,wuchereria_bancrofti_prjeb536,True
WBA_0001193101,wuchereria_bancrofti_prjeb536,True
WBA_0001193201,wuchereria_bancrofti_prjeb536,True
WBA_0001193301,wuchereria_bancrofti_prjeb536,False
WBA_0001193401,wuchereria_bancrofti_prjeb536,True
WBA_0001193501,wuchereria_bancrofti_prjeb536,True
WBA_0001193601,wuchereria_bancrofti_prjeb536,True
WBA_0001193701,wuchereria_bancrofti_prjeb536,False
WBA_0001193801,wuchereria_bancrofti_prjeb536,True
WBA_0001193901,wuchereria_bancrofti_prjeb536,True
WBA_0001194001,wuchereria_bancrofti_prjeb536,False
WBA_0001194101,wuchereria_bancrofti_prjeb536,False
WBA_0001194201,wuchereria_bancrofti_prjeb536,True
WBA_0001194301,wuchereria_bancrofti_prjeb536,True
WBA_0001194401,wuchereria_bancrofti_prjeb536,False
WBA_0001194501,wuchereria_bancrofti_prjeb536,True
WBA_0001194601,wuchereria_bancrofti_prjeb536,True
WBA_0001194701,wuchereria_bancrofti_prjeb536,True
WBA_0001194801,wuchereria_bancrofti_prjeb536,True
WBA_0001194901,wuchereria_bancrofti_prjeb536,False
WBA_0001195001,wuchereria_bancrofti_prjeb536,True
WBA_0001195101,wuchereria_bancrofti_prjeb536,False
WBA_0001195201,wuchereria_bancrofti_prjeb536,False
WBA_0001195301,wuchereria_bancrofti_prjeb536,True
WBA_0001195401,wuchereria_bancrofti_prjeb536,True
WBA_0001195501,wuchereria_bancrofti_prjeb536,True
WBA_0001195601,wuchereria_bancrofti_prjeb536,False
WBA_0001195701,wuchereria_bancrofti_prjeb536,False
WBA_0001195801,wuchereria_bancrofti_prjeb536,True
WBA_0001195901,wuchereria_bancrofti_prjeb536,True
WBA_0001196001,wuchereria_bancrofti_prjeb536,True
WBA_0001196101,wuchereria_bancrofti_prjeb536,False
WBA_0001196201,wuchereria_bancrofti_prjeb536,True
WBA_0001196301,wuchereria_bancrofti_prjeb536,True
WBA_0001196401,wuchereria_bancrofti_prjeb536,False
WBA_0001196501,wuchereria_bancrofti_prjeb536,True
WBA_0001196601,wuchereria_bancrofti_prjeb536,True
WBA_0001196701,wuchereria_bancrofti_prjeb536,True
WBA_0001196801,wuchereria_bancrofti_prjeb536,True
WBA_0001196901,wuchereria_bancrofti_prjeb536,True
WBA_0001197001,wuchereria_bancrofti_prjeb536,True
WBA_0001197101,wuchereria_bancrofti_prjeb536,True
WBA_0001197201,wuchereria_bancrofti_prjeb536,False
WBA_0001197301,wuchereria_bancrofti_prjeb536,False
WBA_0001197401,wuchereria_bancrofti_prjeb536,True
WBA_0001197501,wuchereria_bancrofti_prjeb536,True
WBA_0001197601,wuchereria_bancrofti_prjeb536,True
WBA_0001197701,wuchereria_bancrofti_prjeb536,True
WBA_0001197801,wuchereria_bancrofti_prjeb536,True
WBA_0001197901,wuchereria_bancrofti_prjeb536,True
WBA_0001198001,wuchereria_bancrofti_prjeb536,False
WBA_0001198101,wuchereria_bancrofti_prjeb536,True
WBA_0001198201,wuchereria_bancrofti_prjeb536,True
WBA_0001198301,wuchereria_bancrofti_prjeb536,True
WBA_0001198401,wuchereria_bancrofti_prjeb536,False
WBA_0001198501,wuchereria_bancrofti_prjeb536,False
WBA_0001198601,wuchereria_bancrofti_prjeb536,True
WBA_0001198701,wuchereria_bancrofti_prjeb536,False
WBA_0001198801,wuchereria_bancrofti_prjeb536,True
WBA_0001198901,wuchereria_bancrofti_prjeb536,True
WBA_0001199001,wuchereria_bancrofti_prjeb536,True
WBA_0001199101,wuchereria_bancrofti_prjeb536,True
WBA_0001199201,wuchereria_bancrofti_prjeb536,False
WBA_0001199301,wuchereria_bancrofti_prjeb536,False
WBA_0001199401,wuchereria_bancrofti_prjeb536,True
WBA_0001199501,wuchereria_bancrofti_prjeb536,False
WBA_0001199601,wuchereria_bancrofti_prjeb536,True
WBA_0001199701,wuchereria_bancrofti_prjeb536,True
WBA_0001199801,wuchereria_bancrofti_prjeb536,True
WBA_0001199901,wuchereria_bancrofti_prjeb536,True
WBA_0001200001,wuchereria_bancrofti_prjeb536,True
WBA_0001200101,wuchereria_bancrofti_prjeb536,True
WBA_0001200201,wuchereria_bancrofti_prjeb536,True
WBA_0001200301,wuchereria_bancrofti_prjeb536,True
WBA_0001200401,wuchereria_bancrofti_prjeb536,True
WBA_0001200501,wuchereria_bancrofti_prjeb536,True
WBA_0001200601,wuchereria_bancrofti_prjeb536,True
WBA_0001200701,wuchereria_bancrofti_prjeb536,True
WBA_0001200801,wuchereria_bancrofti_prjeb536,True
WBA_0001200901,wuchereria_bancrofti_prjeb536,True
WBA_0001201001,wuchereria_bancrofti_prjeb536,True
WBA_0001201101,wuchereria_bancrofti_prjeb536,True
WBA_0001201201,wuchereria_bancrofti_prjeb536,True
WBA_0001201301,wuchereria_bancrofti_prjeb536,True
WBA_0001201401,wuchereria_bancrofti_prjeb536,False
WBA_0001201501,wuchereria_bancrofti_prjeb536,True
WBA_0001201601,wuchereria_bancrofti_prjeb536,True
WBA_0001201701,wuchereria_bancrofti_prjeb536,False
WBA_0001201801,wuchereria_bancrofti_prjeb536,True
WBA_0001201901,wuchereria_bancrofti_prjeb536,True
WBA_0001202001,wuchereria_bancrofti_prjeb536,True
WBA_0001202101,wuchereria_bancrofti_prjeb536,True
WBA_0001202201,wuchereria_bancrofti_prjeb536,True
WBA_0001202301,wuchereria_bancrofti_prjeb536,True
WBA_0001202401,wuchereria_bancrofti_prjeb536,True
WBA_0001202501,wuchereria_bancrofti_prjeb536,True
WBA_0001202601,wuchereria_bancrofti_prjeb536,True
WBA_0001202701,wuchereria_bancrofti_prjeb536,False
WBA_0001202801,wuchereria_bancrofti_prjeb536,True
WBA_0001202901,wuchereria_bancrofti_prjeb536,True
WBA_0001203001,wuchereria_bancrofti_prjeb536,True
WBA_0001203101,wuchereria_bancrofti_prjeb536,True
WBA_0001203201,wuchereria_bancrofti_prjeb536,True
WBA_0001203301,wuchereria_bancrofti_prjeb536,True
WBA_0001203401,wuchereria_bancrofti_prjeb536,False
WBA_0001203501,wuchereria_bancrofti_prjeb536,False
WBA_0001203601,wuchereria_bancrofti_prjeb536,False
WBA_0001203701,wuchereria_bancrofti_prjeb536,True
WBA_0001203801,wuchereria_bancrofti_prjeb536,True
WBA_0001203901,wuchereria_bancrofti_prjeb536,True
WBA_0001204001,wuchereria_bancrofti_prjeb536,True
WBA_0001204101,wuchereria_bancrofti_prjeb536,True
WBA_0001204201,wuchereria_bancrofti_prjeb536,True
WBA_0001204301,wuchereria_bancrofti_prjeb536,True
WBA_0001204401,wuchereria_bancrofti_prjeb536,True
WBA_0001204501,wuchereria_bancrofti_prjeb536,True
WBA_0001204601,wuchereria_bancrofti_prjeb536,False
WBA_0001204701,wuchereria_bancrofti_prjeb536,True
WBA_0001204801,wuchereria_bancrofti_prjeb536,False
WBA_0001204901,wuchereria_bancrofti_prjeb536,True
WBA_0001205101,wuchereria_bancrofti_prjeb536,True
WBA_0001205201,wuchereria_bancrofti_prjeb536,True
WBA_0001205301,wuchereria_bancrofti_prjeb536,True
WBA_0001205401,wuchereria_bancrofti_prjeb536,True
WBA_0001205501,wuchereria_bancrofti_prjeb536,False
WBA_0001205601,wuchereria_bancrofti_prjeb536,True
WBA_0001205701,wuchereria_bancrofti_prjeb536,True
WBA_0001205801,wuchereria_bancrofti_prjeb536,False
WBA_0001205901,wuchereria_bancrofti_prjeb536,True
WBA_0001206001,wuchereria_bancrofti_prjeb536,True
WBA_0001206101,wuchereria_bancrofti_prjeb536,True
WBA_0001206201,wuchereria_bancrofti_prjeb536,True
WBA_0001206301,wuchereria_bancrofti_prjeb536,True
WBA_0001206401,wuchereria_bancrofti_prjeb536,True
WBA_0001206501,wuchereria_bancrofti_prjeb536,False
WBA_0001206601,wuchereria_bancrofti_prjeb536,True
WBA_0001206701,wuchereria_bancrofti_prjeb536,True
WBA_0001206801,wuchereria_bancrofti_prjeb536,True
WBA_0001206901,wuchereria_bancrofti_prjeb536,True
WBA_0001207001,wuchereria_bancrofti_prjeb536,True
WBA_0001207101,wuchereria_bancrofti_prjeb536,True
WBA_0001207201,wuchereria_bancrofti_prjeb536,True
WBA_0001207301,wuchereria_bancrofti_prjeb536,False
WBA_0001207401,wuchereria_bancrofti_prjeb536,True
WBA_0001207501,wuchereria_bancrofti_prjeb536,True
WBA_0001207601,wuchereria_bancrofti_prjeb536,False
WBA_0001207701,wuchereria_bancrofti_prjeb536,True
WBA_0001207801,wuchereria_bancrofti_prjeb536,False
WBA_0001207901,wuchereria_bancrofti_prjeb536,True
WBA_0001208001,wuchereria_bancrofti_prjeb536,True
WBA_0001208101,wuchereria_bancrofti_prjeb536,True
WBA_0001208201,wuchereria_bancrofti_prjeb536,False
WBA_0001208301,wuchereria_bancrofti_prjeb536,False
WBA_0001208401,wuchereria_bancrofti_prjeb536,True
WBA_0001208501,wuchereria_bancrofti_prjeb536,False
WBA_0001208601,wuchereria_bancrofti_prjeb536,False
WBA_0001208701,wuchereria_bancrofti_prjeb536,True
WBA_0001208801,wuchereria_bancrofti_prjeb536,False
WBA_0001208901,wuchereria_bancrofti_prjeb536,False
WBA_0001209001,wuchereria_bancrofti_prjeb536,True
WBA_0001209101,wuchereria_bancrofti_prjeb536,True
WBA_0001209201,wuchereria_bancrofti_prjeb536,True
WBA_0001209301,wuchereria_bancrofti_prjeb536,True
WBA_0001209401,wuchereria_bancrofti_prjeb536,True
WBA_0001209501,wuchereria_bancrofti_prjeb536,True
WBA_0001209601,wuchereria_bancrofti_prjeb536,True
WBA_0001209701,wuchereria_bancrofti_prjeb536,False
WBA_0001209801,wuchereria_bancrofti_prjeb536,True
WBA_0001209901,wuchereria_bancrofti_prjeb536,True
WBA_0001210001,wuchereria_bancrofti_prjeb536,True
WBA_0001210101,wuchereria_bancrofti_prjeb536,True
WBA_0001210201,wuchereria_bancrofti_prjeb536,True
WBA_0001210301,wuchereria_bancrofti_prjeb536,True
WBA_0001210401,wuchereria_bancrofti_prjeb536,False
WBA_0001210501,wuchereria_bancrofti_prjeb536,True
WBA_0001210601,wuchereria_bancrofti_prjeb536,True
WBA_0001210701,wuchereria_bancrofti_prjeb536,True
WBA_0001210801,wuchereria_bancrofti_prjeb536,True
WBA_0001210901,wuchereria_bancrofti_prjeb536,True
WBA_0001211001,wuchereria_bancrofti_prjeb536,True
WBA_0001211101,wuchereria_bancrofti_prjeb536,True
WBA_0001211201,wuchereria_bancrofti_prjeb536,True
WBA_0001211301,wuchereria_bancrofti_prjeb536,True
WBA_0001211401,wuchereria_bancrofti_prjeb536,True
WBA_0001211501,wuchereria_bancrofti_prjeb536,True
WBA_0001211601,wuchereria_bancrofti_prjeb536,True
WBA_0001211701,wuchereria_bancrofti_prjeb536,True
WBA_0001211801,wuchereria_bancrofti_prjeb536,True
WBA_0001211901,wuchereria_bancrofti_prjeb536,True
WBA_0001212001,wuchereria_bancrofti_prjeb536,True
WBA_0001212101,wuchereria_bancrofti_prjeb536,True
WBA_0001212201,wuchereria_bancrofti_prjeb536,True
WBA_0001212301,wuchereria_bancrofti_prjeb536,True
WBA_0001212401,wuchereria_bancrofti_prjeb536,True
WBA_0001212501,wuchereria_bancrofti_prjeb536,False
WBA_0001212601,wuchereria_bancrofti_prjeb536,False
WBA_0001212701,wuchereria_bancrofti_prjeb536,True
WBA_0001212801,wuchereria_bancrofti_prjeb536,True
WBA_0001212901,wuchereria_bancrofti_prjeb536,True
WBA_0001213001,wuchereria_bancrofti_prjeb536,True
WBA_0001213101,wuchereria_bancrofti_prjeb536,True
WBA_0001213201,wuchereria_bancrofti_prjeb536,False
WBA_0001213301,wuchereria_bancrofti_prjeb536,False
WBA_0001213401,wuchereria_bancrofti_prjeb536,True
WBA_0001213501,wuchereria_bancrofti_prjeb536,True
WBA_0001213601,wuchereria_bancrofti_prjeb536,True
WBA_0001213701,wuchereria_bancrofti_prjeb536,True
WBA_0001213801,wuchereria_bancrofti_prjeb536,False
WBA_0001213901,wuchereria_bancrofti_prjeb536,True
WBA_0001214001,wuchereria_bancrofti_prjeb536,True
WBA_0001214101,wuchereria_bancrofti_prjeb536,False
WBA_0001214201,wuchereria_bancrofti_prjeb536,True
WBA_0001214301,wuchereria_bancrofti_prjeb536,True
WBA_0001214401,wuchereria_bancrofti_prjeb536,True
WBA_0001214501,wuchereria_bancrofti_prjeb536,False
WBA_0001214601,wuchereria_bancrofti_prjeb536,True
WBA_0001214701,wuchereria_bancrofti_prjeb536,True
WBA_0001214801,wuchereria_bancrofti_prjeb536,True
WBA_0001214901,wuchereria_bancrofti_prjeb536,True
WBA_0001215001,wuchereria_bancrofti_prjeb536,True
WBA_0001215101,wuchereria_bancrofti_prjeb536,True
WBA_0001215201,wuchereria_bancrofti_prjeb536,True
WBA_0001215301,wuchereria_bancrofti_prjeb536,False
WBA_0001215401,wuchereria_bancrofti_prjeb536,True
WBA_0001215501,wuchereria_bancrofti_prjeb536,True
WBA_0001215601,wuchereria_bancrofti_prjeb536,True
WBA_0001215701,wuchereria_bancrofti_prjeb536,True
WBA_0001215801,wuchereria_bancrofti_prjeb536,True
WBA_0001215901,wuchereria_bancrofti_prjeb536,True
WBA_0001216001,wuchereria_bancrofti_prjeb536,True
WBA_0001216101,wuchereria_bancrofti_prjeb536,True
WBA_0001216201,wuchereria_bancrofti_prjeb536,True
WBA_0001216301,wuchereria_bancrofti_prjeb536,True
WBA_0001216401,wuchereria_bancrofti_prjeb536,False
WBA_0001216501,wuchereria_bancrofti_prjeb536,True
WBA_0001216601,wuchereria_bancrofti_prjeb536,False
WBA_0001216701,wuchereria_bancrofti_prjeb536,False
WBA_0001216801,wuchereria_bancrofti_prjeb536,True
WBA_0001216901,wuchereria_bancrofti_prjeb536,True
WBA_0001217001,wuchereria_bancrofti_prjeb536,True
WBA_0001217101,wuchereria_bancrofti_prjeb536,True
WBA_0001217201,wuchereria_bancrofti_prjeb536,True
WBA_0001217301,wuchereria_bancrofti_prjeb536,True
WBA_0001217401,wuchereria_bancrofti_prjeb536,True
WBA_0001217501,wuchereria_bancrofti_prjeb536,False
WBA_0001217601,wuchereria_bancrofti_prjeb536,True
WBA_0001217701,wuchereria_bancrofti_prjeb536,True
WBA_0001217801,wuchereria_bancrofti_prjeb536,True
WBA_0001217901,wuchereria_bancrofti_prjeb536,True
WBA_0001218001,wuchereria_bancrofti_prjeb536,False
WBA_0001218101,wuchereria_bancrofti_prjeb536,True
WBA_0001218201,wuchereria_bancrofti_prjeb536,True
WBA_0001218301,wuchereria_bancrofti_prjeb536,True
WBA_0001218401,wuchereria_bancrofti_prjeb536,True
WBA_0001218501,wuchereria_bancrofti_prjeb536,True
WBA_0001218601,wuchereria_bancrofti_prjeb536,True
WBA_0001218701,wuchereria_bancrofti_prjeb536,True
WBA_0001218801,wuchereria_bancrofti_prjeb536,False
WBA_0001218901,wuchereria_bancrofti_prjeb536,True
WBA_0001219001,wuchereria_bancrofti_prjeb536,True
WBA_0001219101,wuchereria_bancrofti_prjeb536,True
WBA_0001219201,wuchereria_bancrofti_prjeb536,True
WBA_0001219301,wuchereria_bancrofti_prjeb536,False
WBA_0001219401,wuchereria_bancrofti_prjeb536,False
WBA_0001219501,wuchereria_bancrofti_prjeb536,True
WBA_0001219601,wuchereria_bancrofti_prjeb536,False
WBA_0001219701,wuchereria_bancrofti_prjeb536,True
WBA_0001219801,wuchereria_bancrofti_prjeb536,True
WBA_0001219901,wuchereria_bancrofti_prjeb536,True
WBA_0001220001,wuchereria_bancrofti_prjeb536,True
WBA_0001220101,wuchereria_bancrofti_prjeb536,True
WBA_0001220201,wuchereria_bancrofti_prjeb536,False
WBA_0001220301,wuchereria_bancrofti_prjeb536,False
WBA_0001220401,wuchereria_bancrofti_prjeb536,True
WBA_0001220501,wuchereria_bancrofti_prjeb536,True
WBA_0001220601,wuchereria_bancrofti_prjeb536,True
WBA_0001220701,wuchereria_bancrofti_prjeb536,True
WBA_0001220801,wuchereria_bancrofti_prjeb536,True
WBA_0001220901,wuchereria_bancrofti_prjeb536,False
WBA_0001221001,wuchereria_bancrofti_prjeb536,True
WBA_0001221101,wuchereria_bancrofti_prjeb536,True
WBA_0001221201,wuchereria_bancrofti_prjeb536,True
WBA_0001221301,wuchereria_bancrofti_prjeb536,True
WBA_0001221401,wuchereria_bancrofti_prjeb536,False
WBA_0001221501,wuchereria_bancrofti_prjeb536,True
WBA_0001221601,wuchereria_bancrofti_prjeb536,True
WBA_0001221701,wuchereria_bancrofti_prjeb536,True
WBA_0001221801,wuchereria_bancrofti_prjeb536,True
WBA_0001221901,wuchereria_bancrofti_prjeb536,True
WBA_0001222001,wuchereria_bancrofti_prjeb536,True
WBA_0001222101,wuchereria_bancrofti_prjeb536,False
WBA_0001222201,wuchereria_bancrofti_prjeb536,False
WBA_0001222301,wuchereria_bancrofti_prjeb536,True
WBA_0001222401,wuchereria_bancrofti_prjeb536,True
WBA_0001222501,wuchereria_bancrofti_prjeb536,True
WBA_0001222601,wuchereria_bancrofti_prjeb536,True
WBA_0001222701,wuchereria_bancrofti_prjeb536,True
WBA_0001222801,wuchereria_bancrofti_prjeb536,True
WBA_0001222901,wuchereria_bancrofti_prjeb536,True
WBA_0001223001,wuchereria_bancrofti_prjeb536,False
WBA_0001223101,wuchereria_bancrofti_prjeb536,True
WBA_0001223201,wuchereria_bancrofti_prjeb536,False
WBA_0001223301,wuchereria_bancrofti_prjeb536,True
WBA_0001223401,wuchereria_bancrofti_prjeb536,True
WBA_0001223501,wuchereria_bancrofti_prjeb536,True
WBA_0001223601,wuchereria_bancrofti_prjeb536,True
WBA_0001223701,wuchereria_bancrofti_prjeb536,True
WBA_0001223801,wuchereria_bancrofti_prjeb536,True
WBA_0001223901,wuchereria_bancrofti_prjeb536,True
WBA_0001224001,wuchereria_bancrofti_prjeb536,False
WBA_0001224101,wuchereria_bancrofti_prjeb536,True
WBA_0001224201,wuchereria_bancrofti_prjeb536,True
WBA_0001224301,wuchereria_bancrofti_prjeb536,True
WBA_0001224401,wuchereria_bancrofti_prjeb536,True
WBA_0001224501,wuchereria_bancrofti_prjeb536,True
WBA_0001224601,wuchereria_bancrofti_prjeb536,True
WBA_0001224701,wuchereria_bancrofti_prjeb536,True
WBA_0001224801,wuchereria_bancrofti_prjeb536,True
WBA_0001224901,wuchereria_bancrofti_prjeb536,True
WBA_0001225001,wuchereria_bancrofti_prjeb536,True
WBA_0001225101,wuchereria_bancrofti_prjeb536,True
WBA_0001225201,wuchereria_bancrofti_prjeb536,True
WBA_0001225301,wuchereria_bancrofti_prjeb536,True
WBA_0001225401,wuchereria_bancrofti_prjeb536,False
WBA_0001225501,wuchereria_bancrofti_prjeb536,True
WBA_0001225601,wuchereria_bancrofti_prjeb536,False
WBA_0001225701,wuchereria_bancrofti_prjeb536,True
WBA_0001225801,wuchereria_bancrofti_prjeb536,True
WBA_0001225901,wuchereria_bancrofti_prjeb536,False
WBA_0001226001,wuchereria_bancrofti_prjeb536,True
WBA_0001226101,wuchereria_bancrofti_prjeb536,False
WBA_0001226201,wuchereria_bancrofti_prjeb536,True
WBA_0001226301,wuchereria_bancrofti_prjeb536,True
WBA_0001226401,wuchereria_bancrofti_prjeb536,True
WBA_0001226501,wuchereria_bancrofti_prjeb536,True
WBA_0001226601,wuchereria_bancrofti_prjeb536,True
WBA_0001226701,wuchereria_bancrofti_prjeb536,True
WBA_0001226801,wuchereria_bancrofti_prjeb536,True
WBA_0001226901,wuchereria_bancrofti_prjeb536,True
WBA_0001227001,wuchereria_bancrofti_prjeb536,True
WBA_0001227101,wuchereria_bancrofti_prjeb536,True
WBA_0001227201,wuchereria_bancrofti_prjeb536,False
WBA_0001227301,wuchereria_bancrofti_prjeb536,True
WBA_0001227401,wuchereria_bancrofti_prjeb536,True
WBA_0001227501,wuchereria_bancrofti_prjeb536,True
WBA_0001227601,wuchereria_bancrofti_prjeb536,False
WBA_0001227701,wuchereria_bancrofti_prjeb536,False
WBA_0001227801,wuchereria_bancrofti_prjeb536,True
WBA_0001227901,wuchereria_bancrofti_prjeb536,False
WBA_0001228001,wuchereria_bancrofti_prjeb536,False
WBA_0001228101,wuchereria_bancrofti_prjeb536,False
WBA_0001228201,wuchereria_bancrofti_prjeb536,True
WBA_0001228301,wuchereria_bancrofti_prjeb536,False
WBA_0001228401,wuchereria_bancrofti_prjeb536,True
WBA_0001228501,wuchereria_bancrofti_prjeb536,True
WBA_0001228601,wuchereria_bancrofti_prjeb536,False
WBA_0001228701,wuchereria_bancrofti_prjeb536,True
WBA_0001228801,wuchereria_bancrofti_prjeb536,True
WBA_0001228901,wuchereria_bancrofti_prjeb536,True
WBA_0001229001,wuchereria_bancrofti_prjeb536,True
WBA_0001229101,wuchereria_bancrofti_prjeb536,True
WBA_0001229201,wuchereria_bancrofti_prjeb536,True
WBA_0001229301,wuchereria_bancrofti_prjeb536,True
WBA_0001229401,wuchereria_bancrofti_prjeb536,True
WBA_0001229501,wuchereria_bancrofti_prjeb536,True
WBA_0001229601,wuchereria_bancrofti_prjeb536,True
WBA_0001229701,wuchereria_bancrofti_prjeb536,True
WBA_0001229801,wuchereria_bancrofti_prjeb536,True
WBA_0001229901,wuchereria_bancrofti_prjeb536,True
WBA_0001230001,wuchereria_bancrofti_prjeb536,True
WBA_0001230101,wuchereria_bancrofti_prjeb536,True
WBA_0001230201,wuchereria_bancrofti_prjeb536,True
WBA_0001230301,wuchereria_bancrofti_prjeb536,True
WBA_0001230401,wuchereria_bancrofti_prjeb536,True
WBA_0001230501,wuchereria_bancrofti_prjeb536,False
WBA_0001230601,wuchereria_bancrofti_prjeb536,True
WBA_0001230701,wuchereria_bancrofti_prjeb536,True
WBA_0001230801,wuchereria_bancrofti_prjeb536,True
WBA_0001230901,wuchereria_bancrofti_prjeb536,True
WBA_0001231001,wuchereria_bancrofti_prjeb536,True
WBA_0001231101,wuchereria_bancrofti_prjeb536,True
WBA_0001231201,wuchereria_bancrofti_prjeb536,True
WBA_0001231301,wuchereria_bancrofti_prjeb536,False
WBA_0001231401,wuchereria_bancrofti_prjeb536,True
WBA_0001231501,wuchereria_bancrofti_prjeb536,True
WBA_0001231601,wuchereria_bancrofti_prjeb536,True
WBA_0001231701,wuchereria_bancrofti_prjeb536,True
WBA_0001231801,wuchereria_bancrofti_prjeb536,False
WBA_0001231901,wuchereria_bancrofti_prjeb536,True
WBA_0001232001,wuchereria_bancrofti_prjeb536,True
WBA_0001232101,wuchereria_bancrofti_prjeb536,False
WBA_0001232201,wuchereria_bancrofti_prjeb536,True
WBA_0001232301,wuchereria_bancrofti_prjeb536,False
WBA_0001232401,wuchereria_bancrofti_prjeb536,True
WBA_0001232501,wuchereria_bancrofti_prjeb536,False
WBA_0001232601,wuchereria_bancrofti_prjeb536,True
WBA_0001232701,wuchereria_bancrofti_prjeb536,True
WBA_0001232801,wuchereria_bancrofti_prjeb536,True
WBA_0001232901,wuchereria_bancrofti_prjeb536,True
WBA_0001233001,wuchereria_bancrofti_prjeb536,True
WBA_0001233101,wuchereria_bancrofti_prjeb536,False
WBA_0001233201,wuchereria_bancrofti_prjeb536,False
WBA_0001233301,wuchereria_bancrofti_prjeb536,False
WBA_0001233401,wuchereria_bancrofti_prjeb536,False
WBA_0001233501,wuchereria_bancrofti_prjeb536,True
WBA_0001233601,wuchereria_bancrofti_prjeb536,True
WBA_0001233701,wuchereria_bancrofti_prjeb536,False
WBA_0001233801,wuchereria_bancrofti_prjeb536,True
WBA_0001233901,wuchereria_bancrofti_prjeb536,True
WBA_0001234001,wuchereria_bancrofti_prjeb536,True
WBA_0001234101,wuchereria_bancrofti_prjeb536,False
WBA_0001234201,wuchereria_bancrofti_prjeb536,True
WBA_0001234301,wuchereria_bancrofti_prjeb536,True
WBA_0001234401,wuchereria_bancrofti_prjeb536,True
WBA_0001234501,wuchereria_bancrofti_prjeb536,False
WBA_0001234601,wuchereria_bancrofti_prjeb536,True
WBA_0001234701,wuchereria_bancrofti_prjeb536,True
WBA_0001234801,wuchereria_bancrofti_prjeb536,True
WBA_0001234901,wuchereria_bancrofti_prjeb536,False
WBA_0001235001,wuchereria_bancrofti_prjeb536,True
WBA_0001235101,wuchereria_bancrofti_prjeb536,True
WBA_0001235201,wuchereria_bancrofti_prjeb536,True
WBA_0001235301,wuchereria_bancrofti_prjeb536,True
WBA_0001235401,wuchereria_bancrofti_prjeb536,True
WBA_0001235501,wuchereria_bancrofti_prjeb536,True
WBA_0001235601,wuchereria_bancrofti_prjeb536,True
WBA_0001235701,wuchereria_bancrofti_prjeb536,True
WBA_0001235801,wuchereria_bancrofti_prjeb536,True
WBA_0001235901,wuchereria_bancrofti_prjeb536,False
WBA_0001236001,wuchereria_bancrofti_prjeb536,True
WBA_0001236101,wuchereria_bancrofti_prjeb536,True
WBA_0001236201,wuchereria_bancrofti_prjeb536,False
WBA_0001236301,wuchereria_bancrofti_prjeb536,True
WBA_0001236401,wuchereria_bancrofti_prjeb536,True
WBA_0001236501,wuchereria_bancrofti_prjeb536,True
WBA_0001236601,wuchereria_bancrofti_prjeb536,True
WBA_0001236701,wuchereria_bancrofti_prjeb536,True
WBA_0001236801,wuchereria_bancrofti_prjeb536,True
WBA_0001236901,wuchereria_bancrofti_prjeb536,True
WBA_0001237001,wuchereria_bancrofti_prjeb536,True
WBA_0001237101,wuchereria_bancrofti_prjeb536,False
WBA_0001237201,wuchereria_bancrofti_prjeb536,True
WBA_0001237301,wuchereria_bancrofti_prjeb536,True
WBA_0001237401,wuchereria_bancrofti_prjeb536,True
WBA_0001237501,wuchereria_bancrofti_prjeb536,True
WBA_0001237601,wuchereria_bancrofti_prjeb536,True
WBA_0001237701,wuchereria_bancrofti_prjeb536,False
WBA_0001237801,wuchereria_bancrofti_prjeb536,False
WBA_0001237901,wuchereria_bancrofti_prjeb536,True
WBA_0001238001,wuchereria_bancrofti_prjeb536,True
WBA_0001238101,wuchereria_bancrofti_prjeb536,False
WBA_0001238201,wuchereria_bancrofti_prjeb536,False
WBA_0001238301,wuchereria_bancrofti_prjeb536,False
WBA_0001238401,wuchereria_bancrofti_prjeb536,True
WBA_0001238501,wuchereria_bancrofti_prjeb536,False
WBA_0001238601,wuchereria_bancrofti_prjeb536,True
WBA_0001238701,wuchereria_bancrofti_prjeb536,True
WBA_0001238801,wuchereria_bancrofti_prjeb536,False
WBA_0001238901,wuchereria_bancrofti_prjeb536,True
WBA_0001239001,wuchereria_bancrofti_prjeb536,False
WBA_0001239101,wuchereria_bancrofti_prjeb536,False
WBA_0001239201,wuchereria_bancrofti_prjeb536,True
WBA_0001239301,wuchereria_bancrofti_prjeb536,True
WBA_0001239401,wuchereria_bancrofti_prjeb536,True
WBA_0001239501,wuchereria_bancrofti_prjeb536,True
WBA_0001239601,wuchereria_bancrofti_prjeb536,False
WBA_0001239701,wuchereria_bancrofti_prjeb536,True
WBA_0001239801,wuchereria_bancrofti_prjeb536,True
WBA_0001239901,wuchereria_bancrofti_prjeb536,True
WBA_0001240001,wuchereria_bancrofti_prjeb536,True
WBA_0001240101,wuchereria_bancrofti_prjeb536,True
WBA_0001240201,wuchereria_bancrofti_prjeb536,True
WBA_0001240301,wuchereria_bancrofti_prjeb536,True
WBA_0001240401,wuchereria_bancrofti_prjeb536,True
WBA_0001240501,wuchereria_bancrofti_prjeb536,True
WBA_0001240601,wuchereria_bancrofti_prjeb536,True
WBA_0001240701,wuchereria_bancrofti_prjeb536,False
WBA_0001240801,wuchereria_bancrofti_prjeb536,True
WBA_0001240901,wuchereria_bancrofti_prjeb536,True
WBA_0001241001,wuchereria_bancrofti_prjeb536,True
WBA_0001241101,wuchereria_bancrofti_prjeb536,True
WBA_0001241201,wuchereria_bancrofti_prjeb536,True
WBA_0001241301,wuchereria_bancrofti_prjeb536,True
WBA_0001241401,wuchereria_bancrofti_prjeb536,True
WBA_0001241501,wuchereria_bancrofti_prjeb536,True
WBA_0001241601,wuchereria_bancrofti_prjeb536,True
WBA_0001241701,wuchereria_bancrofti_prjeb536,False
WBA_0001241901,wuchereria_bancrofti_prjeb536,True
WBA_0001242001,wuchereria_bancrofti_prjeb536,True
WBA_0001242101,wuchereria_bancrofti_prjeb536,True
WBA_0001242201,wuchereria_bancrofti_prjeb536,True
WBA_0001242301,wuchereria_bancrofti_prjeb536,True
WBA_0001242401,wuchereria_bancrofti_prjeb536,False
WBA_0001242501,wuchereria_bancrofti_prjeb536,True
WBA_0001242601,wuchereria_bancrofti_prjeb536,True
WBA_0001242701,wuchereria_bancrofti_prjeb536,True
WBA_0001242801,wuchereria_bancrofti_prjeb536,True
WBA_0001242901,wuchereria_bancrofti_prjeb536,True
WBA_0001243001,wuchereria_bancrofti_prjeb536,True
WBA_0001243101,wuchereria_bancrofti_prjeb536,True
WBA_0001243201,wuchereria_bancrofti_prjeb536,True
WBA_0001243301,wuchereria_bancrofti_prjeb536,False
WBA_0001243401,wuchereria_bancrofti_prjeb536,False
WBA_0001243501,wuchereria_bancrofti_prjeb536,True
WBA_0001243701,wuchereria_bancrofti_prjeb536,True
WBA_0001243801,wuchereria_bancrofti_prjeb536,True
WBA_0001243901,wuchereria_bancrofti_prjeb536,True
WBA_0001244001,wuchereria_bancrofti_prjeb536,True
WBA_0001244101,wuchereria_bancrofti_prjeb536,True
WBA_0001244201,wuchereria_bancrofti_prjeb536,False
WBA_0001244301,wuchereria_bancrofti_prjeb536,False
WBA_0001244401,wuchereria_bancrofti_prjeb536,True
WBA_0001244501,wuchereria_bancrofti_prjeb536,True
WBA_0001244601,wuchereria_bancrofti_prjeb536,False
WBA_0001244701,wuchereria_bancrofti_prjeb536,False
WBA_0001244801,wuchereria_bancrofti_prjeb536,True
WBA_0001244901,wuchereria_bancrofti_prjeb536,False
WBA_0001245001,wuchereria_bancrofti_prjeb536,True
WBA_0001245101,wuchereria_bancrofti_prjeb536,False
WBA_0001245201,wuchereria_bancrofti_prjeb536,True
WBA_0001245301,wuchereria_bancrofti_prjeb536,True
WBA_0001245401,wuchereria_bancrofti_prjeb536,False
WBA_0001245501,wuchereria_bancrofti_prjeb536,True
WBA_0001245601,wuchereria_bancrofti_prjeb536,True
WBA_0001245701,wuchereria_bancrofti_prjeb536,True
WBA_0001245801,wuchereria_bancrofti_prjeb536,True
WBA_0001245901,wuchereria_bancrofti_prjeb536,False
WBA_0001246001,wuchereria_bancrofti_prjeb536,True
WBA_0001246101,wuchereria_bancrofti_prjeb536,True
WBA_0001246201,wuchereria_bancrofti_prjeb536,True
WBA_0001246301,wuchereria_bancrofti_prjeb536,True
WBA_0001246401,wuchereria_bancrofti_prjeb536,True
WBA_0001246501,wuchereria_bancrofti_prjeb536,True
WBA_0001246601,wuchereria_bancrofti_prjeb536,True
WBA_0001246701,wuchereria_bancrofti_prjeb536,True
WBA_0001246801,wuchereria_bancrofti_prjeb536,True
WBA_0001246901,wuchereria_bancrofti_prjeb536,True
WBA_0001247001,wuchereria_bancrofti_prjeb536,True
WBA_0001247101,wuchereria_bancrofti_prjeb536,True
WBA_0001247201,wuchereria_bancrofti_prjeb536,True
WBA_0001247301,wuchereria_bancrofti_prjeb536,True
WBA_0001247401,wuchereria_bancrofti_prjeb536,True
WBA_0001247501,wuchereria_bancrofti_prjeb536,False
WBA_0001247601,wuchereria_bancrofti_prjeb536,True
WBA_0001247701,wuchereria_bancrofti_prjeb536,True
WBA_0001247801,wuchereria_bancrofti_prjeb536,True
WBA_0001247901,wuchereria_bancrofti_prjeb536,True
WBA_0001248001,wuchereria_bancrofti_prjeb536,False
WBA_0001248101,wuchereria_bancrofti_prjeb536,True
WBA_0001248201,wuchereria_bancrofti_prjeb536,True
WBA_0001248301,wuchereria_bancrofti_prjeb536,True
WBA_0001248401,wuchereria_bancrofti_prjeb536,True
WBA_0001248501,wuchereria_bancrofti_prjeb536,True
WBA_0001248601,wuchereria_bancrofti_prjeb536,True
WBA_0001248701,wuchereria_bancrofti_prjeb536,True
WBA_0001248801,wuchereria_bancrofti_prjeb536,False
WBA_0001248901,wuchereria_bancrofti_prjeb536,True
WBA_0001249001,wuchereria_bancrofti_prjeb536,False
WBA_0001249101,wuchereria_bancrofti_prjeb536,False
WBA_0001249201,wuchereria_bancrofti_prjeb536,True
WBA_0001249301,wuchereria_bancrofti_prjeb536,False
WBA_0001249401,wuchereria_bancrofti_prjeb536,True
WBA_0001249501,wuchereria_bancrofti_prjeb536,True
WBA_0001249601,wuchereria_bancrofti_prjeb536,True
WBA_0001249701,wuchereria_bancrofti_prjeb536,True
WBA_0001249801,wuchereria_bancrofti_prjeb536,False
WBA_0001249901,wuchereria_bancrofti_prjeb536,True
WBA_0001250001,wuchereria_bancrofti_prjeb536,True
WBA_0001250101,wuchereria_bancrofti_prjeb536,True
WBA_0001250201,wuchereria_bancrofti_prjeb536,True
WBA_0001250301,wuchereria_bancrofti_prjeb536,False
WBA_0001250401,wuchereria_bancrofti_prjeb536,True
WBA_0001250501,wuchereria_bancrofti_prjeb536,False
WBA_0001250601,wuchereria_bancrofti_prjeb536,True
WBA_0001250701,wuchereria_bancrofti_prjeb536,False
WBA_0001250801,wuchereria_bancrofti_prjeb536,False
WBA_0001250901,wuchereria_bancrofti_prjeb536,True
WBA_0001251001,wuchereria_bancrofti_prjeb536,True
WBA_0001251101,wuchereria_bancrofti_prjeb536,True
WBA_0001251201,wuchereria_bancrofti_prjeb536,True
WBA_0001251301,wuchereria_bancrofti_prjeb536,True
WBA_0001251401,wuchereria_bancrofti_prjeb536,True
WBA_0001251501,wuchereria_bancrofti_prjeb536,True
WBA_0001251601,wuchereria_bancrofti_prjeb536,False
WBA_0001251701,wuchereria_bancrofti_prjeb536,True
WBA_0001251801,wuchereria_bancrofti_prjeb536,True
WBA_0001251901,wuchereria_bancrofti_prjeb536,True
WBA_0001252001,wuchereria_bancrofti_prjeb536,False
WBA_0001252101,wuchereria_bancrofti_prjeb536,True
WBA_0001252201,wuchereria_bancrofti_prjeb536,True
WBA_0001252301,wuchereria_bancrofti_prjeb536,True
WBA_0001252401,wuchereria_bancrofti_prjeb536,True
WBA_0001252501,wuchereria_bancrofti_prjeb536,True
WBA_0001252601,wuchereria_bancrofti_prjeb536,True
WBA_0001252701,wuchereria_bancrofti_prjeb536,True
WBA_0001252801,wuchereria_bancrofti_prjeb536,True
WBA_0001252901,wuchereria_bancrofti_prjeb536,True
WBA_0001253001,wuchereria_bancrofti_prjeb536,True
WBA_0001253101,wuchereria_bancrofti_prjeb536,True
WBA_0001253201,wuchereria_bancrofti_prjeb536,False
WBA_0001253301,wuchereria_bancrofti_prjeb536,False
WBA_0001253401,wuchereria_bancrofti_prjeb536,True
WBA_0001253501,wuchereria_bancrofti_prjeb536,False
WBA_0001253601,wuchereria_bancrofti_prjeb536,True
WBA_0001253701,wuchereria_bancrofti_prjeb536,False
WBA_0001253801,wuchereria_bancrofti_prjeb536,True
WBA_0001253901,wuchereria_bancrofti_prjeb536,True
WBA_0001254001,wuchereria_bancrofti_prjeb536,True
WBA_0001254101,wuchereria_bancrofti_prjeb536,True
WBA_0001254201,wuchereria_bancrofti_prjeb536,False
WBA_0001254301,wuchereria_bancrofti_prjeb536,True
WBA_0001254401,wuchereria_bancrofti_prjeb536,True
WBA_0001254501,wuchereria_bancrofti_prjeb536,True
WBA_0001254601,wuchereria_bancrofti_prjeb536,False
WBA_0001254701,wuchereria_bancrofti_prjeb536,True
WBA_0001254801,wuchereria_bancrofti_prjeb536,True
WBA_0001254901,wuchereria_bancrofti_prjeb536,True
WBA_0001255001,wuchereria_bancrofti_prjeb536,True
WBA_0001255101,wuchereria_bancrofti_prjeb536,True
WBA_0001255201,wuchereria_bancrofti_prjeb536,True
WBA_0001255301,wuchereria_bancrofti_prjeb536,True
WBA_0001255401,wuchereria_bancrofti_prjeb536,True
WBA_0001255501,wuchereria_bancrofti_prjeb536,True
WBA_0001255601,wuchereria_bancrofti_prjeb536,False
WBA_0001255701,wuchereria_bancrofti_prjeb536,True
WBA_0001255801,wuchereria_bancrofti_prjeb536,True
WBA_0001255901,wuchereria_bancrofti_prjeb536,True
WBA_0001256001,wuchereria_bancrofti_prjeb536,True
WBA_0001256101,wuchereria_bancrofti_prjeb536,True
WBA_0001256201,wuchereria_bancrofti_prjeb536,True
WBA_0001256301,wuchereria_bancrofti_prjeb536,True
WBA_0001256401,wuchereria_bancrofti_prjeb536,False
WBA_0001256501,wuchereria_bancrofti_prjeb536,True
WBA_0001256601,wuchereria_bancrofti_prjeb536,True
WBA_0001256701,wuchereria_bancrofti_prjeb536,True
WBA_0001256801,wuchereria_bancrofti_prjeb536,True
WBA_0001256901,wuchereria_bancrofti_prjeb536,True
WBA_0001257001,wuchereria_bancrofti_prjeb536,True
WBA_0001257101,wuchereria_bancrofti_prjeb536,True
WBA_0001257201,wuchereria_bancrofti_prjeb536,True
WBA_0001257301,wuchereria_bancrofti_prjeb536,True
WBA_0001257401,wuchereria_bancrofti_prjeb536,True
WBA_0001257501,wuchereria_bancrofti_prjeb536,False
WBA_0001257601,wuchereria_bancrofti_prjeb536,True
WBA_0001257701,wuchereria_bancrofti_prjeb536,True
WBA_0001257801,wuchereria_bancrofti_prjeb536,False
WBA_0001257901,wuchereria_bancrofti_prjeb536,True
WBA_0001258001,wuchereria_bancrofti_prjeb536,True
WBA_0001258101,wuchereria_bancrofti_prjeb536,True
WBA_0001258201,wuchereria_bancrofti_prjeb536,True
WBA_0001258301,wuchereria_bancrofti_prjeb536,True
WBA_0001258401,wuchereria_bancrofti_prjeb536,False
WBA_0001258501,wuchereria_bancrofti_prjeb536,True
WBA_0001258601,wuchereria_bancrofti_prjeb536,True
WBA_0001258701,wuchereria_bancrofti_prjeb536,False
WBA_0001258801,wuchereria_bancrofti_prjeb536,True
WBA_0001258901,wuchereria_bancrofti_prjeb536,True
WBA_0001259001,wuchereria_bancrofti_prjeb536,True
WBA_0001259101,wuchereria_bancrofti_prjeb536,False
WBA_0001259201,wuchereria_bancrofti_prjeb536,True
WBA_0001259301,wuchereria_bancrofti_prjeb536,True
WBA_0001259401,wuchereria_bancrofti_prjeb536,False
WBA_0001259501,wuchereria_bancrofti_prjeb536,True
WBA_0001259601,wuchereria_bancrofti_prjeb536,True
WBA_0001259701,wuchereria_bancrofti_prjeb536,True
WBA_0001259801,wuchereria_bancrofti_prjeb536,True
WBA_0001259901,wuchereria_bancrofti_prjeb536,False
WBA_0001260001,wuchereria_bancrofti_prjeb536,True
WBA_0001260101,wuchereria_bancrofti_prjeb536,False
WBA_0001260201,wuchereria_bancrofti_prjeb536,True
WBA_0001260301,wuchereria_bancrofti_prjeb536,True
WBA_0001260401,wuchereria_bancrofti_prjeb536,False
WBA_0001260501,wuchereria_bancrofti_prjeb536,True
WBA_0001260601,wuchereria_bancrofti_prjeb536,False
WBA_0001260701,wuchereria_bancrofti_prjeb536,False
WBA_0001260801,wuchereria_bancrofti_prjeb536,True
WBA_0001260901,wuchereria_bancrofti_prjeb536,True
WBA_0001261001,wuchereria_bancrofti_prjeb536,False
WBA_0001261101,wuchereria_bancrofti_prjeb536,False
WBA_0001261201,wuchereria_bancrofti_prjeb536,False
WBA_0001261301,wuchereria_bancrofti_prjeb536,True
WBA_0001261401,wuchereria_bancrofti_prjeb536,True
WBA_0001261501,wuchereria_bancrofti_prjeb536,True
WBA_0001261601,wuchereria_bancrofti_prjeb536,True
WBA_0001261701,wuchereria_bancrofti_prjeb536,True
WBA_0001261801,wuchereria_bancrofti_prjeb536,True
WBA_0001261901,wuchereria_bancrofti_prjeb536,True
WBA_0001262001,wuchereria_bancrofti_prjeb536,True
WBA_0001262101,wuchereria_bancrofti_prjeb536,True
WBA_0001262201,wuchereria_bancrofti_prjeb536,True
WBA_0001262301,wuchereria_bancrofti_prjeb536,True
WBA_0001262401,wuchereria_bancrofti_prjeb536,True
WBA_0001262501,wuchereria_bancrofti_prjeb536,True
WBA_0001262701,wuchereria_bancrofti_prjeb536,False
WBA_0001262801,wuchereria_bancrofti_prjeb536,False
WBA_0001262901,wuchereria_bancrofti_prjeb536,False
WBA_0001263001,wuchereria_bancrofti_prjeb536,True
WBA_0001263101,wuchereria_bancrofti_prjeb536,True
WBA_0001263201,wuchereria_bancrofti_prjeb536,False
WBA_0001263301,wuchereria_bancrofti_prjeb536,True
WBA_0001263401,wuchereria_bancrofti_prjeb536,True
WBA_0001263501,wuchereria_bancrofti_prjeb536,True
WBA_0001263601,wuchereria_bancrofti_prjeb536,False
WBA_0001263701,wuchereria_bancrofti_prjeb536,True
WBA_0001263801,wuchereria_bancrofti_prjeb536,True
WBA_0001263901,wuchereria_bancrofti_prjeb536,True
WBA_0001264001,wuchereria_bancrofti_prjeb536,True
WBA_0001264101,wuchereria_bancrofti_prjeb536,True
WBA_0001264201,wuchereria_bancrofti_prjeb536,False
WBA_0001264301,wuchereria_bancrofti_prjeb536,True
WBA_0001264401,wuchereria_bancrofti_prjeb536,True
WBA_0001264501,wuchereria_bancrofti_prjeb536,True
WBA_0001264601,wuchereria_bancrofti_prjeb536,False
WBA_0001264701,wuchereria_bancrofti_prjeb536,False
WBA_0001264801,wuchereria_bancrofti_prjeb536,True
WBA_0001264901,wuchereria_bancrofti_prjeb536,True
WBA_0001265001,wuchereria_bancrofti_prjeb536,True
WBA_0001265101,wuchereria_bancrofti_prjeb536,True
WBA_0001265201,wuchereria_bancrofti_prjeb536,False
WBA_0001265301,wuchereria_bancrofti_prjeb536,False
WBA_0001265401,wuchereria_bancrofti_prjeb536,True
WBA_0001265501,wuchereria_bancrofti_prjeb536,True
WBA_0001265601,wuchereria_bancrofti_prjeb536,True
WBA_0001265701,wuchereria_bancrofti_prjeb536,False
WBA_0001265801,wuchereria_bancrofti_prjeb536,True
WBA_0001265901,wuchereria_bancrofti_prjeb536,True
WBA_0001266001,wuchereria_bancrofti_prjeb536,True
WBA_0001266101,wuchereria_bancrofti_prjeb536,False
WBA_0001266201,wuchereria_bancrofti_prjeb536,True
WBA_0001266301,wuchereria_bancrofti_prjeb536,True
WBA_0001266401,wuchereria_bancrofti_prjeb536,True
WBA_0001266501,wuchereria_bancrofti_prjeb536,True
WBA_0001266601,wuchereria_bancrofti_prjeb536,True
WBA_0001266701,wuchereria_bancrofti_prjeb536,True
WBA_0001266801,wuchereria_bancrofti_prjeb536,True
WBA_0001266901,wuchereria_bancrofti_prjeb536,True
WBA_0001267001,wuchereria_bancrofti_prjeb536,False
WBA_0001267101,wuchereria_bancrofti_prjeb536,True
WBA_0001267201,wuchereria_bancrofti_prjeb536,True
WBA_0001267301,wuchereria_bancrofti_prjeb536,True
WBA_0001267401,wuchereria_bancrofti_prjeb536,True
WBA_0001267501,wuchereria_bancrofti_prjeb536,True
WBA_0001267601,wuchereria_bancrofti_prjeb536,False
WBA_0001267701,wuchereria_bancrofti_prjeb536,True
WBA_0001267801,wuchereria_bancrofti_prjeb536,True
WBA_0001267901,wuchereria_bancrofti_prjeb536,False
WBA_0001268001,wuchereria_bancrofti_prjeb536,True
WBA_0001268101,wuchereria_bancrofti_prjeb536,False
WBA_0001268201,wuchereria_bancrofti_prjeb536,True
WBA_0001268301,wuchereria_bancrofti_prjeb536,True
WBA_0001268401,wuchereria_bancrofti_prjeb536,True
WBA_0001268501,wuchereria_bancrofti_prjeb536,True
WBA_0001268601,wuchereria_bancrofti_prjeb536,True
WBA_0001268701,wuchereria_bancrofti_prjeb536,False
WBA_0001268801,wuchereria_bancrofti_prjeb536,True
WBA_0001268901,wuchereria_bancrofti_prjeb536,False
WBA_0001269001,wuchereria_bancrofti_prjeb536,True
WBA_0001269101,wuchereria_bancrofti_prjeb536,True
WBA_0001269201,wuchereria_bancrofti_prjeb536,True
WBA_0001269301,wuchereria_bancrofti_prjeb536,False
WBA_0001269401,wuchereria_bancrofti_prjeb536,False
WBA_0001269501,wuchereria_bancrofti_prjeb536,False
WBA_0001269601,wuchereria_bancrofti_prjeb536,True
WBA_0001269701,wuchereria_bancrofti_prjeb536,True
WBA_0001269801,wuchereria_bancrofti_prjeb536,True
WBA_0001269901,wuchereria_bancrofti_prjeb536,True
WBA_0001270001,wuchereria_bancrofti_prjeb536,False
WBA_0001270101,wuchereria_bancrofti_prjeb536,True
WBA_0001270201,wuchereria_bancrofti_prjeb536,True
WBA_0001270301,wuchereria_bancrofti_prjeb536,True
WBA_0001270401,wuchereria_bancrofti_prjeb536,True
WBA_0001270501,wuchereria_bancrofti_prjeb536,True
WBA_0001270601,wuchereria_bancrofti_prjeb536,True
WBA_0001270701,wuchereria_bancrofti_prjeb536,True
WBA_0001270801,wuchereria_bancrofti_prjeb536,True
WBA_0001270901,wuchereria_bancrofti_prjeb536,True
WBA_0001271001,wuchereria_bancrofti_prjeb536,True
WBA_0001271101,wuchereria_bancrofti_prjeb536,True
WBA_0001271201,wuchereria_bancrofti_prjeb536,False
WBA_0001271301,wuchereria_bancrofti_prjeb536,True
WBA_0001271401,wuchereria_bancrofti_prjeb536,True
WBA_0001271501,wuchereria_bancrofti_prjeb536,False
WBA_0001271601,wuchereria_bancrofti_prjeb536,True
WBA_0001271701,wuchereria_bancrofti_prjeb536,False
WBA_0001271801,wuchereria_bancrofti_prjeb536,True
WBA_0001271901,wuchereria_bancrofti_prjeb536,False
WBA_0001272001,wuchereria_bancrofti_prjeb536,True
WBA_0001272101,wuchereria_bancrofti_prjeb536,True
WBA_0001272201,wuchereria_bancrofti_prjeb536,True
WBA_0001272301,wuchereria_bancrofti_prjeb536,True
WBA_0001272401,wuchereria_bancrofti_prjeb536,False
WBA_0001272501,wuchereria_bancrofti_prjeb536,True
WBA_0001272601,wuchereria_bancrofti_prjeb536,False
WBA_0001272701,wuchereria_bancrofti_prjeb536,True
WBA_0001272801,wuchereria_bancrofti_prjeb536,True
WBA_0001272901,wuchereria_bancrofti_prjeb536,True
WBA_0001273001,wuchereria_bancrofti_prjeb536,True
WBA_0001273101,wuchereria_bancrofti_prjeb536,False
WBA_0001273201,wuchereria_bancrofti_prjeb536,True
WBA_0001273301,wuchereria_bancrofti_prjeb536,True
WBA_0001273401,wuchereria_bancrofti_prjeb536,True
WBA_0001273501,wuchereria_bancrofti_prjeb536,True
WBA_0001273601,wuchereria_bancrofti_prjeb536,True
WBA_0001273701,wuchereria_bancrofti_prjeb536,True
WBA_0001273801,wuchereria_bancrofti_prjeb536,True
WBA_0001273901,wuchereria_bancrofti_prjeb536,True
WBA_0001274001,wuchereria_bancrofti_prjeb536,True
WBA_0001274101,wuchereria_bancrofti_prjeb536,True
WBA_0001274201,wuchereria_bancrofti_prjeb536,True
WBA_0001274301,wuchereria_bancrofti_prjeb536,True
WBA_0001274401,wuchereria_bancrofti_prjeb536,True
WBA_0001274501,wuchereria_bancrofti_prjeb536,True
WBA_0001274601,wuchereria_bancrofti_prjeb536,True
WBA_0001274701,wuchereria_bancrofti_prjeb536,False
WBA_0001274801,wuchereria_bancrofti_prjeb536,True
WBA_0001274901,wuchereria_bancrofti_prjeb536,True
WBA_0001275001,wuchereria_bancrofti_prjeb536,True
WBA_0001275101,wuchereria_bancrofti_prjeb536,True
WBA_0001275201,wuchereria_bancrofti_prjeb536,False
WBA_0001275301,wuchereria_bancrofti_prjeb536,True
WBA_0001275401,wuchereria_bancrofti_prjeb536,True
WBA_0001275501,wuchereria_bancrofti_prjeb536,True
WBA_0001275601,wuchereria_bancrofti_prjeb536,True
WBA_0001275701,wuchereria_bancrofti_prjeb536,True
WBA_0001275801,wuchereria_bancrofti_prjeb536,True
WBA_0001275901,wuchereria_bancrofti_prjeb536,True
WBA_0001276001,wuchereria_bancrofti_prjeb536,True
WBA_0001276101,wuchereria_bancrofti_prjeb536,True
WBA_0001276201,wuchereria_bancrofti_prjeb536,True
WBA_0001276301,wuchereria_bancrofti_prjeb536,True
WBA_0001276401,wuchereria_bancrofti_prjeb536,False
WBA_0001276501,wuchereria_bancrofti_prjeb536,True
WBA_0001276601,wuchereria_bancrofti_prjeb536,True
WBA_0001276701,wuchereria_bancrofti_prjeb536,True
WBA_0001276801,wuchereria_bancrofti_prjeb536,True
WBA_0001276901,wuchereria_bancrofti_prjeb536,True
WBA_0001277001,wuchereria_bancrofti_prjeb536,True
WBA_0001277101,wuchereria_bancrofti_prjeb536,True
WBA_0001277201,wuchereria_bancrofti_prjeb536,True
WBA_0001277301,wuchereria_bancrofti_prjeb536,True
WBA_0001277401,wuchereria_bancrofti_prjeb536,True
WBA_0001277501,wuchereria_bancrofti_prjeb536,True
WBA_0001277601,wuchereria_bancrofti_prjeb536,True
WBA_0001277701,wuchereria_bancrofti_prjeb536,True
WBA_0001277801,wuchereria_bancrofti_prjeb536,True
WBA_0001277901,wuchereria_bancrofti_prjeb536,True
WBA_0001278001,wuchereria_bancrofti_prjeb536,True
WBA_0001278101,wuchereria_bancrofti_prjeb536,True
WBA_0001278201,wuchereria_bancrofti_prjeb536,False
WBA_0001278301,wuchereria_bancrofti_prjeb536,False
WBA_0001278401,wuchereria_bancrofti_prjeb536,True
WBA_0001278501,wuchereria_bancrofti_prjeb536,True
WBA_0001278601,wuchereria_bancrofti_prjeb536,False
WBA_0001278701,wuchereria_bancrofti_prjeb536,True
WBA_0001278801,wuchereria_bancrofti_prjeb536,True
WBA_0001278901,wuchereria_bancrofti_prjeb536,False
WBA_0001279001,wuchereria_bancrofti_prjeb536,True
WBA_0001279101,wuchereria_bancrofti_prjeb536,True
WBA_0001279201,wuchereria_bancrofti_prjeb536,True
WBA_0001279301,wuchereria_bancrofti_prjeb536,True
WBA_0001279401,wuchereria_bancrofti_prjeb536,False
WBA_0001279501,wuchereria_bancrofti_prjeb536,True
WBA_0001279601,wuchereria_bancrofti_prjeb536,True
WBA_0001279701,wuchereria_bancrofti_prjeb536,True
WBA_0001279801,wuchereria_bancrofti_prjeb536,True
WBA_0001279901,wuchereria_bancrofti_prjeb536,False
WBA_0001280001,wuchereria_bancrofti_prjeb536,True
WBA_0001280101,wuchereria_bancrofti_prjeb536,True
WBA_0001280201,wuchereria_bancrofti_prjeb536,True
WBA_0001280301,wuchereria_bancrofti_prjeb536,True
WBA_0001280401,wuchereria_bancrofti_prjeb536,True
WBA_0001280501,wuchereria_bancrofti_prjeb536,True
WBA_0001280601,wuchereria_bancrofti_prjeb536,True
WBA_0001280701,wuchereria_bancrofti_prjeb536,False
WBA_0001280801,wuchereria_bancrofti_prjeb536,True
WBA_0001280901,wuchereria_bancrofti_prjeb536,True
WBA_0001281001,wuchereria_bancrofti_prjeb536,True
WBA_0001281101,wuchereria_bancrofti_prjeb536,True
WBA_0001281201,wuchereria_bancrofti_prjeb536,True
WBA_0001281301,wuchereria_bancrofti_prjeb536,True
WBA_0001281401,wuchereria_bancrofti_prjeb536,True
WBA_0001281501,wuchereria_bancrofti_prjeb536,True
WBA_0001281601,wuchereria_bancrofti_prjeb536,True
WBA_0001281701,wuchereria_bancrofti_prjeb536,True
WBA_0001281801,wuchereria_bancrofti_prjeb536,False
WBA_0001281901,wuchereria_bancrofti_prjeb536,True
WBA_0001282001,wuchereria_bancrofti_prjeb536,True
WBA_0001282101,wuchereria_bancrofti_prjeb536,True
WBA_0001282201,wuchereria_bancrofti_prjeb536,True
WBA_0001282301,wuchereria_bancrofti_prjeb536,False
WBA_0001282401,wuchereria_bancrofti_prjeb536,True
WBA_0001282501,wuchereria_bancrofti_prjeb536,False
WBA_0001282601,wuchereria_bancrofti_prjeb536,True
WBA_0001282701,wuchereria_bancrofti_prjeb536,True
WBA_0001282801,wuchereria_bancrofti_prjeb536,True
WBA_0001282901,wuchereria_bancrofti_prjeb536,True
WBA_0001283001,wuchereria_bancrofti_prjeb536,True
WBA_0001283101,wuchereria_bancrofti_prjeb536,True
WBA_0001283201,wuchereria_bancrofti_prjeb536,True
WBA_0001283301,wuchereria_bancrofti_prjeb536,True
WBA_0001283401,wuchereria_bancrofti_prjeb536,False
WBA_0001283501,wuchereria_bancrofti_prjeb536,True
WBA_0001283601,wuchereria_bancrofti_prjeb536,True
WBA_0001283701,wuchereria_bancrofti_prjeb536,False
WBA_0001283801,wuchereria_bancrofti_prjeb536,True
WBA_0001283901,wuchereria_bancrofti_prjeb536,True
WBA_0001284001,wuchereria_bancrofti_prjeb536,False
WBA_0001284101,wuchereria_bancrofti_prjeb536,False
WBA_0001284201,wuchereria_bancrofti_prjeb536,False
WBA_0001284301,wuchereria_bancrofti_prjeb536,True
WBA_0001284401,wuchereria_bancrofti_prjeb536,True
WBA_0001284501,wuchereria_bancrofti_prjeb536,True
WBA_0001284601,wuchereria_bancrofti_prjeb536,True
WBA_0001284701,wuchereria_bancrofti_prjeb536,True
WBA_0001284801,wuchereria_bancrofti_prjeb536,False
WBA_0001284901,wuchereria_bancrofti_prjeb536,False
WBA_0001285001,wuchereria_bancrofti_prjeb536,True
WBA_0001285101,wuchereria_bancrofti_prjeb536,True
WBA_0001285201,wuchereria_bancrofti_prjeb536,True
WBA_0001285301,wuchereria_bancrofti_prjeb536,True
WBA_0001285401,wuchereria_bancrofti_prjeb536,True
WBA_0001285501,wuchereria_bancrofti_prjeb536,True
WBA_0001285601,wuchereria_bancrofti_prjeb536,True
WBA_0001285701,wuchereria_bancrofti_prjeb536,True
WBA_0001285801,wuchereria_bancrofti_prjeb536,True
WBA_0001285901,wuchereria_bancrofti_prjeb536,True
WBA_0001286001,wuchereria_bancrofti_prjeb536,True
WBA_0001286101,wuchereria_bancrofti_prjeb536,True
WBA_0001286201,wuchereria_bancrofti_prjeb536,True
WBA_0001286301,wuchereria_bancrofti_prjeb536,True
WBA_0001286401,wuchereria_bancrofti_prjeb536,False
WBA_0001286501,wuchereria_bancrofti_prjeb536,True
WBA_0001286601,wuchereria_bancrofti_prjeb536,True
WBA_0001286701,wuchereria_bancrofti_prjeb536,False
WBA_0001286801,wuchereria_bancrofti_prjeb536,False
WBA_0001286901,wuchereria_bancrofti_prjeb536,False
WBA_0001287001,wuchereria_bancrofti_prjeb536,False
WBA_0001287101,wuchereria_bancrofti_prjeb536,True
WBA_0001287201,wuchereria_bancrofti_prjeb536,True
WBA_0001287301,wuchereria_bancrofti_prjeb536,True
WBA_0001287401,wuchereria_bancrofti_prjeb536,True
WBA_0001287501,wuchereria_bancrofti_prjeb536,False
WBA_0001287601,wuchereria_bancrofti_prjeb536,True
WBA_0001287701,wuchereria_bancrofti_prjeb536,True
WBA_0001287801,wuchereria_bancrofti_prjeb536,True
WBA_0001287901,wuchereria_bancrofti_prjeb536,True
WBA_0001288001,wuchereria_bancrofti_prjeb536,True
WBA_0001288101,wuchereria_bancrofti_prjeb536,True
WBA_0001288201,wuchereria_bancrofti_prjeb536,False
WBA_0001288301,wuchereria_bancrofti_prjeb536,True
WBA_0001288401,wuchereria_bancrofti_prjeb536,False
WBA_0001288501,wuchereria_bancrofti_prjeb536,True
WBA_0001288601,wuchereria_bancrofti_prjeb536,True
WBA_0001288701,wuchereria_bancrofti_prjeb536,False
WBA_0001288801,wuchereria_bancrofti_prjeb536,True
WBA_0001288901,wuchereria_bancrofti_prjeb536,True
WBA_0001289001,wuchereria_bancrofti_prjeb536,False
WBA_0001289101,wuchereria_bancrofti_prjeb536,True
WBA_0001289201,wuchereria_bancrofti_prjeb536,True
WBA_0001289301,wuchereria_bancrofti_prjeb536,False
WBA_0001289401,wuchereria_bancrofti_prjeb536,True
WBA_0001289501,wuchereria_bancrofti_prjeb536,True
WBA_0001289601,wuchereria_bancrofti_prjeb536,True
WBA_0001289701,wuchereria_bancrofti_prjeb536,True
WBA_0001289801,wuchereria_bancrofti_prjeb536,True
WBA_0001289901,wuchereria_bancrofti_prjeb536,True
WBA_0001290001,wuchereria_bancrofti_prjeb536,True
WBA_0001290101,wuchereria_bancrofti_prjeb536,True
WBA_0001290201,wuchereria_bancrofti_prjeb536,False
WBA_0001290301,wuchereria_bancrofti_prjeb536,True
WBA_0001290401,wuchereria_bancrofti_prjeb536,True
WBA_0001290501,wuchereria_bancrofti_prjeb536,True
WBA_0001290601,wuchereria_bancrofti_prjeb536,True
WBA_0001290701,wuchereria_bancrofti_prjeb536,True
WBA_0001290801,wuchereria_bancrofti_prjeb536,True
WBA_0001290901,wuchereria_bancrofti_prjeb536,False
WBA_0001291001,wuchereria_bancrofti_prjeb536,False
WBA_0001291101,wuchereria_bancrofti_prjeb536,True
WBA_0001291201,wuchereria_bancrofti_prjeb536,False
WBA_0001291301,wuchereria_bancrofti_prjeb536,True
WBA_0001291401,wuchereria_bancrofti_prjeb536,True
WBA_0001291501,wuchereria_bancrofti_prjeb536,True
WBA_0001291601,wuchereria_bancrofti_prjeb536,True
WBA_0001291701,wuchereria_bancrofti_prjeb536,True
WBA_0001291801,wuchereria_bancrofti_prjeb536,False
WBA_0001291901,wuchereria_bancrofti_prjeb536,True
WBA_0001292001,wuchereria_bancrofti_prjeb536,True
WBA_0001292101,wuchereria_bancrofti_prjeb536,True
WBA_0001292201,wuchereria_bancrofti_prjeb536,False
WBA_0001292301,wuchereria_bancrofti_prjeb536,False
WBA_0001292401,wuchereria_bancrofti_prjeb536,True
WBA_0001292501,wuchereria_bancrofti_prjeb536,True
WBA_0001292601,wuchereria_bancrofti_prjeb536,True
WBA_0001292701,wuchereria_bancrofti_prjeb536,True
WBA_0001292801,wuchereria_bancrofti_prjeb536,True
WBA_0001292901,wuchereria_bancrofti_prjeb536,True
WBA_0001293001,wuchereria_bancrofti_prjeb536,False
WBA_0001293101,wuchereria_bancrofti_prjeb536,True
WBA_0001293201,wuchereria_bancrofti_prjeb536,True
WBA_0001293301,wuchereria_bancrofti_prjeb536,False
WBA_0001293401,wuchereria_bancrofti_prjeb536,False
WBA_0001293501,wuchereria_bancrofti_prjeb536,False
WBA_0001293601,wuchereria_bancrofti_prjeb536,False
WBA_0001293701,wuchereria_bancrofti_prjeb536,False
WBA_0001293801,wuchereria_bancrofti_prjeb536,True
WBA_0001293901,wuchereria_bancrofti_prjeb536,True
WBA_0001294001,wuchereria_bancrofti_prjeb536,True
WBA_0001294101,wuchereria_bancrofti_prjeb536,False
WBA_0001294201,wuchereria_bancrofti_prjeb536,True
WBA_0001294301,wuchereria_bancrofti_prjeb536,True
WBA_0001294401,wuchereria_bancrofti_prjeb536,False
WBA_0001294501,wuchereria_bancrofti_prjeb536,False
WBA_0001294601,wuchereria_bancrofti_prjeb536,True
WBA_0001294701,wuchereria_bancrofti_prjeb536,True
WBA_0001294801,wuchereria_bancrofti_prjeb536,True
WBA_0001294901,wuchereria_bancrofti_prjeb536,True
WBA_0001295001,wuchereria_bancrofti_prjeb536,True
WBA_0001295101,wuchereria_bancrofti_prjeb536,True
WBA_0001295201,wuchereria_bancrofti_prjeb536,False
WBA_0001295301,wuchereria_bancrofti_prjeb536,True
WBA_0001295401,wuchereria_bancrofti_prjeb536,True
WBA_0001295501,wuchereria_bancrofti_prjeb536,True
WBA_0001295601,wuchereria_bancrofti_prjeb536,True
WBA_0001295701,wuchereria_bancrofti_prjeb536,True
WBA_0001295801,wuchereria_bancrofti_prjeb536,True
WBA_0001295901,wuchereria_bancrofti_prjeb536,True
WBA_0001296001,wuchereria_bancrofti_prjeb536,True
WBA_0001296101,wuchereria_bancrofti_prjeb536,False
WBA_0001296201,wuchereria_bancrofti_prjeb536,True
WBA_0001296301,wuchereria_bancrofti_prjeb536,True
WBA_0001296401,wuchereria_bancrofti_prjeb536,True
WBA_0001296501,wuchereria_bancrofti_prjeb536,True
WBA_0001296601,wuchereria_bancrofti_prjeb536,True
WBA_0001296701,wuchereria_bancrofti_prjeb536,False
WBA_0001296801,wuchereria_bancrofti_prjeb536,False
WBA_0001296901,wuchereria_bancrofti_prjeb536,False
WBA_0001297001,wuchereria_bancrofti_prjeb536,True
WBA_0001297101,wuchereria_bancrofti_prjeb536,True
WBA_0001297201,wuchereria_bancrofti_prjeb536,True
WBA_0001297301,wuchereria_bancrofti_prjeb536,True
WBA_0001297401,wuchereria_bancrofti_prjeb536,True
WBA_0001297501,wuchereria_bancrofti_prjeb536,True
WBA_0001297601,wuchereria_bancrofti_prjeb536,False
WBA_0001297701,wuchereria_bancrofti_prjeb536,True
WBA_0001297801,wuchereria_bancrofti_prjeb536,False
WBA_0001297901,wuchereria_bancrofti_prjeb536,True
WBA_0001298001,wuchereria_bancrofti_prjeb536,False
WBA_0001298101,wuchereria_bancrofti_prjeb536,True
WBA_0001298201,wuchereria_bancrofti_prjeb536,True
WBA_0001298301,wuchereria_bancrofti_prjeb536,True
WBA_0001298401,wuchereria_bancrofti_prjeb536,True
WBA_0001298501,wuchereria_bancrofti_prjeb536,True
WBA_0001298601,wuchereria_bancrofti_prjeb536,True
WBA_0001298701,wuchereria_bancrofti_prjeb536,True
WBA_0001298801,wuchereria_bancrofti_prjeb536,True
WBA_0001298901,wuchereria_bancrofti_prjeb536,True
WBA_0001299001,wuchereria_bancrofti_prjeb536,False
WBA_0001299101,wuchereria_bancrofti_prjeb536,False
WBA_0001299201,wuchereria_bancrofti_prjeb536,True
WBA_0001299301,wuchereria_bancrofti_prjeb536,True
WBA_0001299401,wuchereria_bancrofti_prjeb536,True
WBA_0001299501,wuchereria_bancrofti_prjeb536,False
WBA_0001299601,wuchereria_bancrofti_prjeb536,False
WBA_0001299701,wuchereria_bancrofti_prjeb536,True
WBA_0001299801,wuchereria_bancrofti_prjeb536,True
WBA_0001299901,wuchereria_bancrofti_prjeb536,True
WBA_0001300001,wuchereria_bancrofti_prjeb536,True
WBA_0001300101,wuchereria_bancrofti_prjeb536,True
WBA_0001300201,wuchereria_bancrofti_prjeb536,True
WBA_0001300301,wuchereria_bancrofti_prjeb536,False
WBA_0001300401,wuchereria_bancrofti_prjeb536,False
WBA_0001300501,wuchereria_bancrofti_prjeb536,False
WBA_0001300601,wuchereria_bancrofti_prjeb536,False
WBA_0001300701,wuchereria_bancrofti_prjeb536,True
WBA_0001300801,wuchereria_bancrofti_prjeb536,True
WBA_0001300901,wuchereria_bancrofti_prjeb536,False
WBA_0001301001,wuchereria_bancrofti_prjeb536,True
WBA_0001301101,wuchereria_bancrofti_prjeb536,True
WBA_0001301201,wuchereria_bancrofti_prjeb536,True
WBA_0001301301,wuchereria_bancrofti_prjeb536,False
WBA_0001301401,wuchereria_bancrofti_prjeb536,True
WBA_0001301501,wuchereria_bancrofti_prjeb536,True
WBA_0001301601,wuchereria_bancrofti_prjeb536,False
WBA_0001301701,wuchereria_bancrofti_prjeb536,True
WBA_0001301801,wuchereria_bancrofti_prjeb536,True
WBA_0001301901,wuchereria_bancrofti_prjeb536,True
WBA_0001302001,wuchereria_bancrofti_prjeb536,False
WBA_0001302101,wuchereria_bancrofti_prjeb536,True
WBA_0001302201,wuchereria_bancrofti_prjeb536,True
WBA_0001302301,wuchereria_bancrofti_prjeb536,False
WBA_0001302401,wuchereria_bancrofti_prjeb536,True
WBA_0001302501,wuchereria_bancrofti_prjeb536,True
WBA_0001302601,wuchereria_bancrofti_prjeb536,True
WBA_0001302701,wuchereria_bancrofti_prjeb536,False
WBA_0001302801,wuchereria_bancrofti_prjeb536,True
WBA_0001302901,wuchereria_bancrofti_prjeb536,True
WBA_0001303001,wuchereria_bancrofti_prjeb536,True
WBA_0001303101,wuchereria_bancrofti_prjeb536,True
WBA_0001303201,wuchereria_bancrofti_prjeb536,False
WBA_0001303301,wuchereria_bancrofti_prjeb536,True
WBA_0001303401,wuchereria_bancrofti_prjeb536,False
WBA_0001303501,wuchereria_bancrofti_prjeb536,False
WBA_0001303601,wuchereria_bancrofti_prjeb536,True
WBA_0001303701,wuchereria_bancrofti_prjeb536,True
WBA_0001303801,wuchereria_bancrofti_prjeb536,True
WBA_0001303901,wuchereria_bancrofti_prjeb536,True
WBA_0001304001,wuchereria_bancrofti_prjeb536,True
WBA_0001304101,wuchereria_bancrofti_prjeb536,False
WBA_0001304201,wuchereria_bancrofti_prjeb536,True
WBA_0001304301,wuchereria_bancrofti_prjeb536,True
WBA_0001304401,wuchereria_bancrofti_prjeb536,True
WBA_0001304501,wuchereria_bancrofti_prjeb536,True
WBA_0001304601,wuchereria_bancrofti_prjeb536,True
WBA_0001304701,wuchereria_bancrofti_prjeb536,True
WBA_0001304801,wuchereria_bancrofti_prjeb536,True
WBA_0001304901,wuchereria_bancrofti_prjeb536,False
WBA_0001305001,wuchereria_bancrofti_prjeb536,True
WBA_0001305101,wuchereria_bancrofti_prjeb536,False
WBA_0001305201,wuchereria_bancrofti_prjeb536,True
WBA_0001305301,wuchereria_bancrofti_prjeb536,True
WBA_0001305401,wuchereria_bancrofti_prjeb536,True
WBA_0001305501,wuchereria_bancrofti_prjeb536,True
WBA_0001305601,wuchereria_bancrofti_prjeb536,True
WBA_0001305701,wuchereria_bancrofti_prjeb536,True
WBA_0001305801,wuchereria_bancrofti_prjeb536,False
WBA_0001305901,wuchereria_bancrofti_prjeb536,True
WBA_0001306001,wuchereria_bancrofti_prjeb536,True
WBA_0001306101,wuchereria_bancrofti_prjeb536,True
WBA_0001306201,wuchereria_bancrofti_prjeb536,True
WBA_0001306301,wuchereria_bancrofti_prjeb536,False
WBA_0001306401,wuchereria_bancrofti_prjeb536,True
WBA_0001306501,wuchereria_bancrofti_prjeb536,True
WBA_0001306601,wuchereria_bancrofti_prjeb536,True
WBA_0001306701,wuchereria_bancrofti_prjeb536,False
WBA_0001306801,wuchereria_bancrofti_prjeb536,False
WBA_0001306901,wuchereria_bancrofti_prjeb536,True
WBA_0001307001,wuchereria_bancrofti_prjeb536,True
WBA_0001307101,wuchereria_bancrofti_prjeb536,True
WBA_0001307201,wuchereria_bancrofti_prjeb536,True
WBA_0001307301,wuchereria_bancrofti_prjeb536,False
WBA_0001307401,wuchereria_bancrofti_prjeb536,True
WBA_0001307501,wuchereria_bancrofti_prjeb536,False
WBA_0001307601,wuchereria_bancrofti_prjeb536,True
WBA_0001307701,wuchereria_bancrofti_prjeb536,False
WBA_0001307801,wuchereria_bancrofti_prjeb536,False
WBA_0001307901,wuchereria_bancrofti_prjeb536,True
WBA_0001308001,wuchereria_bancrofti_prjeb536,True
WBA_0001308101,wuchereria_bancrofti_prjeb536,False
WBA_0001308201,wuchereria_bancrofti_prjeb536,True
WBA_0001308301,wuchereria_bancrofti_prjeb536,False
WBA_0001308401,wuchereria_bancrofti_prjeb536,True
WBA_0001308501,wuchereria_bancrofti_prjeb536,True
WBA_0001308601,wuchereria_bancrofti_prjeb536,True
WBA_0001308701,wuchereria_bancrofti_prjeb536,True
WBA_0001308801,wuchereria_bancrofti_prjeb536,True
WBA_0001308901,wuchereria_bancrofti_prjeb536,True
WBA_0001309001,wuchereria_bancrofti_prjeb536,True
WBA_0001309101,wuchereria_bancrofti_prjeb536,True
WBA_0001309201,wuchereria_bancrofti_prjeb536,True
WBA_0001309301,wuchereria_bancrofti_prjeb536,True
WBA_0001309401,wuchereria_bancrofti_prjeb536,True
WBA_0001309501,wuchereria_bancrofti_prjeb536,True
WBA_0001309601,wuchereria_bancrofti_prjeb536,True
WBA_0001309701,wuchereria_bancrofti_prjeb536,True
WBA_0001309801,wuchereria_bancrofti_prjeb536,False
WBA_0001309901,wuchereria_bancrofti_prjeb536,False
WBA_0001310001,wuchereria_bancrofti_prjeb536,False
WBA_0001310101,wuchereria_bancrofti_prjeb536,True
WBA_0001310201,wuchereria_bancrofti_prjeb536,True
WBA_0001310301,wuchereria_bancrofti_prjeb536,True
WBA_0001310401,wuchereria_bancrofti_prjeb536,False
WBA_0001310501,wuchereria_bancrofti_prjeb536,True
WBA_0001310601,wuchereria_bancrofti_prjeb536,True
WBA_0001310701,wuchereria_bancrofti_prjeb536,False
WBA_0001310801,wuchereria_bancrofti_prjeb536,True
WBA_0001310901,wuchereria_bancrofti_prjeb536,True
WBA_0001311001,wuchereria_bancrofti_prjeb536,False
WBA_0001311101,wuchereria_bancrofti_prjeb536,False
WBA_0001311201,wuchereria_bancrofti_prjeb536,True
WBA_0001311301,wuchereria_bancrofti_prjeb536,True
WBA_0001311401,wuchereria_bancrofti_prjeb536,True
WBA_0001311501,wuchereria_bancrofti_prjeb536,True
WBA_0001311701,wuchereria_bancrofti_prjeb536,False
WBA_0001311801,wuchereria_bancrofti_prjeb536,True
WBA_0001311901,wuchereria_bancrofti_prjeb536,True
WBA_0001312001,wuchereria_bancrofti_prjeb536,False
WBA_0001312101,wuchereria_bancrofti_prjeb536,True
WBA_0001312201,wuchereria_bancrofti_prjeb536,True
WBA_0001312301,wuchereria_bancrofti_prjeb536,True
WBA_0001312401,wuchereria_bancrofti_prjeb536,True
WBA_0001312501,wuchereria_bancrofti_prjeb536,True
WBA_0001312601,wuchereria_bancrofti_prjeb536,True
WBA_0001312701,wuchereria_bancrofti_prjeb536,True
WBA_0001312801,wuchereria_bancrofti_prjeb536,False
WBA_0001312901,wuchereria_bancrofti_prjeb536,True
WBA_0001313001,wuchereria_bancrofti_prjeb536,False
WBA_0001313101,wuchereria_bancrofti_prjeb536,False
WBA_0001313201,wuchereria_bancrofti_prjeb536,True
WBA_0001313301,wuchereria_bancrofti_prjeb536,False
