gene_id,production_name,alphafold_available
Wban_00001,wuchereria_bancrofti_prjna275548,False
Wban_00002,wuchereria_bancrofti_prjna275548,False
Wban_00003,wuchereria_bancrofti_prjna275548,False
Wban_00004,wuchereria_bancrofti_prjna275548,False
Wban_00005,wuchereria_bancrofti_prjna275548,False
Wban_00006,wuchereria_bancrofti_prjna275548,False
Wban_00007,wuchereria_bancrofti_prjna275548,False
Wban_00008,wuchereria_bancrofti_prjna275548,False
Wban_00009,wuchereria_bancrofti_prjna275548,False
Wban_00010,wuchereria_bancrofti_prjna275548,False
Wban_00011,wuchereria_bancrofti_prjna275548,False
Wban_00012,wuchereria_bancrofti_prjna275548,False
Wban_00013,wuchereria_bancrofti_prjna275548,False
Wban_00014,wuchereria_bancrofti_prjna275548,False
Wban_00015,wuchereria_bancrofti_prjna275548,False
Wban_00016,wuchereria_bancrofti_prjna275548,False
Wban_00017,wuchereria_bancrofti_prjna275548,False
Wban_00018,wuchereria_bancrofti_prjna275548,False
Wban_00019,wuchereria_bancrofti_prjna275548,False
Wban_00020,wuchereria_bancrofti_prjna275548,False
Wban_00021,wuchereria_bancrofti_prjna275548,False
Wban_00022,wuchereria_bancrofti_prjna275548,False
Wban_00023,wuchereria_bancrofti_prjna275548,False
Wban_00024,wuchereria_bancrofti_prjna275548,False
Wban_00025,wuchereria_bancrofti_prjna275548,False
Wban_00026,wuchereria_bancrofti_prjna275548,False
Wban_00027,wuchereria_bancrofti_prjna275548,False
Wban_00028,wuchereria_bancrofti_prjna275548,False
Wban_00029,wuchereria_bancrofti_prjna275548,False
Wban_00030,wuchereria_bancrofti_prjna275548,False
Wban_00031,wuchereria_bancrofti_prjna275548,False
Wban_00032,wuchereria_bancrofti_prjna275548,False
Wban_00033,wuchereria_bancrofti_prjna275548,False
Wban_00034,wuchereria_bancrofti_prjna275548,False
Wban_00035,wuchereria_bancrofti_prjna275548,False
Wban_00036,wuchereria_bancrofti_prjna275548,False
Wban_00037,wuchereria_bancrofti_prjna275548,False
Wban_00038,wuchereria_bancrofti_prjna275548,False
Wban_00039,wuchereria_bancrofti_prjna275548,False
Wban_00040,wuchereria_bancrofti_prjna275548,False
Wban_00041,wuchereria_bancrofti_prjna275548,False
Wban_00042,wuchereria_bancrofti_prjna275548,False
Wban_00043,wuchereria_bancrofti_prjna275548,False
Wban_00044,wuchereria_bancrofti_prjna275548,False
Wban_00045,wuchereria_bancrofti_prjna275548,False
Wban_00046,wuchereria_bancrofti_prjna275548,False
Wban_00047,wuchereria_bancrofti_prjna275548,False
Wban_00048,wuchereria_bancrofti_prjna275548,False
Wban_00049,wuchereria_bancrofti_prjna275548,False
Wban_00050,wuchereria_bancrofti_prjna275548,False
Wban_00051,wuchereria_bancrofti_prjna275548,False
Wban_00052,wuchereria_bancrofti_prjna275548,False
Wban_00053,wuchereria_bancrofti_prjna275548,False
Wban_00054,wuchereria_bancrofti_prjna275548,False
Wban_00055,wuchereria_bancrofti_prjna275548,False
Wban_00056,wuchereria_bancrofti_prjna275548,False
Wban_00057,wuchereria_bancrofti_prjna275548,False
Wban_00058,wuchereria_bancrofti_prjna275548,False
Wban_00059,wuchereria_bancrofti_prjna275548,False
Wban_00060,wuchereria_bancrofti_prjna275548,False
Wban_00061,wuchereria_bancrofti_prjna275548,False
Wban_00062,wuchereria_bancrofti_prjna275548,False
Wban_00063,wuchereria_bancrofti_prjna275548,False
Wban_00064,wuchereria_bancrofti_prjna275548,False
Wban_00065,wuchereria_bancrofti_prjna275548,False
Wban_00066,wuchereria_bancrofti_prjna275548,False
Wban_00067,wuchereria_bancrofti_prjna275548,False
Wban_00068,wuchereria_bancrofti_prjna275548,False
Wban_00069,wuchereria_bancrofti_prjna275548,False
Wban_00070,wuchereria_bancrofti_prjna275548,False
Wban_00071,wuchereria_bancrofti_prjna275548,False
Wban_00072,wuchereria_bancrofti_prjna275548,False
Wban_00073,wuchereria_bancrofti_prjna275548,False
Wban_00074,wuchereria_bancrofti_prjna275548,False
Wban_00075,wuchereria_bancrofti_prjna275548,False
Wban_00076,wuchereria_bancrofti_prjna275548,False
Wban_00077,wuchereria_bancrofti_prjna275548,False
Wban_00078,wuchereria_bancrofti_prjna275548,False
Wban_00079,wuchereria_bancrofti_prjna275548,False
Wban_00080,wuchereria_bancrofti_prjna275548,False
Wban_00081,wuchereria_bancrofti_prjna275548,False
Wban_00082,wuchereria_bancrofti_prjna275548,False
Wban_00083,wuchereria_bancrofti_prjna275548,False
Wban_00084,wuchereria_bancrofti_prjna275548,False
Wban_00085,wuchereria_bancrofti_prjna275548,False
Wban_00086,wuchereria_bancrofti_prjna275548,False
Wban_00087,wuchereria_bancrofti_prjna275548,False
Wban_00088,wuchereria_bancrofti_prjna275548,False
Wban_00089,wuchereria_bancrofti_prjna275548,False
Wban_00090,wuchereria_bancrofti_prjna275548,False
Wban_00091,wuchereria_bancrofti_prjna275548,False
Wban_00092,wuchereria_bancrofti_prjna275548,False
Wban_00093,wuchereria_bancrofti_prjna275548,False
Wban_00094,wuchereria_bancrofti_prjna275548,False
Wban_00095,wuchereria_bancrofti_prjna275548,False
Wban_00096,wuchereria_bancrofti_prjna275548,False
Wban_00097,wuchereria_bancrofti_prjna275548,False
Wban_00098,wuchereria_bancrofti_prjna275548,False
Wban_00099,wuchereria_bancrofti_prjna275548,False
Wban_00100,wuchereria_bancrofti_prjna275548,False
Wban_00101,wuchereria_bancrofti_prjna275548,False
Wban_00102,wuchereria_bancrofti_prjna275548,False
Wban_00103,wuchereria_bancrofti_prjna275548,False
Wban_00104,wuchereria_bancrofti_prjna275548,False
Wban_00105,wuchereria_bancrofti_prjna275548,False
Wban_00106,wuchereria_bancrofti_prjna275548,False
Wban_00107,wuchereria_bancrofti_prjna275548,False
Wban_00108,wuchereria_bancrofti_prjna275548,False
Wban_00109,wuchereria_bancrofti_prjna275548,False
Wban_00110,wuchereria_bancrofti_prjna275548,False
Wban_00111,wuchereria_bancrofti_prjna275548,False
Wban_00112,wuchereria_bancrofti_prjna275548,False
Wban_00113,wuchereria_bancrofti_prjna275548,False
Wban_00114,wuchereria_bancrofti_prjna275548,False
Wban_00115,wuchereria_bancrofti_prjna275548,False
Wban_00116,wuchereria_bancrofti_prjna275548,False
Wban_00117,wuchereria_bancrofti_prjna275548,False
Wban_00118,wuchereria_bancrofti_prjna275548,False
Wban_00119,wuchereria_bancrofti_prjna275548,False
Wban_00120,wuchereria_bancrofti_prjna275548,False
Wban_00121,wuchereria_bancrofti_prjna275548,False
Wban_00122,wuchereria_bancrofti_prjna275548,False
Wban_00123,wuchereria_bancrofti_prjna275548,False
Wban_00124,wuchereria_bancrofti_prjna275548,False
Wban_00125,wuchereria_bancrofti_prjna275548,False
Wban_00126,wuchereria_bancrofti_prjna275548,False
Wban_00127,wuchereria_bancrofti_prjna275548,False
Wban_00128,wuchereria_bancrofti_prjna275548,False
Wban_00129,wuchereria_bancrofti_prjna275548,False
Wban_00130,wuchereria_bancrofti_prjna275548,False
Wban_00131,wuchereria_bancrofti_prjna275548,False
Wban_00132,wuchereria_bancrofti_prjna275548,False
Wban_00133,wuchereria_bancrofti_prjna275548,False
Wban_00134,wuchereria_bancrofti_prjna275548,False
Wban_00135,wuchereria_bancrofti_prjna275548,False
Wban_00136,wuchereria_bancrofti_prjna275548,False
Wban_00137,wuchereria_bancrofti_prjna275548,False
Wban_00138,wuchereria_bancrofti_prjna275548,False
Wban_00139,wuchereria_bancrofti_prjna275548,False
Wban_00140,wuchereria_bancrofti_prjna275548,False
Wban_00141,wuchereria_bancrofti_prjna275548,False
Wban_00142,wuchereria_bancrofti_prjna275548,False
Wban_00143,wuchereria_bancrofti_prjna275548,False
Wban_00144,wuchereria_bancrofti_prjna275548,False
Wban_00145,wuchereria_bancrofti_prjna275548,False
Wban_00146,wuchereria_bancrofti_prjna275548,False
Wban_00147,wuchereria_bancrofti_prjna275548,False
Wban_00148,wuchereria_bancrofti_prjna275548,False
Wban_00149,wuchereria_bancrofti_prjna275548,False
Wban_00150,wuchereria_bancrofti_prjna275548,False
Wban_00151,wuchereria_bancrofti_prjna275548,False
Wban_00152,wuchereria_bancrofti_prjna275548,False
Wban_00153,wuchereria_bancrofti_prjna275548,False
Wban_00154,wuchereria_bancrofti_prjna275548,False
Wban_00155,wuchereria_bancrofti_prjna275548,False
Wban_00156,wuchereria_bancrofti_prjna275548,False
Wban_00157,wuchereria_bancrofti_prjna275548,False
Wban_00158,wuchereria_bancrofti_prjna275548,False
Wban_00159,wuchereria_bancrofti_prjna275548,False
Wban_00160,wuchereria_bancrofti_prjna275548,False
Wban_00161,wuchereria_bancrofti_prjna275548,False
Wban_00162,wuchereria_bancrofti_prjna275548,False
Wban_00163,wuchereria_bancrofti_prjna275548,False
Wban_00164,wuchereria_bancrofti_prjna275548,False
Wban_00165,wuchereria_bancrofti_prjna275548,False
Wban_00166,wuchereria_bancrofti_prjna275548,False
Wban_00167,wuchereria_bancrofti_prjna275548,False
Wban_00168,wuchereria_bancrofti_prjna275548,False
Wban_00169,wuchereria_bancrofti_prjna275548,False
Wban_00170,wuchereria_bancrofti_prjna275548,False
Wban_00171,wuchereria_bancrofti_prjna275548,False
Wban_00172,wuchereria_bancrofti_prjna275548,False
Wban_00173,wuchereria_bancrofti_prjna275548,False
Wban_00174,wuchereria_bancrofti_prjna275548,False
Wban_00175,wuchereria_bancrofti_prjna275548,False
Wban_00176,wuchereria_bancrofti_prjna275548,False
Wban_00177,wuchereria_bancrofti_prjna275548,False
Wban_00178,wuchereria_bancrofti_prjna275548,False
Wban_00179,wuchereria_bancrofti_prjna275548,False
Wban_00180,wuchereria_bancrofti_prjna275548,False
Wban_00181,wuchereria_bancrofti_prjna275548,False
Wban_00182,wuchereria_bancrofti_prjna275548,False
Wban_00183,wuchereria_bancrofti_prjna275548,False
Wban_00184,wuchereria_bancrofti_prjna275548,False
Wban_00185,wuchereria_bancrofti_prjna275548,False
Wban_00186,wuchereria_bancrofti_prjna275548,False
Wban_00187,wuchereria_bancrofti_prjna275548,False
Wban_00188,wuchereria_bancrofti_prjna275548,False
Wban_00189,wuchereria_bancrofti_prjna275548,False
Wban_00190,wuchereria_bancrofti_prjna275548,False
Wban_00191,wuchereria_bancrofti_prjna275548,False
Wban_00192,wuchereria_bancrofti_prjna275548,False
Wban_00193,wuchereria_bancrofti_prjna275548,False
Wban_00194,wuchereria_bancrofti_prjna275548,False
Wban_00195,wuchereria_bancrofti_prjna275548,False
Wban_00196,wuchereria_bancrofti_prjna275548,False
Wban_00197,wuchereria_bancrofti_prjna275548,False
Wban_00198,wuchereria_bancrofti_prjna275548,False
Wban_00199,wuchereria_bancrofti_prjna275548,False
Wban_00200,wuchereria_bancrofti_prjna275548,False
Wban_00201,wuchereria_bancrofti_prjna275548,False
Wban_00202,wuchereria_bancrofti_prjna275548,False
Wban_00203,wuchereria_bancrofti_prjna275548,False
Wban_00204,wuchereria_bancrofti_prjna275548,False
Wban_00205,wuchereria_bancrofti_prjna275548,False
Wban_00206,wuchereria_bancrofti_prjna275548,False
Wban_00207,wuchereria_bancrofti_prjna275548,False
Wban_00208,wuchereria_bancrofti_prjna275548,False
Wban_00209,wuchereria_bancrofti_prjna275548,False
Wban_00210,wuchereria_bancrofti_prjna275548,False
Wban_00211,wuchereria_bancrofti_prjna275548,False
Wban_00212,wuchereria_bancrofti_prjna275548,False
Wban_00213,wuchereria_bancrofti_prjna275548,False
Wban_00214,wuchereria_bancrofti_prjna275548,False
Wban_00215,wuchereria_bancrofti_prjna275548,False
Wban_00216,wuchereria_bancrofti_prjna275548,False
Wban_00217,wuchereria_bancrofti_prjna275548,False
Wban_00218,wuchereria_bancrofti_prjna275548,False
Wban_00219,wuchereria_bancrofti_prjna275548,False
Wban_00220,wuchereria_bancrofti_prjna275548,False
Wban_00221,wuchereria_bancrofti_prjna275548,False
Wban_00222,wuchereria_bancrofti_prjna275548,False
Wban_00223,wuchereria_bancrofti_prjna275548,False
Wban_00224,wuchereria_bancrofti_prjna275548,False
Wban_00225,wuchereria_bancrofti_prjna275548,False
Wban_00226,wuchereria_bancrofti_prjna275548,False
Wban_00227,wuchereria_bancrofti_prjna275548,False
Wban_00228,wuchereria_bancrofti_prjna275548,False
Wban_00229,wuchereria_bancrofti_prjna275548,False
Wban_00230,wuchereria_bancrofti_prjna275548,False
Wban_00231,wuchereria_bancrofti_prjna275548,False
Wban_00232,wuchereria_bancrofti_prjna275548,False
Wban_00233,wuchereria_bancrofti_prjna275548,False
Wban_00234,wuchereria_bancrofti_prjna275548,False
Wban_00235,wuchereria_bancrofti_prjna275548,False
Wban_00236,wuchereria_bancrofti_prjna275548,False
Wban_00237,wuchereria_bancrofti_prjna275548,False
Wban_00238,wuchereria_bancrofti_prjna275548,False
Wban_00239,wuchereria_bancrofti_prjna275548,False
Wban_00240,wuchereria_bancrofti_prjna275548,False
Wban_00241,wuchereria_bancrofti_prjna275548,False
Wban_00242,wuchereria_bancrofti_prjna275548,False
Wban_00243,wuchereria_bancrofti_prjna275548,False
Wban_00244,wuchereria_bancrofti_prjna275548,False
Wban_00245,wuchereria_bancrofti_prjna275548,False
Wban_00246,wuchereria_bancrofti_prjna275548,False
Wban_00247,wuchereria_bancrofti_prjna275548,False
Wban_00248,wuchereria_bancrofti_prjna275548,False
Wban_00249,wuchereria_bancrofti_prjna275548,False
Wban_00250,wuchereria_bancrofti_prjna275548,False
Wban_00251,wuchereria_bancrofti_prjna275548,False
Wban_00252,wuchereria_bancrofti_prjna275548,False
Wban_00253,wuchereria_bancrofti_prjna275548,False
Wban_00254,wuchereria_bancrofti_prjna275548,False
Wban_00255,wuchereria_bancrofti_prjna275548,False
Wban_00256,wuchereria_bancrofti_prjna275548,False
Wban_00257,wuchereria_bancrofti_prjna275548,False
Wban_00258,wuchereria_bancrofti_prjna275548,False
Wban_00259,wuchereria_bancrofti_prjna275548,False
Wban_00260,wuchereria_bancrofti_prjna275548,False
Wban_00261,wuchereria_bancrofti_prjna275548,False
Wban_00262,wuchereria_bancrofti_prjna275548,False
Wban_00263,wuchereria_bancrofti_prjna275548,False
Wban_00264,wuchereria_bancrofti_prjna275548,False
Wban_00265,wuchereria_bancrofti_prjna275548,False
Wban_00266,wuchereria_bancrofti_prjna275548,False
Wban_00267,wuchereria_bancrofti_prjna275548,False
Wban_00268,wuchereria_bancrofti_prjna275548,False
Wban_00269,wuchereria_bancrofti_prjna275548,False
Wban_00270,wuchereria_bancrofti_prjna275548,False
Wban_00271,wuchereria_bancrofti_prjna275548,False
Wban_00272,wuchereria_bancrofti_prjna275548,False
Wban_00273,wuchereria_bancrofti_prjna275548,False
Wban_00274,wuchereria_bancrofti_prjna275548,False
Wban_00275,wuchereria_bancrofti_prjna275548,False
Wban_00276,wuchereria_bancrofti_prjna275548,False
Wban_00277,wuchereria_bancrofti_prjna275548,False
Wban_00278,wuchereria_bancrofti_prjna275548,False
Wban_00279,wuchereria_bancrofti_prjna275548,False
Wban_00280,wuchereria_bancrofti_prjna275548,False
Wban_00281,wuchereria_bancrofti_prjna275548,False
Wban_00282,wuchereria_bancrofti_prjna275548,False
Wban_00283,wuchereria_bancrofti_prjna275548,False
Wban_00284,wuchereria_bancrofti_prjna275548,False
Wban_00285,wuchereria_bancrofti_prjna275548,False
Wban_00286,wuchereria_bancrofti_prjna275548,False
Wban_00287,wuchereria_bancrofti_prjna275548,False
Wban_00288,wuchereria_bancrofti_prjna275548,False
Wban_00289,wuchereria_bancrofti_prjna275548,False
Wban_00290,wuchereria_bancrofti_prjna275548,False
Wban_00291,wuchereria_bancrofti_prjna275548,False
Wban_00292,wuchereria_bancrofti_prjna275548,False
Wban_00293,wuchereria_bancrofti_prjna275548,False
Wban_00294,wuchereria_bancrofti_prjna275548,False
Wban_00295,wuchereria_bancrofti_prjna275548,False
Wban_00296,wuchereria_bancrofti_prjna275548,False
Wban_00297,wuchereria_bancrofti_prjna275548,False
Wban_00298,wuchereria_bancrofti_prjna275548,False
Wban_00299,wuchereria_bancrofti_prjna275548,False
Wban_00300,wuchereria_bancrofti_prjna275548,False
Wban_00301,wuchereria_bancrofti_prjna275548,False
Wban_00302,wuchereria_bancrofti_prjna275548,False
Wban_00303,wuchereria_bancrofti_prjna275548,False
Wban_00304,wuchereria_bancrofti_prjna275548,False
Wban_00305,wuchereria_bancrofti_prjna275548,False
Wban_00306,wuchereria_bancrofti_prjna275548,False
Wban_00307,wuchereria_bancrofti_prjna275548,False
Wban_00308,wuchereria_bancrofti_prjna275548,False
Wban_00309,wuchereria_bancrofti_prjna275548,False
Wban_00310,wuchereria_bancrofti_prjna275548,False
Wban_00311,wuchereria_bancrofti_prjna275548,False
Wban_00312,wuchereria_bancrofti_prjna275548,False
Wban_00313,wuchereria_bancrofti_prjna275548,False
Wban_00314,wuchereria_bancrofti_prjna275548,False
Wban_00315,wuchereria_bancrofti_prjna275548,False
Wban_00316,wuchereria_bancrofti_prjna275548,False
Wban_00317,wuchereria_bancrofti_prjna275548,False
Wban_00318,wuchereria_bancrofti_prjna275548,False
Wban_00319,wuchereria_bancrofti_prjna275548,False
Wban_00320,wuchereria_bancrofti_prjna275548,False
Wban_00321,wuchereria_bancrofti_prjna275548,False
Wban_00322,wuchereria_bancrofti_prjna275548,False
Wban_00323,wuchereria_bancrofti_prjna275548,False
Wban_00324,wuchereria_bancrofti_prjna275548,False
Wban_00325,wuchereria_bancrofti_prjna275548,False
Wban_00326,wuchereria_bancrofti_prjna275548,False
Wban_00327,wuchereria_bancrofti_prjna275548,False
Wban_00328,wuchereria_bancrofti_prjna275548,False
Wban_00329,wuchereria_bancrofti_prjna275548,False
Wban_00330,wuchereria_bancrofti_prjna275548,False
Wban_00331,wuchereria_bancrofti_prjna275548,False
Wban_00332,wuchereria_bancrofti_prjna275548,False
Wban_00333,wuchereria_bancrofti_prjna275548,False
Wban_00334,wuchereria_bancrofti_prjna275548,False
Wban_00335,wuchereria_bancrofti_prjna275548,False
Wban_00336,wuchereria_bancrofti_prjna275548,False
Wban_00337,wuchereria_bancrofti_prjna275548,False
Wban_00338,wuchereria_bancrofti_prjna275548,False
Wban_00339,wuchereria_bancrofti_prjna275548,False
Wban_00340,wuchereria_bancrofti_prjna275548,False
Wban_00341,wuchereria_bancrofti_prjna275548,False
Wban_00342,wuchereria_bancrofti_prjna275548,False
Wban_00343,wuchereria_bancrofti_prjna275548,False
Wban_00344,wuchereria_bancrofti_prjna275548,False
Wban_00345,wuchereria_bancrofti_prjna275548,False
Wban_00346,wuchereria_bancrofti_prjna275548,False
Wban_00347,wuchereria_bancrofti_prjna275548,False
Wban_00348,wuchereria_bancrofti_prjna275548,False
Wban_00349,wuchereria_bancrofti_prjna275548,False
Wban_00350,wuchereria_bancrofti_prjna275548,False
Wban_00351,wuchereria_bancrofti_prjna275548,False
Wban_00352,wuchereria_bancrofti_prjna275548,False
Wban_00353,wuchereria_bancrofti_prjna275548,False
Wban_00354,wuchereria_bancrofti_prjna275548,False
Wban_00355,wuchereria_bancrofti_prjna275548,False
Wban_00356,wuchereria_bancrofti_prjna275548,False
Wban_00357,wuchereria_bancrofti_prjna275548,False
Wban_00358,wuchereria_bancrofti_prjna275548,False
Wban_00359,wuchereria_bancrofti_prjna275548,False
Wban_00360,wuchereria_bancrofti_prjna275548,False
Wban_00361,wuchereria_bancrofti_prjna275548,False
Wban_00362,wuchereria_bancrofti_prjna275548,False
Wban_00363,wuchereria_bancrofti_prjna275548,False
Wban_00364,wuchereria_bancrofti_prjna275548,False
Wban_00365,wuchereria_bancrofti_prjna275548,False
Wban_00366,wuchereria_bancrofti_prjna275548,False
Wban_00367,wuchereria_bancrofti_prjna275548,False
Wban_00368,wuchereria_bancrofti_prjna275548,False
Wban_00369,wuchereria_bancrofti_prjna275548,False
Wban_00370,wuchereria_bancrofti_prjna275548,False
Wban_00371,wuchereria_bancrofti_prjna275548,False
Wban_00372,wuchereria_bancrofti_prjna275548,False
Wban_00373,wuchereria_bancrofti_prjna275548,False
Wban_00374,wuchereria_bancrofti_prjna275548,False
Wban_00375,wuchereria_bancrofti_prjna275548,False
Wban_00376,wuchereria_bancrofti_prjna275548,False
Wban_00377,wuchereria_bancrofti_prjna275548,False
Wban_00378,wuchereria_bancrofti_prjna275548,False
Wban_00379,wuchereria_bancrofti_prjna275548,False
Wban_00380,wuchereria_bancrofti_prjna275548,False
Wban_00381,wuchereria_bancrofti_prjna275548,False
Wban_00382,wuchereria_bancrofti_prjna275548,False
Wban_00383,wuchereria_bancrofti_prjna275548,False
Wban_00384,wuchereria_bancrofti_prjna275548,False
Wban_00385,wuchereria_bancrofti_prjna275548,False
Wban_00386,wuchereria_bancrofti_prjna275548,False
Wban_00387,wuchereria_bancrofti_prjna275548,False
Wban_00388,wuchereria_bancrofti_prjna275548,False
Wban_00389,wuchereria_bancrofti_prjna275548,False
Wban_00390,wuchereria_bancrofti_prjna275548,False
Wban_00391,wuchereria_bancrofti_prjna275548,False
Wban_00392,wuchereria_bancrofti_prjna275548,False
Wban_00393,wuchereria_bancrofti_prjna275548,False
Wban_00394,wuchereria_bancrofti_prjna275548,False
Wban_00395,wuchereria_bancrofti_prjna275548,False
Wban_00396,wuchereria_bancrofti_prjna275548,False
Wban_00397,wuchereria_bancrofti_prjna275548,False
Wban_00398,wuchereria_bancrofti_prjna275548,False
Wban_00399,wuchereria_bancrofti_prjna275548,False
Wban_00400,wuchereria_bancrofti_prjna275548,False
Wban_00401,wuchereria_bancrofti_prjna275548,False
Wban_00402,wuchereria_bancrofti_prjna275548,False
Wban_00403,wuchereria_bancrofti_prjna275548,False
Wban_00404,wuchereria_bancrofti_prjna275548,False
Wban_00405,wuchereria_bancrofti_prjna275548,False
Wban_00406,wuchereria_bancrofti_prjna275548,False
Wban_00407,wuchereria_bancrofti_prjna275548,False
Wban_00408,wuchereria_bancrofti_prjna275548,False
Wban_00409,wuchereria_bancrofti_prjna275548,False
Wban_00410,wuchereria_bancrofti_prjna275548,False
Wban_00411,wuchereria_bancrofti_prjna275548,False
Wban_00412,wuchereria_bancrofti_prjna275548,False
Wban_00413,wuchereria_bancrofti_prjna275548,False
Wban_00414,wuchereria_bancrofti_prjna275548,False
Wban_00415,wuchereria_bancrofti_prjna275548,False
Wban_00416,wuchereria_bancrofti_prjna275548,False
Wban_00417,wuchereria_bancrofti_prjna275548,False
Wban_00418,wuchereria_bancrofti_prjna275548,False
Wban_00419,wuchereria_bancrofti_prjna275548,False
Wban_00420,wuchereria_bancrofti_prjna275548,False
Wban_00421,wuchereria_bancrofti_prjna275548,False
Wban_00422,wuchereria_bancrofti_prjna275548,False
Wban_00423,wuchereria_bancrofti_prjna275548,False
Wban_00424,wuchereria_bancrofti_prjna275548,False
Wban_00425,wuchereria_bancrofti_prjna275548,False
Wban_00426,wuchereria_bancrofti_prjna275548,False
Wban_00427,wuchereria_bancrofti_prjna275548,False
Wban_00428,wuchereria_bancrofti_prjna275548,False
Wban_00429,wuchereria_bancrofti_prjna275548,False
Wban_00430,wuchereria_bancrofti_prjna275548,False
Wban_00431,wuchereria_bancrofti_prjna275548,False
Wban_00432,wuchereria_bancrofti_prjna275548,False
Wban_00433,wuchereria_bancrofti_prjna275548,False
Wban_00434,wuchereria_bancrofti_prjna275548,False
Wban_00435,wuchereria_bancrofti_prjna275548,False
Wban_00436,wuchereria_bancrofti_prjna275548,False
Wban_00437,wuchereria_bancrofti_prjna275548,False
Wban_00438,wuchereria_bancrofti_prjna275548,False
Wban_00439,wuchereria_bancrofti_prjna275548,False
Wban_00440,wuchereria_bancrofti_prjna275548,False
Wban_00441,wuchereria_bancrofti_prjna275548,False
Wban_00442,wuchereria_bancrofti_prjna275548,False
Wban_00443,wuchereria_bancrofti_prjna275548,False
Wban_00444,wuchereria_bancrofti_prjna275548,False
Wban_00445,wuchereria_bancrofti_prjna275548,False
Wban_00446,wuchereria_bancrofti_prjna275548,False
Wban_00447,wuchereria_bancrofti_prjna275548,False
Wban_00448,wuchereria_bancrofti_prjna275548,False
Wban_00449,wuchereria_bancrofti_prjna275548,False
Wban_00450,wuchereria_bancrofti_prjna275548,False
Wban_00451,wuchereria_bancrofti_prjna275548,False
Wban_00452,wuchereria_bancrofti_prjna275548,False
Wban_00453,wuchereria_bancrofti_prjna275548,False
Wban_00454,wuchereria_bancrofti_prjna275548,False
Wban_00455,wuchereria_bancrofti_prjna275548,False
Wban_00456,wuchereria_bancrofti_prjna275548,False
Wban_00457,wuchereria_bancrofti_prjna275548,False
Wban_00458,wuchereria_bancrofti_prjna275548,False
Wban_00459,wuchereria_bancrofti_prjna275548,False
Wban_00460,wuchereria_bancrofti_prjna275548,False
Wban_00461,wuchereria_bancrofti_prjna275548,False
Wban_00462,wuchereria_bancrofti_prjna275548,False
Wban_00463,wuchereria_bancrofti_prjna275548,False
Wban_00464,wuchereria_bancrofti_prjna275548,False
Wban_00465,wuchereria_bancrofti_prjna275548,False
Wban_00466,wuchereria_bancrofti_prjna275548,False
Wban_00467,wuchereria_bancrofti_prjna275548,False
Wban_00468,wuchereria_bancrofti_prjna275548,False
Wban_00469,wuchereria_bancrofti_prjna275548,False
Wban_00470,wuchereria_bancrofti_prjna275548,False
Wban_00471,wuchereria_bancrofti_prjna275548,False
Wban_00472,wuchereria_bancrofti_prjna275548,False
Wban_00473,wuchereria_bancrofti_prjna275548,False
Wban_00474,wuchereria_bancrofti_prjna275548,False
Wban_00475,wuchereria_bancrofti_prjna275548,False
Wban_00476,wuchereria_bancrofti_prjna275548,False
Wban_00477,wuchereria_bancrofti_prjna275548,False
Wban_00478,wuchereria_bancrofti_prjna275548,False
Wban_00479,wuchereria_bancrofti_prjna275548,False
Wban_00480,wuchereria_bancrofti_prjna275548,False
Wban_00481,wuchereria_bancrofti_prjna275548,False
Wban_00482,wuchereria_bancrofti_prjna275548,False
Wban_00483,wuchereria_bancrofti_prjna275548,False
Wban_00484,wuchereria_bancrofti_prjna275548,False
Wban_00485,wuchereria_bancrofti_prjna275548,False
Wban_00486,wuchereria_bancrofti_prjna275548,False
Wban_00487,wuchereria_bancrofti_prjna275548,False
Wban_00488,wuchereria_bancrofti_prjna275548,False
Wban_00489,wuchereria_bancrofti_prjna275548,False
Wban_00490,wuchereria_bancrofti_prjna275548,False
Wban_00491,wuchereria_bancrofti_prjna275548,False
Wban_00492,wuchereria_bancrofti_prjna275548,False
Wban_00493,wuchereria_bancrofti_prjna275548,False
Wban_00494,wuchereria_bancrofti_prjna275548,False
Wban_00495,wuchereria_bancrofti_prjna275548,False
Wban_00496,wuchereria_bancrofti_prjna275548,False
Wban_00497,wuchereria_bancrofti_prjna275548,False
Wban_00498,wuchereria_bancrofti_prjna275548,False
Wban_00499,wuchereria_bancrofti_prjna275548,False
Wban_00500,wuchereria_bancrofti_prjna275548,False
Wban_00501,wuchereria_bancrofti_prjna275548,False
Wban_00502,wuchereria_bancrofti_prjna275548,False
Wban_00503,wuchereria_bancrofti_prjna275548,False
Wban_00504,wuchereria_bancrofti_prjna275548,False
Wban_00505,wuchereria_bancrofti_prjna275548,False
Wban_00506,wuchereria_bancrofti_prjna275548,False
Wban_00507,wuchereria_bancrofti_prjna275548,False
Wban_00508,wuchereria_bancrofti_prjna275548,False
Wban_00509,wuchereria_bancrofti_prjna275548,False
Wban_00510,wuchereria_bancrofti_prjna275548,False
Wban_00511,wuchereria_bancrofti_prjna275548,False
Wban_00512,wuchereria_bancrofti_prjna275548,False
Wban_00513,wuchereria_bancrofti_prjna275548,False
Wban_00514,wuchereria_bancrofti_prjna275548,False
Wban_00515,wuchereria_bancrofti_prjna275548,False
Wban_00516,wuchereria_bancrofti_prjna275548,False
Wban_00517,wuchereria_bancrofti_prjna275548,False
Wban_00518,wuchereria_bancrofti_prjna275548,False
Wban_00519,wuchereria_bancrofti_prjna275548,False
Wban_00520,wuchereria_bancrofti_prjna275548,False
Wban_00521,wuchereria_bancrofti_prjna275548,False
Wban_00522,wuchereria_bancrofti_prjna275548,False
Wban_00523,wuchereria_bancrofti_prjna275548,False
Wban_00524,wuchereria_bancrofti_prjna275548,False
Wban_00525,wuchereria_bancrofti_prjna275548,False
Wban_00526,wuchereria_bancrofti_prjna275548,False
Wban_00527,wuchereria_bancrofti_prjna275548,False
Wban_00528,wuchereria_bancrofti_prjna275548,False
Wban_00529,wuchereria_bancrofti_prjna275548,False
Wban_00530,wuchereria_bancrofti_prjna275548,False
Wban_00531,wuchereria_bancrofti_prjna275548,False
Wban_00532,wuchereria_bancrofti_prjna275548,False
Wban_00533,wuchereria_bancrofti_prjna275548,False
Wban_00534,wuchereria_bancrofti_prjna275548,False
Wban_00535,wuchereria_bancrofti_prjna275548,False
Wban_00536,wuchereria_bancrofti_prjna275548,False
Wban_00537,wuchereria_bancrofti_prjna275548,False
Wban_00538,wuchereria_bancrofti_prjna275548,False
Wban_00539,wuchereria_bancrofti_prjna275548,False
Wban_00540,wuchereria_bancrofti_prjna275548,False
Wban_00541,wuchereria_bancrofti_prjna275548,False
Wban_00542,wuchereria_bancrofti_prjna275548,False
Wban_00543,wuchereria_bancrofti_prjna275548,False
Wban_00544,wuchereria_bancrofti_prjna275548,False
Wban_00545,wuchereria_bancrofti_prjna275548,False
Wban_00546,wuchereria_bancrofti_prjna275548,False
Wban_00547,wuchereria_bancrofti_prjna275548,False
Wban_00548,wuchereria_bancrofti_prjna275548,False
Wban_00549,wuchereria_bancrofti_prjna275548,False
Wban_00550,wuchereria_bancrofti_prjna275548,False
Wban_00551,wuchereria_bancrofti_prjna275548,False
Wban_00552,wuchereria_bancrofti_prjna275548,False
Wban_00553,wuchereria_bancrofti_prjna275548,False
Wban_00554,wuchereria_bancrofti_prjna275548,False
Wban_00555,wuchereria_bancrofti_prjna275548,False
Wban_00556,wuchereria_bancrofti_prjna275548,False
Wban_00557,wuchereria_bancrofti_prjna275548,False
Wban_00558,wuchereria_bancrofti_prjna275548,False
Wban_00559,wuchereria_bancrofti_prjna275548,False
Wban_00560,wuchereria_bancrofti_prjna275548,False
Wban_00561,wuchereria_bancrofti_prjna275548,False
Wban_00562,wuchereria_bancrofti_prjna275548,False
Wban_00563,wuchereria_bancrofti_prjna275548,False
Wban_00564,wuchereria_bancrofti_prjna275548,False
Wban_00565,wuchereria_bancrofti_prjna275548,False
Wban_00566,wuchereria_bancrofti_prjna275548,False
Wban_00567,wuchereria_bancrofti_prjna275548,False
Wban_00568,wuchereria_bancrofti_prjna275548,False
Wban_00569,wuchereria_bancrofti_prjna275548,False
Wban_00570,wuchereria_bancrofti_prjna275548,False
Wban_00571,wuchereria_bancrofti_prjna275548,False
Wban_00572,wuchereria_bancrofti_prjna275548,False
Wban_00573,wuchereria_bancrofti_prjna275548,False
Wban_00574,wuchereria_bancrofti_prjna275548,False
Wban_00575,wuchereria_bancrofti_prjna275548,False
Wban_00576,wuchereria_bancrofti_prjna275548,False
Wban_00577,wuchereria_bancrofti_prjna275548,False
Wban_00578,wuchereria_bancrofti_prjna275548,False
Wban_00579,wuchereria_bancrofti_prjna275548,False
Wban_00580,wuchereria_bancrofti_prjna275548,False
Wban_00581,wuchereria_bancrofti_prjna275548,False
Wban_00582,wuchereria_bancrofti_prjna275548,False
Wban_00583,wuchereria_bancrofti_prjna275548,False
Wban_00584,wuchereria_bancrofti_prjna275548,False
Wban_00585,wuchereria_bancrofti_prjna275548,False
Wban_00586,wuchereria_bancrofti_prjna275548,False
Wban_00587,wuchereria_bancrofti_prjna275548,False
Wban_00588,wuchereria_bancrofti_prjna275548,False
Wban_00589,wuchereria_bancrofti_prjna275548,False
Wban_00590,wuchereria_bancrofti_prjna275548,False
Wban_00591,wuchereria_bancrofti_prjna275548,False
Wban_00592,wuchereria_bancrofti_prjna275548,False
Wban_00593,wuchereria_bancrofti_prjna275548,False
Wban_00594,wuchereria_bancrofti_prjna275548,False
Wban_00595,wuchereria_bancrofti_prjna275548,False
Wban_00596,wuchereria_bancrofti_prjna275548,False
Wban_00597,wuchereria_bancrofti_prjna275548,False
Wban_00598,wuchereria_bancrofti_prjna275548,False
Wban_00599,wuchereria_bancrofti_prjna275548,False
Wban_00600,wuchereria_bancrofti_prjna275548,False
Wban_00601,wuchereria_bancrofti_prjna275548,False
Wban_00602,wuchereria_bancrofti_prjna275548,False
Wban_00603,wuchereria_bancrofti_prjna275548,False
Wban_00604,wuchereria_bancrofti_prjna275548,False
Wban_00605,wuchereria_bancrofti_prjna275548,False
Wban_00606,wuchereria_bancrofti_prjna275548,False
Wban_00607,wuchereria_bancrofti_prjna275548,False
Wban_00608,wuchereria_bancrofti_prjna275548,False
Wban_00609,wuchereria_bancrofti_prjna275548,False
Wban_00610,wuchereria_bancrofti_prjna275548,False
Wban_00611,wuchereria_bancrofti_prjna275548,False
Wban_00612,wuchereria_bancrofti_prjna275548,False
Wban_00613,wuchereria_bancrofti_prjna275548,False
Wban_00614,wuchereria_bancrofti_prjna275548,False
Wban_00615,wuchereria_bancrofti_prjna275548,False
Wban_00616,wuchereria_bancrofti_prjna275548,False
Wban_00617,wuchereria_bancrofti_prjna275548,False
Wban_00618,wuchereria_bancrofti_prjna275548,False
Wban_00619,wuchereria_bancrofti_prjna275548,False
Wban_00620,wuchereria_bancrofti_prjna275548,False
Wban_00621,wuchereria_bancrofti_prjna275548,False
Wban_00622,wuchereria_bancrofti_prjna275548,False
Wban_00623,wuchereria_bancrofti_prjna275548,False
Wban_00624,wuchereria_bancrofti_prjna275548,False
Wban_00625,wuchereria_bancrofti_prjna275548,False
Wban_00626,wuchereria_bancrofti_prjna275548,False
Wban_00627,wuchereria_bancrofti_prjna275548,False
Wban_00628,wuchereria_bancrofti_prjna275548,False
Wban_00629,wuchereria_bancrofti_prjna275548,False
Wban_00630,wuchereria_bancrofti_prjna275548,False
Wban_00631,wuchereria_bancrofti_prjna275548,False
Wban_00632,wuchereria_bancrofti_prjna275548,False
Wban_00633,wuchereria_bancrofti_prjna275548,False
Wban_00634,wuchereria_bancrofti_prjna275548,False
Wban_00635,wuchereria_bancrofti_prjna275548,False
Wban_00636,wuchereria_bancrofti_prjna275548,False
Wban_00637,wuchereria_bancrofti_prjna275548,False
Wban_00638,wuchereria_bancrofti_prjna275548,False
Wban_00639,wuchereria_bancrofti_prjna275548,False
Wban_00640,wuchereria_bancrofti_prjna275548,False
Wban_00641,wuchereria_bancrofti_prjna275548,False
Wban_00642,wuchereria_bancrofti_prjna275548,False
Wban_00643,wuchereria_bancrofti_prjna275548,False
Wban_00644,wuchereria_bancrofti_prjna275548,False
Wban_00645,wuchereria_bancrofti_prjna275548,False
Wban_00646,wuchereria_bancrofti_prjna275548,False
Wban_00647,wuchereria_bancrofti_prjna275548,False
Wban_00648,wuchereria_bancrofti_prjna275548,False
Wban_00649,wuchereria_bancrofti_prjna275548,False
Wban_00650,wuchereria_bancrofti_prjna275548,False
Wban_00651,wuchereria_bancrofti_prjna275548,False
Wban_00652,wuchereria_bancrofti_prjna275548,False
Wban_00653,wuchereria_bancrofti_prjna275548,False
Wban_00654,wuchereria_bancrofti_prjna275548,False
Wban_00655,wuchereria_bancrofti_prjna275548,False
Wban_00656,wuchereria_bancrofti_prjna275548,False
Wban_00657,wuchereria_bancrofti_prjna275548,False
Wban_00658,wuchereria_bancrofti_prjna275548,False
Wban_00659,wuchereria_bancrofti_prjna275548,False
Wban_00660,wuchereria_bancrofti_prjna275548,False
Wban_00661,wuchereria_bancrofti_prjna275548,False
Wban_00662,wuchereria_bancrofti_prjna275548,False
Wban_00663,wuchereria_bancrofti_prjna275548,False
Wban_00664,wuchereria_bancrofti_prjna275548,False
Wban_00665,wuchereria_bancrofti_prjna275548,False
Wban_00666,wuchereria_bancrofti_prjna275548,False
Wban_00667,wuchereria_bancrofti_prjna275548,False
Wban_00668,wuchereria_bancrofti_prjna275548,False
Wban_00669,wuchereria_bancrofti_prjna275548,False
Wban_00670,wuchereria_bancrofti_prjna275548,False
Wban_00671,wuchereria_bancrofti_prjna275548,False
Wban_00672,wuchereria_bancrofti_prjna275548,False
Wban_00673,wuchereria_bancrofti_prjna275548,False
Wban_00674,wuchereria_bancrofti_prjna275548,False
Wban_00675,wuchereria_bancrofti_prjna275548,False
Wban_00676,wuchereria_bancrofti_prjna275548,False
Wban_00677,wuchereria_bancrofti_prjna275548,False
Wban_00678,wuchereria_bancrofti_prjna275548,False
Wban_00679,wuchereria_bancrofti_prjna275548,False
Wban_00680,wuchereria_bancrofti_prjna275548,False
Wban_00681,wuchereria_bancrofti_prjna275548,False
Wban_00682,wuchereria_bancrofti_prjna275548,False
Wban_00683,wuchereria_bancrofti_prjna275548,False
Wban_00684,wuchereria_bancrofti_prjna275548,False
Wban_00685,wuchereria_bancrofti_prjna275548,False
Wban_00686,wuchereria_bancrofti_prjna275548,False
Wban_00687,wuchereria_bancrofti_prjna275548,False
Wban_00688,wuchereria_bancrofti_prjna275548,False
Wban_00689,wuchereria_bancrofti_prjna275548,False
Wban_00690,wuchereria_bancrofti_prjna275548,False
Wban_00691,wuchereria_bancrofti_prjna275548,False
Wban_00692,wuchereria_bancrofti_prjna275548,False
Wban_00693,wuchereria_bancrofti_prjna275548,False
Wban_00694,wuchereria_bancrofti_prjna275548,False
Wban_00695,wuchereria_bancrofti_prjna275548,False
Wban_00696,wuchereria_bancrofti_prjna275548,False
Wban_00697,wuchereria_bancrofti_prjna275548,False
Wban_00698,wuchereria_bancrofti_prjna275548,False
Wban_00699,wuchereria_bancrofti_prjna275548,False
Wban_00700,wuchereria_bancrofti_prjna275548,False
Wban_00701,wuchereria_bancrofti_prjna275548,False
Wban_00702,wuchereria_bancrofti_prjna275548,False
Wban_00703,wuchereria_bancrofti_prjna275548,False
Wban_00704,wuchereria_bancrofti_prjna275548,False
Wban_00705,wuchereria_bancrofti_prjna275548,False
Wban_00706,wuchereria_bancrofti_prjna275548,False
Wban_00707,wuchereria_bancrofti_prjna275548,False
Wban_00708,wuchereria_bancrofti_prjna275548,False
Wban_00709,wuchereria_bancrofti_prjna275548,False
Wban_00710,wuchereria_bancrofti_prjna275548,False
Wban_00711,wuchereria_bancrofti_prjna275548,False
Wban_00712,wuchereria_bancrofti_prjna275548,False
Wban_00713,wuchereria_bancrofti_prjna275548,False
Wban_00714,wuchereria_bancrofti_prjna275548,False
Wban_00715,wuchereria_bancrofti_prjna275548,False
Wban_00716,wuchereria_bancrofti_prjna275548,False
Wban_00717,wuchereria_bancrofti_prjna275548,False
Wban_00718,wuchereria_bancrofti_prjna275548,False
Wban_00719,wuchereria_bancrofti_prjna275548,False
Wban_00720,wuchereria_bancrofti_prjna275548,False
Wban_00721,wuchereria_bancrofti_prjna275548,False
Wban_00722,wuchereria_bancrofti_prjna275548,False
Wban_00723,wuchereria_bancrofti_prjna275548,False
Wban_00724,wuchereria_bancrofti_prjna275548,False
Wban_00725,wuchereria_bancrofti_prjna275548,False
Wban_00726,wuchereria_bancrofti_prjna275548,False
Wban_00727,wuchereria_bancrofti_prjna275548,False
Wban_00728,wuchereria_bancrofti_prjna275548,False
Wban_00729,wuchereria_bancrofti_prjna275548,False
Wban_00730,wuchereria_bancrofti_prjna275548,False
Wban_00731,wuchereria_bancrofti_prjna275548,False
Wban_00732,wuchereria_bancrofti_prjna275548,False
Wban_00733,wuchereria_bancrofti_prjna275548,False
Wban_00734,wuchereria_bancrofti_prjna275548,False
Wban_00735,wuchereria_bancrofti_prjna275548,False
Wban_00736,wuchereria_bancrofti_prjna275548,False
Wban_00737,wuchereria_bancrofti_prjna275548,False
Wban_00738,wuchereria_bancrofti_prjna275548,False
Wban_00739,wuchereria_bancrofti_prjna275548,False
Wban_00740,wuchereria_bancrofti_prjna275548,False
Wban_00741,wuchereria_bancrofti_prjna275548,False
Wban_00742,wuchereria_bancrofti_prjna275548,False
Wban_00743,wuchereria_bancrofti_prjna275548,False
Wban_00744,wuchereria_bancrofti_prjna275548,False
Wban_00745,wuchereria_bancrofti_prjna275548,False
Wban_00746,wuchereria_bancrofti_prjna275548,False
Wban_00747,wuchereria_bancrofti_prjna275548,False
Wban_00748,wuchereria_bancrofti_prjna275548,False
Wban_00749,wuchereria_bancrofti_prjna275548,False
Wban_00750,wuchereria_bancrofti_prjna275548,False
Wban_00751,wuchereria_bancrofti_prjna275548,False
Wban_00752,wuchereria_bancrofti_prjna275548,False
Wban_00753,wuchereria_bancrofti_prjna275548,False
Wban_00754,wuchereria_bancrofti_prjna275548,False
Wban_00755,wuchereria_bancrofti_prjna275548,False
Wban_00756,wuchereria_bancrofti_prjna275548,False
Wban_00757,wuchereria_bancrofti_prjna275548,False
Wban_00758,wuchereria_bancrofti_prjna275548,False
Wban_00759,wuchereria_bancrofti_prjna275548,False
Wban_00760,wuchereria_bancrofti_prjna275548,False
Wban_00761,wuchereria_bancrofti_prjna275548,False
Wban_00762,wuchereria_bancrofti_prjna275548,False
Wban_00763,wuchereria_bancrofti_prjna275548,False
Wban_00764,wuchereria_bancrofti_prjna275548,False
Wban_00765,wuchereria_bancrofti_prjna275548,False
Wban_00766,wuchereria_bancrofti_prjna275548,False
Wban_00767,wuchereria_bancrofti_prjna275548,False
Wban_00768,wuchereria_bancrofti_prjna275548,False
Wban_00769,wuchereria_bancrofti_prjna275548,False
Wban_00770,wuchereria_bancrofti_prjna275548,False
Wban_00771,wuchereria_bancrofti_prjna275548,False
Wban_00772,wuchereria_bancrofti_prjna275548,False
Wban_00773,wuchereria_bancrofti_prjna275548,False
Wban_00774,wuchereria_bancrofti_prjna275548,False
Wban_00775,wuchereria_bancrofti_prjna275548,False
Wban_00776,wuchereria_bancrofti_prjna275548,False
Wban_00777,wuchereria_bancrofti_prjna275548,False
Wban_00778,wuchereria_bancrofti_prjna275548,False
Wban_00779,wuchereria_bancrofti_prjna275548,False
Wban_00780,wuchereria_bancrofti_prjna275548,False
Wban_00781,wuchereria_bancrofti_prjna275548,False
Wban_00782,wuchereria_bancrofti_prjna275548,False
Wban_00783,wuchereria_bancrofti_prjna275548,False
Wban_00784,wuchereria_bancrofti_prjna275548,False
Wban_00785,wuchereria_bancrofti_prjna275548,False
Wban_00786,wuchereria_bancrofti_prjna275548,False
Wban_00787,wuchereria_bancrofti_prjna275548,False
Wban_00788,wuchereria_bancrofti_prjna275548,False
Wban_00789,wuchereria_bancrofti_prjna275548,False
Wban_00790,wuchereria_bancrofti_prjna275548,False
Wban_00791,wuchereria_bancrofti_prjna275548,False
Wban_00792,wuchereria_bancrofti_prjna275548,False
Wban_00793,wuchereria_bancrofti_prjna275548,False
Wban_00794,wuchereria_bancrofti_prjna275548,False
Wban_00795,wuchereria_bancrofti_prjna275548,False
Wban_00796,wuchereria_bancrofti_prjna275548,False
Wban_00797,wuchereria_bancrofti_prjna275548,False
Wban_00798,wuchereria_bancrofti_prjna275548,False
Wban_00799,wuchereria_bancrofti_prjna275548,False
Wban_00800,wuchereria_bancrofti_prjna275548,False
Wban_00801,wuchereria_bancrofti_prjna275548,False
Wban_00802,wuchereria_bancrofti_prjna275548,False
Wban_00803,wuchereria_bancrofti_prjna275548,False
Wban_00804,wuchereria_bancrofti_prjna275548,False
Wban_00805,wuchereria_bancrofti_prjna275548,False
Wban_00806,wuchereria_bancrofti_prjna275548,False
Wban_00807,wuchereria_bancrofti_prjna275548,False
Wban_00808,wuchereria_bancrofti_prjna275548,False
Wban_00809,wuchereria_bancrofti_prjna275548,False
Wban_00810,wuchereria_bancrofti_prjna275548,False
Wban_00811,wuchereria_bancrofti_prjna275548,False
Wban_00812,wuchereria_bancrofti_prjna275548,False
Wban_00813,wuchereria_bancrofti_prjna275548,False
Wban_00814,wuchereria_bancrofti_prjna275548,False
Wban_00815,wuchereria_bancrofti_prjna275548,False
Wban_00816,wuchereria_bancrofti_prjna275548,False
Wban_00817,wuchereria_bancrofti_prjna275548,False
Wban_00818,wuchereria_bancrofti_prjna275548,False
Wban_00819,wuchereria_bancrofti_prjna275548,False
Wban_00820,wuchereria_bancrofti_prjna275548,False
Wban_00821,wuchereria_bancrofti_prjna275548,False
Wban_00822,wuchereria_bancrofti_prjna275548,False
Wban_00823,wuchereria_bancrofti_prjna275548,False
Wban_00824,wuchereria_bancrofti_prjna275548,False
Wban_00825,wuchereria_bancrofti_prjna275548,False
Wban_00826,wuchereria_bancrofti_prjna275548,False
Wban_00827,wuchereria_bancrofti_prjna275548,False
Wban_00828,wuchereria_bancrofti_prjna275548,False
Wban_00829,wuchereria_bancrofti_prjna275548,False
Wban_00830,wuchereria_bancrofti_prjna275548,False
Wban_00831,wuchereria_bancrofti_prjna275548,False
Wban_00832,wuchereria_bancrofti_prjna275548,False
Wban_00833,wuchereria_bancrofti_prjna275548,False
Wban_00834,wuchereria_bancrofti_prjna275548,False
Wban_00835,wuchereria_bancrofti_prjna275548,False
Wban_00836,wuchereria_bancrofti_prjna275548,False
Wban_00837,wuchereria_bancrofti_prjna275548,False
Wban_00838,wuchereria_bancrofti_prjna275548,False
Wban_00839,wuchereria_bancrofti_prjna275548,False
Wban_00840,wuchereria_bancrofti_prjna275548,False
Wban_00841,wuchereria_bancrofti_prjna275548,False
Wban_00842,wuchereria_bancrofti_prjna275548,False
Wban_00843,wuchereria_bancrofti_prjna275548,False
Wban_00844,wuchereria_bancrofti_prjna275548,False
Wban_00845,wuchereria_bancrofti_prjna275548,False
Wban_00846,wuchereria_bancrofti_prjna275548,False
Wban_00847,wuchereria_bancrofti_prjna275548,False
Wban_00848,wuchereria_bancrofti_prjna275548,False
Wban_00849,wuchereria_bancrofti_prjna275548,False
Wban_00850,wuchereria_bancrofti_prjna275548,False
Wban_00851,wuchereria_bancrofti_prjna275548,False
Wban_00852,wuchereria_bancrofti_prjna275548,False
Wban_00853,wuchereria_bancrofti_prjna275548,False
Wban_00854,wuchereria_bancrofti_prjna275548,False
Wban_00855,wuchereria_bancrofti_prjna275548,False
Wban_00856,wuchereria_bancrofti_prjna275548,False
Wban_00857,wuchereria_bancrofti_prjna275548,False
Wban_00858,wuchereria_bancrofti_prjna275548,False
Wban_00859,wuchereria_bancrofti_prjna275548,False
Wban_00860,wuchereria_bancrofti_prjna275548,False
Wban_00861,wuchereria_bancrofti_prjna275548,False
Wban_00862,wuchereria_bancrofti_prjna275548,False
Wban_00863,wuchereria_bancrofti_prjna275548,False
Wban_00864,wuchereria_bancrofti_prjna275548,False
Wban_00865,wuchereria_bancrofti_prjna275548,False
Wban_00866,wuchereria_bancrofti_prjna275548,False
Wban_00867,wuchereria_bancrofti_prjna275548,False
Wban_00868,wuchereria_bancrofti_prjna275548,False
Wban_00869,wuchereria_bancrofti_prjna275548,False
Wban_00870,wuchereria_bancrofti_prjna275548,False
Wban_00871,wuchereria_bancrofti_prjna275548,False
Wban_00872,wuchereria_bancrofti_prjna275548,False
Wban_00873,wuchereria_bancrofti_prjna275548,False
Wban_00874,wuchereria_bancrofti_prjna275548,False
Wban_00875,wuchereria_bancrofti_prjna275548,False
Wban_00876,wuchereria_bancrofti_prjna275548,False
Wban_00877,wuchereria_bancrofti_prjna275548,False
Wban_00878,wuchereria_bancrofti_prjna275548,False
Wban_00879,wuchereria_bancrofti_prjna275548,False
Wban_00880,wuchereria_bancrofti_prjna275548,False
Wban_00881,wuchereria_bancrofti_prjna275548,False
Wban_00882,wuchereria_bancrofti_prjna275548,False
Wban_00883,wuchereria_bancrofti_prjna275548,False
Wban_00884,wuchereria_bancrofti_prjna275548,False
Wban_00885,wuchereria_bancrofti_prjna275548,False
Wban_00886,wuchereria_bancrofti_prjna275548,False
Wban_00887,wuchereria_bancrofti_prjna275548,False
Wban_00888,wuchereria_bancrofti_prjna275548,False
Wban_00889,wuchereria_bancrofti_prjna275548,False
Wban_00890,wuchereria_bancrofti_prjna275548,False
Wban_00891,wuchereria_bancrofti_prjna275548,False
Wban_00892,wuchereria_bancrofti_prjna275548,False
Wban_00893,wuchereria_bancrofti_prjna275548,False
Wban_00894,wuchereria_bancrofti_prjna275548,False
Wban_00895,wuchereria_bancrofti_prjna275548,False
Wban_00896,wuchereria_bancrofti_prjna275548,False
Wban_00897,wuchereria_bancrofti_prjna275548,False
Wban_00898,wuchereria_bancrofti_prjna275548,False
Wban_00899,wuchereria_bancrofti_prjna275548,False
Wban_00900,wuchereria_bancrofti_prjna275548,False
Wban_00901,wuchereria_bancrofti_prjna275548,False
Wban_00902,wuchereria_bancrofti_prjna275548,False
Wban_00903,wuchereria_bancrofti_prjna275548,False
Wban_00904,wuchereria_bancrofti_prjna275548,False
Wban_00905,wuchereria_bancrofti_prjna275548,False
Wban_00906,wuchereria_bancrofti_prjna275548,False
Wban_00907,wuchereria_bancrofti_prjna275548,False
Wban_00908,wuchereria_bancrofti_prjna275548,False
Wban_00909,wuchereria_bancrofti_prjna275548,False
Wban_00910,wuchereria_bancrofti_prjna275548,False
Wban_00911,wuchereria_bancrofti_prjna275548,False
Wban_00912,wuchereria_bancrofti_prjna275548,False
Wban_00913,wuchereria_bancrofti_prjna275548,False
Wban_00914,wuchereria_bancrofti_prjna275548,False
Wban_00915,wuchereria_bancrofti_prjna275548,False
Wban_00916,wuchereria_bancrofti_prjna275548,False
Wban_00917,wuchereria_bancrofti_prjna275548,False
Wban_00918,wuchereria_bancrofti_prjna275548,False
Wban_00919,wuchereria_bancrofti_prjna275548,False
Wban_00920,wuchereria_bancrofti_prjna275548,False
Wban_00921,wuchereria_bancrofti_prjna275548,False
Wban_00922,wuchereria_bancrofti_prjna275548,False
Wban_00923,wuchereria_bancrofti_prjna275548,False
Wban_00924,wuchereria_bancrofti_prjna275548,False
Wban_00925,wuchereria_bancrofti_prjna275548,False
Wban_00926,wuchereria_bancrofti_prjna275548,False
Wban_00927,wuchereria_bancrofti_prjna275548,False
Wban_00928,wuchereria_bancrofti_prjna275548,False
Wban_00929,wuchereria_bancrofti_prjna275548,False
Wban_00930,wuchereria_bancrofti_prjna275548,False
Wban_00931,wuchereria_bancrofti_prjna275548,False
Wban_00932,wuchereria_bancrofti_prjna275548,False
Wban_00933,wuchereria_bancrofti_prjna275548,False
Wban_00934,wuchereria_bancrofti_prjna275548,False
Wban_00935,wuchereria_bancrofti_prjna275548,False
Wban_00936,wuchereria_bancrofti_prjna275548,False
Wban_00937,wuchereria_bancrofti_prjna275548,False
Wban_00938,wuchereria_bancrofti_prjna275548,False
Wban_00939,wuchereria_bancrofti_prjna275548,False
Wban_00940,wuchereria_bancrofti_prjna275548,False
Wban_00941,wuchereria_bancrofti_prjna275548,False
Wban_00942,wuchereria_bancrofti_prjna275548,False
Wban_00943,wuchereria_bancrofti_prjna275548,False
Wban_00944,wuchereria_bancrofti_prjna275548,False
Wban_00945,wuchereria_bancrofti_prjna275548,False
Wban_00946,wuchereria_bancrofti_prjna275548,False
Wban_00947,wuchereria_bancrofti_prjna275548,False
Wban_00948,wuchereria_bancrofti_prjna275548,False
Wban_00949,wuchereria_bancrofti_prjna275548,False
Wban_00950,wuchereria_bancrofti_prjna275548,False
Wban_00951,wuchereria_bancrofti_prjna275548,False
Wban_00952,wuchereria_bancrofti_prjna275548,False
Wban_00953,wuchereria_bancrofti_prjna275548,False
Wban_00954,wuchereria_bancrofti_prjna275548,False
Wban_00955,wuchereria_bancrofti_prjna275548,False
Wban_00956,wuchereria_bancrofti_prjna275548,False
Wban_00957,wuchereria_bancrofti_prjna275548,False
Wban_00958,wuchereria_bancrofti_prjna275548,False
Wban_00959,wuchereria_bancrofti_prjna275548,False
Wban_00960,wuchereria_bancrofti_prjna275548,False
Wban_00961,wuchereria_bancrofti_prjna275548,False
Wban_00962,wuchereria_bancrofti_prjna275548,False
Wban_00963,wuchereria_bancrofti_prjna275548,False
Wban_00964,wuchereria_bancrofti_prjna275548,False
Wban_00965,wuchereria_bancrofti_prjna275548,False
Wban_00966,wuchereria_bancrofti_prjna275548,False
Wban_00967,wuchereria_bancrofti_prjna275548,False
Wban_00968,wuchereria_bancrofti_prjna275548,False
Wban_00969,wuchereria_bancrofti_prjna275548,False
Wban_00970,wuchereria_bancrofti_prjna275548,False
Wban_00971,wuchereria_bancrofti_prjna275548,False
Wban_00972,wuchereria_bancrofti_prjna275548,False
Wban_00973,wuchereria_bancrofti_prjna275548,False
Wban_00974,wuchereria_bancrofti_prjna275548,False
Wban_00975,wuchereria_bancrofti_prjna275548,False
Wban_00976,wuchereria_bancrofti_prjna275548,False
Wban_00977,wuchereria_bancrofti_prjna275548,False
Wban_00978,wuchereria_bancrofti_prjna275548,False
Wban_00979,wuchereria_bancrofti_prjna275548,False
Wban_00980,wuchereria_bancrofti_prjna275548,False
Wban_00981,wuchereria_bancrofti_prjna275548,False
Wban_00982,wuchereria_bancrofti_prjna275548,False
Wban_00983,wuchereria_bancrofti_prjna275548,False
Wban_00984,wuchereria_bancrofti_prjna275548,False
Wban_00985,wuchereria_bancrofti_prjna275548,False
Wban_00986,wuchereria_bancrofti_prjna275548,False
Wban_00987,wuchereria_bancrofti_prjna275548,False
Wban_00988,wuchereria_bancrofti_prjna275548,False
Wban_00989,wuchereria_bancrofti_prjna275548,False
Wban_00990,wuchereria_bancrofti_prjna275548,False
Wban_00991,wuchereria_bancrofti_prjna275548,False
Wban_00992,wuchereria_bancrofti_prjna275548,False
Wban_00993,wuchereria_bancrofti_prjna275548,False
Wban_00994,wuchereria_bancrofti_prjna275548,False
Wban_00995,wuchereria_bancrofti_prjna275548,False
Wban_00996,wuchereria_bancrofti_prjna275548,False
Wban_00997,wuchereria_bancrofti_prjna275548,False
Wban_00998,wuchereria_bancrofti_prjna275548,False
Wban_00999,wuchereria_bancrofti_prjna275548,False
Wban_01000,wuchereria_bancrofti_prjna275548,False
Wban_01001,wuchereria_bancrofti_prjna275548,False
Wban_01002,wuchereria_bancrofti_prjna275548,False
Wban_01003,wuchereria_bancrofti_prjna275548,False
Wban_01004,wuchereria_bancrofti_prjna275548,False
Wban_01005,wuchereria_bancrofti_prjna275548,False
Wban_01006,wuchereria_bancrofti_prjna275548,False
Wban_01007,wuchereria_bancrofti_prjna275548,False
Wban_01008,wuchereria_bancrofti_prjna275548,False
Wban_01009,wuchereria_bancrofti_prjna275548,False
Wban_01010,wuchereria_bancrofti_prjna275548,False
Wban_01011,wuchereria_bancrofti_prjna275548,False
Wban_01012,wuchereria_bancrofti_prjna275548,False
Wban_01013,wuchereria_bancrofti_prjna275548,False
Wban_01014,wuchereria_bancrofti_prjna275548,False
Wban_01015,wuchereria_bancrofti_prjna275548,False
Wban_01016,wuchereria_bancrofti_prjna275548,False
Wban_01017,wuchereria_bancrofti_prjna275548,False
Wban_01018,wuchereria_bancrofti_prjna275548,False
Wban_01019,wuchereria_bancrofti_prjna275548,False
Wban_01020,wuchereria_bancrofti_prjna275548,False
Wban_01021,wuchereria_bancrofti_prjna275548,False
Wban_01022,wuchereria_bancrofti_prjna275548,False
Wban_01023,wuchereria_bancrofti_prjna275548,False
Wban_01024,wuchereria_bancrofti_prjna275548,False
Wban_01025,wuchereria_bancrofti_prjna275548,False
Wban_01026,wuchereria_bancrofti_prjna275548,False
Wban_01027,wuchereria_bancrofti_prjna275548,False
Wban_01028,wuchereria_bancrofti_prjna275548,False
Wban_01029,wuchereria_bancrofti_prjna275548,False
Wban_01030,wuchereria_bancrofti_prjna275548,False
Wban_01031,wuchereria_bancrofti_prjna275548,False
Wban_01032,wuchereria_bancrofti_prjna275548,False
Wban_01033,wuchereria_bancrofti_prjna275548,False
Wban_01034,wuchereria_bancrofti_prjna275548,False
Wban_01035,wuchereria_bancrofti_prjna275548,False
Wban_01036,wuchereria_bancrofti_prjna275548,False
Wban_01037,wuchereria_bancrofti_prjna275548,False
Wban_01038,wuchereria_bancrofti_prjna275548,False
Wban_01039,wuchereria_bancrofti_prjna275548,False
Wban_01040,wuchereria_bancrofti_prjna275548,False
Wban_01041,wuchereria_bancrofti_prjna275548,False
Wban_01042,wuchereria_bancrofti_prjna275548,False
Wban_01043,wuchereria_bancrofti_prjna275548,False
Wban_01044,wuchereria_bancrofti_prjna275548,False
Wban_01045,wuchereria_bancrofti_prjna275548,False
Wban_01046,wuchereria_bancrofti_prjna275548,False
Wban_01047,wuchereria_bancrofti_prjna275548,False
Wban_01048,wuchereria_bancrofti_prjna275548,False
Wban_01049,wuchereria_bancrofti_prjna275548,False
Wban_01050,wuchereria_bancrofti_prjna275548,False
Wban_01051,wuchereria_bancrofti_prjna275548,False
Wban_01052,wuchereria_bancrofti_prjna275548,False
Wban_01053,wuchereria_bancrofti_prjna275548,False
Wban_01054,wuchereria_bancrofti_prjna275548,False
Wban_01055,wuchereria_bancrofti_prjna275548,False
Wban_01056,wuchereria_bancrofti_prjna275548,False
Wban_01057,wuchereria_bancrofti_prjna275548,False
Wban_01058,wuchereria_bancrofti_prjna275548,False
Wban_01059,wuchereria_bancrofti_prjna275548,False
Wban_01060,wuchereria_bancrofti_prjna275548,False
Wban_01061,wuchereria_bancrofti_prjna275548,False
Wban_01062,wuchereria_bancrofti_prjna275548,False
Wban_01063,wuchereria_bancrofti_prjna275548,False
Wban_01064,wuchereria_bancrofti_prjna275548,False
Wban_01065,wuchereria_bancrofti_prjna275548,False
Wban_01066,wuchereria_bancrofti_prjna275548,False
Wban_01067,wuchereria_bancrofti_prjna275548,False
Wban_01068,wuchereria_bancrofti_prjna275548,False
Wban_01069,wuchereria_bancrofti_prjna275548,False
Wban_01070,wuchereria_bancrofti_prjna275548,False
Wban_01071,wuchereria_bancrofti_prjna275548,False
Wban_01072,wuchereria_bancrofti_prjna275548,False
Wban_01073,wuchereria_bancrofti_prjna275548,False
Wban_01074,wuchereria_bancrofti_prjna275548,False
Wban_01075,wuchereria_bancrofti_prjna275548,False
Wban_01076,wuchereria_bancrofti_prjna275548,False
Wban_01077,wuchereria_bancrofti_prjna275548,False
Wban_01078,wuchereria_bancrofti_prjna275548,False
Wban_01079,wuchereria_bancrofti_prjna275548,False
Wban_01080,wuchereria_bancrofti_prjna275548,False
Wban_01081,wuchereria_bancrofti_prjna275548,False
Wban_01082,wuchereria_bancrofti_prjna275548,False
Wban_01083,wuchereria_bancrofti_prjna275548,False
Wban_01084,wuchereria_bancrofti_prjna275548,False
Wban_01085,wuchereria_bancrofti_prjna275548,False
Wban_01086,wuchereria_bancrofti_prjna275548,False
Wban_01087,wuchereria_bancrofti_prjna275548,False
Wban_01088,wuchereria_bancrofti_prjna275548,False
Wban_01089,wuchereria_bancrofti_prjna275548,False
Wban_01090,wuchereria_bancrofti_prjna275548,False
Wban_01091,wuchereria_bancrofti_prjna275548,False
Wban_01092,wuchereria_bancrofti_prjna275548,False
Wban_01093,wuchereria_bancrofti_prjna275548,False
Wban_01094,wuchereria_bancrofti_prjna275548,False
Wban_01095,wuchereria_bancrofti_prjna275548,False
Wban_01096,wuchereria_bancrofti_prjna275548,False
Wban_01097,wuchereria_bancrofti_prjna275548,False
Wban_01098,wuchereria_bancrofti_prjna275548,False
Wban_01099,wuchereria_bancrofti_prjna275548,False
Wban_01100,wuchereria_bancrofti_prjna275548,False
Wban_01101,wuchereria_bancrofti_prjna275548,False
Wban_01102,wuchereria_bancrofti_prjna275548,False
Wban_01103,wuchereria_bancrofti_prjna275548,False
Wban_01104,wuchereria_bancrofti_prjna275548,False
Wban_01105,wuchereria_bancrofti_prjna275548,False
Wban_01106,wuchereria_bancrofti_prjna275548,False
Wban_01107,wuchereria_bancrofti_prjna275548,False
Wban_01108,wuchereria_bancrofti_prjna275548,False
Wban_01109,wuchereria_bancrofti_prjna275548,False
Wban_01110,wuchereria_bancrofti_prjna275548,False
Wban_01111,wuchereria_bancrofti_prjna275548,False
Wban_01112,wuchereria_bancrofti_prjna275548,False
Wban_01113,wuchereria_bancrofti_prjna275548,False
Wban_01114,wuchereria_bancrofti_prjna275548,False
Wban_01115,wuchereria_bancrofti_prjna275548,False
Wban_01116,wuchereria_bancrofti_prjna275548,False
Wban_01117,wuchereria_bancrofti_prjna275548,False
Wban_01118,wuchereria_bancrofti_prjna275548,False
Wban_01119,wuchereria_bancrofti_prjna275548,False
Wban_01120,wuchereria_bancrofti_prjna275548,False
Wban_01121,wuchereria_bancrofti_prjna275548,False
Wban_01122,wuchereria_bancrofti_prjna275548,False
Wban_01123,wuchereria_bancrofti_prjna275548,False
Wban_01124,wuchereria_bancrofti_prjna275548,False
Wban_01125,wuchereria_bancrofti_prjna275548,False
Wban_01126,wuchereria_bancrofti_prjna275548,False
Wban_01127,wuchereria_bancrofti_prjna275548,False
Wban_01128,wuchereria_bancrofti_prjna275548,False
Wban_01129,wuchereria_bancrofti_prjna275548,False
Wban_01130,wuchereria_bancrofti_prjna275548,False
Wban_01131,wuchereria_bancrofti_prjna275548,False
Wban_01132,wuchereria_bancrofti_prjna275548,False
Wban_01133,wuchereria_bancrofti_prjna275548,False
Wban_01134,wuchereria_bancrofti_prjna275548,False
Wban_01135,wuchereria_bancrofti_prjna275548,False
Wban_01136,wuchereria_bancrofti_prjna275548,False
Wban_01137,wuchereria_bancrofti_prjna275548,False
Wban_01138,wuchereria_bancrofti_prjna275548,False
Wban_01139,wuchereria_bancrofti_prjna275548,False
Wban_01140,wuchereria_bancrofti_prjna275548,False
Wban_01141,wuchereria_bancrofti_prjna275548,False
Wban_01142,wuchereria_bancrofti_prjna275548,False
Wban_01143,wuchereria_bancrofti_prjna275548,False
Wban_01144,wuchereria_bancrofti_prjna275548,False
Wban_01145,wuchereria_bancrofti_prjna275548,False
Wban_01146,wuchereria_bancrofti_prjna275548,False
Wban_01147,wuchereria_bancrofti_prjna275548,False
Wban_01148,wuchereria_bancrofti_prjna275548,False
Wban_01149,wuchereria_bancrofti_prjna275548,False
Wban_01150,wuchereria_bancrofti_prjna275548,False
Wban_01151,wuchereria_bancrofti_prjna275548,False
Wban_01152,wuchereria_bancrofti_prjna275548,False
Wban_01153,wuchereria_bancrofti_prjna275548,False
Wban_01154,wuchereria_bancrofti_prjna275548,False
Wban_01155,wuchereria_bancrofti_prjna275548,False
Wban_01156,wuchereria_bancrofti_prjna275548,False
Wban_01157,wuchereria_bancrofti_prjna275548,False
Wban_01158,wuchereria_bancrofti_prjna275548,False
Wban_01159,wuchereria_bancrofti_prjna275548,False
Wban_01160,wuchereria_bancrofti_prjna275548,False
Wban_01161,wuchereria_bancrofti_prjna275548,False
Wban_01162,wuchereria_bancrofti_prjna275548,False
Wban_01163,wuchereria_bancrofti_prjna275548,False
Wban_01164,wuchereria_bancrofti_prjna275548,False
Wban_01165,wuchereria_bancrofti_prjna275548,False
Wban_01166,wuchereria_bancrofti_prjna275548,False
Wban_01167,wuchereria_bancrofti_prjna275548,False
Wban_01168,wuchereria_bancrofti_prjna275548,False
Wban_01169,wuchereria_bancrofti_prjna275548,False
Wban_01170,wuchereria_bancrofti_prjna275548,False
Wban_01171,wuchereria_bancrofti_prjna275548,False
Wban_01172,wuchereria_bancrofti_prjna275548,False
Wban_01173,wuchereria_bancrofti_prjna275548,False
Wban_01174,wuchereria_bancrofti_prjna275548,False
Wban_01175,wuchereria_bancrofti_prjna275548,False
Wban_01176,wuchereria_bancrofti_prjna275548,False
Wban_01177,wuchereria_bancrofti_prjna275548,False
Wban_01178,wuchereria_bancrofti_prjna275548,False
Wban_01179,wuchereria_bancrofti_prjna275548,False
Wban_01180,wuchereria_bancrofti_prjna275548,False
Wban_01181,wuchereria_bancrofti_prjna275548,False
Wban_01182,wuchereria_bancrofti_prjna275548,False
Wban_01183,wuchereria_bancrofti_prjna275548,False
Wban_01184,wuchereria_bancrofti_prjna275548,False
Wban_01185,wuchereria_bancrofti_prjna275548,False
Wban_01186,wuchereria_bancrofti_prjna275548,False
Wban_01187,wuchereria_bancrofti_prjna275548,False
Wban_01188,wuchereria_bancrofti_prjna275548,False
Wban_01189,wuchereria_bancrofti_prjna275548,False
Wban_01190,wuchereria_bancrofti_prjna275548,False
Wban_01191,wuchereria_bancrofti_prjna275548,False
Wban_01192,wuchereria_bancrofti_prjna275548,False
Wban_01193,wuchereria_bancrofti_prjna275548,False
Wban_01194,wuchereria_bancrofti_prjna275548,False
Wban_01195,wuchereria_bancrofti_prjna275548,False
Wban_01196,wuchereria_bancrofti_prjna275548,False
Wban_01197,wuchereria_bancrofti_prjna275548,False
Wban_01198,wuchereria_bancrofti_prjna275548,False
Wban_01199,wuchereria_bancrofti_prjna275548,False
Wban_01200,wuchereria_bancrofti_prjna275548,False
Wban_01201,wuchereria_bancrofti_prjna275548,False
Wban_01202,wuchereria_bancrofti_prjna275548,False
Wban_01203,wuchereria_bancrofti_prjna275548,False
Wban_01204,wuchereria_bancrofti_prjna275548,False
Wban_01205,wuchereria_bancrofti_prjna275548,False
Wban_01206,wuchereria_bancrofti_prjna275548,False
Wban_01207,wuchereria_bancrofti_prjna275548,False
Wban_01208,wuchereria_bancrofti_prjna275548,False
Wban_01209,wuchereria_bancrofti_prjna275548,False
Wban_01210,wuchereria_bancrofti_prjna275548,False
Wban_01211,wuchereria_bancrofti_prjna275548,False
Wban_01212,wuchereria_bancrofti_prjna275548,False
Wban_01213,wuchereria_bancrofti_prjna275548,False
Wban_01214,wuchereria_bancrofti_prjna275548,False
Wban_01215,wuchereria_bancrofti_prjna275548,False
Wban_01216,wuchereria_bancrofti_prjna275548,False
Wban_01217,wuchereria_bancrofti_prjna275548,False
Wban_01218,wuchereria_bancrofti_prjna275548,False
Wban_01219,wuchereria_bancrofti_prjna275548,False
Wban_01220,wuchereria_bancrofti_prjna275548,False
Wban_01221,wuchereria_bancrofti_prjna275548,False
Wban_01222,wuchereria_bancrofti_prjna275548,False
Wban_01223,wuchereria_bancrofti_prjna275548,False
Wban_01224,wuchereria_bancrofti_prjna275548,False
Wban_01225,wuchereria_bancrofti_prjna275548,False
Wban_01226,wuchereria_bancrofti_prjna275548,False
Wban_01227,wuchereria_bancrofti_prjna275548,False
Wban_01228,wuchereria_bancrofti_prjna275548,False
Wban_01229,wuchereria_bancrofti_prjna275548,False
Wban_01230,wuchereria_bancrofti_prjna275548,False
Wban_01231,wuchereria_bancrofti_prjna275548,False
Wban_01232,wuchereria_bancrofti_prjna275548,False
Wban_01233,wuchereria_bancrofti_prjna275548,False
Wban_01234,wuchereria_bancrofti_prjna275548,False
Wban_01235,wuchereria_bancrofti_prjna275548,False
Wban_01236,wuchereria_bancrofti_prjna275548,False
Wban_01237,wuchereria_bancrofti_prjna275548,False
Wban_01238,wuchereria_bancrofti_prjna275548,False
Wban_01239,wuchereria_bancrofti_prjna275548,False
Wban_01240,wuchereria_bancrofti_prjna275548,False
Wban_01241,wuchereria_bancrofti_prjna275548,False
Wban_01242,wuchereria_bancrofti_prjna275548,False
Wban_01243,wuchereria_bancrofti_prjna275548,False
Wban_01244,wuchereria_bancrofti_prjna275548,False
Wban_01245,wuchereria_bancrofti_prjna275548,False
Wban_01246,wuchereria_bancrofti_prjna275548,False
Wban_01247,wuchereria_bancrofti_prjna275548,False
Wban_01248,wuchereria_bancrofti_prjna275548,False
Wban_01249,wuchereria_bancrofti_prjna275548,False
Wban_01250,wuchereria_bancrofti_prjna275548,False
Wban_01251,wuchereria_bancrofti_prjna275548,False
Wban_01252,wuchereria_bancrofti_prjna275548,False
Wban_01253,wuchereria_bancrofti_prjna275548,False
Wban_01254,wuchereria_bancrofti_prjna275548,False
Wban_01255,wuchereria_bancrofti_prjna275548,False
Wban_01256,wuchereria_bancrofti_prjna275548,False
Wban_01257,wuchereria_bancrofti_prjna275548,False
Wban_01258,wuchereria_bancrofti_prjna275548,False
Wban_01259,wuchereria_bancrofti_prjna275548,False
Wban_01260,wuchereria_bancrofti_prjna275548,False
Wban_01261,wuchereria_bancrofti_prjna275548,False
Wban_01262,wuchereria_bancrofti_prjna275548,False
Wban_01263,wuchereria_bancrofti_prjna275548,False
Wban_01264,wuchereria_bancrofti_prjna275548,False
Wban_01265,wuchereria_bancrofti_prjna275548,False
Wban_01266,wuchereria_bancrofti_prjna275548,False
Wban_01267,wuchereria_bancrofti_prjna275548,False
Wban_01268,wuchereria_bancrofti_prjna275548,False
Wban_01269,wuchereria_bancrofti_prjna275548,False
Wban_01270,wuchereria_bancrofti_prjna275548,False
Wban_01271,wuchereria_bancrofti_prjna275548,False
Wban_01272,wuchereria_bancrofti_prjna275548,False
Wban_01273,wuchereria_bancrofti_prjna275548,False
Wban_01274,wuchereria_bancrofti_prjna275548,False
Wban_01275,wuchereria_bancrofti_prjna275548,False
Wban_01276,wuchereria_bancrofti_prjna275548,False
Wban_01277,wuchereria_bancrofti_prjna275548,False
Wban_01278,wuchereria_bancrofti_prjna275548,False
Wban_01279,wuchereria_bancrofti_prjna275548,False
Wban_01280,wuchereria_bancrofti_prjna275548,False
Wban_01281,wuchereria_bancrofti_prjna275548,False
Wban_01282,wuchereria_bancrofti_prjna275548,False
Wban_01283,wuchereria_bancrofti_prjna275548,False
Wban_01284,wuchereria_bancrofti_prjna275548,False
Wban_01285,wuchereria_bancrofti_prjna275548,False
Wban_01286,wuchereria_bancrofti_prjna275548,False
Wban_01287,wuchereria_bancrofti_prjna275548,False
Wban_01288,wuchereria_bancrofti_prjna275548,False
Wban_01289,wuchereria_bancrofti_prjna275548,False
Wban_01290,wuchereria_bancrofti_prjna275548,False
Wban_01291,wuchereria_bancrofti_prjna275548,False
Wban_01292,wuchereria_bancrofti_prjna275548,False
Wban_01293,wuchereria_bancrofti_prjna275548,False
Wban_01294,wuchereria_bancrofti_prjna275548,False
Wban_01295,wuchereria_bancrofti_prjna275548,False
Wban_01296,wuchereria_bancrofti_prjna275548,False
Wban_01297,wuchereria_bancrofti_prjna275548,False
Wban_01298,wuchereria_bancrofti_prjna275548,False
Wban_01299,wuchereria_bancrofti_prjna275548,False
Wban_01300,wuchereria_bancrofti_prjna275548,False
Wban_01301,wuchereria_bancrofti_prjna275548,False
Wban_01302,wuchereria_bancrofti_prjna275548,False
Wban_01303,wuchereria_bancrofti_prjna275548,False
Wban_01304,wuchereria_bancrofti_prjna275548,False
Wban_01305,wuchereria_bancrofti_prjna275548,False
Wban_01306,wuchereria_bancrofti_prjna275548,False
Wban_01307,wuchereria_bancrofti_prjna275548,False
Wban_01308,wuchereria_bancrofti_prjna275548,False
Wban_01309,wuchereria_bancrofti_prjna275548,False
Wban_01310,wuchereria_bancrofti_prjna275548,False
Wban_01311,wuchereria_bancrofti_prjna275548,False
Wban_01312,wuchereria_bancrofti_prjna275548,False
Wban_01313,wuchereria_bancrofti_prjna275548,False
Wban_01314,wuchereria_bancrofti_prjna275548,False
Wban_01315,wuchereria_bancrofti_prjna275548,False
Wban_01316,wuchereria_bancrofti_prjna275548,False
Wban_01317,wuchereria_bancrofti_prjna275548,False
Wban_01318,wuchereria_bancrofti_prjna275548,False
Wban_01319,wuchereria_bancrofti_prjna275548,False
Wban_01320,wuchereria_bancrofti_prjna275548,False
Wban_01321,wuchereria_bancrofti_prjna275548,False
Wban_01322,wuchereria_bancrofti_prjna275548,False
Wban_01323,wuchereria_bancrofti_prjna275548,False
Wban_01324,wuchereria_bancrofti_prjna275548,False
Wban_01325,wuchereria_bancrofti_prjna275548,False
Wban_01326,wuchereria_bancrofti_prjna275548,False
Wban_01327,wuchereria_bancrofti_prjna275548,False
Wban_01328,wuchereria_bancrofti_prjna275548,False
Wban_01329,wuchereria_bancrofti_prjna275548,False
Wban_01330,wuchereria_bancrofti_prjna275548,False
Wban_01331,wuchereria_bancrofti_prjna275548,False
Wban_01332,wuchereria_bancrofti_prjna275548,False
Wban_01333,wuchereria_bancrofti_prjna275548,False
Wban_01334,wuchereria_bancrofti_prjna275548,False
Wban_01335,wuchereria_bancrofti_prjna275548,False
Wban_01336,wuchereria_bancrofti_prjna275548,False
Wban_01337,wuchereria_bancrofti_prjna275548,False
Wban_01338,wuchereria_bancrofti_prjna275548,False
Wban_01339,wuchereria_bancrofti_prjna275548,False
Wban_01340,wuchereria_bancrofti_prjna275548,False
Wban_01341,wuchereria_bancrofti_prjna275548,False
Wban_01342,wuchereria_bancrofti_prjna275548,False
Wban_01343,wuchereria_bancrofti_prjna275548,False
Wban_01344,wuchereria_bancrofti_prjna275548,False
Wban_01345,wuchereria_bancrofti_prjna275548,False
Wban_01346,wuchereria_bancrofti_prjna275548,False
Wban_01347,wuchereria_bancrofti_prjna275548,False
Wban_01348,wuchereria_bancrofti_prjna275548,False
Wban_01349,wuchereria_bancrofti_prjna275548,False
Wban_01350,wuchereria_bancrofti_prjna275548,False
Wban_01351,wuchereria_bancrofti_prjna275548,False
Wban_01352,wuchereria_bancrofti_prjna275548,False
Wban_01353,wuchereria_bancrofti_prjna275548,False
Wban_01354,wuchereria_bancrofti_prjna275548,False
Wban_01355,wuchereria_bancrofti_prjna275548,False
Wban_01356,wuchereria_bancrofti_prjna275548,False
Wban_01357,wuchereria_bancrofti_prjna275548,False
Wban_01358,wuchereria_bancrofti_prjna275548,False
Wban_01359,wuchereria_bancrofti_prjna275548,False
Wban_01360,wuchereria_bancrofti_prjna275548,False
Wban_01361,wuchereria_bancrofti_prjna275548,False
Wban_01362,wuchereria_bancrofti_prjna275548,False
Wban_01363,wuchereria_bancrofti_prjna275548,False
Wban_01364,wuchereria_bancrofti_prjna275548,False
Wban_01365,wuchereria_bancrofti_prjna275548,False
Wban_01366,wuchereria_bancrofti_prjna275548,False
Wban_01367,wuchereria_bancrofti_prjna275548,False
Wban_01368,wuchereria_bancrofti_prjna275548,False
Wban_01369,wuchereria_bancrofti_prjna275548,False
Wban_01370,wuchereria_bancrofti_prjna275548,False
Wban_01371,wuchereria_bancrofti_prjna275548,False
Wban_01372,wuchereria_bancrofti_prjna275548,False
Wban_01373,wuchereria_bancrofti_prjna275548,False
Wban_01374,wuchereria_bancrofti_prjna275548,False
Wban_01375,wuchereria_bancrofti_prjna275548,False
Wban_01376,wuchereria_bancrofti_prjna275548,False
Wban_01377,wuchereria_bancrofti_prjna275548,False
Wban_01378,wuchereria_bancrofti_prjna275548,False
Wban_01379,wuchereria_bancrofti_prjna275548,False
Wban_01380,wuchereria_bancrofti_prjna275548,False
Wban_01381,wuchereria_bancrofti_prjna275548,False
Wban_01382,wuchereria_bancrofti_prjna275548,False
Wban_01383,wuchereria_bancrofti_prjna275548,False
Wban_01384,wuchereria_bancrofti_prjna275548,False
Wban_01385,wuchereria_bancrofti_prjna275548,False
Wban_01386,wuchereria_bancrofti_prjna275548,False
Wban_01387,wuchereria_bancrofti_prjna275548,False
Wban_01388,wuchereria_bancrofti_prjna275548,False
Wban_01389,wuchereria_bancrofti_prjna275548,False
Wban_01390,wuchereria_bancrofti_prjna275548,False
Wban_01391,wuchereria_bancrofti_prjna275548,False
Wban_01392,wuchereria_bancrofti_prjna275548,False
Wban_01393,wuchereria_bancrofti_prjna275548,False
Wban_01394,wuchereria_bancrofti_prjna275548,False
Wban_01395,wuchereria_bancrofti_prjna275548,False
Wban_01396,wuchereria_bancrofti_prjna275548,False
Wban_01397,wuchereria_bancrofti_prjna275548,False
Wban_01398,wuchereria_bancrofti_prjna275548,False
Wban_01399,wuchereria_bancrofti_prjna275548,False
Wban_01400,wuchereria_bancrofti_prjna275548,False
Wban_01401,wuchereria_bancrofti_prjna275548,False
Wban_01402,wuchereria_bancrofti_prjna275548,False
Wban_01403,wuchereria_bancrofti_prjna275548,False
Wban_01404,wuchereria_bancrofti_prjna275548,False
Wban_01405,wuchereria_bancrofti_prjna275548,False
Wban_01406,wuchereria_bancrofti_prjna275548,False
Wban_01407,wuchereria_bancrofti_prjna275548,False
Wban_01408,wuchereria_bancrofti_prjna275548,False
Wban_01409,wuchereria_bancrofti_prjna275548,False
Wban_01410,wuchereria_bancrofti_prjna275548,False
Wban_01411,wuchereria_bancrofti_prjna275548,False
Wban_01412,wuchereria_bancrofti_prjna275548,False
Wban_01413,wuchereria_bancrofti_prjna275548,False
Wban_01414,wuchereria_bancrofti_prjna275548,False
Wban_01415,wuchereria_bancrofti_prjna275548,False
Wban_01416,wuchereria_bancrofti_prjna275548,False
Wban_01417,wuchereria_bancrofti_prjna275548,False
Wban_01418,wuchereria_bancrofti_prjna275548,False
Wban_01419,wuchereria_bancrofti_prjna275548,False
Wban_01420,wuchereria_bancrofti_prjna275548,False
Wban_01421,wuchereria_bancrofti_prjna275548,False
Wban_01422,wuchereria_bancrofti_prjna275548,False
Wban_01423,wuchereria_bancrofti_prjna275548,False
Wban_01424,wuchereria_bancrofti_prjna275548,False
Wban_01425,wuchereria_bancrofti_prjna275548,False
Wban_01426,wuchereria_bancrofti_prjna275548,False
Wban_01427,wuchereria_bancrofti_prjna275548,False
Wban_01428,wuchereria_bancrofti_prjna275548,False
Wban_01429,wuchereria_bancrofti_prjna275548,False
Wban_01430,wuchereria_bancrofti_prjna275548,False
Wban_01431,wuchereria_bancrofti_prjna275548,False
Wban_01432,wuchereria_bancrofti_prjna275548,False
Wban_01433,wuchereria_bancrofti_prjna275548,False
Wban_01434,wuchereria_bancrofti_prjna275548,False
Wban_01435,wuchereria_bancrofti_prjna275548,False
Wban_01436,wuchereria_bancrofti_prjna275548,False
Wban_01437,wuchereria_bancrofti_prjna275548,False
Wban_01438,wuchereria_bancrofti_prjna275548,False
Wban_01439,wuchereria_bancrofti_prjna275548,False
Wban_01440,wuchereria_bancrofti_prjna275548,False
Wban_01441,wuchereria_bancrofti_prjna275548,False
Wban_01442,wuchereria_bancrofti_prjna275548,False
Wban_01443,wuchereria_bancrofti_prjna275548,False
Wban_01444,wuchereria_bancrofti_prjna275548,False
Wban_01445,wuchereria_bancrofti_prjna275548,False
Wban_01446,wuchereria_bancrofti_prjna275548,False
Wban_01447,wuchereria_bancrofti_prjna275548,False
Wban_01448,wuchereria_bancrofti_prjna275548,False
Wban_01449,wuchereria_bancrofti_prjna275548,False
Wban_01450,wuchereria_bancrofti_prjna275548,False
Wban_01451,wuchereria_bancrofti_prjna275548,False
Wban_01452,wuchereria_bancrofti_prjna275548,False
Wban_01453,wuchereria_bancrofti_prjna275548,False
Wban_01454,wuchereria_bancrofti_prjna275548,False
Wban_01455,wuchereria_bancrofti_prjna275548,False
Wban_01456,wuchereria_bancrofti_prjna275548,False
Wban_01457,wuchereria_bancrofti_prjna275548,False
Wban_01458,wuchereria_bancrofti_prjna275548,False
Wban_01459,wuchereria_bancrofti_prjna275548,False
Wban_01460,wuchereria_bancrofti_prjna275548,False
Wban_01461,wuchereria_bancrofti_prjna275548,False
Wban_01462,wuchereria_bancrofti_prjna275548,False
Wban_01463,wuchereria_bancrofti_prjna275548,False
Wban_01464,wuchereria_bancrofti_prjna275548,False
Wban_01465,wuchereria_bancrofti_prjna275548,False
Wban_01466,wuchereria_bancrofti_prjna275548,False
Wban_01467,wuchereria_bancrofti_prjna275548,False
Wban_01468,wuchereria_bancrofti_prjna275548,False
Wban_01469,wuchereria_bancrofti_prjna275548,False
Wban_01470,wuchereria_bancrofti_prjna275548,False
Wban_01471,wuchereria_bancrofti_prjna275548,False
Wban_01472,wuchereria_bancrofti_prjna275548,False
Wban_01473,wuchereria_bancrofti_prjna275548,False
Wban_01474,wuchereria_bancrofti_prjna275548,False
Wban_01475,wuchereria_bancrofti_prjna275548,False
Wban_01476,wuchereria_bancrofti_prjna275548,False
Wban_01477,wuchereria_bancrofti_prjna275548,False
Wban_01478,wuchereria_bancrofti_prjna275548,False
Wban_01479,wuchereria_bancrofti_prjna275548,False
Wban_01480,wuchereria_bancrofti_prjna275548,False
Wban_01481,wuchereria_bancrofti_prjna275548,False
Wban_01482,wuchereria_bancrofti_prjna275548,False
Wban_01483,wuchereria_bancrofti_prjna275548,False
Wban_01484,wuchereria_bancrofti_prjna275548,False
Wban_01485,wuchereria_bancrofti_prjna275548,False
Wban_01486,wuchereria_bancrofti_prjna275548,False
Wban_01487,wuchereria_bancrofti_prjna275548,False
Wban_01488,wuchereria_bancrofti_prjna275548,False
Wban_01489,wuchereria_bancrofti_prjna275548,False
Wban_01490,wuchereria_bancrofti_prjna275548,False
Wban_01491,wuchereria_bancrofti_prjna275548,False
Wban_01492,wuchereria_bancrofti_prjna275548,False
Wban_01493,wuchereria_bancrofti_prjna275548,False
Wban_01494,wuchereria_bancrofti_prjna275548,False
Wban_01495,wuchereria_bancrofti_prjna275548,False
Wban_01496,wuchereria_bancrofti_prjna275548,False
Wban_01497,wuchereria_bancrofti_prjna275548,False
Wban_01498,wuchereria_bancrofti_prjna275548,False
Wban_01499,wuchereria_bancrofti_prjna275548,False
Wban_01500,wuchereria_bancrofti_prjna275548,False
Wban_01501,wuchereria_bancrofti_prjna275548,False
Wban_01502,wuchereria_bancrofti_prjna275548,False
Wban_01503,wuchereria_bancrofti_prjna275548,False
Wban_01504,wuchereria_bancrofti_prjna275548,False
Wban_01505,wuchereria_bancrofti_prjna275548,False
Wban_01506,wuchereria_bancrofti_prjna275548,False
Wban_01507,wuchereria_bancrofti_prjna275548,False
Wban_01508,wuchereria_bancrofti_prjna275548,False
Wban_01509,wuchereria_bancrofti_prjna275548,False
Wban_01510,wuchereria_bancrofti_prjna275548,False
Wban_01511,wuchereria_bancrofti_prjna275548,False
Wban_01512,wuchereria_bancrofti_prjna275548,False
Wban_01513,wuchereria_bancrofti_prjna275548,False
Wban_01514,wuchereria_bancrofti_prjna275548,False
Wban_01515,wuchereria_bancrofti_prjna275548,False
Wban_01516,wuchereria_bancrofti_prjna275548,False
Wban_01517,wuchereria_bancrofti_prjna275548,False
Wban_01518,wuchereria_bancrofti_prjna275548,False
Wban_01519,wuchereria_bancrofti_prjna275548,False
Wban_01520,wuchereria_bancrofti_prjna275548,False
Wban_01521,wuchereria_bancrofti_prjna275548,False
Wban_01522,wuchereria_bancrofti_prjna275548,False
Wban_01523,wuchereria_bancrofti_prjna275548,False
Wban_01524,wuchereria_bancrofti_prjna275548,False
Wban_01525,wuchereria_bancrofti_prjna275548,False
Wban_01526,wuchereria_bancrofti_prjna275548,False
Wban_01527,wuchereria_bancrofti_prjna275548,False
Wban_01528,wuchereria_bancrofti_prjna275548,False
Wban_01529,wuchereria_bancrofti_prjna275548,False
Wban_01530,wuchereria_bancrofti_prjna275548,False
Wban_01531,wuchereria_bancrofti_prjna275548,False
Wban_01532,wuchereria_bancrofti_prjna275548,False
Wban_01533,wuchereria_bancrofti_prjna275548,False
Wban_01534,wuchereria_bancrofti_prjna275548,False
Wban_01535,wuchereria_bancrofti_prjna275548,False
Wban_01536,wuchereria_bancrofti_prjna275548,False
Wban_01537,wuchereria_bancrofti_prjna275548,False
Wban_01538,wuchereria_bancrofti_prjna275548,False
Wban_01539,wuchereria_bancrofti_prjna275548,False
Wban_01540,wuchereria_bancrofti_prjna275548,False
Wban_01541,wuchereria_bancrofti_prjna275548,False
Wban_01542,wuchereria_bancrofti_prjna275548,False
Wban_01543,wuchereria_bancrofti_prjna275548,False
Wban_01544,wuchereria_bancrofti_prjna275548,False
Wban_01545,wuchereria_bancrofti_prjna275548,False
Wban_01546,wuchereria_bancrofti_prjna275548,False
Wban_01547,wuchereria_bancrofti_prjna275548,False
Wban_01548,wuchereria_bancrofti_prjna275548,False
Wban_01549,wuchereria_bancrofti_prjna275548,False
Wban_01550,wuchereria_bancrofti_prjna275548,False
Wban_01551,wuchereria_bancrofti_prjna275548,False
Wban_01552,wuchereria_bancrofti_prjna275548,False
Wban_01553,wuchereria_bancrofti_prjna275548,False
Wban_01554,wuchereria_bancrofti_prjna275548,False
Wban_01555,wuchereria_bancrofti_prjna275548,False
Wban_01556,wuchereria_bancrofti_prjna275548,False
Wban_01557,wuchereria_bancrofti_prjna275548,False
Wban_01558,wuchereria_bancrofti_prjna275548,False
Wban_01559,wuchereria_bancrofti_prjna275548,False
Wban_01560,wuchereria_bancrofti_prjna275548,False
Wban_01561,wuchereria_bancrofti_prjna275548,False
Wban_01562,wuchereria_bancrofti_prjna275548,False
Wban_01563,wuchereria_bancrofti_prjna275548,False
Wban_01564,wuchereria_bancrofti_prjna275548,False
Wban_01565,wuchereria_bancrofti_prjna275548,False
Wban_01566,wuchereria_bancrofti_prjna275548,False
Wban_01567,wuchereria_bancrofti_prjna275548,False
Wban_01568,wuchereria_bancrofti_prjna275548,False
Wban_01569,wuchereria_bancrofti_prjna275548,False
Wban_01570,wuchereria_bancrofti_prjna275548,False
Wban_01571,wuchereria_bancrofti_prjna275548,False
Wban_01572,wuchereria_bancrofti_prjna275548,False
Wban_01573,wuchereria_bancrofti_prjna275548,False
Wban_01574,wuchereria_bancrofti_prjna275548,False
Wban_01575,wuchereria_bancrofti_prjna275548,False
Wban_01576,wuchereria_bancrofti_prjna275548,False
Wban_01577,wuchereria_bancrofti_prjna275548,False
Wban_01578,wuchereria_bancrofti_prjna275548,False
Wban_01579,wuchereria_bancrofti_prjna275548,False
Wban_01580,wuchereria_bancrofti_prjna275548,False
Wban_01581,wuchereria_bancrofti_prjna275548,False
Wban_01582,wuchereria_bancrofti_prjna275548,False
Wban_01583,wuchereria_bancrofti_prjna275548,False
Wban_01584,wuchereria_bancrofti_prjna275548,False
Wban_01585,wuchereria_bancrofti_prjna275548,False
Wban_01586,wuchereria_bancrofti_prjna275548,False
Wban_01587,wuchereria_bancrofti_prjna275548,False
Wban_01588,wuchereria_bancrofti_prjna275548,False
Wban_01589,wuchereria_bancrofti_prjna275548,False
Wban_01590,wuchereria_bancrofti_prjna275548,False
Wban_01591,wuchereria_bancrofti_prjna275548,False
Wban_01592,wuchereria_bancrofti_prjna275548,False
Wban_01593,wuchereria_bancrofti_prjna275548,False
Wban_01594,wuchereria_bancrofti_prjna275548,False
Wban_01595,wuchereria_bancrofti_prjna275548,False
Wban_01596,wuchereria_bancrofti_prjna275548,False
Wban_01597,wuchereria_bancrofti_prjna275548,False
Wban_01598,wuchereria_bancrofti_prjna275548,False
Wban_01599,wuchereria_bancrofti_prjna275548,False
Wban_01600,wuchereria_bancrofti_prjna275548,False
Wban_01601,wuchereria_bancrofti_prjna275548,False
Wban_01602,wuchereria_bancrofti_prjna275548,False
Wban_01603,wuchereria_bancrofti_prjna275548,False
Wban_01604,wuchereria_bancrofti_prjna275548,False
Wban_01605,wuchereria_bancrofti_prjna275548,False
Wban_01606,wuchereria_bancrofti_prjna275548,False
Wban_01607,wuchereria_bancrofti_prjna275548,False
Wban_01608,wuchereria_bancrofti_prjna275548,False
Wban_01609,wuchereria_bancrofti_prjna275548,False
Wban_01610,wuchereria_bancrofti_prjna275548,False
Wban_01611,wuchereria_bancrofti_prjna275548,False
Wban_01612,wuchereria_bancrofti_prjna275548,False
Wban_01613,wuchereria_bancrofti_prjna275548,False
Wban_01614,wuchereria_bancrofti_prjna275548,False
Wban_01615,wuchereria_bancrofti_prjna275548,False
Wban_01616,wuchereria_bancrofti_prjna275548,False
Wban_01617,wuchereria_bancrofti_prjna275548,False
Wban_01618,wuchereria_bancrofti_prjna275548,False
Wban_01619,wuchereria_bancrofti_prjna275548,False
Wban_01620,wuchereria_bancrofti_prjna275548,False
Wban_01621,wuchereria_bancrofti_prjna275548,False
Wban_01622,wuchereria_bancrofti_prjna275548,False
Wban_01623,wuchereria_bancrofti_prjna275548,False
Wban_01624,wuchereria_bancrofti_prjna275548,False
Wban_01625,wuchereria_bancrofti_prjna275548,False
Wban_01626,wuchereria_bancrofti_prjna275548,False
Wban_01627,wuchereria_bancrofti_prjna275548,False
Wban_01628,wuchereria_bancrofti_prjna275548,False
Wban_01629,wuchereria_bancrofti_prjna275548,False
Wban_01630,wuchereria_bancrofti_prjna275548,False
Wban_01631,wuchereria_bancrofti_prjna275548,False
Wban_01632,wuchereria_bancrofti_prjna275548,False
Wban_01633,wuchereria_bancrofti_prjna275548,False
Wban_01634,wuchereria_bancrofti_prjna275548,False
Wban_01635,wuchereria_bancrofti_prjna275548,False
Wban_01636,wuchereria_bancrofti_prjna275548,False
Wban_01637,wuchereria_bancrofti_prjna275548,False
Wban_01638,wuchereria_bancrofti_prjna275548,False
Wban_01639,wuchereria_bancrofti_prjna275548,False
Wban_01640,wuchereria_bancrofti_prjna275548,False
Wban_01641,wuchereria_bancrofti_prjna275548,False
Wban_01642,wuchereria_bancrofti_prjna275548,False
Wban_01643,wuchereria_bancrofti_prjna275548,False
Wban_01644,wuchereria_bancrofti_prjna275548,False
Wban_01645,wuchereria_bancrofti_prjna275548,False
Wban_01646,wuchereria_bancrofti_prjna275548,False
Wban_01647,wuchereria_bancrofti_prjna275548,False
Wban_01648,wuchereria_bancrofti_prjna275548,False
Wban_01649,wuchereria_bancrofti_prjna275548,False
Wban_01650,wuchereria_bancrofti_prjna275548,False
Wban_01651,wuchereria_bancrofti_prjna275548,False
Wban_01652,wuchereria_bancrofti_prjna275548,False
Wban_01653,wuchereria_bancrofti_prjna275548,False
Wban_01654,wuchereria_bancrofti_prjna275548,False
Wban_01655,wuchereria_bancrofti_prjna275548,False
Wban_01656,wuchereria_bancrofti_prjna275548,False
Wban_01657,wuchereria_bancrofti_prjna275548,False
Wban_01658,wuchereria_bancrofti_prjna275548,False
Wban_01659,wuchereria_bancrofti_prjna275548,False
Wban_01660,wuchereria_bancrofti_prjna275548,False
Wban_01661,wuchereria_bancrofti_prjna275548,False
Wban_01662,wuchereria_bancrofti_prjna275548,False
Wban_01663,wuchereria_bancrofti_prjna275548,False
Wban_01664,wuchereria_bancrofti_prjna275548,False
Wban_01665,wuchereria_bancrofti_prjna275548,False
Wban_01666,wuchereria_bancrofti_prjna275548,False
Wban_01667,wuchereria_bancrofti_prjna275548,False
Wban_01668,wuchereria_bancrofti_prjna275548,False
Wban_01669,wuchereria_bancrofti_prjna275548,False
Wban_01670,wuchereria_bancrofti_prjna275548,False
Wban_01671,wuchereria_bancrofti_prjna275548,False
Wban_01672,wuchereria_bancrofti_prjna275548,False
Wban_01673,wuchereria_bancrofti_prjna275548,False
Wban_01674,wuchereria_bancrofti_prjna275548,False
Wban_01675,wuchereria_bancrofti_prjna275548,False
Wban_01676,wuchereria_bancrofti_prjna275548,False
Wban_01677,wuchereria_bancrofti_prjna275548,False
Wban_01678,wuchereria_bancrofti_prjna275548,False
Wban_01679,wuchereria_bancrofti_prjna275548,False
Wban_01680,wuchereria_bancrofti_prjna275548,False
Wban_01681,wuchereria_bancrofti_prjna275548,False
Wban_01682,wuchereria_bancrofti_prjna275548,False
Wban_01683,wuchereria_bancrofti_prjna275548,False
Wban_01684,wuchereria_bancrofti_prjna275548,False
Wban_01685,wuchereria_bancrofti_prjna275548,False
Wban_01686,wuchereria_bancrofti_prjna275548,False
Wban_01687,wuchereria_bancrofti_prjna275548,False
Wban_01688,wuchereria_bancrofti_prjna275548,False
Wban_01689,wuchereria_bancrofti_prjna275548,False
Wban_01690,wuchereria_bancrofti_prjna275548,False
Wban_01691,wuchereria_bancrofti_prjna275548,False
Wban_01692,wuchereria_bancrofti_prjna275548,False
Wban_01693,wuchereria_bancrofti_prjna275548,False
Wban_01694,wuchereria_bancrofti_prjna275548,False
Wban_01695,wuchereria_bancrofti_prjna275548,False
Wban_01696,wuchereria_bancrofti_prjna275548,False
Wban_01697,wuchereria_bancrofti_prjna275548,False
Wban_01698,wuchereria_bancrofti_prjna275548,False
Wban_01699,wuchereria_bancrofti_prjna275548,False
Wban_01700,wuchereria_bancrofti_prjna275548,False
Wban_01701,wuchereria_bancrofti_prjna275548,False
Wban_01702,wuchereria_bancrofti_prjna275548,False
Wban_01703,wuchereria_bancrofti_prjna275548,False
Wban_01704,wuchereria_bancrofti_prjna275548,False
Wban_01705,wuchereria_bancrofti_prjna275548,False
Wban_01706,wuchereria_bancrofti_prjna275548,False
Wban_01707,wuchereria_bancrofti_prjna275548,False
Wban_01708,wuchereria_bancrofti_prjna275548,False
Wban_01709,wuchereria_bancrofti_prjna275548,False
Wban_01710,wuchereria_bancrofti_prjna275548,False
Wban_01711,wuchereria_bancrofti_prjna275548,False
Wban_01712,wuchereria_bancrofti_prjna275548,False
Wban_01713,wuchereria_bancrofti_prjna275548,False
Wban_01714,wuchereria_bancrofti_prjna275548,False
Wban_01715,wuchereria_bancrofti_prjna275548,False
Wban_01716,wuchereria_bancrofti_prjna275548,False
Wban_01717,wuchereria_bancrofti_prjna275548,False
Wban_01718,wuchereria_bancrofti_prjna275548,False
Wban_01719,wuchereria_bancrofti_prjna275548,False
Wban_01720,wuchereria_bancrofti_prjna275548,False
Wban_01721,wuchereria_bancrofti_prjna275548,False
Wban_01722,wuchereria_bancrofti_prjna275548,False
Wban_01723,wuchereria_bancrofti_prjna275548,False
Wban_01724,wuchereria_bancrofti_prjna275548,False
Wban_01725,wuchereria_bancrofti_prjna275548,False
Wban_01726,wuchereria_bancrofti_prjna275548,False
Wban_01727,wuchereria_bancrofti_prjna275548,False
Wban_01728,wuchereria_bancrofti_prjna275548,False
Wban_01729,wuchereria_bancrofti_prjna275548,False
Wban_01730,wuchereria_bancrofti_prjna275548,False
Wban_01731,wuchereria_bancrofti_prjna275548,False
Wban_01732,wuchereria_bancrofti_prjna275548,False
Wban_01733,wuchereria_bancrofti_prjna275548,False
Wban_01734,wuchereria_bancrofti_prjna275548,False
Wban_01735,wuchereria_bancrofti_prjna275548,False
Wban_01736,wuchereria_bancrofti_prjna275548,False
Wban_01737,wuchereria_bancrofti_prjna275548,False
Wban_01738,wuchereria_bancrofti_prjna275548,False
Wban_01739,wuchereria_bancrofti_prjna275548,False
Wban_01740,wuchereria_bancrofti_prjna275548,False
Wban_01741,wuchereria_bancrofti_prjna275548,False
Wban_01742,wuchereria_bancrofti_prjna275548,False
Wban_01743,wuchereria_bancrofti_prjna275548,False
Wban_01744,wuchereria_bancrofti_prjna275548,False
Wban_01745,wuchereria_bancrofti_prjna275548,False
Wban_01746,wuchereria_bancrofti_prjna275548,False
Wban_01747,wuchereria_bancrofti_prjna275548,False
Wban_01748,wuchereria_bancrofti_prjna275548,False
Wban_01749,wuchereria_bancrofti_prjna275548,False
Wban_01750,wuchereria_bancrofti_prjna275548,False
Wban_01751,wuchereria_bancrofti_prjna275548,False
Wban_01752,wuchereria_bancrofti_prjna275548,False
Wban_01753,wuchereria_bancrofti_prjna275548,False
Wban_01754,wuchereria_bancrofti_prjna275548,False
Wban_01755,wuchereria_bancrofti_prjna275548,False
Wban_01756,wuchereria_bancrofti_prjna275548,False
Wban_01757,wuchereria_bancrofti_prjna275548,False
Wban_01758,wuchereria_bancrofti_prjna275548,False
Wban_01759,wuchereria_bancrofti_prjna275548,False
Wban_01760,wuchereria_bancrofti_prjna275548,False
Wban_01761,wuchereria_bancrofti_prjna275548,False
Wban_01762,wuchereria_bancrofti_prjna275548,False
Wban_01763,wuchereria_bancrofti_prjna275548,False
Wban_01764,wuchereria_bancrofti_prjna275548,False
Wban_01765,wuchereria_bancrofti_prjna275548,False
Wban_01766,wuchereria_bancrofti_prjna275548,False
Wban_01767,wuchereria_bancrofti_prjna275548,False
Wban_01768,wuchereria_bancrofti_prjna275548,False
Wban_01769,wuchereria_bancrofti_prjna275548,False
Wban_01770,wuchereria_bancrofti_prjna275548,False
Wban_01771,wuchereria_bancrofti_prjna275548,False
Wban_01772,wuchereria_bancrofti_prjna275548,False
Wban_01773,wuchereria_bancrofti_prjna275548,False
Wban_01774,wuchereria_bancrofti_prjna275548,False
Wban_01775,wuchereria_bancrofti_prjna275548,False
Wban_01776,wuchereria_bancrofti_prjna275548,False
Wban_01777,wuchereria_bancrofti_prjna275548,False
Wban_01778,wuchereria_bancrofti_prjna275548,False
Wban_01779,wuchereria_bancrofti_prjna275548,False
Wban_01780,wuchereria_bancrofti_prjna275548,False
Wban_01781,wuchereria_bancrofti_prjna275548,False
Wban_01782,wuchereria_bancrofti_prjna275548,False
Wban_01783,wuchereria_bancrofti_prjna275548,False
Wban_01784,wuchereria_bancrofti_prjna275548,False
Wban_01785,wuchereria_bancrofti_prjna275548,False
Wban_01786,wuchereria_bancrofti_prjna275548,False
Wban_01787,wuchereria_bancrofti_prjna275548,False
Wban_01788,wuchereria_bancrofti_prjna275548,False
Wban_01789,wuchereria_bancrofti_prjna275548,False
Wban_01790,wuchereria_bancrofti_prjna275548,False
Wban_01791,wuchereria_bancrofti_prjna275548,False
Wban_01792,wuchereria_bancrofti_prjna275548,False
Wban_01793,wuchereria_bancrofti_prjna275548,False
Wban_01794,wuchereria_bancrofti_prjna275548,False
Wban_01795,wuchereria_bancrofti_prjna275548,False
Wban_01796,wuchereria_bancrofti_prjna275548,False
Wban_01797,wuchereria_bancrofti_prjna275548,False
Wban_01798,wuchereria_bancrofti_prjna275548,False
Wban_01799,wuchereria_bancrofti_prjna275548,False
Wban_01800,wuchereria_bancrofti_prjna275548,False
Wban_01801,wuchereria_bancrofti_prjna275548,False
Wban_01802,wuchereria_bancrofti_prjna275548,False
Wban_01803,wuchereria_bancrofti_prjna275548,False
Wban_01804,wuchereria_bancrofti_prjna275548,False
Wban_01805,wuchereria_bancrofti_prjna275548,False
Wban_01806,wuchereria_bancrofti_prjna275548,False
Wban_01807,wuchereria_bancrofti_prjna275548,False
Wban_01808,wuchereria_bancrofti_prjna275548,False
Wban_01809,wuchereria_bancrofti_prjna275548,False
Wban_01810,wuchereria_bancrofti_prjna275548,False
Wban_01811,wuchereria_bancrofti_prjna275548,False
Wban_01812,wuchereria_bancrofti_prjna275548,False
Wban_01813,wuchereria_bancrofti_prjna275548,False
Wban_01814,wuchereria_bancrofti_prjna275548,False
Wban_01815,wuchereria_bancrofti_prjna275548,False
Wban_01816,wuchereria_bancrofti_prjna275548,False
Wban_01817,wuchereria_bancrofti_prjna275548,False
Wban_01818,wuchereria_bancrofti_prjna275548,False
Wban_01819,wuchereria_bancrofti_prjna275548,False
Wban_01820,wuchereria_bancrofti_prjna275548,False
Wban_01821,wuchereria_bancrofti_prjna275548,False
Wban_01822,wuchereria_bancrofti_prjna275548,False
Wban_01823,wuchereria_bancrofti_prjna275548,False
Wban_01824,wuchereria_bancrofti_prjna275548,False
Wban_01825,wuchereria_bancrofti_prjna275548,False
Wban_01826,wuchereria_bancrofti_prjna275548,False
Wban_01827,wuchereria_bancrofti_prjna275548,False
Wban_01828,wuchereria_bancrofti_prjna275548,False
Wban_01829,wuchereria_bancrofti_prjna275548,False
Wban_01830,wuchereria_bancrofti_prjna275548,False
Wban_01831,wuchereria_bancrofti_prjna275548,False
Wban_01832,wuchereria_bancrofti_prjna275548,False
Wban_01833,wuchereria_bancrofti_prjna275548,False
Wban_01834,wuchereria_bancrofti_prjna275548,False
Wban_01835,wuchereria_bancrofti_prjna275548,False
Wban_01836,wuchereria_bancrofti_prjna275548,False
Wban_01837,wuchereria_bancrofti_prjna275548,False
Wban_01838,wuchereria_bancrofti_prjna275548,False
Wban_01839,wuchereria_bancrofti_prjna275548,False
Wban_01840,wuchereria_bancrofti_prjna275548,False
Wban_01841,wuchereria_bancrofti_prjna275548,False
Wban_01842,wuchereria_bancrofti_prjna275548,False
Wban_01843,wuchereria_bancrofti_prjna275548,False
Wban_01844,wuchereria_bancrofti_prjna275548,False
Wban_01845,wuchereria_bancrofti_prjna275548,False
Wban_01846,wuchereria_bancrofti_prjna275548,False
Wban_01847,wuchereria_bancrofti_prjna275548,False
Wban_01848,wuchereria_bancrofti_prjna275548,False
Wban_01849,wuchereria_bancrofti_prjna275548,False
Wban_01850,wuchereria_bancrofti_prjna275548,False
Wban_01851,wuchereria_bancrofti_prjna275548,False
Wban_01852,wuchereria_bancrofti_prjna275548,False
Wban_01853,wuchereria_bancrofti_prjna275548,False
Wban_01854,wuchereria_bancrofti_prjna275548,False
Wban_01855,wuchereria_bancrofti_prjna275548,False
Wban_01856,wuchereria_bancrofti_prjna275548,False
Wban_01857,wuchereria_bancrofti_prjna275548,False
Wban_01858,wuchereria_bancrofti_prjna275548,False
Wban_01859,wuchereria_bancrofti_prjna275548,False
Wban_01860,wuchereria_bancrofti_prjna275548,False
Wban_01861,wuchereria_bancrofti_prjna275548,False
Wban_01862,wuchereria_bancrofti_prjna275548,False
Wban_01863,wuchereria_bancrofti_prjna275548,False
Wban_01864,wuchereria_bancrofti_prjna275548,False
Wban_01865,wuchereria_bancrofti_prjna275548,False
Wban_01866,wuchereria_bancrofti_prjna275548,False
Wban_01867,wuchereria_bancrofti_prjna275548,False
Wban_01868,wuchereria_bancrofti_prjna275548,False
Wban_01869,wuchereria_bancrofti_prjna275548,False
Wban_01870,wuchereria_bancrofti_prjna275548,False
Wban_01871,wuchereria_bancrofti_prjna275548,False
Wban_01872,wuchereria_bancrofti_prjna275548,False
Wban_01873,wuchereria_bancrofti_prjna275548,False
Wban_01874,wuchereria_bancrofti_prjna275548,False
Wban_01875,wuchereria_bancrofti_prjna275548,False
Wban_01876,wuchereria_bancrofti_prjna275548,False
Wban_01877,wuchereria_bancrofti_prjna275548,False
Wban_01878,wuchereria_bancrofti_prjna275548,False
Wban_01879,wuchereria_bancrofti_prjna275548,False
Wban_01880,wuchereria_bancrofti_prjna275548,False
Wban_01881,wuchereria_bancrofti_prjna275548,False
Wban_01882,wuchereria_bancrofti_prjna275548,False
Wban_01883,wuchereria_bancrofti_prjna275548,False
Wban_01884,wuchereria_bancrofti_prjna275548,False
Wban_01885,wuchereria_bancrofti_prjna275548,False
Wban_01886,wuchereria_bancrofti_prjna275548,False
Wban_01887,wuchereria_bancrofti_prjna275548,False
Wban_01888,wuchereria_bancrofti_prjna275548,False
Wban_01889,wuchereria_bancrofti_prjna275548,False
Wban_01890,wuchereria_bancrofti_prjna275548,False
Wban_01891,wuchereria_bancrofti_prjna275548,False
Wban_01892,wuchereria_bancrofti_prjna275548,False
Wban_01893,wuchereria_bancrofti_prjna275548,False
Wban_01894,wuchereria_bancrofti_prjna275548,False
Wban_01895,wuchereria_bancrofti_prjna275548,False
Wban_01896,wuchereria_bancrofti_prjna275548,False
Wban_01897,wuchereria_bancrofti_prjna275548,False
Wban_01898,wuchereria_bancrofti_prjna275548,False
Wban_01899,wuchereria_bancrofti_prjna275548,False
Wban_01900,wuchereria_bancrofti_prjna275548,False
Wban_01901,wuchereria_bancrofti_prjna275548,False
Wban_01902,wuchereria_bancrofti_prjna275548,False
Wban_01903,wuchereria_bancrofti_prjna275548,False
Wban_01904,wuchereria_bancrofti_prjna275548,False
Wban_01905,wuchereria_bancrofti_prjna275548,False
Wban_01906,wuchereria_bancrofti_prjna275548,False
Wban_01907,wuchereria_bancrofti_prjna275548,False
Wban_01908,wuchereria_bancrofti_prjna275548,False
Wban_01909,wuchereria_bancrofti_prjna275548,False
Wban_01910,wuchereria_bancrofti_prjna275548,False
Wban_01911,wuchereria_bancrofti_prjna275548,False
Wban_01912,wuchereria_bancrofti_prjna275548,False
Wban_01913,wuchereria_bancrofti_prjna275548,False
Wban_01914,wuchereria_bancrofti_prjna275548,False
Wban_01915,wuchereria_bancrofti_prjna275548,False
Wban_01916,wuchereria_bancrofti_prjna275548,False
Wban_01917,wuchereria_bancrofti_prjna275548,False
Wban_01918,wuchereria_bancrofti_prjna275548,False
Wban_01919,wuchereria_bancrofti_prjna275548,False
Wban_01920,wuchereria_bancrofti_prjna275548,False
Wban_01921,wuchereria_bancrofti_prjna275548,False
Wban_01922,wuchereria_bancrofti_prjna275548,False
Wban_01923,wuchereria_bancrofti_prjna275548,False
Wban_01924,wuchereria_bancrofti_prjna275548,False
Wban_01925,wuchereria_bancrofti_prjna275548,False
Wban_01926,wuchereria_bancrofti_prjna275548,False
Wban_01927,wuchereria_bancrofti_prjna275548,False
Wban_01928,wuchereria_bancrofti_prjna275548,False
Wban_01929,wuchereria_bancrofti_prjna275548,False
Wban_01930,wuchereria_bancrofti_prjna275548,False
Wban_01931,wuchereria_bancrofti_prjna275548,False
Wban_01932,wuchereria_bancrofti_prjna275548,False
Wban_01933,wuchereria_bancrofti_prjna275548,False
Wban_01934,wuchereria_bancrofti_prjna275548,False
Wban_01935,wuchereria_bancrofti_prjna275548,False
Wban_01936,wuchereria_bancrofti_prjna275548,False
Wban_01937,wuchereria_bancrofti_prjna275548,False
Wban_01938,wuchereria_bancrofti_prjna275548,False
Wban_01939,wuchereria_bancrofti_prjna275548,False
Wban_01940,wuchereria_bancrofti_prjna275548,False
Wban_01941,wuchereria_bancrofti_prjna275548,False
Wban_01942,wuchereria_bancrofti_prjna275548,False
Wban_01943,wuchereria_bancrofti_prjna275548,False
Wban_01944,wuchereria_bancrofti_prjna275548,False
Wban_01945,wuchereria_bancrofti_prjna275548,False
Wban_01946,wuchereria_bancrofti_prjna275548,False
Wban_01947,wuchereria_bancrofti_prjna275548,False
Wban_01948,wuchereria_bancrofti_prjna275548,False
Wban_01949,wuchereria_bancrofti_prjna275548,False
Wban_01950,wuchereria_bancrofti_prjna275548,False
Wban_01951,wuchereria_bancrofti_prjna275548,False
Wban_01952,wuchereria_bancrofti_prjna275548,False
Wban_01953,wuchereria_bancrofti_prjna275548,False
Wban_01954,wuchereria_bancrofti_prjna275548,False
Wban_01955,wuchereria_bancrofti_prjna275548,False
Wban_01956,wuchereria_bancrofti_prjna275548,False
Wban_01957,wuchereria_bancrofti_prjna275548,False
Wban_01958,wuchereria_bancrofti_prjna275548,False
Wban_01959,wuchereria_bancrofti_prjna275548,False
Wban_01960,wuchereria_bancrofti_prjna275548,False
Wban_01961,wuchereria_bancrofti_prjna275548,False
Wban_01962,wuchereria_bancrofti_prjna275548,False
Wban_01963,wuchereria_bancrofti_prjna275548,False
Wban_01964,wuchereria_bancrofti_prjna275548,False
Wban_01965,wuchereria_bancrofti_prjna275548,False
Wban_01966,wuchereria_bancrofti_prjna275548,False
Wban_01967,wuchereria_bancrofti_prjna275548,False
Wban_01968,wuchereria_bancrofti_prjna275548,False
Wban_01969,wuchereria_bancrofti_prjna275548,False
Wban_01970,wuchereria_bancrofti_prjna275548,False
Wban_01971,wuchereria_bancrofti_prjna275548,False
Wban_01972,wuchereria_bancrofti_prjna275548,False
Wban_01973,wuchereria_bancrofti_prjna275548,False
Wban_01974,wuchereria_bancrofti_prjna275548,False
Wban_01975,wuchereria_bancrofti_prjna275548,False
Wban_01976,wuchereria_bancrofti_prjna275548,False
Wban_01977,wuchereria_bancrofti_prjna275548,False
Wban_01978,wuchereria_bancrofti_prjna275548,False
Wban_01979,wuchereria_bancrofti_prjna275548,False
Wban_01980,wuchereria_bancrofti_prjna275548,False
Wban_01981,wuchereria_bancrofti_prjna275548,False
Wban_01982,wuchereria_bancrofti_prjna275548,False
Wban_01983,wuchereria_bancrofti_prjna275548,False
Wban_01984,wuchereria_bancrofti_prjna275548,False
Wban_01985,wuchereria_bancrofti_prjna275548,False
Wban_01986,wuchereria_bancrofti_prjna275548,False
Wban_01987,wuchereria_bancrofti_prjna275548,False
Wban_01988,wuchereria_bancrofti_prjna275548,False
Wban_01989,wuchereria_bancrofti_prjna275548,False
Wban_01990,wuchereria_bancrofti_prjna275548,False
Wban_01991,wuchereria_bancrofti_prjna275548,False
Wban_01992,wuchereria_bancrofti_prjna275548,False
Wban_01993,wuchereria_bancrofti_prjna275548,False
Wban_01994,wuchereria_bancrofti_prjna275548,False
Wban_01995,wuchereria_bancrofti_prjna275548,False
Wban_01996,wuchereria_bancrofti_prjna275548,False
Wban_01997,wuchereria_bancrofti_prjna275548,False
Wban_01998,wuchereria_bancrofti_prjna275548,False
Wban_01999,wuchereria_bancrofti_prjna275548,False
Wban_02000,wuchereria_bancrofti_prjna275548,False
Wban_02001,wuchereria_bancrofti_prjna275548,False
Wban_02002,wuchereria_bancrofti_prjna275548,False
Wban_02003,wuchereria_bancrofti_prjna275548,False
Wban_02004,wuchereria_bancrofti_prjna275548,False
Wban_02005,wuchereria_bancrofti_prjna275548,False
Wban_02006,wuchereria_bancrofti_prjna275548,False
Wban_02007,wuchereria_bancrofti_prjna275548,False
Wban_02008,wuchereria_bancrofti_prjna275548,False
Wban_02009,wuchereria_bancrofti_prjna275548,False
Wban_02010,wuchereria_bancrofti_prjna275548,False
Wban_02011,wuchereria_bancrofti_prjna275548,False
Wban_02012,wuchereria_bancrofti_prjna275548,False
Wban_02013,wuchereria_bancrofti_prjna275548,False
Wban_02014,wuchereria_bancrofti_prjna275548,False
Wban_02015,wuchereria_bancrofti_prjna275548,False
Wban_02016,wuchereria_bancrofti_prjna275548,False
Wban_02017,wuchereria_bancrofti_prjna275548,False
Wban_02018,wuchereria_bancrofti_prjna275548,False
Wban_02019,wuchereria_bancrofti_prjna275548,False
Wban_02020,wuchereria_bancrofti_prjna275548,False
Wban_02021,wuchereria_bancrofti_prjna275548,False
Wban_02022,wuchereria_bancrofti_prjna275548,False
Wban_02023,wuchereria_bancrofti_prjna275548,False
Wban_02024,wuchereria_bancrofti_prjna275548,False
Wban_02025,wuchereria_bancrofti_prjna275548,False
Wban_02026,wuchereria_bancrofti_prjna275548,False
Wban_02027,wuchereria_bancrofti_prjna275548,False
Wban_02028,wuchereria_bancrofti_prjna275548,False
Wban_02029,wuchereria_bancrofti_prjna275548,False
Wban_02030,wuchereria_bancrofti_prjna275548,False
Wban_02031,wuchereria_bancrofti_prjna275548,False
Wban_02032,wuchereria_bancrofti_prjna275548,False
Wban_02033,wuchereria_bancrofti_prjna275548,False
Wban_02034,wuchereria_bancrofti_prjna275548,False
Wban_02035,wuchereria_bancrofti_prjna275548,False
Wban_02036,wuchereria_bancrofti_prjna275548,False
Wban_02037,wuchereria_bancrofti_prjna275548,False
Wban_02038,wuchereria_bancrofti_prjna275548,False
Wban_02039,wuchereria_bancrofti_prjna275548,False
Wban_02040,wuchereria_bancrofti_prjna275548,False
Wban_02041,wuchereria_bancrofti_prjna275548,False
Wban_02042,wuchereria_bancrofti_prjna275548,False
Wban_02043,wuchereria_bancrofti_prjna275548,False
Wban_02044,wuchereria_bancrofti_prjna275548,False
Wban_02045,wuchereria_bancrofti_prjna275548,False
Wban_02046,wuchereria_bancrofti_prjna275548,False
Wban_02047,wuchereria_bancrofti_prjna275548,False
Wban_02048,wuchereria_bancrofti_prjna275548,False
Wban_02049,wuchereria_bancrofti_prjna275548,False
Wban_02050,wuchereria_bancrofti_prjna275548,False
Wban_02051,wuchereria_bancrofti_prjna275548,False
Wban_02052,wuchereria_bancrofti_prjna275548,False
Wban_02053,wuchereria_bancrofti_prjna275548,False
Wban_02054,wuchereria_bancrofti_prjna275548,False
Wban_02055,wuchereria_bancrofti_prjna275548,False
Wban_02056,wuchereria_bancrofti_prjna275548,False
Wban_02057,wuchereria_bancrofti_prjna275548,False
Wban_02058,wuchereria_bancrofti_prjna275548,False
Wban_02059,wuchereria_bancrofti_prjna275548,False
Wban_02060,wuchereria_bancrofti_prjna275548,False
Wban_02061,wuchereria_bancrofti_prjna275548,False
Wban_02062,wuchereria_bancrofti_prjna275548,False
Wban_02063,wuchereria_bancrofti_prjna275548,False
Wban_02064,wuchereria_bancrofti_prjna275548,False
Wban_02065,wuchereria_bancrofti_prjna275548,False
Wban_02066,wuchereria_bancrofti_prjna275548,False
Wban_02067,wuchereria_bancrofti_prjna275548,False
Wban_02068,wuchereria_bancrofti_prjna275548,False
Wban_02069,wuchereria_bancrofti_prjna275548,False
Wban_02070,wuchereria_bancrofti_prjna275548,False
Wban_02071,wuchereria_bancrofti_prjna275548,False
Wban_02072,wuchereria_bancrofti_prjna275548,False
Wban_02073,wuchereria_bancrofti_prjna275548,False
Wban_02074,wuchereria_bancrofti_prjna275548,False
Wban_02075,wuchereria_bancrofti_prjna275548,False
Wban_02076,wuchereria_bancrofti_prjna275548,False
Wban_02077,wuchereria_bancrofti_prjna275548,False
Wban_02078,wuchereria_bancrofti_prjna275548,False
Wban_02079,wuchereria_bancrofti_prjna275548,False
Wban_02080,wuchereria_bancrofti_prjna275548,False
Wban_02081,wuchereria_bancrofti_prjna275548,False
Wban_02082,wuchereria_bancrofti_prjna275548,False
Wban_02083,wuchereria_bancrofti_prjna275548,False
Wban_02084,wuchereria_bancrofti_prjna275548,False
Wban_02085,wuchereria_bancrofti_prjna275548,False
Wban_02086,wuchereria_bancrofti_prjna275548,False
Wban_02087,wuchereria_bancrofti_prjna275548,False
Wban_02088,wuchereria_bancrofti_prjna275548,False
Wban_02089,wuchereria_bancrofti_prjna275548,False
Wban_02090,wuchereria_bancrofti_prjna275548,False
Wban_02091,wuchereria_bancrofti_prjna275548,False
Wban_02092,wuchereria_bancrofti_prjna275548,False
Wban_02093,wuchereria_bancrofti_prjna275548,False
Wban_02094,wuchereria_bancrofti_prjna275548,False
Wban_02095,wuchereria_bancrofti_prjna275548,False
Wban_02096,wuchereria_bancrofti_prjna275548,False
Wban_02097,wuchereria_bancrofti_prjna275548,False
Wban_02098,wuchereria_bancrofti_prjna275548,False
Wban_02099,wuchereria_bancrofti_prjna275548,False
Wban_02100,wuchereria_bancrofti_prjna275548,False
Wban_02101,wuchereria_bancrofti_prjna275548,False
Wban_02102,wuchereria_bancrofti_prjna275548,False
Wban_02103,wuchereria_bancrofti_prjna275548,False
Wban_02104,wuchereria_bancrofti_prjna275548,False
Wban_02105,wuchereria_bancrofti_prjna275548,False
Wban_02106,wuchereria_bancrofti_prjna275548,False
Wban_02107,wuchereria_bancrofti_prjna275548,False
Wban_02108,wuchereria_bancrofti_prjna275548,False
Wban_02109,wuchereria_bancrofti_prjna275548,False
Wban_02110,wuchereria_bancrofti_prjna275548,False
Wban_02111,wuchereria_bancrofti_prjna275548,False
Wban_02112,wuchereria_bancrofti_prjna275548,False
Wban_02113,wuchereria_bancrofti_prjna275548,False
Wban_02114,wuchereria_bancrofti_prjna275548,False
Wban_02115,wuchereria_bancrofti_prjna275548,False
Wban_02116,wuchereria_bancrofti_prjna275548,False
Wban_02117,wuchereria_bancrofti_prjna275548,False
Wban_02118,wuchereria_bancrofti_prjna275548,False
Wban_02119,wuchereria_bancrofti_prjna275548,False
Wban_02120,wuchereria_bancrofti_prjna275548,False
Wban_02121,wuchereria_bancrofti_prjna275548,False
Wban_02122,wuchereria_bancrofti_prjna275548,False
Wban_02123,wuchereria_bancrofti_prjna275548,False
Wban_02124,wuchereria_bancrofti_prjna275548,False
Wban_02125,wuchereria_bancrofti_prjna275548,False
Wban_02126,wuchereria_bancrofti_prjna275548,False
Wban_02127,wuchereria_bancrofti_prjna275548,False
Wban_02128,wuchereria_bancrofti_prjna275548,False
Wban_02129,wuchereria_bancrofti_prjna275548,False
Wban_02130,wuchereria_bancrofti_prjna275548,False
Wban_02131,wuchereria_bancrofti_prjna275548,False
Wban_02132,wuchereria_bancrofti_prjna275548,False
Wban_02133,wuchereria_bancrofti_prjna275548,False
Wban_02134,wuchereria_bancrofti_prjna275548,False
Wban_02135,wuchereria_bancrofti_prjna275548,False
Wban_02136,wuchereria_bancrofti_prjna275548,False
Wban_02137,wuchereria_bancrofti_prjna275548,False
Wban_02138,wuchereria_bancrofti_prjna275548,False
Wban_02139,wuchereria_bancrofti_prjna275548,False
Wban_02140,wuchereria_bancrofti_prjna275548,False
Wban_02141,wuchereria_bancrofti_prjna275548,False
Wban_02142,wuchereria_bancrofti_prjna275548,False
Wban_02143,wuchereria_bancrofti_prjna275548,False
Wban_02144,wuchereria_bancrofti_prjna275548,False
Wban_02145,wuchereria_bancrofti_prjna275548,False
Wban_02146,wuchereria_bancrofti_prjna275548,False
Wban_02147,wuchereria_bancrofti_prjna275548,False
Wban_02148,wuchereria_bancrofti_prjna275548,False
Wban_02149,wuchereria_bancrofti_prjna275548,False
Wban_02150,wuchereria_bancrofti_prjna275548,False
Wban_02151,wuchereria_bancrofti_prjna275548,False
Wban_02152,wuchereria_bancrofti_prjna275548,False
Wban_02153,wuchereria_bancrofti_prjna275548,False
Wban_02154,wuchereria_bancrofti_prjna275548,False
Wban_02155,wuchereria_bancrofti_prjna275548,False
Wban_02156,wuchereria_bancrofti_prjna275548,False
Wban_02157,wuchereria_bancrofti_prjna275548,False
Wban_02158,wuchereria_bancrofti_prjna275548,False
Wban_02159,wuchereria_bancrofti_prjna275548,False
Wban_02160,wuchereria_bancrofti_prjna275548,False
Wban_02161,wuchereria_bancrofti_prjna275548,False
Wban_02162,wuchereria_bancrofti_prjna275548,False
Wban_02163,wuchereria_bancrofti_prjna275548,False
Wban_02164,wuchereria_bancrofti_prjna275548,False
Wban_02165,wuchereria_bancrofti_prjna275548,False
Wban_02166,wuchereria_bancrofti_prjna275548,False
Wban_02167,wuchereria_bancrofti_prjna275548,False
Wban_02168,wuchereria_bancrofti_prjna275548,False
Wban_02169,wuchereria_bancrofti_prjna275548,False
Wban_02170,wuchereria_bancrofti_prjna275548,False
Wban_02171,wuchereria_bancrofti_prjna275548,False
Wban_02172,wuchereria_bancrofti_prjna275548,False
Wban_02173,wuchereria_bancrofti_prjna275548,False
Wban_02174,wuchereria_bancrofti_prjna275548,False
Wban_02175,wuchereria_bancrofti_prjna275548,False
Wban_02176,wuchereria_bancrofti_prjna275548,False
Wban_02177,wuchereria_bancrofti_prjna275548,False
Wban_02178,wuchereria_bancrofti_prjna275548,False
Wban_02179,wuchereria_bancrofti_prjna275548,False
Wban_02180,wuchereria_bancrofti_prjna275548,False
Wban_02181,wuchereria_bancrofti_prjna275548,False
Wban_02182,wuchereria_bancrofti_prjna275548,False
Wban_02183,wuchereria_bancrofti_prjna275548,False
Wban_02184,wuchereria_bancrofti_prjna275548,False
Wban_02185,wuchereria_bancrofti_prjna275548,False
Wban_02186,wuchereria_bancrofti_prjna275548,False
Wban_02187,wuchereria_bancrofti_prjna275548,False
Wban_02188,wuchereria_bancrofti_prjna275548,False
Wban_02189,wuchereria_bancrofti_prjna275548,False
Wban_02190,wuchereria_bancrofti_prjna275548,False
Wban_02191,wuchereria_bancrofti_prjna275548,False
Wban_02192,wuchereria_bancrofti_prjna275548,False
Wban_02193,wuchereria_bancrofti_prjna275548,False
Wban_02194,wuchereria_bancrofti_prjna275548,False
Wban_02195,wuchereria_bancrofti_prjna275548,False
Wban_02196,wuchereria_bancrofti_prjna275548,False
Wban_02197,wuchereria_bancrofti_prjna275548,False
Wban_02198,wuchereria_bancrofti_prjna275548,False
Wban_02199,wuchereria_bancrofti_prjna275548,False
Wban_02200,wuchereria_bancrofti_prjna275548,False
Wban_02201,wuchereria_bancrofti_prjna275548,False
Wban_02202,wuchereria_bancrofti_prjna275548,False
Wban_02203,wuchereria_bancrofti_prjna275548,False
Wban_02204,wuchereria_bancrofti_prjna275548,False
Wban_02205,wuchereria_bancrofti_prjna275548,False
Wban_02206,wuchereria_bancrofti_prjna275548,False
Wban_02207,wuchereria_bancrofti_prjna275548,False
Wban_02208,wuchereria_bancrofti_prjna275548,False
Wban_02209,wuchereria_bancrofti_prjna275548,False
Wban_02210,wuchereria_bancrofti_prjna275548,False
Wban_02211,wuchereria_bancrofti_prjna275548,False
Wban_02212,wuchereria_bancrofti_prjna275548,False
Wban_02213,wuchereria_bancrofti_prjna275548,False
Wban_02214,wuchereria_bancrofti_prjna275548,False
Wban_02215,wuchereria_bancrofti_prjna275548,False
Wban_02216,wuchereria_bancrofti_prjna275548,False
Wban_02217,wuchereria_bancrofti_prjna275548,False
Wban_02218,wuchereria_bancrofti_prjna275548,False
Wban_02219,wuchereria_bancrofti_prjna275548,False
Wban_02220,wuchereria_bancrofti_prjna275548,False
Wban_02221,wuchereria_bancrofti_prjna275548,False
Wban_02222,wuchereria_bancrofti_prjna275548,False
Wban_02223,wuchereria_bancrofti_prjna275548,False
Wban_02224,wuchereria_bancrofti_prjna275548,False
Wban_02225,wuchereria_bancrofti_prjna275548,False
Wban_02226,wuchereria_bancrofti_prjna275548,False
Wban_02227,wuchereria_bancrofti_prjna275548,False
Wban_02228,wuchereria_bancrofti_prjna275548,False
Wban_02229,wuchereria_bancrofti_prjna275548,False
Wban_02230,wuchereria_bancrofti_prjna275548,False
Wban_02231,wuchereria_bancrofti_prjna275548,False
Wban_02232,wuchereria_bancrofti_prjna275548,False
Wban_02233,wuchereria_bancrofti_prjna275548,False
Wban_02234,wuchereria_bancrofti_prjna275548,False
Wban_02235,wuchereria_bancrofti_prjna275548,False
Wban_02236,wuchereria_bancrofti_prjna275548,False
Wban_02237,wuchereria_bancrofti_prjna275548,False
Wban_02238,wuchereria_bancrofti_prjna275548,False
Wban_02239,wuchereria_bancrofti_prjna275548,False
Wban_02240,wuchereria_bancrofti_prjna275548,False
Wban_02241,wuchereria_bancrofti_prjna275548,False
Wban_02242,wuchereria_bancrofti_prjna275548,False
Wban_02243,wuchereria_bancrofti_prjna275548,False
Wban_02244,wuchereria_bancrofti_prjna275548,False
Wban_02245,wuchereria_bancrofti_prjna275548,False
Wban_02246,wuchereria_bancrofti_prjna275548,False
Wban_02247,wuchereria_bancrofti_prjna275548,False
Wban_02248,wuchereria_bancrofti_prjna275548,False
Wban_02249,wuchereria_bancrofti_prjna275548,False
Wban_02250,wuchereria_bancrofti_prjna275548,False
Wban_02251,wuchereria_bancrofti_prjna275548,False
Wban_02252,wuchereria_bancrofti_prjna275548,False
Wban_02253,wuchereria_bancrofti_prjna275548,False
Wban_02254,wuchereria_bancrofti_prjna275548,False
Wban_02255,wuchereria_bancrofti_prjna275548,False
Wban_02256,wuchereria_bancrofti_prjna275548,False
Wban_02257,wuchereria_bancrofti_prjna275548,False
Wban_02258,wuchereria_bancrofti_prjna275548,False
Wban_02259,wuchereria_bancrofti_prjna275548,False
Wban_02260,wuchereria_bancrofti_prjna275548,False
Wban_02261,wuchereria_bancrofti_prjna275548,False
Wban_02262,wuchereria_bancrofti_prjna275548,False
Wban_02263,wuchereria_bancrofti_prjna275548,False
Wban_02264,wuchereria_bancrofti_prjna275548,False
Wban_02265,wuchereria_bancrofti_prjna275548,False
Wban_02266,wuchereria_bancrofti_prjna275548,False
Wban_02267,wuchereria_bancrofti_prjna275548,False
Wban_02268,wuchereria_bancrofti_prjna275548,False
Wban_02269,wuchereria_bancrofti_prjna275548,False
Wban_02270,wuchereria_bancrofti_prjna275548,False
Wban_02271,wuchereria_bancrofti_prjna275548,False
Wban_02272,wuchereria_bancrofti_prjna275548,False
Wban_02273,wuchereria_bancrofti_prjna275548,False
Wban_02274,wuchereria_bancrofti_prjna275548,False
Wban_02275,wuchereria_bancrofti_prjna275548,False
Wban_02276,wuchereria_bancrofti_prjna275548,False
Wban_02277,wuchereria_bancrofti_prjna275548,False
Wban_02278,wuchereria_bancrofti_prjna275548,False
Wban_02279,wuchereria_bancrofti_prjna275548,False
Wban_02280,wuchereria_bancrofti_prjna275548,False
Wban_02281,wuchereria_bancrofti_prjna275548,False
Wban_02282,wuchereria_bancrofti_prjna275548,False
Wban_02283,wuchereria_bancrofti_prjna275548,False
Wban_02284,wuchereria_bancrofti_prjna275548,False
Wban_02285,wuchereria_bancrofti_prjna275548,False
Wban_02286,wuchereria_bancrofti_prjna275548,False
Wban_02287,wuchereria_bancrofti_prjna275548,False
Wban_02288,wuchereria_bancrofti_prjna275548,False
Wban_02289,wuchereria_bancrofti_prjna275548,False
Wban_02290,wuchereria_bancrofti_prjna275548,False
Wban_02291,wuchereria_bancrofti_prjna275548,False
Wban_02292,wuchereria_bancrofti_prjna275548,False
Wban_02293,wuchereria_bancrofti_prjna275548,False
Wban_02294,wuchereria_bancrofti_prjna275548,False
Wban_02295,wuchereria_bancrofti_prjna275548,False
Wban_02296,wuchereria_bancrofti_prjna275548,False
Wban_02297,wuchereria_bancrofti_prjna275548,False
Wban_02298,wuchereria_bancrofti_prjna275548,False
Wban_02299,wuchereria_bancrofti_prjna275548,False
Wban_02300,wuchereria_bancrofti_prjna275548,False
Wban_02301,wuchereria_bancrofti_prjna275548,False
Wban_02302,wuchereria_bancrofti_prjna275548,False
Wban_02303,wuchereria_bancrofti_prjna275548,False
Wban_02304,wuchereria_bancrofti_prjna275548,False
Wban_02305,wuchereria_bancrofti_prjna275548,False
Wban_02306,wuchereria_bancrofti_prjna275548,False
Wban_02307,wuchereria_bancrofti_prjna275548,False
Wban_02308,wuchereria_bancrofti_prjna275548,False
Wban_02309,wuchereria_bancrofti_prjna275548,False
Wban_02310,wuchereria_bancrofti_prjna275548,False
Wban_02311,wuchereria_bancrofti_prjna275548,False
Wban_02312,wuchereria_bancrofti_prjna275548,False
Wban_02313,wuchereria_bancrofti_prjna275548,False
Wban_02314,wuchereria_bancrofti_prjna275548,False
Wban_02315,wuchereria_bancrofti_prjna275548,False
Wban_02316,wuchereria_bancrofti_prjna275548,False
Wban_02317,wuchereria_bancrofti_prjna275548,False
Wban_02318,wuchereria_bancrofti_prjna275548,False
Wban_02319,wuchereria_bancrofti_prjna275548,False
Wban_02320,wuchereria_bancrofti_prjna275548,False
Wban_02321,wuchereria_bancrofti_prjna275548,False
Wban_02322,wuchereria_bancrofti_prjna275548,False
Wban_02323,wuchereria_bancrofti_prjna275548,False
Wban_02324,wuchereria_bancrofti_prjna275548,False
Wban_02325,wuchereria_bancrofti_prjna275548,False
Wban_02326,wuchereria_bancrofti_prjna275548,False
Wban_02327,wuchereria_bancrofti_prjna275548,False
Wban_02328,wuchereria_bancrofti_prjna275548,False
Wban_02329,wuchereria_bancrofti_prjna275548,False
Wban_02330,wuchereria_bancrofti_prjna275548,False
Wban_02331,wuchereria_bancrofti_prjna275548,False
Wban_02332,wuchereria_bancrofti_prjna275548,False
Wban_02333,wuchereria_bancrofti_prjna275548,False
Wban_02334,wuchereria_bancrofti_prjna275548,False
Wban_02335,wuchereria_bancrofti_prjna275548,False
Wban_02336,wuchereria_bancrofti_prjna275548,False
Wban_02337,wuchereria_bancrofti_prjna275548,False
Wban_02338,wuchereria_bancrofti_prjna275548,False
Wban_02339,wuchereria_bancrofti_prjna275548,False
Wban_02340,wuchereria_bancrofti_prjna275548,False
Wban_02341,wuchereria_bancrofti_prjna275548,False
Wban_02342,wuchereria_bancrofti_prjna275548,False
Wban_02343,wuchereria_bancrofti_prjna275548,False
Wban_02344,wuchereria_bancrofti_prjna275548,False
Wban_02345,wuchereria_bancrofti_prjna275548,False
Wban_02346,wuchereria_bancrofti_prjna275548,False
Wban_02347,wuchereria_bancrofti_prjna275548,False
Wban_02348,wuchereria_bancrofti_prjna275548,False
Wban_02349,wuchereria_bancrofti_prjna275548,False
Wban_02350,wuchereria_bancrofti_prjna275548,False
Wban_02351,wuchereria_bancrofti_prjna275548,False
Wban_02352,wuchereria_bancrofti_prjna275548,False
Wban_02353,wuchereria_bancrofti_prjna275548,False
Wban_02354,wuchereria_bancrofti_prjna275548,False
Wban_02355,wuchereria_bancrofti_prjna275548,False
Wban_02356,wuchereria_bancrofti_prjna275548,False
Wban_02357,wuchereria_bancrofti_prjna275548,False
Wban_02358,wuchereria_bancrofti_prjna275548,False
Wban_02359,wuchereria_bancrofti_prjna275548,False
Wban_02360,wuchereria_bancrofti_prjna275548,False
Wban_02361,wuchereria_bancrofti_prjna275548,False
Wban_02362,wuchereria_bancrofti_prjna275548,False
Wban_02363,wuchereria_bancrofti_prjna275548,False
Wban_02364,wuchereria_bancrofti_prjna275548,False
Wban_02365,wuchereria_bancrofti_prjna275548,False
Wban_02366,wuchereria_bancrofti_prjna275548,False
Wban_02367,wuchereria_bancrofti_prjna275548,False
Wban_02368,wuchereria_bancrofti_prjna275548,False
Wban_02369,wuchereria_bancrofti_prjna275548,False
Wban_02370,wuchereria_bancrofti_prjna275548,False
Wban_02371,wuchereria_bancrofti_prjna275548,False
Wban_02372,wuchereria_bancrofti_prjna275548,False
Wban_02373,wuchereria_bancrofti_prjna275548,False
Wban_02374,wuchereria_bancrofti_prjna275548,False
Wban_02375,wuchereria_bancrofti_prjna275548,False
Wban_02376,wuchereria_bancrofti_prjna275548,False
Wban_02377,wuchereria_bancrofti_prjna275548,False
Wban_02378,wuchereria_bancrofti_prjna275548,False
Wban_02379,wuchereria_bancrofti_prjna275548,False
Wban_02380,wuchereria_bancrofti_prjna275548,False
Wban_02381,wuchereria_bancrofti_prjna275548,False
Wban_02382,wuchereria_bancrofti_prjna275548,False
Wban_02383,wuchereria_bancrofti_prjna275548,False
Wban_02384,wuchereria_bancrofti_prjna275548,False
Wban_02385,wuchereria_bancrofti_prjna275548,False
Wban_02386,wuchereria_bancrofti_prjna275548,False
Wban_02387,wuchereria_bancrofti_prjna275548,False
Wban_02388,wuchereria_bancrofti_prjna275548,False
Wban_02389,wuchereria_bancrofti_prjna275548,False
Wban_02390,wuchereria_bancrofti_prjna275548,False
Wban_02391,wuchereria_bancrofti_prjna275548,False
Wban_02392,wuchereria_bancrofti_prjna275548,False
Wban_02393,wuchereria_bancrofti_prjna275548,False
Wban_02394,wuchereria_bancrofti_prjna275548,False
Wban_02395,wuchereria_bancrofti_prjna275548,False
Wban_02396,wuchereria_bancrofti_prjna275548,False
Wban_02397,wuchereria_bancrofti_prjna275548,False
Wban_02398,wuchereria_bancrofti_prjna275548,False
Wban_02399,wuchereria_bancrofti_prjna275548,False
Wban_02400,wuchereria_bancrofti_prjna275548,False
Wban_02401,wuchereria_bancrofti_prjna275548,False
Wban_02402,wuchereria_bancrofti_prjna275548,False
Wban_02403,wuchereria_bancrofti_prjna275548,False
Wban_02404,wuchereria_bancrofti_prjna275548,False
Wban_02405,wuchereria_bancrofti_prjna275548,False
Wban_02406,wuchereria_bancrofti_prjna275548,False
Wban_02407,wuchereria_bancrofti_prjna275548,False
Wban_02408,wuchereria_bancrofti_prjna275548,False
Wban_02409,wuchereria_bancrofti_prjna275548,False
Wban_02410,wuchereria_bancrofti_prjna275548,False
Wban_02411,wuchereria_bancrofti_prjna275548,False
Wban_02412,wuchereria_bancrofti_prjna275548,False
Wban_02413,wuchereria_bancrofti_prjna275548,False
Wban_02414,wuchereria_bancrofti_prjna275548,False
Wban_02415,wuchereria_bancrofti_prjna275548,False
Wban_02416,wuchereria_bancrofti_prjna275548,False
Wban_02417,wuchereria_bancrofti_prjna275548,False
Wban_02418,wuchereria_bancrofti_prjna275548,False
Wban_02419,wuchereria_bancrofti_prjna275548,False
Wban_02420,wuchereria_bancrofti_prjna275548,False
Wban_02421,wuchereria_bancrofti_prjna275548,False
Wban_02422,wuchereria_bancrofti_prjna275548,False
Wban_02423,wuchereria_bancrofti_prjna275548,False
Wban_02424,wuchereria_bancrofti_prjna275548,False
Wban_02425,wuchereria_bancrofti_prjna275548,False
Wban_02426,wuchereria_bancrofti_prjna275548,False
Wban_02427,wuchereria_bancrofti_prjna275548,False
Wban_02428,wuchereria_bancrofti_prjna275548,False
Wban_02429,wuchereria_bancrofti_prjna275548,False
Wban_02430,wuchereria_bancrofti_prjna275548,False
Wban_02431,wuchereria_bancrofti_prjna275548,False
Wban_02432,wuchereria_bancrofti_prjna275548,False
Wban_02433,wuchereria_bancrofti_prjna275548,False
Wban_02434,wuchereria_bancrofti_prjna275548,False
Wban_02435,wuchereria_bancrofti_prjna275548,False
Wban_02436,wuchereria_bancrofti_prjna275548,False
Wban_02437,wuchereria_bancrofti_prjna275548,False
Wban_02438,wuchereria_bancrofti_prjna275548,False
Wban_02439,wuchereria_bancrofti_prjna275548,False
Wban_02440,wuchereria_bancrofti_prjna275548,False
Wban_02441,wuchereria_bancrofti_prjna275548,False
Wban_02442,wuchereria_bancrofti_prjna275548,False
Wban_02443,wuchereria_bancrofti_prjna275548,False
Wban_02444,wuchereria_bancrofti_prjna275548,False
Wban_02445,wuchereria_bancrofti_prjna275548,False
Wban_02446,wuchereria_bancrofti_prjna275548,False
Wban_02447,wuchereria_bancrofti_prjna275548,False
Wban_02448,wuchereria_bancrofti_prjna275548,False
Wban_02449,wuchereria_bancrofti_prjna275548,False
Wban_02450,wuchereria_bancrofti_prjna275548,False
Wban_02451,wuchereria_bancrofti_prjna275548,False
Wban_02452,wuchereria_bancrofti_prjna275548,False
Wban_02453,wuchereria_bancrofti_prjna275548,False
Wban_02454,wuchereria_bancrofti_prjna275548,False
Wban_02455,wuchereria_bancrofti_prjna275548,False
Wban_02456,wuchereria_bancrofti_prjna275548,False
Wban_02457,wuchereria_bancrofti_prjna275548,False
Wban_02458,wuchereria_bancrofti_prjna275548,False
Wban_02459,wuchereria_bancrofti_prjna275548,False
Wban_02460,wuchereria_bancrofti_prjna275548,False
Wban_02461,wuchereria_bancrofti_prjna275548,False
Wban_02462,wuchereria_bancrofti_prjna275548,False
Wban_02463,wuchereria_bancrofti_prjna275548,False
Wban_02464,wuchereria_bancrofti_prjna275548,False
Wban_02465,wuchereria_bancrofti_prjna275548,False
Wban_02466,wuchereria_bancrofti_prjna275548,False
Wban_02467,wuchereria_bancrofti_prjna275548,False
Wban_02468,wuchereria_bancrofti_prjna275548,False
Wban_02469,wuchereria_bancrofti_prjna275548,False
Wban_02470,wuchereria_bancrofti_prjna275548,False
Wban_02471,wuchereria_bancrofti_prjna275548,False
Wban_02472,wuchereria_bancrofti_prjna275548,False
Wban_02473,wuchereria_bancrofti_prjna275548,False
Wban_02474,wuchereria_bancrofti_prjna275548,False
Wban_02475,wuchereria_bancrofti_prjna275548,False
Wban_02476,wuchereria_bancrofti_prjna275548,False
Wban_02477,wuchereria_bancrofti_prjna275548,False
Wban_02478,wuchereria_bancrofti_prjna275548,False
Wban_02479,wuchereria_bancrofti_prjna275548,False
Wban_02480,wuchereria_bancrofti_prjna275548,False
Wban_02481,wuchereria_bancrofti_prjna275548,False
Wban_02482,wuchereria_bancrofti_prjna275548,False
Wban_02483,wuchereria_bancrofti_prjna275548,False
Wban_02484,wuchereria_bancrofti_prjna275548,False
Wban_02485,wuchereria_bancrofti_prjna275548,False
Wban_02486,wuchereria_bancrofti_prjna275548,False
Wban_02487,wuchereria_bancrofti_prjna275548,False
Wban_02488,wuchereria_bancrofti_prjna275548,False
Wban_02489,wuchereria_bancrofti_prjna275548,False
Wban_02490,wuchereria_bancrofti_prjna275548,False
Wban_02491,wuchereria_bancrofti_prjna275548,False
Wban_02492,wuchereria_bancrofti_prjna275548,False
Wban_02493,wuchereria_bancrofti_prjna275548,False
Wban_02494,wuchereria_bancrofti_prjna275548,False
Wban_02495,wuchereria_bancrofti_prjna275548,False
Wban_02496,wuchereria_bancrofti_prjna275548,False
Wban_02497,wuchereria_bancrofti_prjna275548,False
Wban_02498,wuchereria_bancrofti_prjna275548,False
Wban_02499,wuchereria_bancrofti_prjna275548,False
Wban_02500,wuchereria_bancrofti_prjna275548,False
Wban_02501,wuchereria_bancrofti_prjna275548,False
Wban_02502,wuchereria_bancrofti_prjna275548,False
Wban_02503,wuchereria_bancrofti_prjna275548,False
Wban_02504,wuchereria_bancrofti_prjna275548,False
Wban_02505,wuchereria_bancrofti_prjna275548,False
Wban_02506,wuchereria_bancrofti_prjna275548,False
Wban_02507,wuchereria_bancrofti_prjna275548,False
Wban_02508,wuchereria_bancrofti_prjna275548,False
Wban_02509,wuchereria_bancrofti_prjna275548,False
Wban_02510,wuchereria_bancrofti_prjna275548,False
Wban_02511,wuchereria_bancrofti_prjna275548,False
Wban_02512,wuchereria_bancrofti_prjna275548,False
Wban_02513,wuchereria_bancrofti_prjna275548,False
Wban_02514,wuchereria_bancrofti_prjna275548,False
Wban_02515,wuchereria_bancrofti_prjna275548,False
Wban_02516,wuchereria_bancrofti_prjna275548,False
Wban_02517,wuchereria_bancrofti_prjna275548,False
Wban_02518,wuchereria_bancrofti_prjna275548,False
Wban_02519,wuchereria_bancrofti_prjna275548,False
Wban_02520,wuchereria_bancrofti_prjna275548,False
Wban_02521,wuchereria_bancrofti_prjna275548,False
Wban_02522,wuchereria_bancrofti_prjna275548,False
Wban_02523,wuchereria_bancrofti_prjna275548,False
Wban_02524,wuchereria_bancrofti_prjna275548,False
Wban_02525,wuchereria_bancrofti_prjna275548,False
Wban_02526,wuchereria_bancrofti_prjna275548,False
Wban_02527,wuchereria_bancrofti_prjna275548,False
Wban_02528,wuchereria_bancrofti_prjna275548,False
Wban_02529,wuchereria_bancrofti_prjna275548,False
Wban_02530,wuchereria_bancrofti_prjna275548,False
Wban_02531,wuchereria_bancrofti_prjna275548,False
Wban_02532,wuchereria_bancrofti_prjna275548,False
Wban_02533,wuchereria_bancrofti_prjna275548,False
Wban_02534,wuchereria_bancrofti_prjna275548,False
Wban_02535,wuchereria_bancrofti_prjna275548,False
Wban_02536,wuchereria_bancrofti_prjna275548,False
Wban_02537,wuchereria_bancrofti_prjna275548,False
Wban_02538,wuchereria_bancrofti_prjna275548,False
Wban_02539,wuchereria_bancrofti_prjna275548,False
Wban_02540,wuchereria_bancrofti_prjna275548,False
Wban_02541,wuchereria_bancrofti_prjna275548,False
Wban_02542,wuchereria_bancrofti_prjna275548,False
Wban_02543,wuchereria_bancrofti_prjna275548,False
Wban_02544,wuchereria_bancrofti_prjna275548,False
Wban_02545,wuchereria_bancrofti_prjna275548,False
Wban_02546,wuchereria_bancrofti_prjna275548,False
Wban_02547,wuchereria_bancrofti_prjna275548,False
Wban_02548,wuchereria_bancrofti_prjna275548,False
Wban_02549,wuchereria_bancrofti_prjna275548,False
Wban_02550,wuchereria_bancrofti_prjna275548,False
Wban_02551,wuchereria_bancrofti_prjna275548,False
Wban_02552,wuchereria_bancrofti_prjna275548,False
Wban_02553,wuchereria_bancrofti_prjna275548,False
Wban_02554,wuchereria_bancrofti_prjna275548,False
Wban_02555,wuchereria_bancrofti_prjna275548,False
Wban_02556,wuchereria_bancrofti_prjna275548,False
Wban_02557,wuchereria_bancrofti_prjna275548,False
Wban_02558,wuchereria_bancrofti_prjna275548,False
Wban_02559,wuchereria_bancrofti_prjna275548,False
Wban_02560,wuchereria_bancrofti_prjna275548,False
Wban_02561,wuchereria_bancrofti_prjna275548,False
Wban_02562,wuchereria_bancrofti_prjna275548,False
Wban_02563,wuchereria_bancrofti_prjna275548,False
Wban_02564,wuchereria_bancrofti_prjna275548,False
Wban_02565,wuchereria_bancrofti_prjna275548,False
Wban_02566,wuchereria_bancrofti_prjna275548,False
Wban_02567,wuchereria_bancrofti_prjna275548,False
Wban_02568,wuchereria_bancrofti_prjna275548,False
Wban_02569,wuchereria_bancrofti_prjna275548,False
Wban_02570,wuchereria_bancrofti_prjna275548,False
Wban_02571,wuchereria_bancrofti_prjna275548,False
Wban_02572,wuchereria_bancrofti_prjna275548,False
Wban_02573,wuchereria_bancrofti_prjna275548,False
Wban_02574,wuchereria_bancrofti_prjna275548,False
Wban_02575,wuchereria_bancrofti_prjna275548,False
Wban_02576,wuchereria_bancrofti_prjna275548,False
Wban_02577,wuchereria_bancrofti_prjna275548,False
Wban_02578,wuchereria_bancrofti_prjna275548,False
Wban_02579,wuchereria_bancrofti_prjna275548,False
Wban_02580,wuchereria_bancrofti_prjna275548,False
Wban_02581,wuchereria_bancrofti_prjna275548,False
Wban_02582,wuchereria_bancrofti_prjna275548,False
Wban_02583,wuchereria_bancrofti_prjna275548,False
Wban_02584,wuchereria_bancrofti_prjna275548,False
Wban_02585,wuchereria_bancrofti_prjna275548,False
Wban_02586,wuchereria_bancrofti_prjna275548,False
Wban_02587,wuchereria_bancrofti_prjna275548,False
Wban_02588,wuchereria_bancrofti_prjna275548,False
Wban_02589,wuchereria_bancrofti_prjna275548,False
Wban_02590,wuchereria_bancrofti_prjna275548,False
Wban_02591,wuchereria_bancrofti_prjna275548,False
Wban_02592,wuchereria_bancrofti_prjna275548,False
Wban_02593,wuchereria_bancrofti_prjna275548,False
Wban_02594,wuchereria_bancrofti_prjna275548,False
Wban_02595,wuchereria_bancrofti_prjna275548,False
Wban_02596,wuchereria_bancrofti_prjna275548,False
Wban_02597,wuchereria_bancrofti_prjna275548,False
Wban_02598,wuchereria_bancrofti_prjna275548,False
Wban_02599,wuchereria_bancrofti_prjna275548,False
Wban_02600,wuchereria_bancrofti_prjna275548,False
Wban_02601,wuchereria_bancrofti_prjna275548,False
Wban_02602,wuchereria_bancrofti_prjna275548,False
Wban_02603,wuchereria_bancrofti_prjna275548,False
Wban_02604,wuchereria_bancrofti_prjna275548,False
Wban_02605,wuchereria_bancrofti_prjna275548,False
Wban_02606,wuchereria_bancrofti_prjna275548,False
Wban_02607,wuchereria_bancrofti_prjna275548,False
Wban_02608,wuchereria_bancrofti_prjna275548,False
Wban_02609,wuchereria_bancrofti_prjna275548,False
Wban_02610,wuchereria_bancrofti_prjna275548,False
Wban_02611,wuchereria_bancrofti_prjna275548,False
Wban_02612,wuchereria_bancrofti_prjna275548,False
Wban_02613,wuchereria_bancrofti_prjna275548,False
Wban_02614,wuchereria_bancrofti_prjna275548,False
Wban_02615,wuchereria_bancrofti_prjna275548,False
Wban_02616,wuchereria_bancrofti_prjna275548,False
Wban_02617,wuchereria_bancrofti_prjna275548,False
Wban_02618,wuchereria_bancrofti_prjna275548,False
Wban_02619,wuchereria_bancrofti_prjna275548,False
Wban_02620,wuchereria_bancrofti_prjna275548,False
Wban_02621,wuchereria_bancrofti_prjna275548,False
Wban_02622,wuchereria_bancrofti_prjna275548,False
Wban_02623,wuchereria_bancrofti_prjna275548,False
Wban_02624,wuchereria_bancrofti_prjna275548,False
Wban_02625,wuchereria_bancrofti_prjna275548,False
Wban_02626,wuchereria_bancrofti_prjna275548,False
Wban_02627,wuchereria_bancrofti_prjna275548,False
Wban_02628,wuchereria_bancrofti_prjna275548,False
Wban_02629,wuchereria_bancrofti_prjna275548,False
Wban_02630,wuchereria_bancrofti_prjna275548,False
Wban_02631,wuchereria_bancrofti_prjna275548,False
Wban_02632,wuchereria_bancrofti_prjna275548,False
Wban_02633,wuchereria_bancrofti_prjna275548,False
Wban_02634,wuchereria_bancrofti_prjna275548,False
Wban_02635,wuchereria_bancrofti_prjna275548,False
Wban_02636,wuchereria_bancrofti_prjna275548,False
Wban_02637,wuchereria_bancrofti_prjna275548,False
Wban_02638,wuchereria_bancrofti_prjna275548,False
Wban_02639,wuchereria_bancrofti_prjna275548,False
Wban_02640,wuchereria_bancrofti_prjna275548,False
Wban_02641,wuchereria_bancrofti_prjna275548,False
Wban_02642,wuchereria_bancrofti_prjna275548,False
Wban_02643,wuchereria_bancrofti_prjna275548,False
Wban_02644,wuchereria_bancrofti_prjna275548,False
Wban_02645,wuchereria_bancrofti_prjna275548,False
Wban_02646,wuchereria_bancrofti_prjna275548,False
Wban_02647,wuchereria_bancrofti_prjna275548,False
Wban_02648,wuchereria_bancrofti_prjna275548,False
Wban_02649,wuchereria_bancrofti_prjna275548,False
Wban_02650,wuchereria_bancrofti_prjna275548,False
Wban_02651,wuchereria_bancrofti_prjna275548,False
Wban_02652,wuchereria_bancrofti_prjna275548,False
Wban_02653,wuchereria_bancrofti_prjna275548,False
Wban_02654,wuchereria_bancrofti_prjna275548,False
Wban_02655,wuchereria_bancrofti_prjna275548,False
Wban_02656,wuchereria_bancrofti_prjna275548,False
Wban_02657,wuchereria_bancrofti_prjna275548,False
Wban_02658,wuchereria_bancrofti_prjna275548,False
Wban_02659,wuchereria_bancrofti_prjna275548,False
Wban_02660,wuchereria_bancrofti_prjna275548,False
Wban_02661,wuchereria_bancrofti_prjna275548,False
Wban_02662,wuchereria_bancrofti_prjna275548,False
Wban_02663,wuchereria_bancrofti_prjna275548,False
Wban_02664,wuchereria_bancrofti_prjna275548,False
Wban_02665,wuchereria_bancrofti_prjna275548,False
Wban_02666,wuchereria_bancrofti_prjna275548,False
Wban_02667,wuchereria_bancrofti_prjna275548,False
Wban_02668,wuchereria_bancrofti_prjna275548,False
Wban_02669,wuchereria_bancrofti_prjna275548,False
Wban_02670,wuchereria_bancrofti_prjna275548,False
Wban_02671,wuchereria_bancrofti_prjna275548,False
Wban_02672,wuchereria_bancrofti_prjna275548,False
Wban_02673,wuchereria_bancrofti_prjna275548,False
Wban_02674,wuchereria_bancrofti_prjna275548,False
Wban_02675,wuchereria_bancrofti_prjna275548,False
Wban_02676,wuchereria_bancrofti_prjna275548,False
Wban_02677,wuchereria_bancrofti_prjna275548,False
Wban_02678,wuchereria_bancrofti_prjna275548,False
Wban_02679,wuchereria_bancrofti_prjna275548,False
Wban_02680,wuchereria_bancrofti_prjna275548,False
Wban_02681,wuchereria_bancrofti_prjna275548,False
Wban_02682,wuchereria_bancrofti_prjna275548,False
Wban_02683,wuchereria_bancrofti_prjna275548,False
Wban_02684,wuchereria_bancrofti_prjna275548,False
Wban_02685,wuchereria_bancrofti_prjna275548,False
Wban_02686,wuchereria_bancrofti_prjna275548,False
Wban_02687,wuchereria_bancrofti_prjna275548,False
Wban_02688,wuchereria_bancrofti_prjna275548,False
Wban_02689,wuchereria_bancrofti_prjna275548,False
Wban_02690,wuchereria_bancrofti_prjna275548,False
Wban_02691,wuchereria_bancrofti_prjna275548,False
Wban_02692,wuchereria_bancrofti_prjna275548,False
Wban_02693,wuchereria_bancrofti_prjna275548,False
Wban_02694,wuchereria_bancrofti_prjna275548,False
Wban_02695,wuchereria_bancrofti_prjna275548,False
Wban_02696,wuchereria_bancrofti_prjna275548,False
Wban_02697,wuchereria_bancrofti_prjna275548,False
Wban_02698,wuchereria_bancrofti_prjna275548,False
Wban_02699,wuchereria_bancrofti_prjna275548,False
Wban_02700,wuchereria_bancrofti_prjna275548,False
Wban_02701,wuchereria_bancrofti_prjna275548,False
Wban_02702,wuchereria_bancrofti_prjna275548,False
Wban_02703,wuchereria_bancrofti_prjna275548,False
Wban_02704,wuchereria_bancrofti_prjna275548,False
Wban_02705,wuchereria_bancrofti_prjna275548,False
Wban_02706,wuchereria_bancrofti_prjna275548,False
Wban_02707,wuchereria_bancrofti_prjna275548,False
Wban_02708,wuchereria_bancrofti_prjna275548,False
Wban_02709,wuchereria_bancrofti_prjna275548,False
Wban_02710,wuchereria_bancrofti_prjna275548,False
Wban_02711,wuchereria_bancrofti_prjna275548,False
Wban_02712,wuchereria_bancrofti_prjna275548,False
Wban_02713,wuchereria_bancrofti_prjna275548,False
Wban_02714,wuchereria_bancrofti_prjna275548,False
Wban_02715,wuchereria_bancrofti_prjna275548,False
Wban_02716,wuchereria_bancrofti_prjna275548,False
Wban_02717,wuchereria_bancrofti_prjna275548,False
Wban_02718,wuchereria_bancrofti_prjna275548,False
Wban_02719,wuchereria_bancrofti_prjna275548,False
Wban_02720,wuchereria_bancrofti_prjna275548,False
Wban_02721,wuchereria_bancrofti_prjna275548,False
Wban_02722,wuchereria_bancrofti_prjna275548,False
Wban_02723,wuchereria_bancrofti_prjna275548,False
Wban_02724,wuchereria_bancrofti_prjna275548,False
Wban_02725,wuchereria_bancrofti_prjna275548,False
Wban_02726,wuchereria_bancrofti_prjna275548,False
Wban_02727,wuchereria_bancrofti_prjna275548,False
Wban_02728,wuchereria_bancrofti_prjna275548,False
Wban_02729,wuchereria_bancrofti_prjna275548,False
Wban_02730,wuchereria_bancrofti_prjna275548,False
Wban_02731,wuchereria_bancrofti_prjna275548,False
Wban_02732,wuchereria_bancrofti_prjna275548,False
Wban_02733,wuchereria_bancrofti_prjna275548,False
Wban_02734,wuchereria_bancrofti_prjna275548,False
Wban_02735,wuchereria_bancrofti_prjna275548,False
Wban_02736,wuchereria_bancrofti_prjna275548,False
Wban_02737,wuchereria_bancrofti_prjna275548,False
Wban_02738,wuchereria_bancrofti_prjna275548,False
Wban_02739,wuchereria_bancrofti_prjna275548,False
Wban_02740,wuchereria_bancrofti_prjna275548,False
Wban_02741,wuchereria_bancrofti_prjna275548,False
Wban_02742,wuchereria_bancrofti_prjna275548,False
Wban_02743,wuchereria_bancrofti_prjna275548,False
Wban_02744,wuchereria_bancrofti_prjna275548,False
Wban_02745,wuchereria_bancrofti_prjna275548,False
Wban_02746,wuchereria_bancrofti_prjna275548,False
Wban_02747,wuchereria_bancrofti_prjna275548,False
Wban_02748,wuchereria_bancrofti_prjna275548,False
Wban_02749,wuchereria_bancrofti_prjna275548,False
Wban_02750,wuchereria_bancrofti_prjna275548,False
Wban_02751,wuchereria_bancrofti_prjna275548,False
Wban_02752,wuchereria_bancrofti_prjna275548,False
Wban_02753,wuchereria_bancrofti_prjna275548,False
Wban_02754,wuchereria_bancrofti_prjna275548,False
Wban_02755,wuchereria_bancrofti_prjna275548,False
Wban_02756,wuchereria_bancrofti_prjna275548,False
Wban_02757,wuchereria_bancrofti_prjna275548,False
Wban_02758,wuchereria_bancrofti_prjna275548,False
Wban_02759,wuchereria_bancrofti_prjna275548,False
Wban_02760,wuchereria_bancrofti_prjna275548,False
Wban_02761,wuchereria_bancrofti_prjna275548,False
Wban_02762,wuchereria_bancrofti_prjna275548,False
Wban_02763,wuchereria_bancrofti_prjna275548,False
Wban_02764,wuchereria_bancrofti_prjna275548,False
Wban_02765,wuchereria_bancrofti_prjna275548,False
Wban_02766,wuchereria_bancrofti_prjna275548,False
Wban_02767,wuchereria_bancrofti_prjna275548,False
Wban_02768,wuchereria_bancrofti_prjna275548,False
Wban_02769,wuchereria_bancrofti_prjna275548,False
Wban_02770,wuchereria_bancrofti_prjna275548,False
Wban_02771,wuchereria_bancrofti_prjna275548,False
Wban_02772,wuchereria_bancrofti_prjna275548,False
Wban_02773,wuchereria_bancrofti_prjna275548,False
Wban_02774,wuchereria_bancrofti_prjna275548,False
Wban_02775,wuchereria_bancrofti_prjna275548,False
Wban_02776,wuchereria_bancrofti_prjna275548,False
Wban_02777,wuchereria_bancrofti_prjna275548,False
Wban_02778,wuchereria_bancrofti_prjna275548,False
Wban_02779,wuchereria_bancrofti_prjna275548,False
Wban_02780,wuchereria_bancrofti_prjna275548,False
Wban_02781,wuchereria_bancrofti_prjna275548,False
Wban_02782,wuchereria_bancrofti_prjna275548,False
Wban_02783,wuchereria_bancrofti_prjna275548,False
Wban_02784,wuchereria_bancrofti_prjna275548,False
Wban_02785,wuchereria_bancrofti_prjna275548,False
Wban_02786,wuchereria_bancrofti_prjna275548,False
Wban_02787,wuchereria_bancrofti_prjna275548,False
Wban_02788,wuchereria_bancrofti_prjna275548,False
Wban_02789,wuchereria_bancrofti_prjna275548,False
Wban_02790,wuchereria_bancrofti_prjna275548,False
Wban_02791,wuchereria_bancrofti_prjna275548,False
Wban_02792,wuchereria_bancrofti_prjna275548,False
Wban_02793,wuchereria_bancrofti_prjna275548,False
Wban_02794,wuchereria_bancrofti_prjna275548,False
Wban_02795,wuchereria_bancrofti_prjna275548,False
Wban_02796,wuchereria_bancrofti_prjna275548,False
Wban_02797,wuchereria_bancrofti_prjna275548,False
Wban_02798,wuchereria_bancrofti_prjna275548,False
Wban_02799,wuchereria_bancrofti_prjna275548,False
Wban_02800,wuchereria_bancrofti_prjna275548,False
Wban_02801,wuchereria_bancrofti_prjna275548,False
Wban_02802,wuchereria_bancrofti_prjna275548,False
Wban_02803,wuchereria_bancrofti_prjna275548,False
Wban_02804,wuchereria_bancrofti_prjna275548,False
Wban_02805,wuchereria_bancrofti_prjna275548,False
Wban_02806,wuchereria_bancrofti_prjna275548,False
Wban_02807,wuchereria_bancrofti_prjna275548,False
Wban_02808,wuchereria_bancrofti_prjna275548,False
Wban_02809,wuchereria_bancrofti_prjna275548,False
Wban_02810,wuchereria_bancrofti_prjna275548,False
Wban_02811,wuchereria_bancrofti_prjna275548,False
Wban_02812,wuchereria_bancrofti_prjna275548,False
Wban_02813,wuchereria_bancrofti_prjna275548,False
Wban_02814,wuchereria_bancrofti_prjna275548,False
Wban_02815,wuchereria_bancrofti_prjna275548,False
Wban_02816,wuchereria_bancrofti_prjna275548,False
Wban_02817,wuchereria_bancrofti_prjna275548,False
Wban_02818,wuchereria_bancrofti_prjna275548,False
Wban_02819,wuchereria_bancrofti_prjna275548,False
Wban_02820,wuchereria_bancrofti_prjna275548,False
Wban_02821,wuchereria_bancrofti_prjna275548,False
Wban_02822,wuchereria_bancrofti_prjna275548,False
Wban_02823,wuchereria_bancrofti_prjna275548,False
Wban_02824,wuchereria_bancrofti_prjna275548,False
Wban_02825,wuchereria_bancrofti_prjna275548,False
Wban_02826,wuchereria_bancrofti_prjna275548,False
Wban_02827,wuchereria_bancrofti_prjna275548,False
Wban_02828,wuchereria_bancrofti_prjna275548,False
Wban_02829,wuchereria_bancrofti_prjna275548,False
Wban_02830,wuchereria_bancrofti_prjna275548,False
Wban_02831,wuchereria_bancrofti_prjna275548,False
Wban_02832,wuchereria_bancrofti_prjna275548,False
Wban_02833,wuchereria_bancrofti_prjna275548,False
Wban_02834,wuchereria_bancrofti_prjna275548,False
Wban_02835,wuchereria_bancrofti_prjna275548,False
Wban_02836,wuchereria_bancrofti_prjna275548,False
Wban_02837,wuchereria_bancrofti_prjna275548,False
Wban_02838,wuchereria_bancrofti_prjna275548,False
Wban_02839,wuchereria_bancrofti_prjna275548,False
Wban_02840,wuchereria_bancrofti_prjna275548,False
Wban_02841,wuchereria_bancrofti_prjna275548,False
Wban_02842,wuchereria_bancrofti_prjna275548,False
Wban_02843,wuchereria_bancrofti_prjna275548,False
Wban_02844,wuchereria_bancrofti_prjna275548,False
Wban_02845,wuchereria_bancrofti_prjna275548,False
Wban_02846,wuchereria_bancrofti_prjna275548,False
Wban_02847,wuchereria_bancrofti_prjna275548,False
Wban_02848,wuchereria_bancrofti_prjna275548,False
Wban_02849,wuchereria_bancrofti_prjna275548,False
Wban_02850,wuchereria_bancrofti_prjna275548,False
Wban_02851,wuchereria_bancrofti_prjna275548,False
Wban_02852,wuchereria_bancrofti_prjna275548,False
Wban_02853,wuchereria_bancrofti_prjna275548,False
Wban_02854,wuchereria_bancrofti_prjna275548,False
Wban_02855,wuchereria_bancrofti_prjna275548,False
Wban_02856,wuchereria_bancrofti_prjna275548,False
Wban_02857,wuchereria_bancrofti_prjna275548,False
Wban_02858,wuchereria_bancrofti_prjna275548,False
Wban_02859,wuchereria_bancrofti_prjna275548,False
Wban_02860,wuchereria_bancrofti_prjna275548,False
Wban_02861,wuchereria_bancrofti_prjna275548,False
Wban_02862,wuchereria_bancrofti_prjna275548,False
Wban_02863,wuchereria_bancrofti_prjna275548,False
Wban_02864,wuchereria_bancrofti_prjna275548,False
Wban_02865,wuchereria_bancrofti_prjna275548,False
Wban_02866,wuchereria_bancrofti_prjna275548,False
Wban_02867,wuchereria_bancrofti_prjna275548,False
Wban_02868,wuchereria_bancrofti_prjna275548,False
Wban_02869,wuchereria_bancrofti_prjna275548,False
Wban_02870,wuchereria_bancrofti_prjna275548,False
Wban_02871,wuchereria_bancrofti_prjna275548,False
Wban_02872,wuchereria_bancrofti_prjna275548,False
Wban_02873,wuchereria_bancrofti_prjna275548,False
Wban_02874,wuchereria_bancrofti_prjna275548,False
Wban_02875,wuchereria_bancrofti_prjna275548,False
Wban_02876,wuchereria_bancrofti_prjna275548,False
Wban_02877,wuchereria_bancrofti_prjna275548,False
Wban_02878,wuchereria_bancrofti_prjna275548,False
Wban_02879,wuchereria_bancrofti_prjna275548,False
Wban_02880,wuchereria_bancrofti_prjna275548,False
Wban_02881,wuchereria_bancrofti_prjna275548,False
Wban_02882,wuchereria_bancrofti_prjna275548,False
Wban_02883,wuchereria_bancrofti_prjna275548,False
Wban_02884,wuchereria_bancrofti_prjna275548,False
Wban_02885,wuchereria_bancrofti_prjna275548,False
Wban_02886,wuchereria_bancrofti_prjna275548,False
Wban_02887,wuchereria_bancrofti_prjna275548,False
Wban_02888,wuchereria_bancrofti_prjna275548,False
Wban_02889,wuchereria_bancrofti_prjna275548,False
Wban_02890,wuchereria_bancrofti_prjna275548,False
Wban_02891,wuchereria_bancrofti_prjna275548,False
Wban_02892,wuchereria_bancrofti_prjna275548,False
Wban_02893,wuchereria_bancrofti_prjna275548,False
Wban_02894,wuchereria_bancrofti_prjna275548,False
Wban_02895,wuchereria_bancrofti_prjna275548,False
Wban_02896,wuchereria_bancrofti_prjna275548,False
Wban_02897,wuchereria_bancrofti_prjna275548,False
Wban_02898,wuchereria_bancrofti_prjna275548,False
Wban_02899,wuchereria_bancrofti_prjna275548,False
Wban_02900,wuchereria_bancrofti_prjna275548,False
Wban_02901,wuchereria_bancrofti_prjna275548,False
Wban_02902,wuchereria_bancrofti_prjna275548,False
Wban_02903,wuchereria_bancrofti_prjna275548,False
Wban_02904,wuchereria_bancrofti_prjna275548,False
Wban_02905,wuchereria_bancrofti_prjna275548,False
Wban_02906,wuchereria_bancrofti_prjna275548,False
Wban_02907,wuchereria_bancrofti_prjna275548,False
Wban_02908,wuchereria_bancrofti_prjna275548,False
Wban_02909,wuchereria_bancrofti_prjna275548,False
Wban_02910,wuchereria_bancrofti_prjna275548,False
Wban_02911,wuchereria_bancrofti_prjna275548,False
Wban_02912,wuchereria_bancrofti_prjna275548,False
Wban_02913,wuchereria_bancrofti_prjna275548,False
Wban_02914,wuchereria_bancrofti_prjna275548,False
Wban_02915,wuchereria_bancrofti_prjna275548,False
Wban_02916,wuchereria_bancrofti_prjna275548,False
Wban_02917,wuchereria_bancrofti_prjna275548,False
Wban_02918,wuchereria_bancrofti_prjna275548,False
Wban_02919,wuchereria_bancrofti_prjna275548,False
Wban_02920,wuchereria_bancrofti_prjna275548,False
Wban_02921,wuchereria_bancrofti_prjna275548,False
Wban_02922,wuchereria_bancrofti_prjna275548,False
Wban_02923,wuchereria_bancrofti_prjna275548,False
Wban_02924,wuchereria_bancrofti_prjna275548,False
Wban_02925,wuchereria_bancrofti_prjna275548,False
Wban_02926,wuchereria_bancrofti_prjna275548,False
Wban_02927,wuchereria_bancrofti_prjna275548,False
Wban_02928,wuchereria_bancrofti_prjna275548,False
Wban_02929,wuchereria_bancrofti_prjna275548,False
Wban_02930,wuchereria_bancrofti_prjna275548,False
Wban_02931,wuchereria_bancrofti_prjna275548,False
Wban_02932,wuchereria_bancrofti_prjna275548,False
Wban_02933,wuchereria_bancrofti_prjna275548,False
Wban_02934,wuchereria_bancrofti_prjna275548,False
Wban_02935,wuchereria_bancrofti_prjna275548,False
Wban_02936,wuchereria_bancrofti_prjna275548,False
Wban_02937,wuchereria_bancrofti_prjna275548,False
Wban_02938,wuchereria_bancrofti_prjna275548,False
Wban_02939,wuchereria_bancrofti_prjna275548,False
Wban_02940,wuchereria_bancrofti_prjna275548,False
Wban_02941,wuchereria_bancrofti_prjna275548,False
Wban_02942,wuchereria_bancrofti_prjna275548,False
Wban_02943,wuchereria_bancrofti_prjna275548,False
Wban_02944,wuchereria_bancrofti_prjna275548,False
Wban_02945,wuchereria_bancrofti_prjna275548,False
Wban_02946,wuchereria_bancrofti_prjna275548,False
Wban_02947,wuchereria_bancrofti_prjna275548,False
Wban_02948,wuchereria_bancrofti_prjna275548,False
Wban_02949,wuchereria_bancrofti_prjna275548,False
Wban_02950,wuchereria_bancrofti_prjna275548,False
Wban_02951,wuchereria_bancrofti_prjna275548,False
Wban_02952,wuchereria_bancrofti_prjna275548,False
Wban_02953,wuchereria_bancrofti_prjna275548,False
Wban_02954,wuchereria_bancrofti_prjna275548,False
Wban_02955,wuchereria_bancrofti_prjna275548,False
Wban_02956,wuchereria_bancrofti_prjna275548,False
Wban_02957,wuchereria_bancrofti_prjna275548,False
Wban_02958,wuchereria_bancrofti_prjna275548,False
Wban_02959,wuchereria_bancrofti_prjna275548,False
Wban_02960,wuchereria_bancrofti_prjna275548,False
Wban_02961,wuchereria_bancrofti_prjna275548,False
Wban_02962,wuchereria_bancrofti_prjna275548,False
Wban_02963,wuchereria_bancrofti_prjna275548,False
Wban_02964,wuchereria_bancrofti_prjna275548,False
Wban_02965,wuchereria_bancrofti_prjna275548,False
Wban_02966,wuchereria_bancrofti_prjna275548,False
Wban_02967,wuchereria_bancrofti_prjna275548,False
Wban_02968,wuchereria_bancrofti_prjna275548,False
Wban_02969,wuchereria_bancrofti_prjna275548,False
Wban_02970,wuchereria_bancrofti_prjna275548,False
Wban_02971,wuchereria_bancrofti_prjna275548,False
Wban_02972,wuchereria_bancrofti_prjna275548,False
Wban_02973,wuchereria_bancrofti_prjna275548,False
Wban_02974,wuchereria_bancrofti_prjna275548,False
Wban_02975,wuchereria_bancrofti_prjna275548,False
Wban_02976,wuchereria_bancrofti_prjna275548,False
Wban_02977,wuchereria_bancrofti_prjna275548,False
Wban_02978,wuchereria_bancrofti_prjna275548,False
Wban_02979,wuchereria_bancrofti_prjna275548,False
Wban_02980,wuchereria_bancrofti_prjna275548,False
Wban_02981,wuchereria_bancrofti_prjna275548,False
Wban_02982,wuchereria_bancrofti_prjna275548,False
Wban_02983,wuchereria_bancrofti_prjna275548,False
Wban_02984,wuchereria_bancrofti_prjna275548,False
Wban_02985,wuchereria_bancrofti_prjna275548,False
Wban_02986,wuchereria_bancrofti_prjna275548,False
Wban_02987,wuchereria_bancrofti_prjna275548,False
Wban_02988,wuchereria_bancrofti_prjna275548,False
Wban_02989,wuchereria_bancrofti_prjna275548,False
Wban_02990,wuchereria_bancrofti_prjna275548,False
Wban_02991,wuchereria_bancrofti_prjna275548,False
Wban_02992,wuchereria_bancrofti_prjna275548,False
Wban_02993,wuchereria_bancrofti_prjna275548,False
Wban_02994,wuchereria_bancrofti_prjna275548,False
Wban_02995,wuchereria_bancrofti_prjna275548,False
Wban_02996,wuchereria_bancrofti_prjna275548,False
Wban_02997,wuchereria_bancrofti_prjna275548,False
Wban_02998,wuchereria_bancrofti_prjna275548,False
Wban_02999,wuchereria_bancrofti_prjna275548,False
Wban_03000,wuchereria_bancrofti_prjna275548,False
Wban_03001,wuchereria_bancrofti_prjna275548,False
Wban_03002,wuchereria_bancrofti_prjna275548,False
Wban_03003,wuchereria_bancrofti_prjna275548,False
Wban_03004,wuchereria_bancrofti_prjna275548,False
Wban_03005,wuchereria_bancrofti_prjna275548,False
Wban_03006,wuchereria_bancrofti_prjna275548,False
Wban_03007,wuchereria_bancrofti_prjna275548,False
Wban_03008,wuchereria_bancrofti_prjna275548,False
Wban_03009,wuchereria_bancrofti_prjna275548,False
Wban_03010,wuchereria_bancrofti_prjna275548,False
Wban_03011,wuchereria_bancrofti_prjna275548,False
Wban_03012,wuchereria_bancrofti_prjna275548,False
Wban_03013,wuchereria_bancrofti_prjna275548,False
Wban_03014,wuchereria_bancrofti_prjna275548,False
Wban_03015,wuchereria_bancrofti_prjna275548,False
Wban_03016,wuchereria_bancrofti_prjna275548,False
Wban_03017,wuchereria_bancrofti_prjna275548,False
Wban_03018,wuchereria_bancrofti_prjna275548,False
Wban_03019,wuchereria_bancrofti_prjna275548,False
Wban_03020,wuchereria_bancrofti_prjna275548,False
Wban_03021,wuchereria_bancrofti_prjna275548,False
Wban_03022,wuchereria_bancrofti_prjna275548,False
Wban_03023,wuchereria_bancrofti_prjna275548,False
Wban_03024,wuchereria_bancrofti_prjna275548,False
Wban_03025,wuchereria_bancrofti_prjna275548,False
Wban_03026,wuchereria_bancrofti_prjna275548,False
Wban_03027,wuchereria_bancrofti_prjna275548,False
Wban_03028,wuchereria_bancrofti_prjna275548,False
Wban_03029,wuchereria_bancrofti_prjna275548,False
Wban_03030,wuchereria_bancrofti_prjna275548,False
Wban_03031,wuchereria_bancrofti_prjna275548,False
Wban_03032,wuchereria_bancrofti_prjna275548,False
Wban_03033,wuchereria_bancrofti_prjna275548,False
Wban_03034,wuchereria_bancrofti_prjna275548,False
Wban_03035,wuchereria_bancrofti_prjna275548,False
Wban_03036,wuchereria_bancrofti_prjna275548,False
Wban_03037,wuchereria_bancrofti_prjna275548,False
Wban_03038,wuchereria_bancrofti_prjna275548,False
Wban_03039,wuchereria_bancrofti_prjna275548,False
Wban_03040,wuchereria_bancrofti_prjna275548,False
Wban_03041,wuchereria_bancrofti_prjna275548,False
Wban_03042,wuchereria_bancrofti_prjna275548,False
Wban_03043,wuchereria_bancrofti_prjna275548,False
Wban_03044,wuchereria_bancrofti_prjna275548,False
Wban_03045,wuchereria_bancrofti_prjna275548,False
Wban_03046,wuchereria_bancrofti_prjna275548,False
Wban_03047,wuchereria_bancrofti_prjna275548,False
Wban_03048,wuchereria_bancrofti_prjna275548,False
Wban_03049,wuchereria_bancrofti_prjna275548,False
Wban_03050,wuchereria_bancrofti_prjna275548,False
Wban_03051,wuchereria_bancrofti_prjna275548,False
Wban_03052,wuchereria_bancrofti_prjna275548,False
Wban_03053,wuchereria_bancrofti_prjna275548,False
Wban_03054,wuchereria_bancrofti_prjna275548,False
Wban_03055,wuchereria_bancrofti_prjna275548,False
Wban_03056,wuchereria_bancrofti_prjna275548,False
Wban_03057,wuchereria_bancrofti_prjna275548,False
Wban_03058,wuchereria_bancrofti_prjna275548,False
Wban_03059,wuchereria_bancrofti_prjna275548,False
Wban_03060,wuchereria_bancrofti_prjna275548,False
Wban_03061,wuchereria_bancrofti_prjna275548,False
Wban_03062,wuchereria_bancrofti_prjna275548,False
Wban_03063,wuchereria_bancrofti_prjna275548,False
Wban_03064,wuchereria_bancrofti_prjna275548,False
Wban_03065,wuchereria_bancrofti_prjna275548,False
Wban_03066,wuchereria_bancrofti_prjna275548,False
Wban_03067,wuchereria_bancrofti_prjna275548,False
Wban_03068,wuchereria_bancrofti_prjna275548,False
Wban_03069,wuchereria_bancrofti_prjna275548,False
Wban_03070,wuchereria_bancrofti_prjna275548,False
Wban_03071,wuchereria_bancrofti_prjna275548,False
Wban_03072,wuchereria_bancrofti_prjna275548,False
Wban_03073,wuchereria_bancrofti_prjna275548,False
Wban_03074,wuchereria_bancrofti_prjna275548,False
Wban_03075,wuchereria_bancrofti_prjna275548,False
Wban_03076,wuchereria_bancrofti_prjna275548,False
Wban_03077,wuchereria_bancrofti_prjna275548,False
Wban_03078,wuchereria_bancrofti_prjna275548,False
Wban_03079,wuchereria_bancrofti_prjna275548,False
Wban_03080,wuchereria_bancrofti_prjna275548,False
Wban_03081,wuchereria_bancrofti_prjna275548,False
Wban_03082,wuchereria_bancrofti_prjna275548,False
Wban_03083,wuchereria_bancrofti_prjna275548,False
Wban_03084,wuchereria_bancrofti_prjna275548,False
Wban_03085,wuchereria_bancrofti_prjna275548,False
Wban_03086,wuchereria_bancrofti_prjna275548,False
Wban_03087,wuchereria_bancrofti_prjna275548,False
Wban_03088,wuchereria_bancrofti_prjna275548,False
Wban_03089,wuchereria_bancrofti_prjna275548,False
Wban_03090,wuchereria_bancrofti_prjna275548,False
Wban_03091,wuchereria_bancrofti_prjna275548,False
Wban_03092,wuchereria_bancrofti_prjna275548,False
Wban_03093,wuchereria_bancrofti_prjna275548,False
Wban_03094,wuchereria_bancrofti_prjna275548,False
Wban_03095,wuchereria_bancrofti_prjna275548,False
Wban_03096,wuchereria_bancrofti_prjna275548,False
Wban_03097,wuchereria_bancrofti_prjna275548,False
Wban_03098,wuchereria_bancrofti_prjna275548,False
Wban_03099,wuchereria_bancrofti_prjna275548,False
Wban_03100,wuchereria_bancrofti_prjna275548,False
Wban_03101,wuchereria_bancrofti_prjna275548,False
Wban_03102,wuchereria_bancrofti_prjna275548,False
Wban_03103,wuchereria_bancrofti_prjna275548,False
Wban_03104,wuchereria_bancrofti_prjna275548,False
Wban_03105,wuchereria_bancrofti_prjna275548,False
Wban_03106,wuchereria_bancrofti_prjna275548,False
Wban_03107,wuchereria_bancrofti_prjna275548,False
Wban_03108,wuchereria_bancrofti_prjna275548,False
Wban_03109,wuchereria_bancrofti_prjna275548,False
Wban_03110,wuchereria_bancrofti_prjna275548,False
Wban_03111,wuchereria_bancrofti_prjna275548,False
Wban_03112,wuchereria_bancrofti_prjna275548,False
Wban_03113,wuchereria_bancrofti_prjna275548,False
Wban_03114,wuchereria_bancrofti_prjna275548,False
Wban_03115,wuchereria_bancrofti_prjna275548,False
Wban_03116,wuchereria_bancrofti_prjna275548,False
Wban_03117,wuchereria_bancrofti_prjna275548,False
Wban_03118,wuchereria_bancrofti_prjna275548,False
Wban_03119,wuchereria_bancrofti_prjna275548,False
Wban_03120,wuchereria_bancrofti_prjna275548,False
Wban_03121,wuchereria_bancrofti_prjna275548,False
Wban_03122,wuchereria_bancrofti_prjna275548,False
Wban_03123,wuchereria_bancrofti_prjna275548,False
Wban_03124,wuchereria_bancrofti_prjna275548,False
Wban_03125,wuchereria_bancrofti_prjna275548,False
Wban_03126,wuchereria_bancrofti_prjna275548,False
Wban_03127,wuchereria_bancrofti_prjna275548,False
Wban_03128,wuchereria_bancrofti_prjna275548,False
Wban_03129,wuchereria_bancrofti_prjna275548,False
Wban_03130,wuchereria_bancrofti_prjna275548,False
Wban_03131,wuchereria_bancrofti_prjna275548,False
Wban_03132,wuchereria_bancrofti_prjna275548,False
Wban_03133,wuchereria_bancrofti_prjna275548,False
Wban_03134,wuchereria_bancrofti_prjna275548,False
Wban_03135,wuchereria_bancrofti_prjna275548,False
Wban_03136,wuchereria_bancrofti_prjna275548,False
Wban_03137,wuchereria_bancrofti_prjna275548,False
Wban_03138,wuchereria_bancrofti_prjna275548,False
Wban_03139,wuchereria_bancrofti_prjna275548,False
Wban_03140,wuchereria_bancrofti_prjna275548,False
Wban_03141,wuchereria_bancrofti_prjna275548,False
Wban_03142,wuchereria_bancrofti_prjna275548,False
Wban_03143,wuchereria_bancrofti_prjna275548,False
Wban_03144,wuchereria_bancrofti_prjna275548,False
Wban_03145,wuchereria_bancrofti_prjna275548,False
Wban_03146,wuchereria_bancrofti_prjna275548,False
Wban_03147,wuchereria_bancrofti_prjna275548,False
Wban_03148,wuchereria_bancrofti_prjna275548,False
Wban_03149,wuchereria_bancrofti_prjna275548,False
Wban_03150,wuchereria_bancrofti_prjna275548,False
Wban_03151,wuchereria_bancrofti_prjna275548,False
Wban_03152,wuchereria_bancrofti_prjna275548,False
Wban_03153,wuchereria_bancrofti_prjna275548,False
Wban_03154,wuchereria_bancrofti_prjna275548,False
Wban_03155,wuchereria_bancrofti_prjna275548,False
Wban_03156,wuchereria_bancrofti_prjna275548,False
Wban_03157,wuchereria_bancrofti_prjna275548,False
Wban_03158,wuchereria_bancrofti_prjna275548,False
Wban_03159,wuchereria_bancrofti_prjna275548,False
Wban_03160,wuchereria_bancrofti_prjna275548,False
Wban_03161,wuchereria_bancrofti_prjna275548,False
Wban_03162,wuchereria_bancrofti_prjna275548,False
Wban_03163,wuchereria_bancrofti_prjna275548,False
Wban_03164,wuchereria_bancrofti_prjna275548,False
Wban_03165,wuchereria_bancrofti_prjna275548,False
Wban_03166,wuchereria_bancrofti_prjna275548,False
Wban_03167,wuchereria_bancrofti_prjna275548,False
Wban_03168,wuchereria_bancrofti_prjna275548,False
Wban_03169,wuchereria_bancrofti_prjna275548,False
Wban_03170,wuchereria_bancrofti_prjna275548,False
Wban_03171,wuchereria_bancrofti_prjna275548,False
Wban_03172,wuchereria_bancrofti_prjna275548,False
Wban_03173,wuchereria_bancrofti_prjna275548,False
Wban_03174,wuchereria_bancrofti_prjna275548,False
Wban_03175,wuchereria_bancrofti_prjna275548,False
Wban_03176,wuchereria_bancrofti_prjna275548,False
Wban_03177,wuchereria_bancrofti_prjna275548,False
Wban_03178,wuchereria_bancrofti_prjna275548,False
Wban_03179,wuchereria_bancrofti_prjna275548,False
Wban_03180,wuchereria_bancrofti_prjna275548,False
Wban_03181,wuchereria_bancrofti_prjna275548,False
Wban_03182,wuchereria_bancrofti_prjna275548,False
Wban_03183,wuchereria_bancrofti_prjna275548,False
Wban_03184,wuchereria_bancrofti_prjna275548,False
Wban_03185,wuchereria_bancrofti_prjna275548,False
Wban_03186,wuchereria_bancrofti_prjna275548,False
Wban_03187,wuchereria_bancrofti_prjna275548,False
Wban_03188,wuchereria_bancrofti_prjna275548,False
Wban_03189,wuchereria_bancrofti_prjna275548,False
Wban_03190,wuchereria_bancrofti_prjna275548,False
Wban_03191,wuchereria_bancrofti_prjna275548,False
Wban_03192,wuchereria_bancrofti_prjna275548,False
Wban_03193,wuchereria_bancrofti_prjna275548,False
Wban_03194,wuchereria_bancrofti_prjna275548,False
Wban_03195,wuchereria_bancrofti_prjna275548,False
Wban_03196,wuchereria_bancrofti_prjna275548,False
Wban_03197,wuchereria_bancrofti_prjna275548,False
Wban_03198,wuchereria_bancrofti_prjna275548,False
Wban_03199,wuchereria_bancrofti_prjna275548,False
Wban_03200,wuchereria_bancrofti_prjna275548,False
Wban_03201,wuchereria_bancrofti_prjna275548,False
Wban_03202,wuchereria_bancrofti_prjna275548,False
Wban_03203,wuchereria_bancrofti_prjna275548,False
Wban_03204,wuchereria_bancrofti_prjna275548,False
Wban_03205,wuchereria_bancrofti_prjna275548,False
Wban_03206,wuchereria_bancrofti_prjna275548,False
Wban_03207,wuchereria_bancrofti_prjna275548,False
Wban_03208,wuchereria_bancrofti_prjna275548,False
Wban_03209,wuchereria_bancrofti_prjna275548,False
Wban_03210,wuchereria_bancrofti_prjna275548,False
Wban_03211,wuchereria_bancrofti_prjna275548,False
Wban_03212,wuchereria_bancrofti_prjna275548,False
Wban_03213,wuchereria_bancrofti_prjna275548,False
Wban_03214,wuchereria_bancrofti_prjna275548,False
Wban_03215,wuchereria_bancrofti_prjna275548,False
Wban_03216,wuchereria_bancrofti_prjna275548,False
Wban_03217,wuchereria_bancrofti_prjna275548,False
Wban_03218,wuchereria_bancrofti_prjna275548,False
Wban_03219,wuchereria_bancrofti_prjna275548,False
Wban_03220,wuchereria_bancrofti_prjna275548,False
Wban_03221,wuchereria_bancrofti_prjna275548,False
Wban_03222,wuchereria_bancrofti_prjna275548,False
Wban_03223,wuchereria_bancrofti_prjna275548,False
Wban_03224,wuchereria_bancrofti_prjna275548,False
Wban_03225,wuchereria_bancrofti_prjna275548,False
Wban_03226,wuchereria_bancrofti_prjna275548,False
Wban_03227,wuchereria_bancrofti_prjna275548,False
Wban_03228,wuchereria_bancrofti_prjna275548,False
Wban_03229,wuchereria_bancrofti_prjna275548,False
Wban_03230,wuchereria_bancrofti_prjna275548,False
Wban_03231,wuchereria_bancrofti_prjna275548,False
Wban_03232,wuchereria_bancrofti_prjna275548,False
Wban_03233,wuchereria_bancrofti_prjna275548,False
Wban_03234,wuchereria_bancrofti_prjna275548,False
Wban_03235,wuchereria_bancrofti_prjna275548,False
Wban_03236,wuchereria_bancrofti_prjna275548,False
Wban_03237,wuchereria_bancrofti_prjna275548,False
Wban_03238,wuchereria_bancrofti_prjna275548,False
Wban_03239,wuchereria_bancrofti_prjna275548,False
Wban_03240,wuchereria_bancrofti_prjna275548,False
Wban_03241,wuchereria_bancrofti_prjna275548,False
Wban_03242,wuchereria_bancrofti_prjna275548,False
Wban_03243,wuchereria_bancrofti_prjna275548,False
Wban_03244,wuchereria_bancrofti_prjna275548,False
Wban_03245,wuchereria_bancrofti_prjna275548,False
Wban_03246,wuchereria_bancrofti_prjna275548,False
Wban_03247,wuchereria_bancrofti_prjna275548,False
Wban_03248,wuchereria_bancrofti_prjna275548,False
Wban_03249,wuchereria_bancrofti_prjna275548,False
Wban_03250,wuchereria_bancrofti_prjna275548,False
Wban_03251,wuchereria_bancrofti_prjna275548,False
Wban_03252,wuchereria_bancrofti_prjna275548,False
Wban_03253,wuchereria_bancrofti_prjna275548,False
Wban_03254,wuchereria_bancrofti_prjna275548,False
Wban_03255,wuchereria_bancrofti_prjna275548,False
Wban_03256,wuchereria_bancrofti_prjna275548,False
Wban_03257,wuchereria_bancrofti_prjna275548,False
Wban_03258,wuchereria_bancrofti_prjna275548,False
Wban_03259,wuchereria_bancrofti_prjna275548,False
Wban_03260,wuchereria_bancrofti_prjna275548,False
Wban_03261,wuchereria_bancrofti_prjna275548,False
Wban_03262,wuchereria_bancrofti_prjna275548,False
Wban_03263,wuchereria_bancrofti_prjna275548,False
Wban_03264,wuchereria_bancrofti_prjna275548,False
Wban_03265,wuchereria_bancrofti_prjna275548,False
Wban_03266,wuchereria_bancrofti_prjna275548,False
Wban_03267,wuchereria_bancrofti_prjna275548,False
Wban_03268,wuchereria_bancrofti_prjna275548,False
Wban_03269,wuchereria_bancrofti_prjna275548,False
Wban_03270,wuchereria_bancrofti_prjna275548,False
Wban_03271,wuchereria_bancrofti_prjna275548,False
Wban_03272,wuchereria_bancrofti_prjna275548,False
Wban_03273,wuchereria_bancrofti_prjna275548,False
Wban_03274,wuchereria_bancrofti_prjna275548,False
Wban_03275,wuchereria_bancrofti_prjna275548,False
Wban_03276,wuchereria_bancrofti_prjna275548,False
Wban_03277,wuchereria_bancrofti_prjna275548,False
Wban_03278,wuchereria_bancrofti_prjna275548,False
Wban_03279,wuchereria_bancrofti_prjna275548,False
Wban_03280,wuchereria_bancrofti_prjna275548,False
Wban_03281,wuchereria_bancrofti_prjna275548,False
Wban_03282,wuchereria_bancrofti_prjna275548,False
Wban_03283,wuchereria_bancrofti_prjna275548,False
Wban_03284,wuchereria_bancrofti_prjna275548,False
Wban_03285,wuchereria_bancrofti_prjna275548,False
Wban_03286,wuchereria_bancrofti_prjna275548,False
Wban_03287,wuchereria_bancrofti_prjna275548,False
Wban_03288,wuchereria_bancrofti_prjna275548,False
Wban_03289,wuchereria_bancrofti_prjna275548,False
Wban_03290,wuchereria_bancrofti_prjna275548,False
Wban_03291,wuchereria_bancrofti_prjna275548,False
Wban_03292,wuchereria_bancrofti_prjna275548,False
Wban_03293,wuchereria_bancrofti_prjna275548,False
Wban_03294,wuchereria_bancrofti_prjna275548,False
Wban_03295,wuchereria_bancrofti_prjna275548,False
Wban_03296,wuchereria_bancrofti_prjna275548,False
Wban_03297,wuchereria_bancrofti_prjna275548,False
Wban_03298,wuchereria_bancrofti_prjna275548,False
Wban_03299,wuchereria_bancrofti_prjna275548,False
Wban_03300,wuchereria_bancrofti_prjna275548,False
Wban_03301,wuchereria_bancrofti_prjna275548,False
Wban_03302,wuchereria_bancrofti_prjna275548,False
Wban_03303,wuchereria_bancrofti_prjna275548,False
Wban_03304,wuchereria_bancrofti_prjna275548,False
Wban_03305,wuchereria_bancrofti_prjna275548,False
Wban_03306,wuchereria_bancrofti_prjna275548,False
Wban_03307,wuchereria_bancrofti_prjna275548,False
Wban_03308,wuchereria_bancrofti_prjna275548,False
Wban_03309,wuchereria_bancrofti_prjna275548,False
Wban_03310,wuchereria_bancrofti_prjna275548,False
Wban_03311,wuchereria_bancrofti_prjna275548,False
Wban_03312,wuchereria_bancrofti_prjna275548,False
Wban_03313,wuchereria_bancrofti_prjna275548,False
Wban_03314,wuchereria_bancrofti_prjna275548,False
Wban_03315,wuchereria_bancrofti_prjna275548,False
Wban_03316,wuchereria_bancrofti_prjna275548,False
Wban_03317,wuchereria_bancrofti_prjna275548,False
Wban_03318,wuchereria_bancrofti_prjna275548,False
Wban_03319,wuchereria_bancrofti_prjna275548,False
Wban_03320,wuchereria_bancrofti_prjna275548,False
Wban_03321,wuchereria_bancrofti_prjna275548,False
Wban_03322,wuchereria_bancrofti_prjna275548,False
Wban_03323,wuchereria_bancrofti_prjna275548,False
Wban_03324,wuchereria_bancrofti_prjna275548,False
Wban_03325,wuchereria_bancrofti_prjna275548,False
Wban_03326,wuchereria_bancrofti_prjna275548,False
Wban_03327,wuchereria_bancrofti_prjna275548,False
Wban_03328,wuchereria_bancrofti_prjna275548,False
Wban_03329,wuchereria_bancrofti_prjna275548,False
Wban_03330,wuchereria_bancrofti_prjna275548,False
Wban_03331,wuchereria_bancrofti_prjna275548,False
Wban_03332,wuchereria_bancrofti_prjna275548,False
Wban_03333,wuchereria_bancrofti_prjna275548,False
Wban_03334,wuchereria_bancrofti_prjna275548,False
Wban_03335,wuchereria_bancrofti_prjna275548,False
Wban_03336,wuchereria_bancrofti_prjna275548,False
Wban_03337,wuchereria_bancrofti_prjna275548,False
Wban_03338,wuchereria_bancrofti_prjna275548,False
Wban_03339,wuchereria_bancrofti_prjna275548,False
Wban_03340,wuchereria_bancrofti_prjna275548,False
Wban_03341,wuchereria_bancrofti_prjna275548,False
Wban_03342,wuchereria_bancrofti_prjna275548,False
Wban_03343,wuchereria_bancrofti_prjna275548,False
Wban_03344,wuchereria_bancrofti_prjna275548,False
Wban_03345,wuchereria_bancrofti_prjna275548,False
Wban_03346,wuchereria_bancrofti_prjna275548,False
Wban_03347,wuchereria_bancrofti_prjna275548,False
Wban_03348,wuchereria_bancrofti_prjna275548,False
Wban_03349,wuchereria_bancrofti_prjna275548,False
Wban_03350,wuchereria_bancrofti_prjna275548,False
Wban_03351,wuchereria_bancrofti_prjna275548,False
Wban_03352,wuchereria_bancrofti_prjna275548,False
Wban_03353,wuchereria_bancrofti_prjna275548,False
Wban_03354,wuchereria_bancrofti_prjna275548,False
Wban_03355,wuchereria_bancrofti_prjna275548,False
Wban_03356,wuchereria_bancrofti_prjna275548,False
Wban_03357,wuchereria_bancrofti_prjna275548,False
Wban_03358,wuchereria_bancrofti_prjna275548,False
Wban_03359,wuchereria_bancrofti_prjna275548,False
Wban_03360,wuchereria_bancrofti_prjna275548,False
Wban_03361,wuchereria_bancrofti_prjna275548,False
Wban_03362,wuchereria_bancrofti_prjna275548,False
Wban_03363,wuchereria_bancrofti_prjna275548,False
Wban_03364,wuchereria_bancrofti_prjna275548,False
Wban_03365,wuchereria_bancrofti_prjna275548,False
Wban_03366,wuchereria_bancrofti_prjna275548,False
Wban_03367,wuchereria_bancrofti_prjna275548,False
Wban_03368,wuchereria_bancrofti_prjna275548,False
Wban_03369,wuchereria_bancrofti_prjna275548,False
Wban_03370,wuchereria_bancrofti_prjna275548,False
Wban_03371,wuchereria_bancrofti_prjna275548,False
Wban_03372,wuchereria_bancrofti_prjna275548,False
Wban_03373,wuchereria_bancrofti_prjna275548,False
Wban_03374,wuchereria_bancrofti_prjna275548,False
Wban_03375,wuchereria_bancrofti_prjna275548,False
Wban_03376,wuchereria_bancrofti_prjna275548,False
Wban_03377,wuchereria_bancrofti_prjna275548,False
Wban_03378,wuchereria_bancrofti_prjna275548,False
Wban_03379,wuchereria_bancrofti_prjna275548,False
Wban_03380,wuchereria_bancrofti_prjna275548,False
Wban_03381,wuchereria_bancrofti_prjna275548,False
Wban_03382,wuchereria_bancrofti_prjna275548,False
Wban_03383,wuchereria_bancrofti_prjna275548,False
Wban_03384,wuchereria_bancrofti_prjna275548,False
Wban_03385,wuchereria_bancrofti_prjna275548,False
Wban_03386,wuchereria_bancrofti_prjna275548,False
Wban_03387,wuchereria_bancrofti_prjna275548,False
Wban_03388,wuchereria_bancrofti_prjna275548,False
Wban_03389,wuchereria_bancrofti_prjna275548,False
Wban_03390,wuchereria_bancrofti_prjna275548,False
Wban_03391,wuchereria_bancrofti_prjna275548,False
Wban_03392,wuchereria_bancrofti_prjna275548,False
Wban_03393,wuchereria_bancrofti_prjna275548,False
Wban_03394,wuchereria_bancrofti_prjna275548,False
Wban_03395,wuchereria_bancrofti_prjna275548,False
Wban_03396,wuchereria_bancrofti_prjna275548,False
Wban_03397,wuchereria_bancrofti_prjna275548,False
Wban_03398,wuchereria_bancrofti_prjna275548,False
Wban_03399,wuchereria_bancrofti_prjna275548,False
Wban_03400,wuchereria_bancrofti_prjna275548,False
Wban_03401,wuchereria_bancrofti_prjna275548,False
Wban_03402,wuchereria_bancrofti_prjna275548,False
Wban_03403,wuchereria_bancrofti_prjna275548,False
Wban_03404,wuchereria_bancrofti_prjna275548,False
Wban_03405,wuchereria_bancrofti_prjna275548,False
Wban_03406,wuchereria_bancrofti_prjna275548,False
Wban_03407,wuchereria_bancrofti_prjna275548,False
Wban_03408,wuchereria_bancrofti_prjna275548,False
Wban_03409,wuchereria_bancrofti_prjna275548,False
Wban_03410,wuchereria_bancrofti_prjna275548,False
Wban_03411,wuchereria_bancrofti_prjna275548,False
Wban_03412,wuchereria_bancrofti_prjna275548,False
Wban_03413,wuchereria_bancrofti_prjna275548,False
Wban_03414,wuchereria_bancrofti_prjna275548,False
Wban_03415,wuchereria_bancrofti_prjna275548,False
Wban_03416,wuchereria_bancrofti_prjna275548,False
Wban_03417,wuchereria_bancrofti_prjna275548,False
Wban_03418,wuchereria_bancrofti_prjna275548,False
Wban_03419,wuchereria_bancrofti_prjna275548,False
Wban_03420,wuchereria_bancrofti_prjna275548,False
Wban_03421,wuchereria_bancrofti_prjna275548,False
Wban_03422,wuchereria_bancrofti_prjna275548,False
Wban_03423,wuchereria_bancrofti_prjna275548,False
Wban_03424,wuchereria_bancrofti_prjna275548,False
Wban_03425,wuchereria_bancrofti_prjna275548,False
Wban_03426,wuchereria_bancrofti_prjna275548,False
Wban_03427,wuchereria_bancrofti_prjna275548,False
Wban_03428,wuchereria_bancrofti_prjna275548,False
Wban_03429,wuchereria_bancrofti_prjna275548,False
Wban_03430,wuchereria_bancrofti_prjna275548,False
Wban_03431,wuchereria_bancrofti_prjna275548,False
Wban_03432,wuchereria_bancrofti_prjna275548,False
Wban_03433,wuchereria_bancrofti_prjna275548,False
Wban_03434,wuchereria_bancrofti_prjna275548,False
Wban_03435,wuchereria_bancrofti_prjna275548,False
Wban_03436,wuchereria_bancrofti_prjna275548,False
Wban_03437,wuchereria_bancrofti_prjna275548,False
Wban_03438,wuchereria_bancrofti_prjna275548,False
Wban_03439,wuchereria_bancrofti_prjna275548,False
Wban_03440,wuchereria_bancrofti_prjna275548,False
Wban_03441,wuchereria_bancrofti_prjna275548,False
Wban_03442,wuchereria_bancrofti_prjna275548,False
Wban_03443,wuchereria_bancrofti_prjna275548,False
Wban_03444,wuchereria_bancrofti_prjna275548,False
Wban_03445,wuchereria_bancrofti_prjna275548,False
Wban_03446,wuchereria_bancrofti_prjna275548,False
Wban_03447,wuchereria_bancrofti_prjna275548,False
Wban_03448,wuchereria_bancrofti_prjna275548,False
Wban_03449,wuchereria_bancrofti_prjna275548,False
Wban_03450,wuchereria_bancrofti_prjna275548,False
Wban_03451,wuchereria_bancrofti_prjna275548,False
Wban_03452,wuchereria_bancrofti_prjna275548,False
Wban_03453,wuchereria_bancrofti_prjna275548,False
Wban_03454,wuchereria_bancrofti_prjna275548,False
Wban_03455,wuchereria_bancrofti_prjna275548,False
Wban_03456,wuchereria_bancrofti_prjna275548,False
Wban_03457,wuchereria_bancrofti_prjna275548,False
Wban_03458,wuchereria_bancrofti_prjna275548,False
Wban_03459,wuchereria_bancrofti_prjna275548,False
Wban_03460,wuchereria_bancrofti_prjna275548,False
Wban_03461,wuchereria_bancrofti_prjna275548,False
Wban_03462,wuchereria_bancrofti_prjna275548,False
Wban_03463,wuchereria_bancrofti_prjna275548,False
Wban_03464,wuchereria_bancrofti_prjna275548,False
Wban_03465,wuchereria_bancrofti_prjna275548,False
Wban_03466,wuchereria_bancrofti_prjna275548,False
Wban_03467,wuchereria_bancrofti_prjna275548,False
Wban_03468,wuchereria_bancrofti_prjna275548,False
Wban_03469,wuchereria_bancrofti_prjna275548,False
Wban_03470,wuchereria_bancrofti_prjna275548,False
Wban_03471,wuchereria_bancrofti_prjna275548,False
Wban_03472,wuchereria_bancrofti_prjna275548,False
Wban_03473,wuchereria_bancrofti_prjna275548,False
Wban_03474,wuchereria_bancrofti_prjna275548,False
Wban_03475,wuchereria_bancrofti_prjna275548,False
Wban_03476,wuchereria_bancrofti_prjna275548,False
Wban_03477,wuchereria_bancrofti_prjna275548,False
Wban_03478,wuchereria_bancrofti_prjna275548,False
Wban_03479,wuchereria_bancrofti_prjna275548,False
Wban_03480,wuchereria_bancrofti_prjna275548,False
Wban_03481,wuchereria_bancrofti_prjna275548,False
Wban_03482,wuchereria_bancrofti_prjna275548,False
Wban_03483,wuchereria_bancrofti_prjna275548,False
Wban_03484,wuchereria_bancrofti_prjna275548,False
Wban_03485,wuchereria_bancrofti_prjna275548,False
Wban_03486,wuchereria_bancrofti_prjna275548,False
Wban_03487,wuchereria_bancrofti_prjna275548,False
Wban_03488,wuchereria_bancrofti_prjna275548,False
Wban_03489,wuchereria_bancrofti_prjna275548,False
Wban_03490,wuchereria_bancrofti_prjna275548,False
Wban_03491,wuchereria_bancrofti_prjna275548,False
Wban_03492,wuchereria_bancrofti_prjna275548,False
Wban_03493,wuchereria_bancrofti_prjna275548,False
Wban_03494,wuchereria_bancrofti_prjna275548,False
Wban_03495,wuchereria_bancrofti_prjna275548,False
Wban_03496,wuchereria_bancrofti_prjna275548,False
Wban_03497,wuchereria_bancrofti_prjna275548,False
Wban_03498,wuchereria_bancrofti_prjna275548,False
Wban_03499,wuchereria_bancrofti_prjna275548,False
Wban_03500,wuchereria_bancrofti_prjna275548,False
Wban_03501,wuchereria_bancrofti_prjna275548,False
Wban_03502,wuchereria_bancrofti_prjna275548,False
Wban_03503,wuchereria_bancrofti_prjna275548,False
Wban_03504,wuchereria_bancrofti_prjna275548,False
Wban_03505,wuchereria_bancrofti_prjna275548,False
Wban_03506,wuchereria_bancrofti_prjna275548,False
Wban_03507,wuchereria_bancrofti_prjna275548,False
Wban_03508,wuchereria_bancrofti_prjna275548,False
Wban_03509,wuchereria_bancrofti_prjna275548,False
Wban_03510,wuchereria_bancrofti_prjna275548,False
Wban_03511,wuchereria_bancrofti_prjna275548,False
Wban_03512,wuchereria_bancrofti_prjna275548,False
Wban_03513,wuchereria_bancrofti_prjna275548,False
Wban_03514,wuchereria_bancrofti_prjna275548,False
Wban_03515,wuchereria_bancrofti_prjna275548,False
Wban_03516,wuchereria_bancrofti_prjna275548,False
Wban_03517,wuchereria_bancrofti_prjna275548,False
Wban_03518,wuchereria_bancrofti_prjna275548,False
Wban_03519,wuchereria_bancrofti_prjna275548,False
Wban_03520,wuchereria_bancrofti_prjna275548,False
Wban_03521,wuchereria_bancrofti_prjna275548,False
Wban_03522,wuchereria_bancrofti_prjna275548,False
Wban_03523,wuchereria_bancrofti_prjna275548,False
Wban_03524,wuchereria_bancrofti_prjna275548,False
Wban_03525,wuchereria_bancrofti_prjna275548,False
Wban_03526,wuchereria_bancrofti_prjna275548,False
Wban_03527,wuchereria_bancrofti_prjna275548,False
Wban_03528,wuchereria_bancrofti_prjna275548,False
Wban_03529,wuchereria_bancrofti_prjna275548,False
Wban_03530,wuchereria_bancrofti_prjna275548,False
Wban_03531,wuchereria_bancrofti_prjna275548,False
Wban_03532,wuchereria_bancrofti_prjna275548,False
Wban_03533,wuchereria_bancrofti_prjna275548,False
Wban_03534,wuchereria_bancrofti_prjna275548,False
Wban_03535,wuchereria_bancrofti_prjna275548,False
Wban_03536,wuchereria_bancrofti_prjna275548,False
Wban_03537,wuchereria_bancrofti_prjna275548,False
Wban_03538,wuchereria_bancrofti_prjna275548,False
Wban_03539,wuchereria_bancrofti_prjna275548,False
Wban_03540,wuchereria_bancrofti_prjna275548,False
Wban_03541,wuchereria_bancrofti_prjna275548,False
Wban_03542,wuchereria_bancrofti_prjna275548,False
Wban_03543,wuchereria_bancrofti_prjna275548,False
Wban_03544,wuchereria_bancrofti_prjna275548,False
Wban_03545,wuchereria_bancrofti_prjna275548,False
Wban_03546,wuchereria_bancrofti_prjna275548,False
Wban_03547,wuchereria_bancrofti_prjna275548,False
Wban_03548,wuchereria_bancrofti_prjna275548,False
Wban_03549,wuchereria_bancrofti_prjna275548,False
Wban_03550,wuchereria_bancrofti_prjna275548,False
Wban_03551,wuchereria_bancrofti_prjna275548,False
Wban_03552,wuchereria_bancrofti_prjna275548,False
Wban_03553,wuchereria_bancrofti_prjna275548,False
Wban_03554,wuchereria_bancrofti_prjna275548,False
Wban_03555,wuchereria_bancrofti_prjna275548,False
Wban_03556,wuchereria_bancrofti_prjna275548,False
Wban_03557,wuchereria_bancrofti_prjna275548,False
Wban_03558,wuchereria_bancrofti_prjna275548,False
Wban_03559,wuchereria_bancrofti_prjna275548,False
Wban_03560,wuchereria_bancrofti_prjna275548,False
Wban_03561,wuchereria_bancrofti_prjna275548,False
Wban_03562,wuchereria_bancrofti_prjna275548,False
Wban_03563,wuchereria_bancrofti_prjna275548,False
Wban_03564,wuchereria_bancrofti_prjna275548,False
Wban_03565,wuchereria_bancrofti_prjna275548,False
Wban_03566,wuchereria_bancrofti_prjna275548,False
Wban_03567,wuchereria_bancrofti_prjna275548,False
Wban_03568,wuchereria_bancrofti_prjna275548,False
Wban_03569,wuchereria_bancrofti_prjna275548,False
Wban_03570,wuchereria_bancrofti_prjna275548,False
Wban_03571,wuchereria_bancrofti_prjna275548,False
Wban_03572,wuchereria_bancrofti_prjna275548,False
Wban_03573,wuchereria_bancrofti_prjna275548,False
Wban_03574,wuchereria_bancrofti_prjna275548,False
Wban_03575,wuchereria_bancrofti_prjna275548,False
Wban_03576,wuchereria_bancrofti_prjna275548,False
Wban_03577,wuchereria_bancrofti_prjna275548,False
Wban_03578,wuchereria_bancrofti_prjna275548,False
Wban_03579,wuchereria_bancrofti_prjna275548,False
Wban_03580,wuchereria_bancrofti_prjna275548,False
Wban_03581,wuchereria_bancrofti_prjna275548,False
Wban_03582,wuchereria_bancrofti_prjna275548,False
Wban_03583,wuchereria_bancrofti_prjna275548,False
Wban_03584,wuchereria_bancrofti_prjna275548,False
Wban_03585,wuchereria_bancrofti_prjna275548,False
Wban_03586,wuchereria_bancrofti_prjna275548,False
Wban_03587,wuchereria_bancrofti_prjna275548,False
Wban_03588,wuchereria_bancrofti_prjna275548,False
Wban_03589,wuchereria_bancrofti_prjna275548,False
Wban_03590,wuchereria_bancrofti_prjna275548,False
Wban_03591,wuchereria_bancrofti_prjna275548,False
Wban_03592,wuchereria_bancrofti_prjna275548,False
Wban_03593,wuchereria_bancrofti_prjna275548,False
Wban_03594,wuchereria_bancrofti_prjna275548,False
Wban_03595,wuchereria_bancrofti_prjna275548,False
Wban_03596,wuchereria_bancrofti_prjna275548,False
Wban_03597,wuchereria_bancrofti_prjna275548,False
Wban_03598,wuchereria_bancrofti_prjna275548,False
Wban_03599,wuchereria_bancrofti_prjna275548,False
Wban_03600,wuchereria_bancrofti_prjna275548,False
Wban_03601,wuchereria_bancrofti_prjna275548,False
Wban_03602,wuchereria_bancrofti_prjna275548,False
Wban_03603,wuchereria_bancrofti_prjna275548,False
Wban_03604,wuchereria_bancrofti_prjna275548,False
Wban_03605,wuchereria_bancrofti_prjna275548,False
Wban_03606,wuchereria_bancrofti_prjna275548,False
Wban_03607,wuchereria_bancrofti_prjna275548,False
Wban_03608,wuchereria_bancrofti_prjna275548,False
Wban_03609,wuchereria_bancrofti_prjna275548,False
Wban_03610,wuchereria_bancrofti_prjna275548,False
Wban_03611,wuchereria_bancrofti_prjna275548,False
Wban_03612,wuchereria_bancrofti_prjna275548,False
Wban_03613,wuchereria_bancrofti_prjna275548,False
Wban_03614,wuchereria_bancrofti_prjna275548,False
Wban_03615,wuchereria_bancrofti_prjna275548,False
Wban_03616,wuchereria_bancrofti_prjna275548,False
Wban_03617,wuchereria_bancrofti_prjna275548,False
Wban_03618,wuchereria_bancrofti_prjna275548,False
Wban_03619,wuchereria_bancrofti_prjna275548,False
Wban_03620,wuchereria_bancrofti_prjna275548,False
Wban_03621,wuchereria_bancrofti_prjna275548,False
Wban_03622,wuchereria_bancrofti_prjna275548,False
Wban_03623,wuchereria_bancrofti_prjna275548,False
Wban_03624,wuchereria_bancrofti_prjna275548,False
Wban_03625,wuchereria_bancrofti_prjna275548,False
Wban_03626,wuchereria_bancrofti_prjna275548,False
Wban_03627,wuchereria_bancrofti_prjna275548,False
Wban_03628,wuchereria_bancrofti_prjna275548,False
Wban_03629,wuchereria_bancrofti_prjna275548,False
Wban_03630,wuchereria_bancrofti_prjna275548,False
Wban_03631,wuchereria_bancrofti_prjna275548,False
Wban_03632,wuchereria_bancrofti_prjna275548,False
Wban_03633,wuchereria_bancrofti_prjna275548,False
Wban_03634,wuchereria_bancrofti_prjna275548,False
Wban_03635,wuchereria_bancrofti_prjna275548,False
Wban_03636,wuchereria_bancrofti_prjna275548,False
Wban_03637,wuchereria_bancrofti_prjna275548,False
Wban_03638,wuchereria_bancrofti_prjna275548,False
Wban_03639,wuchereria_bancrofti_prjna275548,False
Wban_03640,wuchereria_bancrofti_prjna275548,False
Wban_03641,wuchereria_bancrofti_prjna275548,False
Wban_03642,wuchereria_bancrofti_prjna275548,False
Wban_03643,wuchereria_bancrofti_prjna275548,False
Wban_03644,wuchereria_bancrofti_prjna275548,False
Wban_03645,wuchereria_bancrofti_prjna275548,False
Wban_03646,wuchereria_bancrofti_prjna275548,False
Wban_03647,wuchereria_bancrofti_prjna275548,False
Wban_03648,wuchereria_bancrofti_prjna275548,False
Wban_03649,wuchereria_bancrofti_prjna275548,False
Wban_03650,wuchereria_bancrofti_prjna275548,False
Wban_03651,wuchereria_bancrofti_prjna275548,False
Wban_03652,wuchereria_bancrofti_prjna275548,False
Wban_03653,wuchereria_bancrofti_prjna275548,False
Wban_03654,wuchereria_bancrofti_prjna275548,False
Wban_03655,wuchereria_bancrofti_prjna275548,False
Wban_03656,wuchereria_bancrofti_prjna275548,False
Wban_03657,wuchereria_bancrofti_prjna275548,False
Wban_03658,wuchereria_bancrofti_prjna275548,False
Wban_03659,wuchereria_bancrofti_prjna275548,False
Wban_03660,wuchereria_bancrofti_prjna275548,False
Wban_03661,wuchereria_bancrofti_prjna275548,False
Wban_03662,wuchereria_bancrofti_prjna275548,False
Wban_03663,wuchereria_bancrofti_prjna275548,False
Wban_03664,wuchereria_bancrofti_prjna275548,False
Wban_03665,wuchereria_bancrofti_prjna275548,False
Wban_03666,wuchereria_bancrofti_prjna275548,False
Wban_03667,wuchereria_bancrofti_prjna275548,False
Wban_03668,wuchereria_bancrofti_prjna275548,False
Wban_03669,wuchereria_bancrofti_prjna275548,False
Wban_03670,wuchereria_bancrofti_prjna275548,False
Wban_03671,wuchereria_bancrofti_prjna275548,False
Wban_03672,wuchereria_bancrofti_prjna275548,False
Wban_03673,wuchereria_bancrofti_prjna275548,False
Wban_03674,wuchereria_bancrofti_prjna275548,False
Wban_03675,wuchereria_bancrofti_prjna275548,False
Wban_03676,wuchereria_bancrofti_prjna275548,False
Wban_03677,wuchereria_bancrofti_prjna275548,False
Wban_03678,wuchereria_bancrofti_prjna275548,False
Wban_03679,wuchereria_bancrofti_prjna275548,False
Wban_03680,wuchereria_bancrofti_prjna275548,False
Wban_03681,wuchereria_bancrofti_prjna275548,False
Wban_03682,wuchereria_bancrofti_prjna275548,False
Wban_03683,wuchereria_bancrofti_prjna275548,False
Wban_03684,wuchereria_bancrofti_prjna275548,False
Wban_03685,wuchereria_bancrofti_prjna275548,False
Wban_03686,wuchereria_bancrofti_prjna275548,False
Wban_03687,wuchereria_bancrofti_prjna275548,False
Wban_03688,wuchereria_bancrofti_prjna275548,False
Wban_03689,wuchereria_bancrofti_prjna275548,False
Wban_03690,wuchereria_bancrofti_prjna275548,False
Wban_03691,wuchereria_bancrofti_prjna275548,False
Wban_03692,wuchereria_bancrofti_prjna275548,False
Wban_03693,wuchereria_bancrofti_prjna275548,False
Wban_03694,wuchereria_bancrofti_prjna275548,False
Wban_03695,wuchereria_bancrofti_prjna275548,False
Wban_03696,wuchereria_bancrofti_prjna275548,False
Wban_03697,wuchereria_bancrofti_prjna275548,False
Wban_03698,wuchereria_bancrofti_prjna275548,False
Wban_03699,wuchereria_bancrofti_prjna275548,False
Wban_03700,wuchereria_bancrofti_prjna275548,False
Wban_03701,wuchereria_bancrofti_prjna275548,False
Wban_03702,wuchereria_bancrofti_prjna275548,False
Wban_03703,wuchereria_bancrofti_prjna275548,False
Wban_03704,wuchereria_bancrofti_prjna275548,False
Wban_03705,wuchereria_bancrofti_prjna275548,False
Wban_03706,wuchereria_bancrofti_prjna275548,False
Wban_03707,wuchereria_bancrofti_prjna275548,False
Wban_03708,wuchereria_bancrofti_prjna275548,False
Wban_03709,wuchereria_bancrofti_prjna275548,False
Wban_03710,wuchereria_bancrofti_prjna275548,False
Wban_03711,wuchereria_bancrofti_prjna275548,False
Wban_03712,wuchereria_bancrofti_prjna275548,False
Wban_03713,wuchereria_bancrofti_prjna275548,False
Wban_03714,wuchereria_bancrofti_prjna275548,False
Wban_03715,wuchereria_bancrofti_prjna275548,False
Wban_03716,wuchereria_bancrofti_prjna275548,False
Wban_03717,wuchereria_bancrofti_prjna275548,False
Wban_03718,wuchereria_bancrofti_prjna275548,False
Wban_03719,wuchereria_bancrofti_prjna275548,False
Wban_03720,wuchereria_bancrofti_prjna275548,False
Wban_03721,wuchereria_bancrofti_prjna275548,False
Wban_03722,wuchereria_bancrofti_prjna275548,False
Wban_03723,wuchereria_bancrofti_prjna275548,False
Wban_03724,wuchereria_bancrofti_prjna275548,False
Wban_03725,wuchereria_bancrofti_prjna275548,False
Wban_03726,wuchereria_bancrofti_prjna275548,False
Wban_03727,wuchereria_bancrofti_prjna275548,False
Wban_03728,wuchereria_bancrofti_prjna275548,False
Wban_03729,wuchereria_bancrofti_prjna275548,False
Wban_03730,wuchereria_bancrofti_prjna275548,False
Wban_03731,wuchereria_bancrofti_prjna275548,False
Wban_03732,wuchereria_bancrofti_prjna275548,False
Wban_03733,wuchereria_bancrofti_prjna275548,False
Wban_03734,wuchereria_bancrofti_prjna275548,False
Wban_03735,wuchereria_bancrofti_prjna275548,False
Wban_03736,wuchereria_bancrofti_prjna275548,False
Wban_03737,wuchereria_bancrofti_prjna275548,False
Wban_03738,wuchereria_bancrofti_prjna275548,False
Wban_03739,wuchereria_bancrofti_prjna275548,False
Wban_03740,wuchereria_bancrofti_prjna275548,False
Wban_03741,wuchereria_bancrofti_prjna275548,False
Wban_03742,wuchereria_bancrofti_prjna275548,False
Wban_03743,wuchereria_bancrofti_prjna275548,False
Wban_03744,wuchereria_bancrofti_prjna275548,False
Wban_03745,wuchereria_bancrofti_prjna275548,False
Wban_03746,wuchereria_bancrofti_prjna275548,False
Wban_03747,wuchereria_bancrofti_prjna275548,False
Wban_03748,wuchereria_bancrofti_prjna275548,False
Wban_03749,wuchereria_bancrofti_prjna275548,False
Wban_03750,wuchereria_bancrofti_prjna275548,False
Wban_03751,wuchereria_bancrofti_prjna275548,False
Wban_03752,wuchereria_bancrofti_prjna275548,False
Wban_03753,wuchereria_bancrofti_prjna275548,False
Wban_03754,wuchereria_bancrofti_prjna275548,False
Wban_03755,wuchereria_bancrofti_prjna275548,False
Wban_03756,wuchereria_bancrofti_prjna275548,False
Wban_03757,wuchereria_bancrofti_prjna275548,False
Wban_03758,wuchereria_bancrofti_prjna275548,False
Wban_03759,wuchereria_bancrofti_prjna275548,False
Wban_03760,wuchereria_bancrofti_prjna275548,False
Wban_03761,wuchereria_bancrofti_prjna275548,False
Wban_03762,wuchereria_bancrofti_prjna275548,False
Wban_03763,wuchereria_bancrofti_prjna275548,False
Wban_03764,wuchereria_bancrofti_prjna275548,False
Wban_03765,wuchereria_bancrofti_prjna275548,False
Wban_03766,wuchereria_bancrofti_prjna275548,False
Wban_03767,wuchereria_bancrofti_prjna275548,False
Wban_03768,wuchereria_bancrofti_prjna275548,False
Wban_03769,wuchereria_bancrofti_prjna275548,False
Wban_03770,wuchereria_bancrofti_prjna275548,False
Wban_03771,wuchereria_bancrofti_prjna275548,False
Wban_03772,wuchereria_bancrofti_prjna275548,False
Wban_03773,wuchereria_bancrofti_prjna275548,False
Wban_03774,wuchereria_bancrofti_prjna275548,False
Wban_03775,wuchereria_bancrofti_prjna275548,False
Wban_03776,wuchereria_bancrofti_prjna275548,False
Wban_03777,wuchereria_bancrofti_prjna275548,False
Wban_03778,wuchereria_bancrofti_prjna275548,False
Wban_03779,wuchereria_bancrofti_prjna275548,False
Wban_03780,wuchereria_bancrofti_prjna275548,False
Wban_03781,wuchereria_bancrofti_prjna275548,False
Wban_03782,wuchereria_bancrofti_prjna275548,False
Wban_03783,wuchereria_bancrofti_prjna275548,False
Wban_03784,wuchereria_bancrofti_prjna275548,False
Wban_03785,wuchereria_bancrofti_prjna275548,False
Wban_03786,wuchereria_bancrofti_prjna275548,False
Wban_03787,wuchereria_bancrofti_prjna275548,False
Wban_03788,wuchereria_bancrofti_prjna275548,False
Wban_03789,wuchereria_bancrofti_prjna275548,False
Wban_03790,wuchereria_bancrofti_prjna275548,False
Wban_03791,wuchereria_bancrofti_prjna275548,False
Wban_03792,wuchereria_bancrofti_prjna275548,False
Wban_03793,wuchereria_bancrofti_prjna275548,False
Wban_03794,wuchereria_bancrofti_prjna275548,False
Wban_03795,wuchereria_bancrofti_prjna275548,False
Wban_03796,wuchereria_bancrofti_prjna275548,False
Wban_03797,wuchereria_bancrofti_prjna275548,False
Wban_03798,wuchereria_bancrofti_prjna275548,False
Wban_03799,wuchereria_bancrofti_prjna275548,False
Wban_03800,wuchereria_bancrofti_prjna275548,False
Wban_03801,wuchereria_bancrofti_prjna275548,False
Wban_03802,wuchereria_bancrofti_prjna275548,False
Wban_03803,wuchereria_bancrofti_prjna275548,False
Wban_03804,wuchereria_bancrofti_prjna275548,False
Wban_03805,wuchereria_bancrofti_prjna275548,False
Wban_03806,wuchereria_bancrofti_prjna275548,False
Wban_03807,wuchereria_bancrofti_prjna275548,False
Wban_03808,wuchereria_bancrofti_prjna275548,False
Wban_03809,wuchereria_bancrofti_prjna275548,False
Wban_03810,wuchereria_bancrofti_prjna275548,False
Wban_03811,wuchereria_bancrofti_prjna275548,False
Wban_03812,wuchereria_bancrofti_prjna275548,False
Wban_03813,wuchereria_bancrofti_prjna275548,False
Wban_03814,wuchereria_bancrofti_prjna275548,False
Wban_03815,wuchereria_bancrofti_prjna275548,False
Wban_03816,wuchereria_bancrofti_prjna275548,False
Wban_03817,wuchereria_bancrofti_prjna275548,False
Wban_03818,wuchereria_bancrofti_prjna275548,False
Wban_03819,wuchereria_bancrofti_prjna275548,False
Wban_03820,wuchereria_bancrofti_prjna275548,False
Wban_03821,wuchereria_bancrofti_prjna275548,False
Wban_03822,wuchereria_bancrofti_prjna275548,False
Wban_03823,wuchereria_bancrofti_prjna275548,False
Wban_03824,wuchereria_bancrofti_prjna275548,False
Wban_03825,wuchereria_bancrofti_prjna275548,False
Wban_03826,wuchereria_bancrofti_prjna275548,False
Wban_03827,wuchereria_bancrofti_prjna275548,False
Wban_03828,wuchereria_bancrofti_prjna275548,False
Wban_03829,wuchereria_bancrofti_prjna275548,False
Wban_03830,wuchereria_bancrofti_prjna275548,False
Wban_03831,wuchereria_bancrofti_prjna275548,False
Wban_03832,wuchereria_bancrofti_prjna275548,False
Wban_03833,wuchereria_bancrofti_prjna275548,False
Wban_03834,wuchereria_bancrofti_prjna275548,False
Wban_03835,wuchereria_bancrofti_prjna275548,False
Wban_03836,wuchereria_bancrofti_prjna275548,False
Wban_03837,wuchereria_bancrofti_prjna275548,False
Wban_03838,wuchereria_bancrofti_prjna275548,False
Wban_03839,wuchereria_bancrofti_prjna275548,False
Wban_03840,wuchereria_bancrofti_prjna275548,False
Wban_03841,wuchereria_bancrofti_prjna275548,False
Wban_03842,wuchereria_bancrofti_prjna275548,False
Wban_03843,wuchereria_bancrofti_prjna275548,False
Wban_03844,wuchereria_bancrofti_prjna275548,False
Wban_03845,wuchereria_bancrofti_prjna275548,False
Wban_03846,wuchereria_bancrofti_prjna275548,False
Wban_03847,wuchereria_bancrofti_prjna275548,False
Wban_03848,wuchereria_bancrofti_prjna275548,False
Wban_03849,wuchereria_bancrofti_prjna275548,False
Wban_03850,wuchereria_bancrofti_prjna275548,False
Wban_03851,wuchereria_bancrofti_prjna275548,False
Wban_03852,wuchereria_bancrofti_prjna275548,False
Wban_03853,wuchereria_bancrofti_prjna275548,False
Wban_03854,wuchereria_bancrofti_prjna275548,False
Wban_03855,wuchereria_bancrofti_prjna275548,False
Wban_03856,wuchereria_bancrofti_prjna275548,False
Wban_03857,wuchereria_bancrofti_prjna275548,False
Wban_03858,wuchereria_bancrofti_prjna275548,False
Wban_03859,wuchereria_bancrofti_prjna275548,False
Wban_03860,wuchereria_bancrofti_prjna275548,False
Wban_03861,wuchereria_bancrofti_prjna275548,False
Wban_03862,wuchereria_bancrofti_prjna275548,False
Wban_03863,wuchereria_bancrofti_prjna275548,False
Wban_03864,wuchereria_bancrofti_prjna275548,False
Wban_03865,wuchereria_bancrofti_prjna275548,False
Wban_03866,wuchereria_bancrofti_prjna275548,False
Wban_03867,wuchereria_bancrofti_prjna275548,False
Wban_03868,wuchereria_bancrofti_prjna275548,False
Wban_03869,wuchereria_bancrofti_prjna275548,False
Wban_03870,wuchereria_bancrofti_prjna275548,False
Wban_03871,wuchereria_bancrofti_prjna275548,False
Wban_03872,wuchereria_bancrofti_prjna275548,False
Wban_03873,wuchereria_bancrofti_prjna275548,False
Wban_03874,wuchereria_bancrofti_prjna275548,False
Wban_03875,wuchereria_bancrofti_prjna275548,False
Wban_03876,wuchereria_bancrofti_prjna275548,False
Wban_03877,wuchereria_bancrofti_prjna275548,False
Wban_03878,wuchereria_bancrofti_prjna275548,False
Wban_03879,wuchereria_bancrofti_prjna275548,False
Wban_03880,wuchereria_bancrofti_prjna275548,False
Wban_03881,wuchereria_bancrofti_prjna275548,False
Wban_03882,wuchereria_bancrofti_prjna275548,False
Wban_03883,wuchereria_bancrofti_prjna275548,False
Wban_03884,wuchereria_bancrofti_prjna275548,False
Wban_03885,wuchereria_bancrofti_prjna275548,False
Wban_03886,wuchereria_bancrofti_prjna275548,False
Wban_03887,wuchereria_bancrofti_prjna275548,False
Wban_03888,wuchereria_bancrofti_prjna275548,False
Wban_03889,wuchereria_bancrofti_prjna275548,False
Wban_03890,wuchereria_bancrofti_prjna275548,False
Wban_03891,wuchereria_bancrofti_prjna275548,False
Wban_03892,wuchereria_bancrofti_prjna275548,False
Wban_03893,wuchereria_bancrofti_prjna275548,False
Wban_03894,wuchereria_bancrofti_prjna275548,False
Wban_03895,wuchereria_bancrofti_prjna275548,False
Wban_03896,wuchereria_bancrofti_prjna275548,False
Wban_03897,wuchereria_bancrofti_prjna275548,False
Wban_03898,wuchereria_bancrofti_prjna275548,False
Wban_03899,wuchereria_bancrofti_prjna275548,False
Wban_03900,wuchereria_bancrofti_prjna275548,False
Wban_03901,wuchereria_bancrofti_prjna275548,False
Wban_03902,wuchereria_bancrofti_prjna275548,False
Wban_03903,wuchereria_bancrofti_prjna275548,False
Wban_03904,wuchereria_bancrofti_prjna275548,False
Wban_03905,wuchereria_bancrofti_prjna275548,False
Wban_03906,wuchereria_bancrofti_prjna275548,False
Wban_03907,wuchereria_bancrofti_prjna275548,False
Wban_03908,wuchereria_bancrofti_prjna275548,False
Wban_03909,wuchereria_bancrofti_prjna275548,False
Wban_03910,wuchereria_bancrofti_prjna275548,False
Wban_03911,wuchereria_bancrofti_prjna275548,False
Wban_03912,wuchereria_bancrofti_prjna275548,False
Wban_03913,wuchereria_bancrofti_prjna275548,False
Wban_03914,wuchereria_bancrofti_prjna275548,False
Wban_03915,wuchereria_bancrofti_prjna275548,False
Wban_03916,wuchereria_bancrofti_prjna275548,False
Wban_03917,wuchereria_bancrofti_prjna275548,False
Wban_03918,wuchereria_bancrofti_prjna275548,False
Wban_03919,wuchereria_bancrofti_prjna275548,False
Wban_03920,wuchereria_bancrofti_prjna275548,False
Wban_03921,wuchereria_bancrofti_prjna275548,False
Wban_03922,wuchereria_bancrofti_prjna275548,False
Wban_03923,wuchereria_bancrofti_prjna275548,False
Wban_03924,wuchereria_bancrofti_prjna275548,False
Wban_03925,wuchereria_bancrofti_prjna275548,False
Wban_03926,wuchereria_bancrofti_prjna275548,False
Wban_03927,wuchereria_bancrofti_prjna275548,False
Wban_03928,wuchereria_bancrofti_prjna275548,False
Wban_03929,wuchereria_bancrofti_prjna275548,False
Wban_03930,wuchereria_bancrofti_prjna275548,False
Wban_03931,wuchereria_bancrofti_prjna275548,False
Wban_03932,wuchereria_bancrofti_prjna275548,False
Wban_03933,wuchereria_bancrofti_prjna275548,False
Wban_03934,wuchereria_bancrofti_prjna275548,False
Wban_03935,wuchereria_bancrofti_prjna275548,False
Wban_03936,wuchereria_bancrofti_prjna275548,False
Wban_03937,wuchereria_bancrofti_prjna275548,False
Wban_03938,wuchereria_bancrofti_prjna275548,False
Wban_03939,wuchereria_bancrofti_prjna275548,False
Wban_03940,wuchereria_bancrofti_prjna275548,False
Wban_03941,wuchereria_bancrofti_prjna275548,False
Wban_03942,wuchereria_bancrofti_prjna275548,False
Wban_03943,wuchereria_bancrofti_prjna275548,False
Wban_03944,wuchereria_bancrofti_prjna275548,False
Wban_03945,wuchereria_bancrofti_prjna275548,False
Wban_03946,wuchereria_bancrofti_prjna275548,False
Wban_03947,wuchereria_bancrofti_prjna275548,False
Wban_03948,wuchereria_bancrofti_prjna275548,False
Wban_03949,wuchereria_bancrofti_prjna275548,False
Wban_03950,wuchereria_bancrofti_prjna275548,False
Wban_03951,wuchereria_bancrofti_prjna275548,False
Wban_03952,wuchereria_bancrofti_prjna275548,False
Wban_03953,wuchereria_bancrofti_prjna275548,False
Wban_03954,wuchereria_bancrofti_prjna275548,False
Wban_03955,wuchereria_bancrofti_prjna275548,False
Wban_03956,wuchereria_bancrofti_prjna275548,False
Wban_03957,wuchereria_bancrofti_prjna275548,False
Wban_03958,wuchereria_bancrofti_prjna275548,False
Wban_03959,wuchereria_bancrofti_prjna275548,False
Wban_03960,wuchereria_bancrofti_prjna275548,False
Wban_03961,wuchereria_bancrofti_prjna275548,False
Wban_03962,wuchereria_bancrofti_prjna275548,False
Wban_03963,wuchereria_bancrofti_prjna275548,False
Wban_03964,wuchereria_bancrofti_prjna275548,False
Wban_03965,wuchereria_bancrofti_prjna275548,False
Wban_03966,wuchereria_bancrofti_prjna275548,False
Wban_03967,wuchereria_bancrofti_prjna275548,False
Wban_03968,wuchereria_bancrofti_prjna275548,False
Wban_03969,wuchereria_bancrofti_prjna275548,False
Wban_03970,wuchereria_bancrofti_prjna275548,False
Wban_03971,wuchereria_bancrofti_prjna275548,False
Wban_03972,wuchereria_bancrofti_prjna275548,False
Wban_03973,wuchereria_bancrofti_prjna275548,False
Wban_03974,wuchereria_bancrofti_prjna275548,False
Wban_03975,wuchereria_bancrofti_prjna275548,False
Wban_03976,wuchereria_bancrofti_prjna275548,False
Wban_03977,wuchereria_bancrofti_prjna275548,False
Wban_03978,wuchereria_bancrofti_prjna275548,False
Wban_03979,wuchereria_bancrofti_prjna275548,False
Wban_03980,wuchereria_bancrofti_prjna275548,False
Wban_03981,wuchereria_bancrofti_prjna275548,False
Wban_03982,wuchereria_bancrofti_prjna275548,False
Wban_03983,wuchereria_bancrofti_prjna275548,False
Wban_03984,wuchereria_bancrofti_prjna275548,False
Wban_03985,wuchereria_bancrofti_prjna275548,False
Wban_03986,wuchereria_bancrofti_prjna275548,False
Wban_03987,wuchereria_bancrofti_prjna275548,False
Wban_03988,wuchereria_bancrofti_prjna275548,False
Wban_03989,wuchereria_bancrofti_prjna275548,False
Wban_03990,wuchereria_bancrofti_prjna275548,False
Wban_03991,wuchereria_bancrofti_prjna275548,False
Wban_03992,wuchereria_bancrofti_prjna275548,False
Wban_03993,wuchereria_bancrofti_prjna275548,False
Wban_03994,wuchereria_bancrofti_prjna275548,False
Wban_03995,wuchereria_bancrofti_prjna275548,False
Wban_03996,wuchereria_bancrofti_prjna275548,False
Wban_03997,wuchereria_bancrofti_prjna275548,False
Wban_03998,wuchereria_bancrofti_prjna275548,False
Wban_03999,wuchereria_bancrofti_prjna275548,False
Wban_04000,wuchereria_bancrofti_prjna275548,False
Wban_04001,wuchereria_bancrofti_prjna275548,False
Wban_04002,wuchereria_bancrofti_prjna275548,False
Wban_04003,wuchereria_bancrofti_prjna275548,False
Wban_04004,wuchereria_bancrofti_prjna275548,False
Wban_04005,wuchereria_bancrofti_prjna275548,False
Wban_04006,wuchereria_bancrofti_prjna275548,False
Wban_04007,wuchereria_bancrofti_prjna275548,False
Wban_04008,wuchereria_bancrofti_prjna275548,False
Wban_04009,wuchereria_bancrofti_prjna275548,False
Wban_04010,wuchereria_bancrofti_prjna275548,False
Wban_04011,wuchereria_bancrofti_prjna275548,False
Wban_04012,wuchereria_bancrofti_prjna275548,False
Wban_04013,wuchereria_bancrofti_prjna275548,False
Wban_04014,wuchereria_bancrofti_prjna275548,False
Wban_04015,wuchereria_bancrofti_prjna275548,False
Wban_04016,wuchereria_bancrofti_prjna275548,False
Wban_04017,wuchereria_bancrofti_prjna275548,False
Wban_04018,wuchereria_bancrofti_prjna275548,False
Wban_04019,wuchereria_bancrofti_prjna275548,False
Wban_04020,wuchereria_bancrofti_prjna275548,False
Wban_04021,wuchereria_bancrofti_prjna275548,False
Wban_04022,wuchereria_bancrofti_prjna275548,False
Wban_04023,wuchereria_bancrofti_prjna275548,False
Wban_04024,wuchereria_bancrofti_prjna275548,False
Wban_04025,wuchereria_bancrofti_prjna275548,False
Wban_04026,wuchereria_bancrofti_prjna275548,False
Wban_04027,wuchereria_bancrofti_prjna275548,False
Wban_04028,wuchereria_bancrofti_prjna275548,False
Wban_04029,wuchereria_bancrofti_prjna275548,False
Wban_04030,wuchereria_bancrofti_prjna275548,False
Wban_04031,wuchereria_bancrofti_prjna275548,False
Wban_04032,wuchereria_bancrofti_prjna275548,False
Wban_04033,wuchereria_bancrofti_prjna275548,False
Wban_04034,wuchereria_bancrofti_prjna275548,False
Wban_04035,wuchereria_bancrofti_prjna275548,False
Wban_04036,wuchereria_bancrofti_prjna275548,False
Wban_04037,wuchereria_bancrofti_prjna275548,False
Wban_04038,wuchereria_bancrofti_prjna275548,False
Wban_04039,wuchereria_bancrofti_prjna275548,False
Wban_04040,wuchereria_bancrofti_prjna275548,False
Wban_04041,wuchereria_bancrofti_prjna275548,False
Wban_04042,wuchereria_bancrofti_prjna275548,False
Wban_04043,wuchereria_bancrofti_prjna275548,False
Wban_04044,wuchereria_bancrofti_prjna275548,False
Wban_04045,wuchereria_bancrofti_prjna275548,False
Wban_04046,wuchereria_bancrofti_prjna275548,False
Wban_04047,wuchereria_bancrofti_prjna275548,False
Wban_04048,wuchereria_bancrofti_prjna275548,False
Wban_04049,wuchereria_bancrofti_prjna275548,False
Wban_04050,wuchereria_bancrofti_prjna275548,False
Wban_04051,wuchereria_bancrofti_prjna275548,False
Wban_04052,wuchereria_bancrofti_prjna275548,False
Wban_04053,wuchereria_bancrofti_prjna275548,False
Wban_04054,wuchereria_bancrofti_prjna275548,False
Wban_04055,wuchereria_bancrofti_prjna275548,False
Wban_04056,wuchereria_bancrofti_prjna275548,False
Wban_04057,wuchereria_bancrofti_prjna275548,False
Wban_04058,wuchereria_bancrofti_prjna275548,False
Wban_04059,wuchereria_bancrofti_prjna275548,False
Wban_04060,wuchereria_bancrofti_prjna275548,False
Wban_04061,wuchereria_bancrofti_prjna275548,False
Wban_04062,wuchereria_bancrofti_prjna275548,False
Wban_04063,wuchereria_bancrofti_prjna275548,False
Wban_04064,wuchereria_bancrofti_prjna275548,False
Wban_04065,wuchereria_bancrofti_prjna275548,False
Wban_04066,wuchereria_bancrofti_prjna275548,False
Wban_04067,wuchereria_bancrofti_prjna275548,False
Wban_04068,wuchereria_bancrofti_prjna275548,False
Wban_04069,wuchereria_bancrofti_prjna275548,False
Wban_04070,wuchereria_bancrofti_prjna275548,False
Wban_04071,wuchereria_bancrofti_prjna275548,False
Wban_04072,wuchereria_bancrofti_prjna275548,False
Wban_04073,wuchereria_bancrofti_prjna275548,False
Wban_04074,wuchereria_bancrofti_prjna275548,False
Wban_04075,wuchereria_bancrofti_prjna275548,False
Wban_04076,wuchereria_bancrofti_prjna275548,False
Wban_04077,wuchereria_bancrofti_prjna275548,False
Wban_04078,wuchereria_bancrofti_prjna275548,False
Wban_04079,wuchereria_bancrofti_prjna275548,False
Wban_04080,wuchereria_bancrofti_prjna275548,False
Wban_04081,wuchereria_bancrofti_prjna275548,False
Wban_04082,wuchereria_bancrofti_prjna275548,False
Wban_04083,wuchereria_bancrofti_prjna275548,False
Wban_04084,wuchereria_bancrofti_prjna275548,False
Wban_04085,wuchereria_bancrofti_prjna275548,False
Wban_04086,wuchereria_bancrofti_prjna275548,False
Wban_04087,wuchereria_bancrofti_prjna275548,False
Wban_04088,wuchereria_bancrofti_prjna275548,False
Wban_04089,wuchereria_bancrofti_prjna275548,False
Wban_04090,wuchereria_bancrofti_prjna275548,False
Wban_04091,wuchereria_bancrofti_prjna275548,False
Wban_04092,wuchereria_bancrofti_prjna275548,False
Wban_04093,wuchereria_bancrofti_prjna275548,False
Wban_04094,wuchereria_bancrofti_prjna275548,False
Wban_04095,wuchereria_bancrofti_prjna275548,False
Wban_04096,wuchereria_bancrofti_prjna275548,False
Wban_04097,wuchereria_bancrofti_prjna275548,False
Wban_04098,wuchereria_bancrofti_prjna275548,False
Wban_04099,wuchereria_bancrofti_prjna275548,False
Wban_04100,wuchereria_bancrofti_prjna275548,False
Wban_04101,wuchereria_bancrofti_prjna275548,False
Wban_04102,wuchereria_bancrofti_prjna275548,False
Wban_04103,wuchereria_bancrofti_prjna275548,False
Wban_04104,wuchereria_bancrofti_prjna275548,False
Wban_04105,wuchereria_bancrofti_prjna275548,False
Wban_04106,wuchereria_bancrofti_prjna275548,False
Wban_04107,wuchereria_bancrofti_prjna275548,False
Wban_04108,wuchereria_bancrofti_prjna275548,False
Wban_04109,wuchereria_bancrofti_prjna275548,False
Wban_04110,wuchereria_bancrofti_prjna275548,False
Wban_04111,wuchereria_bancrofti_prjna275548,False
Wban_04112,wuchereria_bancrofti_prjna275548,False
Wban_04113,wuchereria_bancrofti_prjna275548,False
Wban_04114,wuchereria_bancrofti_prjna275548,False
Wban_04115,wuchereria_bancrofti_prjna275548,False
Wban_04116,wuchereria_bancrofti_prjna275548,False
Wban_04117,wuchereria_bancrofti_prjna275548,False
Wban_04118,wuchereria_bancrofti_prjna275548,False
Wban_04119,wuchereria_bancrofti_prjna275548,False
Wban_04120,wuchereria_bancrofti_prjna275548,False
Wban_04121,wuchereria_bancrofti_prjna275548,False
Wban_04122,wuchereria_bancrofti_prjna275548,False
Wban_04123,wuchereria_bancrofti_prjna275548,False
Wban_04124,wuchereria_bancrofti_prjna275548,False
Wban_04125,wuchereria_bancrofti_prjna275548,False
Wban_04126,wuchereria_bancrofti_prjna275548,False
Wban_04127,wuchereria_bancrofti_prjna275548,False
Wban_04128,wuchereria_bancrofti_prjna275548,False
Wban_04129,wuchereria_bancrofti_prjna275548,False
Wban_04130,wuchereria_bancrofti_prjna275548,False
Wban_04131,wuchereria_bancrofti_prjna275548,False
Wban_04132,wuchereria_bancrofti_prjna275548,False
Wban_04133,wuchereria_bancrofti_prjna275548,False
Wban_04134,wuchereria_bancrofti_prjna275548,False
Wban_04135,wuchereria_bancrofti_prjna275548,False
Wban_04136,wuchereria_bancrofti_prjna275548,False
Wban_04137,wuchereria_bancrofti_prjna275548,False
Wban_04138,wuchereria_bancrofti_prjna275548,False
Wban_04139,wuchereria_bancrofti_prjna275548,False
Wban_04140,wuchereria_bancrofti_prjna275548,False
Wban_04141,wuchereria_bancrofti_prjna275548,False
Wban_04142,wuchereria_bancrofti_prjna275548,False
Wban_04143,wuchereria_bancrofti_prjna275548,False
Wban_04144,wuchereria_bancrofti_prjna275548,False
Wban_04145,wuchereria_bancrofti_prjna275548,False
Wban_04146,wuchereria_bancrofti_prjna275548,False
Wban_04147,wuchereria_bancrofti_prjna275548,False
Wban_04148,wuchereria_bancrofti_prjna275548,False
Wban_04149,wuchereria_bancrofti_prjna275548,False
Wban_04150,wuchereria_bancrofti_prjna275548,False
Wban_04151,wuchereria_bancrofti_prjna275548,False
Wban_04152,wuchereria_bancrofti_prjna275548,False
Wban_04153,wuchereria_bancrofti_prjna275548,False
Wban_04154,wuchereria_bancrofti_prjna275548,False
Wban_04155,wuchereria_bancrofti_prjna275548,False
Wban_04156,wuchereria_bancrofti_prjna275548,False
Wban_04157,wuchereria_bancrofti_prjna275548,False
Wban_04158,wuchereria_bancrofti_prjna275548,False
Wban_04159,wuchereria_bancrofti_prjna275548,False
Wban_04160,wuchereria_bancrofti_prjna275548,False
Wban_04161,wuchereria_bancrofti_prjna275548,False
Wban_04162,wuchereria_bancrofti_prjna275548,False
Wban_04163,wuchereria_bancrofti_prjna275548,False
Wban_04164,wuchereria_bancrofti_prjna275548,False
Wban_04165,wuchereria_bancrofti_prjna275548,False
Wban_04166,wuchereria_bancrofti_prjna275548,False
Wban_04167,wuchereria_bancrofti_prjna275548,False
Wban_04168,wuchereria_bancrofti_prjna275548,False
Wban_04169,wuchereria_bancrofti_prjna275548,False
Wban_04170,wuchereria_bancrofti_prjna275548,False
Wban_04171,wuchereria_bancrofti_prjna275548,False
Wban_04172,wuchereria_bancrofti_prjna275548,False
Wban_04173,wuchereria_bancrofti_prjna275548,False
Wban_04174,wuchereria_bancrofti_prjna275548,False
Wban_04175,wuchereria_bancrofti_prjna275548,False
Wban_04176,wuchereria_bancrofti_prjna275548,False
Wban_04177,wuchereria_bancrofti_prjna275548,False
Wban_04178,wuchereria_bancrofti_prjna275548,False
Wban_04179,wuchereria_bancrofti_prjna275548,False
Wban_04180,wuchereria_bancrofti_prjna275548,False
Wban_04181,wuchereria_bancrofti_prjna275548,False
Wban_04182,wuchereria_bancrofti_prjna275548,False
Wban_04183,wuchereria_bancrofti_prjna275548,False
Wban_04184,wuchereria_bancrofti_prjna275548,False
Wban_04185,wuchereria_bancrofti_prjna275548,False
Wban_04186,wuchereria_bancrofti_prjna275548,False
Wban_04187,wuchereria_bancrofti_prjna275548,False
Wban_04188,wuchereria_bancrofti_prjna275548,False
Wban_04189,wuchereria_bancrofti_prjna275548,False
Wban_04190,wuchereria_bancrofti_prjna275548,False
Wban_04191,wuchereria_bancrofti_prjna275548,False
Wban_04192,wuchereria_bancrofti_prjna275548,False
Wban_04193,wuchereria_bancrofti_prjna275548,False
Wban_04194,wuchereria_bancrofti_prjna275548,False
Wban_04195,wuchereria_bancrofti_prjna275548,False
Wban_04196,wuchereria_bancrofti_prjna275548,False
Wban_04197,wuchereria_bancrofti_prjna275548,False
Wban_04198,wuchereria_bancrofti_prjna275548,False
Wban_04199,wuchereria_bancrofti_prjna275548,False
Wban_04200,wuchereria_bancrofti_prjna275548,False
Wban_04201,wuchereria_bancrofti_prjna275548,False
Wban_04202,wuchereria_bancrofti_prjna275548,False
Wban_04203,wuchereria_bancrofti_prjna275548,False
Wban_04204,wuchereria_bancrofti_prjna275548,False
Wban_04205,wuchereria_bancrofti_prjna275548,False
Wban_04206,wuchereria_bancrofti_prjna275548,False
Wban_04207,wuchereria_bancrofti_prjna275548,False
Wban_04208,wuchereria_bancrofti_prjna275548,False
Wban_04209,wuchereria_bancrofti_prjna275548,False
Wban_04210,wuchereria_bancrofti_prjna275548,False
Wban_04211,wuchereria_bancrofti_prjna275548,False
Wban_04212,wuchereria_bancrofti_prjna275548,False
Wban_04213,wuchereria_bancrofti_prjna275548,False
Wban_04214,wuchereria_bancrofti_prjna275548,False
Wban_04215,wuchereria_bancrofti_prjna275548,False
Wban_04216,wuchereria_bancrofti_prjna275548,False
Wban_04217,wuchereria_bancrofti_prjna275548,False
Wban_04218,wuchereria_bancrofti_prjna275548,False
Wban_04219,wuchereria_bancrofti_prjna275548,False
Wban_04220,wuchereria_bancrofti_prjna275548,False
Wban_04221,wuchereria_bancrofti_prjna275548,False
Wban_04222,wuchereria_bancrofti_prjna275548,False
Wban_04223,wuchereria_bancrofti_prjna275548,False
Wban_04224,wuchereria_bancrofti_prjna275548,False
Wban_04225,wuchereria_bancrofti_prjna275548,False
Wban_04226,wuchereria_bancrofti_prjna275548,False
Wban_04227,wuchereria_bancrofti_prjna275548,False
Wban_04228,wuchereria_bancrofti_prjna275548,False
Wban_04229,wuchereria_bancrofti_prjna275548,False
Wban_04230,wuchereria_bancrofti_prjna275548,False
Wban_04231,wuchereria_bancrofti_prjna275548,False
Wban_04232,wuchereria_bancrofti_prjna275548,False
Wban_04233,wuchereria_bancrofti_prjna275548,False
Wban_04234,wuchereria_bancrofti_prjna275548,False
Wban_04235,wuchereria_bancrofti_prjna275548,False
Wban_04236,wuchereria_bancrofti_prjna275548,False
Wban_04237,wuchereria_bancrofti_prjna275548,False
Wban_04238,wuchereria_bancrofti_prjna275548,False
Wban_04239,wuchereria_bancrofti_prjna275548,False
Wban_04240,wuchereria_bancrofti_prjna275548,False
Wban_04241,wuchereria_bancrofti_prjna275548,False
Wban_04242,wuchereria_bancrofti_prjna275548,False
Wban_04243,wuchereria_bancrofti_prjna275548,False
Wban_04244,wuchereria_bancrofti_prjna275548,False
Wban_04245,wuchereria_bancrofti_prjna275548,False
Wban_04246,wuchereria_bancrofti_prjna275548,False
Wban_04247,wuchereria_bancrofti_prjna275548,False
Wban_04248,wuchereria_bancrofti_prjna275548,False
Wban_04249,wuchereria_bancrofti_prjna275548,False
Wban_04250,wuchereria_bancrofti_prjna275548,False
Wban_04251,wuchereria_bancrofti_prjna275548,False
Wban_04252,wuchereria_bancrofti_prjna275548,False
Wban_04253,wuchereria_bancrofti_prjna275548,False
Wban_04254,wuchereria_bancrofti_prjna275548,False
Wban_04255,wuchereria_bancrofti_prjna275548,False
Wban_04256,wuchereria_bancrofti_prjna275548,False
Wban_04257,wuchereria_bancrofti_prjna275548,False
Wban_04258,wuchereria_bancrofti_prjna275548,False
Wban_04259,wuchereria_bancrofti_prjna275548,False
Wban_04260,wuchereria_bancrofti_prjna275548,False
Wban_04261,wuchereria_bancrofti_prjna275548,False
Wban_04262,wuchereria_bancrofti_prjna275548,False
Wban_04263,wuchereria_bancrofti_prjna275548,False
Wban_04264,wuchereria_bancrofti_prjna275548,False
Wban_04265,wuchereria_bancrofti_prjna275548,False
Wban_04266,wuchereria_bancrofti_prjna275548,False
Wban_04267,wuchereria_bancrofti_prjna275548,False
Wban_04268,wuchereria_bancrofti_prjna275548,False
Wban_04269,wuchereria_bancrofti_prjna275548,False
Wban_04270,wuchereria_bancrofti_prjna275548,False
Wban_04271,wuchereria_bancrofti_prjna275548,False
Wban_04272,wuchereria_bancrofti_prjna275548,False
Wban_04273,wuchereria_bancrofti_prjna275548,False
Wban_04274,wuchereria_bancrofti_prjna275548,False
Wban_04275,wuchereria_bancrofti_prjna275548,False
Wban_04276,wuchereria_bancrofti_prjna275548,False
Wban_04277,wuchereria_bancrofti_prjna275548,False
Wban_04278,wuchereria_bancrofti_prjna275548,False
Wban_04279,wuchereria_bancrofti_prjna275548,False
Wban_04280,wuchereria_bancrofti_prjna275548,False
Wban_04281,wuchereria_bancrofti_prjna275548,False
Wban_04282,wuchereria_bancrofti_prjna275548,False
Wban_04283,wuchereria_bancrofti_prjna275548,False
Wban_04284,wuchereria_bancrofti_prjna275548,False
Wban_04285,wuchereria_bancrofti_prjna275548,False
Wban_04286,wuchereria_bancrofti_prjna275548,False
Wban_04287,wuchereria_bancrofti_prjna275548,False
Wban_04288,wuchereria_bancrofti_prjna275548,False
Wban_04289,wuchereria_bancrofti_prjna275548,False
Wban_04290,wuchereria_bancrofti_prjna275548,False
Wban_04291,wuchereria_bancrofti_prjna275548,False
Wban_04292,wuchereria_bancrofti_prjna275548,False
Wban_04293,wuchereria_bancrofti_prjna275548,False
Wban_04294,wuchereria_bancrofti_prjna275548,False
Wban_04295,wuchereria_bancrofti_prjna275548,False
Wban_04296,wuchereria_bancrofti_prjna275548,False
Wban_04297,wuchereria_bancrofti_prjna275548,False
Wban_04298,wuchereria_bancrofti_prjna275548,False
Wban_04299,wuchereria_bancrofti_prjna275548,False
Wban_04300,wuchereria_bancrofti_prjna275548,False
Wban_04301,wuchereria_bancrofti_prjna275548,False
Wban_04302,wuchereria_bancrofti_prjna275548,False
Wban_04303,wuchereria_bancrofti_prjna275548,False
Wban_04304,wuchereria_bancrofti_prjna275548,False
Wban_04305,wuchereria_bancrofti_prjna275548,False
Wban_04306,wuchereria_bancrofti_prjna275548,False
Wban_04307,wuchereria_bancrofti_prjna275548,False
Wban_04308,wuchereria_bancrofti_prjna275548,False
Wban_04309,wuchereria_bancrofti_prjna275548,False
Wban_04310,wuchereria_bancrofti_prjna275548,False
Wban_04311,wuchereria_bancrofti_prjna275548,False
Wban_04312,wuchereria_bancrofti_prjna275548,False
Wban_04313,wuchereria_bancrofti_prjna275548,False
Wban_04314,wuchereria_bancrofti_prjna275548,False
Wban_04315,wuchereria_bancrofti_prjna275548,False
Wban_04316,wuchereria_bancrofti_prjna275548,False
Wban_04317,wuchereria_bancrofti_prjna275548,False
Wban_04318,wuchereria_bancrofti_prjna275548,False
Wban_04319,wuchereria_bancrofti_prjna275548,False
Wban_04320,wuchereria_bancrofti_prjna275548,False
Wban_04321,wuchereria_bancrofti_prjna275548,False
Wban_04322,wuchereria_bancrofti_prjna275548,False
Wban_04323,wuchereria_bancrofti_prjna275548,False
Wban_04324,wuchereria_bancrofti_prjna275548,False
Wban_04325,wuchereria_bancrofti_prjna275548,False
Wban_04326,wuchereria_bancrofti_prjna275548,False
Wban_04327,wuchereria_bancrofti_prjna275548,False
Wban_04328,wuchereria_bancrofti_prjna275548,False
Wban_04329,wuchereria_bancrofti_prjna275548,False
Wban_04330,wuchereria_bancrofti_prjna275548,False
Wban_04331,wuchereria_bancrofti_prjna275548,False
Wban_04332,wuchereria_bancrofti_prjna275548,False
Wban_04333,wuchereria_bancrofti_prjna275548,False
Wban_04334,wuchereria_bancrofti_prjna275548,False
Wban_04335,wuchereria_bancrofti_prjna275548,False
Wban_04336,wuchereria_bancrofti_prjna275548,False
Wban_04337,wuchereria_bancrofti_prjna275548,False
Wban_04338,wuchereria_bancrofti_prjna275548,False
Wban_04339,wuchereria_bancrofti_prjna275548,False
Wban_04340,wuchereria_bancrofti_prjna275548,False
Wban_04341,wuchereria_bancrofti_prjna275548,False
Wban_04342,wuchereria_bancrofti_prjna275548,False
Wban_04343,wuchereria_bancrofti_prjna275548,False
Wban_04344,wuchereria_bancrofti_prjna275548,False
Wban_04345,wuchereria_bancrofti_prjna275548,False
Wban_04346,wuchereria_bancrofti_prjna275548,False
Wban_04347,wuchereria_bancrofti_prjna275548,False
Wban_04348,wuchereria_bancrofti_prjna275548,False
Wban_04349,wuchereria_bancrofti_prjna275548,False
Wban_04350,wuchereria_bancrofti_prjna275548,False
Wban_04351,wuchereria_bancrofti_prjna275548,False
Wban_04352,wuchereria_bancrofti_prjna275548,False
Wban_04353,wuchereria_bancrofti_prjna275548,False
Wban_04354,wuchereria_bancrofti_prjna275548,False
Wban_04355,wuchereria_bancrofti_prjna275548,False
Wban_04356,wuchereria_bancrofti_prjna275548,False
Wban_04357,wuchereria_bancrofti_prjna275548,False
Wban_04358,wuchereria_bancrofti_prjna275548,False
Wban_04359,wuchereria_bancrofti_prjna275548,False
Wban_04360,wuchereria_bancrofti_prjna275548,False
Wban_04361,wuchereria_bancrofti_prjna275548,False
Wban_04362,wuchereria_bancrofti_prjna275548,False
Wban_04363,wuchereria_bancrofti_prjna275548,False
Wban_04364,wuchereria_bancrofti_prjna275548,False
Wban_04365,wuchereria_bancrofti_prjna275548,False
Wban_04366,wuchereria_bancrofti_prjna275548,False
Wban_04367,wuchereria_bancrofti_prjna275548,False
Wban_04368,wuchereria_bancrofti_prjna275548,False
Wban_04369,wuchereria_bancrofti_prjna275548,False
Wban_04370,wuchereria_bancrofti_prjna275548,False
Wban_04371,wuchereria_bancrofti_prjna275548,False
Wban_04372,wuchereria_bancrofti_prjna275548,False
Wban_04373,wuchereria_bancrofti_prjna275548,False
Wban_04374,wuchereria_bancrofti_prjna275548,False
Wban_04375,wuchereria_bancrofti_prjna275548,False
Wban_04376,wuchereria_bancrofti_prjna275548,False
Wban_04377,wuchereria_bancrofti_prjna275548,False
Wban_04378,wuchereria_bancrofti_prjna275548,False
Wban_04379,wuchereria_bancrofti_prjna275548,False
Wban_04380,wuchereria_bancrofti_prjna275548,False
Wban_04381,wuchereria_bancrofti_prjna275548,False
Wban_04382,wuchereria_bancrofti_prjna275548,False
Wban_04383,wuchereria_bancrofti_prjna275548,False
Wban_04384,wuchereria_bancrofti_prjna275548,False
Wban_04385,wuchereria_bancrofti_prjna275548,False
Wban_04386,wuchereria_bancrofti_prjna275548,False
Wban_04387,wuchereria_bancrofti_prjna275548,False
Wban_04388,wuchereria_bancrofti_prjna275548,False
Wban_04389,wuchereria_bancrofti_prjna275548,False
Wban_04390,wuchereria_bancrofti_prjna275548,False
Wban_04391,wuchereria_bancrofti_prjna275548,False
Wban_04392,wuchereria_bancrofti_prjna275548,False
Wban_04393,wuchereria_bancrofti_prjna275548,False
Wban_04394,wuchereria_bancrofti_prjna275548,False
Wban_04395,wuchereria_bancrofti_prjna275548,False
Wban_04396,wuchereria_bancrofti_prjna275548,False
Wban_04397,wuchereria_bancrofti_prjna275548,False
Wban_04398,wuchereria_bancrofti_prjna275548,False
Wban_04399,wuchereria_bancrofti_prjna275548,False
Wban_04400,wuchereria_bancrofti_prjna275548,False
Wban_04401,wuchereria_bancrofti_prjna275548,False
Wban_04402,wuchereria_bancrofti_prjna275548,False
Wban_04403,wuchereria_bancrofti_prjna275548,False
Wban_04404,wuchereria_bancrofti_prjna275548,False
Wban_04405,wuchereria_bancrofti_prjna275548,False
Wban_04406,wuchereria_bancrofti_prjna275548,False
Wban_04407,wuchereria_bancrofti_prjna275548,False
Wban_04408,wuchereria_bancrofti_prjna275548,False
Wban_04409,wuchereria_bancrofti_prjna275548,False
Wban_04410,wuchereria_bancrofti_prjna275548,False
Wban_04411,wuchereria_bancrofti_prjna275548,False
Wban_04412,wuchereria_bancrofti_prjna275548,False
Wban_04413,wuchereria_bancrofti_prjna275548,False
Wban_04414,wuchereria_bancrofti_prjna275548,False
Wban_04415,wuchereria_bancrofti_prjna275548,False
Wban_04416,wuchereria_bancrofti_prjna275548,False
Wban_04417,wuchereria_bancrofti_prjna275548,False
Wban_04418,wuchereria_bancrofti_prjna275548,False
Wban_04419,wuchereria_bancrofti_prjna275548,False
Wban_04420,wuchereria_bancrofti_prjna275548,False
Wban_04421,wuchereria_bancrofti_prjna275548,False
Wban_04422,wuchereria_bancrofti_prjna275548,False
Wban_04423,wuchereria_bancrofti_prjna275548,False
Wban_04424,wuchereria_bancrofti_prjna275548,False
Wban_04425,wuchereria_bancrofti_prjna275548,False
Wban_04426,wuchereria_bancrofti_prjna275548,False
Wban_04427,wuchereria_bancrofti_prjna275548,False
Wban_04428,wuchereria_bancrofti_prjna275548,False
Wban_04429,wuchereria_bancrofti_prjna275548,False
Wban_04430,wuchereria_bancrofti_prjna275548,False
Wban_04431,wuchereria_bancrofti_prjna275548,False
Wban_04432,wuchereria_bancrofti_prjna275548,False
Wban_04433,wuchereria_bancrofti_prjna275548,False
Wban_04434,wuchereria_bancrofti_prjna275548,False
Wban_04435,wuchereria_bancrofti_prjna275548,False
Wban_04436,wuchereria_bancrofti_prjna275548,False
Wban_04437,wuchereria_bancrofti_prjna275548,False
Wban_04438,wuchereria_bancrofti_prjna275548,False
Wban_04439,wuchereria_bancrofti_prjna275548,False
Wban_04440,wuchereria_bancrofti_prjna275548,False
Wban_04441,wuchereria_bancrofti_prjna275548,False
Wban_04442,wuchereria_bancrofti_prjna275548,False
Wban_04443,wuchereria_bancrofti_prjna275548,False
Wban_04444,wuchereria_bancrofti_prjna275548,False
Wban_04445,wuchereria_bancrofti_prjna275548,False
Wban_04446,wuchereria_bancrofti_prjna275548,False
Wban_04447,wuchereria_bancrofti_prjna275548,False
Wban_04448,wuchereria_bancrofti_prjna275548,False
Wban_04449,wuchereria_bancrofti_prjna275548,False
Wban_04450,wuchereria_bancrofti_prjna275548,False
Wban_04451,wuchereria_bancrofti_prjna275548,False
Wban_04452,wuchereria_bancrofti_prjna275548,False
Wban_04453,wuchereria_bancrofti_prjna275548,False
Wban_04454,wuchereria_bancrofti_prjna275548,False
Wban_04455,wuchereria_bancrofti_prjna275548,False
Wban_04456,wuchereria_bancrofti_prjna275548,False
Wban_04457,wuchereria_bancrofti_prjna275548,False
Wban_04458,wuchereria_bancrofti_prjna275548,False
Wban_04459,wuchereria_bancrofti_prjna275548,False
Wban_04460,wuchereria_bancrofti_prjna275548,False
Wban_04461,wuchereria_bancrofti_prjna275548,False
Wban_04462,wuchereria_bancrofti_prjna275548,False
Wban_04463,wuchereria_bancrofti_prjna275548,False
Wban_04464,wuchereria_bancrofti_prjna275548,False
Wban_04465,wuchereria_bancrofti_prjna275548,False
Wban_04466,wuchereria_bancrofti_prjna275548,False
Wban_04467,wuchereria_bancrofti_prjna275548,False
Wban_04468,wuchereria_bancrofti_prjna275548,False
Wban_04469,wuchereria_bancrofti_prjna275548,False
Wban_04470,wuchereria_bancrofti_prjna275548,False
Wban_04471,wuchereria_bancrofti_prjna275548,False
Wban_04472,wuchereria_bancrofti_prjna275548,False
Wban_04473,wuchereria_bancrofti_prjna275548,False
Wban_04474,wuchereria_bancrofti_prjna275548,False
Wban_04475,wuchereria_bancrofti_prjna275548,False
Wban_04476,wuchereria_bancrofti_prjna275548,False
Wban_04477,wuchereria_bancrofti_prjna275548,False
Wban_04478,wuchereria_bancrofti_prjna275548,False
Wban_04479,wuchereria_bancrofti_prjna275548,False
Wban_04480,wuchereria_bancrofti_prjna275548,False
Wban_04481,wuchereria_bancrofti_prjna275548,False
Wban_04482,wuchereria_bancrofti_prjna275548,False
Wban_04483,wuchereria_bancrofti_prjna275548,False
Wban_04484,wuchereria_bancrofti_prjna275548,False
Wban_04485,wuchereria_bancrofti_prjna275548,False
Wban_04486,wuchereria_bancrofti_prjna275548,False
Wban_04487,wuchereria_bancrofti_prjna275548,False
Wban_04488,wuchereria_bancrofti_prjna275548,False
Wban_04489,wuchereria_bancrofti_prjna275548,False
Wban_04490,wuchereria_bancrofti_prjna275548,False
Wban_04491,wuchereria_bancrofti_prjna275548,False
Wban_04492,wuchereria_bancrofti_prjna275548,False
Wban_04493,wuchereria_bancrofti_prjna275548,False
Wban_04494,wuchereria_bancrofti_prjna275548,False
Wban_04495,wuchereria_bancrofti_prjna275548,False
Wban_04496,wuchereria_bancrofti_prjna275548,False
Wban_04497,wuchereria_bancrofti_prjna275548,False
Wban_04498,wuchereria_bancrofti_prjna275548,False
Wban_04499,wuchereria_bancrofti_prjna275548,False
Wban_04500,wuchereria_bancrofti_prjna275548,False
Wban_04501,wuchereria_bancrofti_prjna275548,False
Wban_04502,wuchereria_bancrofti_prjna275548,False
Wban_04503,wuchereria_bancrofti_prjna275548,False
Wban_04504,wuchereria_bancrofti_prjna275548,False
Wban_04505,wuchereria_bancrofti_prjna275548,False
Wban_04506,wuchereria_bancrofti_prjna275548,False
Wban_04507,wuchereria_bancrofti_prjna275548,False
Wban_04508,wuchereria_bancrofti_prjna275548,False
Wban_04509,wuchereria_bancrofti_prjna275548,False
Wban_04510,wuchereria_bancrofti_prjna275548,False
Wban_04511,wuchereria_bancrofti_prjna275548,False
Wban_04512,wuchereria_bancrofti_prjna275548,False
Wban_04513,wuchereria_bancrofti_prjna275548,False
Wban_04514,wuchereria_bancrofti_prjna275548,False
Wban_04515,wuchereria_bancrofti_prjna275548,False
Wban_04516,wuchereria_bancrofti_prjna275548,False
Wban_04517,wuchereria_bancrofti_prjna275548,False
Wban_04518,wuchereria_bancrofti_prjna275548,False
Wban_04519,wuchereria_bancrofti_prjna275548,False
Wban_04520,wuchereria_bancrofti_prjna275548,False
Wban_04521,wuchereria_bancrofti_prjna275548,False
Wban_04522,wuchereria_bancrofti_prjna275548,False
Wban_04523,wuchereria_bancrofti_prjna275548,False
Wban_04524,wuchereria_bancrofti_prjna275548,False
Wban_04525,wuchereria_bancrofti_prjna275548,False
Wban_04526,wuchereria_bancrofti_prjna275548,False
Wban_04527,wuchereria_bancrofti_prjna275548,False
Wban_04528,wuchereria_bancrofti_prjna275548,False
Wban_04529,wuchereria_bancrofti_prjna275548,False
Wban_04530,wuchereria_bancrofti_prjna275548,False
Wban_04531,wuchereria_bancrofti_prjna275548,False
Wban_04532,wuchereria_bancrofti_prjna275548,False
Wban_04533,wuchereria_bancrofti_prjna275548,False
Wban_04534,wuchereria_bancrofti_prjna275548,False
Wban_04535,wuchereria_bancrofti_prjna275548,False
Wban_04536,wuchereria_bancrofti_prjna275548,False
Wban_04537,wuchereria_bancrofti_prjna275548,False
Wban_04538,wuchereria_bancrofti_prjna275548,False
Wban_04539,wuchereria_bancrofti_prjna275548,False
Wban_04540,wuchereria_bancrofti_prjna275548,False
Wban_04541,wuchereria_bancrofti_prjna275548,False
Wban_04542,wuchereria_bancrofti_prjna275548,False
Wban_04543,wuchereria_bancrofti_prjna275548,False
Wban_04544,wuchereria_bancrofti_prjna275548,False
Wban_04545,wuchereria_bancrofti_prjna275548,False
Wban_04546,wuchereria_bancrofti_prjna275548,False
Wban_04547,wuchereria_bancrofti_prjna275548,False
Wban_04548,wuchereria_bancrofti_prjna275548,False
Wban_04549,wuchereria_bancrofti_prjna275548,False
Wban_04550,wuchereria_bancrofti_prjna275548,False
Wban_04551,wuchereria_bancrofti_prjna275548,False
Wban_04552,wuchereria_bancrofti_prjna275548,False
Wban_04553,wuchereria_bancrofti_prjna275548,False
Wban_04554,wuchereria_bancrofti_prjna275548,False
Wban_04555,wuchereria_bancrofti_prjna275548,False
Wban_04556,wuchereria_bancrofti_prjna275548,False
Wban_04557,wuchereria_bancrofti_prjna275548,False
Wban_04558,wuchereria_bancrofti_prjna275548,False
Wban_04559,wuchereria_bancrofti_prjna275548,False
Wban_04560,wuchereria_bancrofti_prjna275548,False
Wban_04561,wuchereria_bancrofti_prjna275548,False
Wban_04562,wuchereria_bancrofti_prjna275548,False
Wban_04563,wuchereria_bancrofti_prjna275548,False
Wban_04564,wuchereria_bancrofti_prjna275548,False
Wban_04565,wuchereria_bancrofti_prjna275548,False
Wban_04566,wuchereria_bancrofti_prjna275548,False
Wban_04567,wuchereria_bancrofti_prjna275548,False
Wban_04568,wuchereria_bancrofti_prjna275548,False
Wban_04569,wuchereria_bancrofti_prjna275548,False
Wban_04570,wuchereria_bancrofti_prjna275548,False
Wban_04571,wuchereria_bancrofti_prjna275548,False
Wban_04572,wuchereria_bancrofti_prjna275548,False
Wban_04573,wuchereria_bancrofti_prjna275548,False
Wban_04574,wuchereria_bancrofti_prjna275548,False
Wban_04575,wuchereria_bancrofti_prjna275548,False
Wban_04576,wuchereria_bancrofti_prjna275548,False
Wban_04577,wuchereria_bancrofti_prjna275548,False
Wban_04578,wuchereria_bancrofti_prjna275548,False
Wban_04579,wuchereria_bancrofti_prjna275548,False
Wban_04580,wuchereria_bancrofti_prjna275548,False
Wban_04581,wuchereria_bancrofti_prjna275548,False
Wban_04582,wuchereria_bancrofti_prjna275548,False
Wban_04583,wuchereria_bancrofti_prjna275548,False
Wban_04584,wuchereria_bancrofti_prjna275548,False
Wban_04585,wuchereria_bancrofti_prjna275548,False
Wban_04586,wuchereria_bancrofti_prjna275548,False
Wban_04587,wuchereria_bancrofti_prjna275548,False
Wban_04588,wuchereria_bancrofti_prjna275548,False
Wban_04589,wuchereria_bancrofti_prjna275548,False
Wban_04590,wuchereria_bancrofti_prjna275548,False
Wban_04591,wuchereria_bancrofti_prjna275548,False
Wban_04592,wuchereria_bancrofti_prjna275548,False
Wban_04593,wuchereria_bancrofti_prjna275548,False
Wban_04594,wuchereria_bancrofti_prjna275548,False
Wban_04595,wuchereria_bancrofti_prjna275548,False
Wban_04596,wuchereria_bancrofti_prjna275548,False
Wban_04597,wuchereria_bancrofti_prjna275548,False
Wban_04598,wuchereria_bancrofti_prjna275548,False
Wban_04599,wuchereria_bancrofti_prjna275548,False
Wban_04600,wuchereria_bancrofti_prjna275548,False
Wban_04601,wuchereria_bancrofti_prjna275548,False
Wban_04602,wuchereria_bancrofti_prjna275548,False
Wban_04603,wuchereria_bancrofti_prjna275548,False
Wban_04604,wuchereria_bancrofti_prjna275548,False
Wban_04605,wuchereria_bancrofti_prjna275548,False
Wban_04606,wuchereria_bancrofti_prjna275548,False
Wban_04607,wuchereria_bancrofti_prjna275548,False
Wban_04608,wuchereria_bancrofti_prjna275548,False
Wban_04609,wuchereria_bancrofti_prjna275548,False
Wban_04610,wuchereria_bancrofti_prjna275548,False
Wban_04611,wuchereria_bancrofti_prjna275548,False
Wban_04612,wuchereria_bancrofti_prjna275548,False
Wban_04613,wuchereria_bancrofti_prjna275548,False
Wban_04614,wuchereria_bancrofti_prjna275548,False
Wban_04615,wuchereria_bancrofti_prjna275548,False
Wban_04616,wuchereria_bancrofti_prjna275548,False
Wban_04617,wuchereria_bancrofti_prjna275548,False
Wban_04618,wuchereria_bancrofti_prjna275548,False
Wban_04619,wuchereria_bancrofti_prjna275548,False
Wban_04620,wuchereria_bancrofti_prjna275548,False
Wban_04621,wuchereria_bancrofti_prjna275548,False
Wban_04622,wuchereria_bancrofti_prjna275548,False
Wban_04623,wuchereria_bancrofti_prjna275548,False
Wban_04624,wuchereria_bancrofti_prjna275548,False
Wban_04625,wuchereria_bancrofti_prjna275548,False
Wban_04626,wuchereria_bancrofti_prjna275548,False
Wban_04627,wuchereria_bancrofti_prjna275548,False
Wban_04628,wuchereria_bancrofti_prjna275548,False
Wban_04629,wuchereria_bancrofti_prjna275548,False
Wban_04630,wuchereria_bancrofti_prjna275548,False
Wban_04631,wuchereria_bancrofti_prjna275548,False
Wban_04632,wuchereria_bancrofti_prjna275548,False
Wban_04633,wuchereria_bancrofti_prjna275548,False
Wban_04634,wuchereria_bancrofti_prjna275548,False
Wban_04635,wuchereria_bancrofti_prjna275548,False
Wban_04636,wuchereria_bancrofti_prjna275548,False
Wban_04637,wuchereria_bancrofti_prjna275548,False
Wban_04638,wuchereria_bancrofti_prjna275548,False
Wban_04639,wuchereria_bancrofti_prjna275548,False
Wban_04640,wuchereria_bancrofti_prjna275548,False
Wban_04641,wuchereria_bancrofti_prjna275548,False
Wban_04642,wuchereria_bancrofti_prjna275548,False
Wban_04643,wuchereria_bancrofti_prjna275548,False
Wban_04644,wuchereria_bancrofti_prjna275548,False
Wban_04645,wuchereria_bancrofti_prjna275548,False
Wban_04646,wuchereria_bancrofti_prjna275548,False
Wban_04647,wuchereria_bancrofti_prjna275548,False
Wban_04648,wuchereria_bancrofti_prjna275548,False
Wban_04649,wuchereria_bancrofti_prjna275548,False
Wban_04650,wuchereria_bancrofti_prjna275548,False
Wban_04651,wuchereria_bancrofti_prjna275548,False
Wban_04652,wuchereria_bancrofti_prjna275548,False
Wban_04653,wuchereria_bancrofti_prjna275548,False
Wban_04654,wuchereria_bancrofti_prjna275548,False
Wban_04655,wuchereria_bancrofti_prjna275548,False
Wban_04656,wuchereria_bancrofti_prjna275548,False
Wban_04657,wuchereria_bancrofti_prjna275548,False
Wban_04658,wuchereria_bancrofti_prjna275548,False
Wban_04659,wuchereria_bancrofti_prjna275548,False
Wban_04660,wuchereria_bancrofti_prjna275548,False
Wban_04661,wuchereria_bancrofti_prjna275548,False
Wban_04662,wuchereria_bancrofti_prjna275548,False
Wban_04663,wuchereria_bancrofti_prjna275548,False
Wban_04664,wuchereria_bancrofti_prjna275548,False
Wban_04665,wuchereria_bancrofti_prjna275548,False
Wban_04666,wuchereria_bancrofti_prjna275548,False
Wban_04667,wuchereria_bancrofti_prjna275548,False
Wban_04668,wuchereria_bancrofti_prjna275548,False
Wban_04669,wuchereria_bancrofti_prjna275548,False
Wban_04670,wuchereria_bancrofti_prjna275548,False
Wban_04671,wuchereria_bancrofti_prjna275548,False
Wban_04672,wuchereria_bancrofti_prjna275548,False
Wban_04673,wuchereria_bancrofti_prjna275548,False
Wban_04674,wuchereria_bancrofti_prjna275548,False
Wban_04675,wuchereria_bancrofti_prjna275548,False
Wban_04676,wuchereria_bancrofti_prjna275548,False
Wban_04677,wuchereria_bancrofti_prjna275548,False
Wban_04678,wuchereria_bancrofti_prjna275548,False
Wban_04679,wuchereria_bancrofti_prjna275548,False
Wban_04680,wuchereria_bancrofti_prjna275548,False
Wban_04681,wuchereria_bancrofti_prjna275548,False
Wban_04682,wuchereria_bancrofti_prjna275548,False
Wban_04683,wuchereria_bancrofti_prjna275548,False
Wban_04684,wuchereria_bancrofti_prjna275548,False
Wban_04685,wuchereria_bancrofti_prjna275548,False
Wban_04686,wuchereria_bancrofti_prjna275548,False
Wban_04687,wuchereria_bancrofti_prjna275548,False
Wban_04688,wuchereria_bancrofti_prjna275548,False
Wban_04689,wuchereria_bancrofti_prjna275548,False
Wban_04690,wuchereria_bancrofti_prjna275548,False
Wban_04691,wuchereria_bancrofti_prjna275548,False
Wban_04692,wuchereria_bancrofti_prjna275548,False
Wban_04693,wuchereria_bancrofti_prjna275548,False
Wban_04694,wuchereria_bancrofti_prjna275548,False
Wban_04695,wuchereria_bancrofti_prjna275548,False
Wban_04696,wuchereria_bancrofti_prjna275548,False
Wban_04697,wuchereria_bancrofti_prjna275548,False
Wban_04698,wuchereria_bancrofti_prjna275548,False
Wban_04699,wuchereria_bancrofti_prjna275548,False
Wban_04700,wuchereria_bancrofti_prjna275548,False
Wban_04701,wuchereria_bancrofti_prjna275548,False
Wban_04702,wuchereria_bancrofti_prjna275548,False
Wban_04703,wuchereria_bancrofti_prjna275548,False
Wban_04704,wuchereria_bancrofti_prjna275548,False
Wban_04705,wuchereria_bancrofti_prjna275548,False
Wban_04706,wuchereria_bancrofti_prjna275548,False
Wban_04707,wuchereria_bancrofti_prjna275548,False
Wban_04708,wuchereria_bancrofti_prjna275548,False
Wban_04709,wuchereria_bancrofti_prjna275548,False
Wban_04710,wuchereria_bancrofti_prjna275548,False
Wban_04711,wuchereria_bancrofti_prjna275548,False
Wban_04712,wuchereria_bancrofti_prjna275548,False
Wban_04713,wuchereria_bancrofti_prjna275548,False
Wban_04714,wuchereria_bancrofti_prjna275548,False
Wban_04715,wuchereria_bancrofti_prjna275548,False
Wban_04716,wuchereria_bancrofti_prjna275548,False
Wban_04717,wuchereria_bancrofti_prjna275548,False
Wban_04718,wuchereria_bancrofti_prjna275548,False
Wban_04719,wuchereria_bancrofti_prjna275548,False
Wban_04720,wuchereria_bancrofti_prjna275548,False
Wban_04721,wuchereria_bancrofti_prjna275548,False
Wban_04722,wuchereria_bancrofti_prjna275548,False
Wban_04723,wuchereria_bancrofti_prjna275548,False
Wban_04724,wuchereria_bancrofti_prjna275548,False
Wban_04725,wuchereria_bancrofti_prjna275548,False
Wban_04726,wuchereria_bancrofti_prjna275548,False
Wban_04727,wuchereria_bancrofti_prjna275548,False
Wban_04728,wuchereria_bancrofti_prjna275548,False
Wban_04729,wuchereria_bancrofti_prjna275548,False
Wban_04730,wuchereria_bancrofti_prjna275548,False
Wban_04731,wuchereria_bancrofti_prjna275548,False
Wban_04732,wuchereria_bancrofti_prjna275548,False
Wban_04733,wuchereria_bancrofti_prjna275548,False
Wban_04734,wuchereria_bancrofti_prjna275548,False
Wban_04735,wuchereria_bancrofti_prjna275548,False
Wban_04736,wuchereria_bancrofti_prjna275548,False
Wban_04737,wuchereria_bancrofti_prjna275548,False
Wban_04738,wuchereria_bancrofti_prjna275548,False
Wban_04739,wuchereria_bancrofti_prjna275548,False
Wban_04740,wuchereria_bancrofti_prjna275548,False
Wban_04741,wuchereria_bancrofti_prjna275548,False
Wban_04742,wuchereria_bancrofti_prjna275548,False
Wban_04743,wuchereria_bancrofti_prjna275548,False
Wban_04744,wuchereria_bancrofti_prjna275548,False
Wban_04745,wuchereria_bancrofti_prjna275548,False
Wban_04746,wuchereria_bancrofti_prjna275548,False
Wban_04747,wuchereria_bancrofti_prjna275548,False
Wban_04748,wuchereria_bancrofti_prjna275548,False
Wban_04749,wuchereria_bancrofti_prjna275548,False
Wban_04750,wuchereria_bancrofti_prjna275548,False
Wban_04751,wuchereria_bancrofti_prjna275548,False
Wban_04752,wuchereria_bancrofti_prjna275548,False
Wban_04753,wuchereria_bancrofti_prjna275548,False
Wban_04754,wuchereria_bancrofti_prjna275548,False
Wban_04755,wuchereria_bancrofti_prjna275548,False
Wban_04756,wuchereria_bancrofti_prjna275548,False
Wban_04757,wuchereria_bancrofti_prjna275548,False
Wban_04758,wuchereria_bancrofti_prjna275548,False
Wban_04759,wuchereria_bancrofti_prjna275548,False
Wban_04760,wuchereria_bancrofti_prjna275548,False
Wban_04761,wuchereria_bancrofti_prjna275548,False
Wban_04762,wuchereria_bancrofti_prjna275548,False
Wban_04763,wuchereria_bancrofti_prjna275548,False
Wban_04764,wuchereria_bancrofti_prjna275548,False
Wban_04765,wuchereria_bancrofti_prjna275548,False
Wban_04766,wuchereria_bancrofti_prjna275548,False
Wban_04767,wuchereria_bancrofti_prjna275548,False
Wban_04768,wuchereria_bancrofti_prjna275548,False
Wban_04769,wuchereria_bancrofti_prjna275548,False
Wban_04770,wuchereria_bancrofti_prjna275548,False
Wban_04771,wuchereria_bancrofti_prjna275548,False
Wban_04772,wuchereria_bancrofti_prjna275548,False
Wban_04773,wuchereria_bancrofti_prjna275548,False
Wban_04774,wuchereria_bancrofti_prjna275548,False
Wban_04775,wuchereria_bancrofti_prjna275548,False
Wban_04776,wuchereria_bancrofti_prjna275548,False
Wban_04777,wuchereria_bancrofti_prjna275548,False
Wban_04778,wuchereria_bancrofti_prjna275548,False
Wban_04779,wuchereria_bancrofti_prjna275548,False
Wban_04780,wuchereria_bancrofti_prjna275548,False
Wban_04781,wuchereria_bancrofti_prjna275548,False
Wban_04782,wuchereria_bancrofti_prjna275548,False
Wban_04783,wuchereria_bancrofti_prjna275548,False
Wban_04784,wuchereria_bancrofti_prjna275548,False
Wban_04785,wuchereria_bancrofti_prjna275548,False
Wban_04786,wuchereria_bancrofti_prjna275548,False
Wban_04787,wuchereria_bancrofti_prjna275548,False
Wban_04788,wuchereria_bancrofti_prjna275548,False
Wban_04789,wuchereria_bancrofti_prjna275548,False
Wban_04790,wuchereria_bancrofti_prjna275548,False
Wban_04791,wuchereria_bancrofti_prjna275548,False
Wban_04792,wuchereria_bancrofti_prjna275548,False
Wban_04793,wuchereria_bancrofti_prjna275548,False
Wban_04794,wuchereria_bancrofti_prjna275548,False
Wban_04795,wuchereria_bancrofti_prjna275548,False
Wban_04796,wuchereria_bancrofti_prjna275548,False
Wban_04797,wuchereria_bancrofti_prjna275548,False
Wban_04798,wuchereria_bancrofti_prjna275548,False
Wban_04799,wuchereria_bancrofti_prjna275548,False
Wban_04800,wuchereria_bancrofti_prjna275548,False
Wban_04801,wuchereria_bancrofti_prjna275548,False
Wban_04802,wuchereria_bancrofti_prjna275548,False
Wban_04803,wuchereria_bancrofti_prjna275548,False
Wban_04804,wuchereria_bancrofti_prjna275548,False
Wban_04805,wuchereria_bancrofti_prjna275548,False
Wban_04806,wuchereria_bancrofti_prjna275548,False
Wban_04807,wuchereria_bancrofti_prjna275548,False
Wban_04808,wuchereria_bancrofti_prjna275548,False
Wban_04809,wuchereria_bancrofti_prjna275548,False
Wban_04810,wuchereria_bancrofti_prjna275548,False
Wban_04811,wuchereria_bancrofti_prjna275548,False
Wban_04812,wuchereria_bancrofti_prjna275548,False
Wban_04813,wuchereria_bancrofti_prjna275548,False
Wban_04814,wuchereria_bancrofti_prjna275548,False
Wban_04815,wuchereria_bancrofti_prjna275548,False
Wban_04816,wuchereria_bancrofti_prjna275548,False
Wban_04817,wuchereria_bancrofti_prjna275548,False
Wban_04818,wuchereria_bancrofti_prjna275548,False
Wban_04819,wuchereria_bancrofti_prjna275548,False
Wban_04820,wuchereria_bancrofti_prjna275548,False
Wban_04821,wuchereria_bancrofti_prjna275548,False
Wban_04822,wuchereria_bancrofti_prjna275548,False
Wban_04823,wuchereria_bancrofti_prjna275548,False
Wban_04824,wuchereria_bancrofti_prjna275548,False
Wban_04825,wuchereria_bancrofti_prjna275548,False
Wban_04826,wuchereria_bancrofti_prjna275548,False
Wban_04827,wuchereria_bancrofti_prjna275548,False
Wban_04828,wuchereria_bancrofti_prjna275548,False
Wban_04829,wuchereria_bancrofti_prjna275548,False
Wban_04830,wuchereria_bancrofti_prjna275548,False
Wban_04831,wuchereria_bancrofti_prjna275548,False
Wban_04832,wuchereria_bancrofti_prjna275548,False
Wban_04833,wuchereria_bancrofti_prjna275548,False
Wban_04834,wuchereria_bancrofti_prjna275548,False
Wban_04835,wuchereria_bancrofti_prjna275548,False
Wban_04836,wuchereria_bancrofti_prjna275548,False
Wban_04837,wuchereria_bancrofti_prjna275548,False
Wban_04838,wuchereria_bancrofti_prjna275548,False
Wban_04839,wuchereria_bancrofti_prjna275548,False
Wban_04840,wuchereria_bancrofti_prjna275548,False
Wban_04841,wuchereria_bancrofti_prjna275548,False
Wban_04842,wuchereria_bancrofti_prjna275548,False
Wban_04843,wuchereria_bancrofti_prjna275548,False
Wban_04844,wuchereria_bancrofti_prjna275548,False
Wban_04845,wuchereria_bancrofti_prjna275548,False
Wban_04846,wuchereria_bancrofti_prjna275548,False
Wban_04847,wuchereria_bancrofti_prjna275548,False
Wban_04848,wuchereria_bancrofti_prjna275548,False
Wban_04849,wuchereria_bancrofti_prjna275548,False
Wban_04850,wuchereria_bancrofti_prjna275548,False
Wban_04851,wuchereria_bancrofti_prjna275548,False
Wban_04852,wuchereria_bancrofti_prjna275548,False
Wban_04853,wuchereria_bancrofti_prjna275548,False
Wban_04854,wuchereria_bancrofti_prjna275548,False
Wban_04855,wuchereria_bancrofti_prjna275548,False
Wban_04856,wuchereria_bancrofti_prjna275548,False
Wban_04857,wuchereria_bancrofti_prjna275548,False
Wban_04858,wuchereria_bancrofti_prjna275548,False
Wban_04859,wuchereria_bancrofti_prjna275548,False
Wban_04860,wuchereria_bancrofti_prjna275548,False
Wban_04861,wuchereria_bancrofti_prjna275548,False
Wban_04862,wuchereria_bancrofti_prjna275548,False
Wban_04863,wuchereria_bancrofti_prjna275548,False
Wban_04864,wuchereria_bancrofti_prjna275548,False
Wban_04865,wuchereria_bancrofti_prjna275548,False
Wban_04866,wuchereria_bancrofti_prjna275548,False
Wban_04867,wuchereria_bancrofti_prjna275548,False
Wban_04868,wuchereria_bancrofti_prjna275548,False
Wban_04869,wuchereria_bancrofti_prjna275548,False
Wban_04870,wuchereria_bancrofti_prjna275548,False
Wban_04871,wuchereria_bancrofti_prjna275548,False
Wban_04872,wuchereria_bancrofti_prjna275548,False
Wban_04873,wuchereria_bancrofti_prjna275548,False
Wban_04874,wuchereria_bancrofti_prjna275548,False
Wban_04875,wuchereria_bancrofti_prjna275548,False
Wban_04876,wuchereria_bancrofti_prjna275548,False
Wban_04877,wuchereria_bancrofti_prjna275548,False
Wban_04878,wuchereria_bancrofti_prjna275548,False
Wban_04879,wuchereria_bancrofti_prjna275548,False
Wban_04880,wuchereria_bancrofti_prjna275548,False
Wban_04881,wuchereria_bancrofti_prjna275548,False
Wban_04882,wuchereria_bancrofti_prjna275548,False
Wban_04883,wuchereria_bancrofti_prjna275548,False
Wban_04884,wuchereria_bancrofti_prjna275548,False
Wban_04885,wuchereria_bancrofti_prjna275548,False
Wban_04886,wuchereria_bancrofti_prjna275548,False
Wban_04887,wuchereria_bancrofti_prjna275548,False
Wban_04888,wuchereria_bancrofti_prjna275548,False
Wban_04889,wuchereria_bancrofti_prjna275548,False
Wban_04890,wuchereria_bancrofti_prjna275548,False
Wban_04891,wuchereria_bancrofti_prjna275548,False
Wban_04892,wuchereria_bancrofti_prjna275548,False
Wban_04893,wuchereria_bancrofti_prjna275548,False
Wban_04894,wuchereria_bancrofti_prjna275548,False
Wban_04895,wuchereria_bancrofti_prjna275548,False
Wban_04896,wuchereria_bancrofti_prjna275548,False
Wban_04897,wuchereria_bancrofti_prjna275548,False
Wban_04898,wuchereria_bancrofti_prjna275548,False
Wban_04899,wuchereria_bancrofti_prjna275548,False
Wban_04900,wuchereria_bancrofti_prjna275548,False
Wban_04901,wuchereria_bancrofti_prjna275548,False
Wban_04902,wuchereria_bancrofti_prjna275548,False
Wban_04903,wuchereria_bancrofti_prjna275548,False
Wban_04904,wuchereria_bancrofti_prjna275548,False
Wban_04905,wuchereria_bancrofti_prjna275548,False
Wban_04906,wuchereria_bancrofti_prjna275548,False
Wban_04907,wuchereria_bancrofti_prjna275548,False
Wban_04908,wuchereria_bancrofti_prjna275548,False
Wban_04909,wuchereria_bancrofti_prjna275548,False
Wban_04910,wuchereria_bancrofti_prjna275548,False
Wban_04911,wuchereria_bancrofti_prjna275548,False
Wban_04912,wuchereria_bancrofti_prjna275548,False
Wban_04913,wuchereria_bancrofti_prjna275548,False
Wban_04914,wuchereria_bancrofti_prjna275548,False
Wban_04915,wuchereria_bancrofti_prjna275548,False
Wban_04916,wuchereria_bancrofti_prjna275548,False
Wban_04917,wuchereria_bancrofti_prjna275548,False
Wban_04918,wuchereria_bancrofti_prjna275548,False
Wban_04919,wuchereria_bancrofti_prjna275548,False
Wban_04920,wuchereria_bancrofti_prjna275548,False
Wban_04921,wuchereria_bancrofti_prjna275548,False
Wban_04922,wuchereria_bancrofti_prjna275548,False
Wban_04923,wuchereria_bancrofti_prjna275548,False
Wban_04924,wuchereria_bancrofti_prjna275548,False
Wban_04925,wuchereria_bancrofti_prjna275548,False
Wban_04926,wuchereria_bancrofti_prjna275548,False
Wban_04927,wuchereria_bancrofti_prjna275548,False
Wban_04928,wuchereria_bancrofti_prjna275548,False
Wban_04929,wuchereria_bancrofti_prjna275548,False
Wban_04930,wuchereria_bancrofti_prjna275548,False
Wban_04931,wuchereria_bancrofti_prjna275548,False
Wban_04932,wuchereria_bancrofti_prjna275548,False
Wban_04933,wuchereria_bancrofti_prjna275548,False
Wban_04934,wuchereria_bancrofti_prjna275548,False
Wban_04935,wuchereria_bancrofti_prjna275548,False
Wban_04936,wuchereria_bancrofti_prjna275548,False
Wban_04937,wuchereria_bancrofti_prjna275548,False
Wban_04938,wuchereria_bancrofti_prjna275548,False
Wban_04939,wuchereria_bancrofti_prjna275548,False
Wban_04940,wuchereria_bancrofti_prjna275548,False
Wban_04941,wuchereria_bancrofti_prjna275548,False
Wban_04942,wuchereria_bancrofti_prjna275548,False
Wban_04943,wuchereria_bancrofti_prjna275548,False
Wban_04944,wuchereria_bancrofti_prjna275548,False
Wban_04945,wuchereria_bancrofti_prjna275548,False
Wban_04946,wuchereria_bancrofti_prjna275548,False
Wban_04947,wuchereria_bancrofti_prjna275548,False
Wban_04948,wuchereria_bancrofti_prjna275548,False
Wban_04949,wuchereria_bancrofti_prjna275548,False
Wban_04950,wuchereria_bancrofti_prjna275548,False
Wban_04951,wuchereria_bancrofti_prjna275548,False
Wban_04952,wuchereria_bancrofti_prjna275548,False
Wban_04953,wuchereria_bancrofti_prjna275548,False
Wban_04954,wuchereria_bancrofti_prjna275548,False
Wban_04955,wuchereria_bancrofti_prjna275548,False
Wban_04956,wuchereria_bancrofti_prjna275548,False
Wban_04957,wuchereria_bancrofti_prjna275548,False
Wban_04958,wuchereria_bancrofti_prjna275548,False
Wban_04959,wuchereria_bancrofti_prjna275548,False
Wban_04960,wuchereria_bancrofti_prjna275548,False
Wban_04961,wuchereria_bancrofti_prjna275548,False
Wban_04962,wuchereria_bancrofti_prjna275548,False
Wban_04963,wuchereria_bancrofti_prjna275548,False
Wban_04964,wuchereria_bancrofti_prjna275548,False
Wban_04965,wuchereria_bancrofti_prjna275548,False
Wban_04966,wuchereria_bancrofti_prjna275548,False
Wban_04967,wuchereria_bancrofti_prjna275548,False
Wban_04968,wuchereria_bancrofti_prjna275548,False
Wban_04969,wuchereria_bancrofti_prjna275548,False
Wban_04970,wuchereria_bancrofti_prjna275548,False
Wban_04971,wuchereria_bancrofti_prjna275548,False
Wban_04972,wuchereria_bancrofti_prjna275548,False
Wban_04973,wuchereria_bancrofti_prjna275548,False
Wban_04974,wuchereria_bancrofti_prjna275548,False
Wban_04975,wuchereria_bancrofti_prjna275548,False
Wban_04976,wuchereria_bancrofti_prjna275548,False
Wban_04977,wuchereria_bancrofti_prjna275548,False
Wban_04978,wuchereria_bancrofti_prjna275548,False
Wban_04979,wuchereria_bancrofti_prjna275548,False
Wban_04980,wuchereria_bancrofti_prjna275548,False
Wban_04981,wuchereria_bancrofti_prjna275548,False
Wban_04982,wuchereria_bancrofti_prjna275548,False
Wban_04983,wuchereria_bancrofti_prjna275548,False
Wban_04984,wuchereria_bancrofti_prjna275548,False
Wban_04985,wuchereria_bancrofti_prjna275548,False
Wban_04986,wuchereria_bancrofti_prjna275548,False
Wban_04987,wuchereria_bancrofti_prjna275548,False
Wban_04988,wuchereria_bancrofti_prjna275548,False
Wban_04989,wuchereria_bancrofti_prjna275548,False
Wban_04990,wuchereria_bancrofti_prjna275548,False
Wban_04991,wuchereria_bancrofti_prjna275548,False
Wban_04992,wuchereria_bancrofti_prjna275548,False
Wban_04993,wuchereria_bancrofti_prjna275548,False
Wban_04994,wuchereria_bancrofti_prjna275548,False
Wban_04995,wuchereria_bancrofti_prjna275548,False
Wban_04996,wuchereria_bancrofti_prjna275548,False
Wban_04997,wuchereria_bancrofti_prjna275548,False
Wban_04998,wuchereria_bancrofti_prjna275548,False
Wban_04999,wuchereria_bancrofti_prjna275548,False
Wban_05000,wuchereria_bancrofti_prjna275548,False
Wban_05001,wuchereria_bancrofti_prjna275548,False
Wban_05002,wuchereria_bancrofti_prjna275548,False
Wban_05003,wuchereria_bancrofti_prjna275548,False
Wban_05004,wuchereria_bancrofti_prjna275548,False
Wban_05005,wuchereria_bancrofti_prjna275548,False
Wban_05006,wuchereria_bancrofti_prjna275548,False
Wban_05007,wuchereria_bancrofti_prjna275548,False
Wban_05008,wuchereria_bancrofti_prjna275548,False
Wban_05009,wuchereria_bancrofti_prjna275548,False
Wban_05010,wuchereria_bancrofti_prjna275548,False
Wban_05011,wuchereria_bancrofti_prjna275548,False
Wban_05012,wuchereria_bancrofti_prjna275548,False
Wban_05013,wuchereria_bancrofti_prjna275548,False
Wban_05014,wuchereria_bancrofti_prjna275548,False
Wban_05015,wuchereria_bancrofti_prjna275548,False
Wban_05016,wuchereria_bancrofti_prjna275548,False
Wban_05017,wuchereria_bancrofti_prjna275548,False
Wban_05018,wuchereria_bancrofti_prjna275548,False
Wban_05019,wuchereria_bancrofti_prjna275548,False
Wban_05020,wuchereria_bancrofti_prjna275548,False
Wban_05021,wuchereria_bancrofti_prjna275548,False
Wban_05022,wuchereria_bancrofti_prjna275548,False
Wban_05023,wuchereria_bancrofti_prjna275548,False
Wban_05024,wuchereria_bancrofti_prjna275548,False
Wban_05025,wuchereria_bancrofti_prjna275548,False
Wban_05026,wuchereria_bancrofti_prjna275548,False
Wban_05027,wuchereria_bancrofti_prjna275548,False
Wban_05028,wuchereria_bancrofti_prjna275548,False
Wban_05029,wuchereria_bancrofti_prjna275548,False
Wban_05030,wuchereria_bancrofti_prjna275548,False
Wban_05031,wuchereria_bancrofti_prjna275548,False
Wban_05032,wuchereria_bancrofti_prjna275548,False
Wban_05033,wuchereria_bancrofti_prjna275548,False
Wban_05034,wuchereria_bancrofti_prjna275548,False
Wban_05035,wuchereria_bancrofti_prjna275548,False
Wban_05036,wuchereria_bancrofti_prjna275548,False
Wban_05037,wuchereria_bancrofti_prjna275548,False
Wban_05038,wuchereria_bancrofti_prjna275548,False
Wban_05039,wuchereria_bancrofti_prjna275548,False
Wban_05040,wuchereria_bancrofti_prjna275548,False
Wban_05041,wuchereria_bancrofti_prjna275548,False
Wban_05042,wuchereria_bancrofti_prjna275548,False
Wban_05043,wuchereria_bancrofti_prjna275548,False
Wban_05044,wuchereria_bancrofti_prjna275548,False
Wban_05045,wuchereria_bancrofti_prjna275548,False
Wban_05046,wuchereria_bancrofti_prjna275548,False
Wban_05047,wuchereria_bancrofti_prjna275548,False
Wban_05048,wuchereria_bancrofti_prjna275548,False
Wban_05049,wuchereria_bancrofti_prjna275548,False
Wban_05050,wuchereria_bancrofti_prjna275548,False
Wban_05051,wuchereria_bancrofti_prjna275548,False
Wban_05052,wuchereria_bancrofti_prjna275548,False
Wban_05053,wuchereria_bancrofti_prjna275548,False
Wban_05054,wuchereria_bancrofti_prjna275548,False
Wban_05055,wuchereria_bancrofti_prjna275548,False
Wban_05056,wuchereria_bancrofti_prjna275548,False
Wban_05057,wuchereria_bancrofti_prjna275548,False
Wban_05058,wuchereria_bancrofti_prjna275548,False
Wban_05059,wuchereria_bancrofti_prjna275548,False
Wban_05060,wuchereria_bancrofti_prjna275548,False
Wban_05061,wuchereria_bancrofti_prjna275548,False
Wban_05062,wuchereria_bancrofti_prjna275548,False
Wban_05063,wuchereria_bancrofti_prjna275548,False
Wban_05064,wuchereria_bancrofti_prjna275548,False
Wban_05065,wuchereria_bancrofti_prjna275548,False
Wban_05066,wuchereria_bancrofti_prjna275548,False
Wban_05067,wuchereria_bancrofti_prjna275548,False
Wban_05068,wuchereria_bancrofti_prjna275548,False
Wban_05069,wuchereria_bancrofti_prjna275548,False
Wban_05070,wuchereria_bancrofti_prjna275548,False
Wban_05071,wuchereria_bancrofti_prjna275548,False
Wban_05072,wuchereria_bancrofti_prjna275548,False
Wban_05073,wuchereria_bancrofti_prjna275548,False
Wban_05074,wuchereria_bancrofti_prjna275548,False
Wban_05075,wuchereria_bancrofti_prjna275548,False
Wban_05076,wuchereria_bancrofti_prjna275548,False
Wban_05077,wuchereria_bancrofti_prjna275548,False
Wban_05078,wuchereria_bancrofti_prjna275548,False
Wban_05079,wuchereria_bancrofti_prjna275548,False
Wban_05080,wuchereria_bancrofti_prjna275548,False
Wban_05081,wuchereria_bancrofti_prjna275548,False
Wban_05082,wuchereria_bancrofti_prjna275548,False
Wban_05083,wuchereria_bancrofti_prjna275548,False
Wban_05084,wuchereria_bancrofti_prjna275548,False
Wban_05085,wuchereria_bancrofti_prjna275548,False
Wban_05086,wuchereria_bancrofti_prjna275548,False
Wban_05087,wuchereria_bancrofti_prjna275548,False
Wban_05088,wuchereria_bancrofti_prjna275548,False
Wban_05089,wuchereria_bancrofti_prjna275548,False
Wban_05090,wuchereria_bancrofti_prjna275548,False
Wban_05091,wuchereria_bancrofti_prjna275548,False
Wban_05092,wuchereria_bancrofti_prjna275548,False
Wban_05093,wuchereria_bancrofti_prjna275548,False
Wban_05094,wuchereria_bancrofti_prjna275548,False
Wban_05095,wuchereria_bancrofti_prjna275548,False
Wban_05096,wuchereria_bancrofti_prjna275548,False
Wban_05097,wuchereria_bancrofti_prjna275548,False
Wban_05098,wuchereria_bancrofti_prjna275548,False
Wban_05099,wuchereria_bancrofti_prjna275548,False
Wban_05100,wuchereria_bancrofti_prjna275548,False
Wban_05101,wuchereria_bancrofti_prjna275548,False
Wban_05102,wuchereria_bancrofti_prjna275548,False
Wban_05103,wuchereria_bancrofti_prjna275548,False
Wban_05104,wuchereria_bancrofti_prjna275548,False
Wban_05105,wuchereria_bancrofti_prjna275548,False
Wban_05106,wuchereria_bancrofti_prjna275548,False
Wban_05107,wuchereria_bancrofti_prjna275548,False
Wban_05108,wuchereria_bancrofti_prjna275548,False
Wban_05109,wuchereria_bancrofti_prjna275548,False
Wban_05110,wuchereria_bancrofti_prjna275548,False
Wban_05111,wuchereria_bancrofti_prjna275548,False
Wban_05112,wuchereria_bancrofti_prjna275548,False
Wban_05113,wuchereria_bancrofti_prjna275548,False
Wban_05114,wuchereria_bancrofti_prjna275548,False
Wban_05115,wuchereria_bancrofti_prjna275548,False
Wban_05116,wuchereria_bancrofti_prjna275548,False
Wban_05117,wuchereria_bancrofti_prjna275548,False
Wban_05118,wuchereria_bancrofti_prjna275548,False
Wban_05119,wuchereria_bancrofti_prjna275548,False
Wban_05120,wuchereria_bancrofti_prjna275548,False
Wban_05121,wuchereria_bancrofti_prjna275548,False
Wban_05122,wuchereria_bancrofti_prjna275548,False
Wban_05123,wuchereria_bancrofti_prjna275548,False
Wban_05124,wuchereria_bancrofti_prjna275548,False
Wban_05125,wuchereria_bancrofti_prjna275548,False
Wban_05126,wuchereria_bancrofti_prjna275548,False
Wban_05127,wuchereria_bancrofti_prjna275548,False
Wban_05128,wuchereria_bancrofti_prjna275548,False
Wban_05129,wuchereria_bancrofti_prjna275548,False
Wban_05130,wuchereria_bancrofti_prjna275548,False
Wban_05131,wuchereria_bancrofti_prjna275548,False
Wban_05132,wuchereria_bancrofti_prjna275548,False
Wban_05133,wuchereria_bancrofti_prjna275548,False
Wban_05134,wuchereria_bancrofti_prjna275548,False
Wban_05135,wuchereria_bancrofti_prjna275548,False
Wban_05136,wuchereria_bancrofti_prjna275548,False
Wban_05137,wuchereria_bancrofti_prjna275548,False
Wban_05138,wuchereria_bancrofti_prjna275548,False
Wban_05139,wuchereria_bancrofti_prjna275548,False
Wban_05140,wuchereria_bancrofti_prjna275548,False
Wban_05141,wuchereria_bancrofti_prjna275548,False
Wban_05142,wuchereria_bancrofti_prjna275548,False
Wban_05143,wuchereria_bancrofti_prjna275548,False
Wban_05144,wuchereria_bancrofti_prjna275548,False
Wban_05145,wuchereria_bancrofti_prjna275548,False
Wban_05146,wuchereria_bancrofti_prjna275548,False
Wban_05147,wuchereria_bancrofti_prjna275548,False
Wban_05148,wuchereria_bancrofti_prjna275548,False
Wban_05149,wuchereria_bancrofti_prjna275548,False
Wban_05150,wuchereria_bancrofti_prjna275548,False
Wban_05151,wuchereria_bancrofti_prjna275548,False
Wban_05152,wuchereria_bancrofti_prjna275548,False
Wban_05153,wuchereria_bancrofti_prjna275548,False
Wban_05154,wuchereria_bancrofti_prjna275548,False
Wban_05155,wuchereria_bancrofti_prjna275548,False
Wban_05156,wuchereria_bancrofti_prjna275548,False
Wban_05157,wuchereria_bancrofti_prjna275548,False
Wban_05158,wuchereria_bancrofti_prjna275548,False
Wban_05159,wuchereria_bancrofti_prjna275548,False
Wban_05160,wuchereria_bancrofti_prjna275548,False
Wban_05161,wuchereria_bancrofti_prjna275548,False
Wban_05162,wuchereria_bancrofti_prjna275548,False
Wban_05163,wuchereria_bancrofti_prjna275548,False
Wban_05164,wuchereria_bancrofti_prjna275548,False
Wban_05165,wuchereria_bancrofti_prjna275548,False
Wban_05166,wuchereria_bancrofti_prjna275548,False
Wban_05167,wuchereria_bancrofti_prjna275548,False
Wban_05168,wuchereria_bancrofti_prjna275548,False
Wban_05169,wuchereria_bancrofti_prjna275548,False
Wban_05170,wuchereria_bancrofti_prjna275548,False
Wban_05171,wuchereria_bancrofti_prjna275548,False
Wban_05172,wuchereria_bancrofti_prjna275548,False
Wban_05173,wuchereria_bancrofti_prjna275548,False
Wban_05174,wuchereria_bancrofti_prjna275548,False
Wban_05175,wuchereria_bancrofti_prjna275548,False
Wban_05176,wuchereria_bancrofti_prjna275548,False
Wban_05177,wuchereria_bancrofti_prjna275548,False
Wban_05178,wuchereria_bancrofti_prjna275548,False
Wban_05179,wuchereria_bancrofti_prjna275548,False
Wban_05180,wuchereria_bancrofti_prjna275548,False
Wban_05181,wuchereria_bancrofti_prjna275548,False
Wban_05182,wuchereria_bancrofti_prjna275548,False
Wban_05183,wuchereria_bancrofti_prjna275548,False
Wban_05184,wuchereria_bancrofti_prjna275548,False
Wban_05185,wuchereria_bancrofti_prjna275548,False
Wban_05186,wuchereria_bancrofti_prjna275548,False
Wban_05187,wuchereria_bancrofti_prjna275548,False
Wban_05188,wuchereria_bancrofti_prjna275548,False
Wban_05189,wuchereria_bancrofti_prjna275548,False
Wban_05190,wuchereria_bancrofti_prjna275548,False
Wban_05191,wuchereria_bancrofti_prjna275548,False
Wban_05192,wuchereria_bancrofti_prjna275548,False
Wban_05193,wuchereria_bancrofti_prjna275548,False
Wban_05194,wuchereria_bancrofti_prjna275548,False
Wban_05195,wuchereria_bancrofti_prjna275548,False
Wban_05196,wuchereria_bancrofti_prjna275548,False
Wban_05197,wuchereria_bancrofti_prjna275548,False
Wban_05198,wuchereria_bancrofti_prjna275548,False
Wban_05199,wuchereria_bancrofti_prjna275548,False
Wban_05200,wuchereria_bancrofti_prjna275548,False
Wban_05201,wuchereria_bancrofti_prjna275548,False
Wban_05202,wuchereria_bancrofti_prjna275548,False
Wban_05203,wuchereria_bancrofti_prjna275548,False
Wban_05204,wuchereria_bancrofti_prjna275548,False
Wban_05205,wuchereria_bancrofti_prjna275548,False
Wban_05206,wuchereria_bancrofti_prjna275548,False
Wban_05207,wuchereria_bancrofti_prjna275548,False
Wban_05208,wuchereria_bancrofti_prjna275548,False
Wban_05209,wuchereria_bancrofti_prjna275548,False
Wban_05210,wuchereria_bancrofti_prjna275548,False
Wban_05211,wuchereria_bancrofti_prjna275548,False
Wban_05212,wuchereria_bancrofti_prjna275548,False
Wban_05213,wuchereria_bancrofti_prjna275548,False
Wban_05214,wuchereria_bancrofti_prjna275548,False
Wban_05215,wuchereria_bancrofti_prjna275548,False
Wban_05216,wuchereria_bancrofti_prjna275548,False
Wban_05217,wuchereria_bancrofti_prjna275548,False
Wban_05218,wuchereria_bancrofti_prjna275548,False
Wban_05219,wuchereria_bancrofti_prjna275548,False
Wban_05220,wuchereria_bancrofti_prjna275548,False
Wban_05221,wuchereria_bancrofti_prjna275548,False
Wban_05222,wuchereria_bancrofti_prjna275548,False
Wban_05223,wuchereria_bancrofti_prjna275548,False
Wban_05224,wuchereria_bancrofti_prjna275548,False
Wban_05225,wuchereria_bancrofti_prjna275548,False
Wban_05226,wuchereria_bancrofti_prjna275548,False
Wban_05227,wuchereria_bancrofti_prjna275548,False
Wban_05228,wuchereria_bancrofti_prjna275548,False
Wban_05229,wuchereria_bancrofti_prjna275548,False
Wban_05230,wuchereria_bancrofti_prjna275548,False
Wban_05231,wuchereria_bancrofti_prjna275548,False
Wban_05232,wuchereria_bancrofti_prjna275548,False
Wban_05233,wuchereria_bancrofti_prjna275548,False
Wban_05234,wuchereria_bancrofti_prjna275548,False
Wban_05235,wuchereria_bancrofti_prjna275548,False
Wban_05236,wuchereria_bancrofti_prjna275548,False
Wban_05237,wuchereria_bancrofti_prjna275548,False
Wban_05238,wuchereria_bancrofti_prjna275548,False
Wban_05239,wuchereria_bancrofti_prjna275548,False
Wban_05240,wuchereria_bancrofti_prjna275548,False
Wban_05241,wuchereria_bancrofti_prjna275548,False
Wban_05242,wuchereria_bancrofti_prjna275548,False
Wban_05243,wuchereria_bancrofti_prjna275548,False
Wban_05244,wuchereria_bancrofti_prjna275548,False
Wban_05245,wuchereria_bancrofti_prjna275548,False
Wban_05246,wuchereria_bancrofti_prjna275548,False
Wban_05247,wuchereria_bancrofti_prjna275548,False
Wban_05248,wuchereria_bancrofti_prjna275548,False
Wban_05249,wuchereria_bancrofti_prjna275548,False
Wban_05250,wuchereria_bancrofti_prjna275548,False
Wban_05251,wuchereria_bancrofti_prjna275548,False
Wban_05252,wuchereria_bancrofti_prjna275548,False
Wban_05253,wuchereria_bancrofti_prjna275548,False
Wban_05254,wuchereria_bancrofti_prjna275548,False
Wban_05255,wuchereria_bancrofti_prjna275548,False
Wban_05256,wuchereria_bancrofti_prjna275548,False
Wban_05257,wuchereria_bancrofti_prjna275548,False
Wban_05258,wuchereria_bancrofti_prjna275548,False
Wban_05259,wuchereria_bancrofti_prjna275548,False
Wban_05260,wuchereria_bancrofti_prjna275548,False
Wban_05261,wuchereria_bancrofti_prjna275548,False
Wban_05262,wuchereria_bancrofti_prjna275548,False
Wban_05263,wuchereria_bancrofti_prjna275548,False
Wban_05264,wuchereria_bancrofti_prjna275548,False
Wban_05265,wuchereria_bancrofti_prjna275548,False
Wban_05266,wuchereria_bancrofti_prjna275548,False
Wban_05267,wuchereria_bancrofti_prjna275548,False
Wban_05268,wuchereria_bancrofti_prjna275548,False
Wban_05269,wuchereria_bancrofti_prjna275548,False
Wban_05270,wuchereria_bancrofti_prjna275548,False
Wban_05271,wuchereria_bancrofti_prjna275548,False
Wban_05272,wuchereria_bancrofti_prjna275548,False
Wban_05273,wuchereria_bancrofti_prjna275548,False
Wban_05274,wuchereria_bancrofti_prjna275548,False
Wban_05275,wuchereria_bancrofti_prjna275548,False
Wban_05276,wuchereria_bancrofti_prjna275548,False
Wban_05277,wuchereria_bancrofti_prjna275548,False
Wban_05278,wuchereria_bancrofti_prjna275548,False
Wban_05279,wuchereria_bancrofti_prjna275548,False
Wban_05280,wuchereria_bancrofti_prjna275548,False
Wban_05281,wuchereria_bancrofti_prjna275548,False
Wban_05282,wuchereria_bancrofti_prjna275548,False
Wban_05283,wuchereria_bancrofti_prjna275548,False
Wban_05284,wuchereria_bancrofti_prjna275548,False
Wban_05285,wuchereria_bancrofti_prjna275548,False
Wban_05286,wuchereria_bancrofti_prjna275548,False
Wban_05287,wuchereria_bancrofti_prjna275548,False
Wban_05288,wuchereria_bancrofti_prjna275548,False
Wban_05289,wuchereria_bancrofti_prjna275548,False
Wban_05290,wuchereria_bancrofti_prjna275548,False
Wban_05291,wuchereria_bancrofti_prjna275548,False
Wban_05292,wuchereria_bancrofti_prjna275548,False
Wban_05293,wuchereria_bancrofti_prjna275548,False
Wban_05294,wuchereria_bancrofti_prjna275548,False
Wban_05295,wuchereria_bancrofti_prjna275548,False
Wban_05296,wuchereria_bancrofti_prjna275548,False
Wban_05297,wuchereria_bancrofti_prjna275548,False
Wban_05298,wuchereria_bancrofti_prjna275548,False
Wban_05299,wuchereria_bancrofti_prjna275548,False
Wban_05300,wuchereria_bancrofti_prjna275548,False
Wban_05301,wuchereria_bancrofti_prjna275548,False
Wban_05302,wuchereria_bancrofti_prjna275548,False
Wban_05303,wuchereria_bancrofti_prjna275548,False
Wban_05304,wuchereria_bancrofti_prjna275548,False
Wban_05305,wuchereria_bancrofti_prjna275548,False
Wban_05306,wuchereria_bancrofti_prjna275548,False
Wban_05307,wuchereria_bancrofti_prjna275548,False
Wban_05308,wuchereria_bancrofti_prjna275548,False
Wban_05309,wuchereria_bancrofti_prjna275548,False
Wban_05310,wuchereria_bancrofti_prjna275548,False
Wban_05311,wuchereria_bancrofti_prjna275548,False
Wban_05312,wuchereria_bancrofti_prjna275548,False
Wban_05313,wuchereria_bancrofti_prjna275548,False
Wban_05314,wuchereria_bancrofti_prjna275548,False
Wban_05315,wuchereria_bancrofti_prjna275548,False
Wban_05316,wuchereria_bancrofti_prjna275548,False
Wban_05317,wuchereria_bancrofti_prjna275548,False
Wban_05318,wuchereria_bancrofti_prjna275548,False
Wban_05319,wuchereria_bancrofti_prjna275548,False
Wban_05320,wuchereria_bancrofti_prjna275548,False
Wban_05321,wuchereria_bancrofti_prjna275548,False
Wban_05322,wuchereria_bancrofti_prjna275548,False
Wban_05323,wuchereria_bancrofti_prjna275548,False
Wban_05324,wuchereria_bancrofti_prjna275548,False
Wban_05325,wuchereria_bancrofti_prjna275548,False
Wban_05326,wuchereria_bancrofti_prjna275548,False
Wban_05327,wuchereria_bancrofti_prjna275548,False
Wban_05328,wuchereria_bancrofti_prjna275548,False
Wban_05329,wuchereria_bancrofti_prjna275548,False
Wban_05330,wuchereria_bancrofti_prjna275548,False
Wban_05331,wuchereria_bancrofti_prjna275548,False
Wban_05332,wuchereria_bancrofti_prjna275548,False
Wban_05333,wuchereria_bancrofti_prjna275548,False
Wban_05334,wuchereria_bancrofti_prjna275548,False
Wban_05335,wuchereria_bancrofti_prjna275548,False
Wban_05336,wuchereria_bancrofti_prjna275548,False
Wban_05337,wuchereria_bancrofti_prjna275548,False
Wban_05338,wuchereria_bancrofti_prjna275548,False
Wban_05339,wuchereria_bancrofti_prjna275548,False
Wban_05340,wuchereria_bancrofti_prjna275548,False
Wban_05341,wuchereria_bancrofti_prjna275548,False
Wban_05342,wuchereria_bancrofti_prjna275548,False
Wban_05343,wuchereria_bancrofti_prjna275548,False
Wban_05344,wuchereria_bancrofti_prjna275548,False
Wban_05345,wuchereria_bancrofti_prjna275548,False
Wban_05346,wuchereria_bancrofti_prjna275548,False
Wban_05347,wuchereria_bancrofti_prjna275548,False
Wban_05348,wuchereria_bancrofti_prjna275548,False
Wban_05349,wuchereria_bancrofti_prjna275548,False
Wban_05350,wuchereria_bancrofti_prjna275548,False
Wban_05351,wuchereria_bancrofti_prjna275548,False
Wban_05352,wuchereria_bancrofti_prjna275548,False
Wban_05353,wuchereria_bancrofti_prjna275548,False
Wban_05354,wuchereria_bancrofti_prjna275548,False
Wban_05355,wuchereria_bancrofti_prjna275548,False
Wban_05356,wuchereria_bancrofti_prjna275548,False
Wban_05357,wuchereria_bancrofti_prjna275548,False
Wban_05358,wuchereria_bancrofti_prjna275548,False
Wban_05359,wuchereria_bancrofti_prjna275548,False
Wban_05360,wuchereria_bancrofti_prjna275548,False
Wban_05361,wuchereria_bancrofti_prjna275548,False
Wban_05362,wuchereria_bancrofti_prjna275548,False
Wban_05363,wuchereria_bancrofti_prjna275548,False
Wban_05364,wuchereria_bancrofti_prjna275548,False
Wban_05365,wuchereria_bancrofti_prjna275548,False
Wban_05366,wuchereria_bancrofti_prjna275548,False
Wban_05367,wuchereria_bancrofti_prjna275548,False
Wban_05368,wuchereria_bancrofti_prjna275548,False
Wban_05369,wuchereria_bancrofti_prjna275548,False
Wban_05370,wuchereria_bancrofti_prjna275548,False
Wban_05371,wuchereria_bancrofti_prjna275548,False
Wban_05372,wuchereria_bancrofti_prjna275548,False
Wban_05373,wuchereria_bancrofti_prjna275548,False
Wban_05374,wuchereria_bancrofti_prjna275548,False
Wban_05375,wuchereria_bancrofti_prjna275548,False
Wban_05376,wuchereria_bancrofti_prjna275548,False
Wban_05377,wuchereria_bancrofti_prjna275548,False
Wban_05378,wuchereria_bancrofti_prjna275548,False
Wban_05379,wuchereria_bancrofti_prjna275548,False
Wban_05380,wuchereria_bancrofti_prjna275548,False
Wban_05381,wuchereria_bancrofti_prjna275548,False
Wban_05382,wuchereria_bancrofti_prjna275548,False
Wban_05383,wuchereria_bancrofti_prjna275548,False
Wban_05384,wuchereria_bancrofti_prjna275548,False
Wban_05385,wuchereria_bancrofti_prjna275548,False
Wban_05386,wuchereria_bancrofti_prjna275548,False
Wban_05387,wuchereria_bancrofti_prjna275548,False
Wban_05388,wuchereria_bancrofti_prjna275548,False
Wban_05389,wuchereria_bancrofti_prjna275548,False
Wban_05390,wuchereria_bancrofti_prjna275548,False
Wban_05391,wuchereria_bancrofti_prjna275548,False
Wban_05392,wuchereria_bancrofti_prjna275548,False
Wban_05393,wuchereria_bancrofti_prjna275548,False
Wban_05394,wuchereria_bancrofti_prjna275548,False
Wban_05395,wuchereria_bancrofti_prjna275548,False
Wban_05396,wuchereria_bancrofti_prjna275548,False
Wban_05397,wuchereria_bancrofti_prjna275548,False
Wban_05398,wuchereria_bancrofti_prjna275548,False
Wban_05399,wuchereria_bancrofti_prjna275548,False
Wban_05400,wuchereria_bancrofti_prjna275548,False
Wban_05401,wuchereria_bancrofti_prjna275548,False
Wban_05402,wuchereria_bancrofti_prjna275548,False
Wban_05403,wuchereria_bancrofti_prjna275548,False
Wban_05404,wuchereria_bancrofti_prjna275548,False
Wban_05405,wuchereria_bancrofti_prjna275548,False
Wban_05406,wuchereria_bancrofti_prjna275548,False
Wban_05407,wuchereria_bancrofti_prjna275548,False
Wban_05408,wuchereria_bancrofti_prjna275548,False
Wban_05409,wuchereria_bancrofti_prjna275548,False
Wban_05410,wuchereria_bancrofti_prjna275548,False
Wban_05411,wuchereria_bancrofti_prjna275548,False
Wban_05412,wuchereria_bancrofti_prjna275548,False
Wban_05413,wuchereria_bancrofti_prjna275548,False
Wban_05414,wuchereria_bancrofti_prjna275548,False
Wban_05415,wuchereria_bancrofti_prjna275548,False
Wban_05416,wuchereria_bancrofti_prjna275548,False
Wban_05417,wuchereria_bancrofti_prjna275548,False
Wban_05418,wuchereria_bancrofti_prjna275548,False
Wban_05419,wuchereria_bancrofti_prjna275548,False
Wban_05420,wuchereria_bancrofti_prjna275548,False
Wban_05421,wuchereria_bancrofti_prjna275548,False
Wban_05422,wuchereria_bancrofti_prjna275548,False
Wban_05423,wuchereria_bancrofti_prjna275548,False
Wban_05424,wuchereria_bancrofti_prjna275548,False
Wban_05425,wuchereria_bancrofti_prjna275548,False
Wban_05426,wuchereria_bancrofti_prjna275548,False
Wban_05427,wuchereria_bancrofti_prjna275548,False
Wban_05428,wuchereria_bancrofti_prjna275548,False
Wban_05429,wuchereria_bancrofti_prjna275548,False
Wban_05430,wuchereria_bancrofti_prjna275548,False
Wban_05431,wuchereria_bancrofti_prjna275548,False
Wban_05432,wuchereria_bancrofti_prjna275548,False
Wban_05433,wuchereria_bancrofti_prjna275548,False
Wban_05434,wuchereria_bancrofti_prjna275548,False
Wban_05435,wuchereria_bancrofti_prjna275548,False
Wban_05436,wuchereria_bancrofti_prjna275548,False
Wban_05437,wuchereria_bancrofti_prjna275548,False
Wban_05438,wuchereria_bancrofti_prjna275548,False
Wban_05439,wuchereria_bancrofti_prjna275548,False
Wban_05440,wuchereria_bancrofti_prjna275548,False
Wban_05441,wuchereria_bancrofti_prjna275548,False
Wban_05442,wuchereria_bancrofti_prjna275548,False
Wban_05443,wuchereria_bancrofti_prjna275548,False
Wban_05444,wuchereria_bancrofti_prjna275548,False
Wban_05445,wuchereria_bancrofti_prjna275548,False
Wban_05446,wuchereria_bancrofti_prjna275548,False
Wban_05447,wuchereria_bancrofti_prjna275548,False
Wban_05448,wuchereria_bancrofti_prjna275548,False
Wban_05449,wuchereria_bancrofti_prjna275548,False
Wban_05450,wuchereria_bancrofti_prjna275548,False
Wban_05451,wuchereria_bancrofti_prjna275548,False
Wban_05452,wuchereria_bancrofti_prjna275548,False
Wban_05453,wuchereria_bancrofti_prjna275548,False
Wban_05454,wuchereria_bancrofti_prjna275548,False
Wban_05455,wuchereria_bancrofti_prjna275548,False
Wban_05456,wuchereria_bancrofti_prjna275548,False
Wban_05457,wuchereria_bancrofti_prjna275548,False
Wban_05458,wuchereria_bancrofti_prjna275548,False
Wban_05459,wuchereria_bancrofti_prjna275548,False
Wban_05460,wuchereria_bancrofti_prjna275548,False
Wban_05461,wuchereria_bancrofti_prjna275548,False
Wban_05462,wuchereria_bancrofti_prjna275548,False
Wban_05463,wuchereria_bancrofti_prjna275548,False
Wban_05464,wuchereria_bancrofti_prjna275548,False
Wban_05465,wuchereria_bancrofti_prjna275548,False
Wban_05466,wuchereria_bancrofti_prjna275548,False
Wban_05467,wuchereria_bancrofti_prjna275548,False
Wban_05468,wuchereria_bancrofti_prjna275548,False
Wban_05469,wuchereria_bancrofti_prjna275548,False
Wban_05470,wuchereria_bancrofti_prjna275548,False
Wban_05471,wuchereria_bancrofti_prjna275548,False
Wban_05472,wuchereria_bancrofti_prjna275548,False
Wban_05473,wuchereria_bancrofti_prjna275548,False
Wban_05474,wuchereria_bancrofti_prjna275548,False
Wban_05475,wuchereria_bancrofti_prjna275548,False
Wban_05476,wuchereria_bancrofti_prjna275548,False
Wban_05477,wuchereria_bancrofti_prjna275548,False
Wban_05478,wuchereria_bancrofti_prjna275548,False
Wban_05479,wuchereria_bancrofti_prjna275548,False
Wban_05480,wuchereria_bancrofti_prjna275548,False
Wban_05481,wuchereria_bancrofti_prjna275548,False
Wban_05482,wuchereria_bancrofti_prjna275548,False
Wban_05483,wuchereria_bancrofti_prjna275548,False
Wban_05484,wuchereria_bancrofti_prjna275548,False
Wban_05485,wuchereria_bancrofti_prjna275548,False
Wban_05486,wuchereria_bancrofti_prjna275548,False
Wban_05487,wuchereria_bancrofti_prjna275548,False
Wban_05488,wuchereria_bancrofti_prjna275548,False
Wban_05489,wuchereria_bancrofti_prjna275548,False
Wban_05490,wuchereria_bancrofti_prjna275548,False
Wban_05491,wuchereria_bancrofti_prjna275548,False
Wban_05492,wuchereria_bancrofti_prjna275548,False
Wban_05493,wuchereria_bancrofti_prjna275548,False
Wban_05494,wuchereria_bancrofti_prjna275548,False
Wban_05495,wuchereria_bancrofti_prjna275548,False
Wban_05496,wuchereria_bancrofti_prjna275548,False
Wban_05497,wuchereria_bancrofti_prjna275548,False
Wban_05498,wuchereria_bancrofti_prjna275548,False
Wban_05499,wuchereria_bancrofti_prjna275548,False
Wban_05500,wuchereria_bancrofti_prjna275548,False
Wban_05501,wuchereria_bancrofti_prjna275548,False
Wban_05502,wuchereria_bancrofti_prjna275548,False
Wban_05503,wuchereria_bancrofti_prjna275548,False
Wban_05504,wuchereria_bancrofti_prjna275548,False
Wban_05505,wuchereria_bancrofti_prjna275548,False
Wban_05506,wuchereria_bancrofti_prjna275548,False
Wban_05507,wuchereria_bancrofti_prjna275548,False
Wban_05508,wuchereria_bancrofti_prjna275548,False
Wban_05509,wuchereria_bancrofti_prjna275548,False
Wban_05510,wuchereria_bancrofti_prjna275548,False
Wban_05511,wuchereria_bancrofti_prjna275548,False
Wban_05512,wuchereria_bancrofti_prjna275548,False
Wban_05513,wuchereria_bancrofti_prjna275548,False
Wban_05514,wuchereria_bancrofti_prjna275548,False
Wban_05515,wuchereria_bancrofti_prjna275548,False
Wban_05516,wuchereria_bancrofti_prjna275548,False
Wban_05517,wuchereria_bancrofti_prjna275548,False
Wban_05518,wuchereria_bancrofti_prjna275548,False
Wban_05519,wuchereria_bancrofti_prjna275548,False
Wban_05520,wuchereria_bancrofti_prjna275548,False
Wban_05521,wuchereria_bancrofti_prjna275548,False
Wban_05522,wuchereria_bancrofti_prjna275548,False
Wban_05523,wuchereria_bancrofti_prjna275548,False
Wban_05524,wuchereria_bancrofti_prjna275548,False
Wban_05525,wuchereria_bancrofti_prjna275548,False
Wban_05526,wuchereria_bancrofti_prjna275548,False
Wban_05527,wuchereria_bancrofti_prjna275548,False
Wban_05528,wuchereria_bancrofti_prjna275548,False
Wban_05529,wuchereria_bancrofti_prjna275548,False
Wban_05530,wuchereria_bancrofti_prjna275548,False
Wban_05531,wuchereria_bancrofti_prjna275548,False
Wban_05532,wuchereria_bancrofti_prjna275548,False
Wban_05533,wuchereria_bancrofti_prjna275548,False
Wban_05534,wuchereria_bancrofti_prjna275548,False
Wban_05535,wuchereria_bancrofti_prjna275548,False
Wban_05536,wuchereria_bancrofti_prjna275548,False
Wban_05537,wuchereria_bancrofti_prjna275548,False
Wban_05538,wuchereria_bancrofti_prjna275548,False
Wban_05539,wuchereria_bancrofti_prjna275548,False
Wban_05540,wuchereria_bancrofti_prjna275548,False
Wban_05541,wuchereria_bancrofti_prjna275548,False
Wban_05542,wuchereria_bancrofti_prjna275548,False
Wban_05543,wuchereria_bancrofti_prjna275548,False
Wban_05544,wuchereria_bancrofti_prjna275548,False
Wban_05545,wuchereria_bancrofti_prjna275548,False
Wban_05546,wuchereria_bancrofti_prjna275548,False
Wban_05547,wuchereria_bancrofti_prjna275548,False
Wban_05548,wuchereria_bancrofti_prjna275548,False
Wban_05549,wuchereria_bancrofti_prjna275548,False
Wban_05550,wuchereria_bancrofti_prjna275548,False
Wban_05551,wuchereria_bancrofti_prjna275548,False
Wban_05552,wuchereria_bancrofti_prjna275548,False
Wban_05553,wuchereria_bancrofti_prjna275548,False
Wban_05554,wuchereria_bancrofti_prjna275548,False
Wban_05555,wuchereria_bancrofti_prjna275548,False
Wban_05556,wuchereria_bancrofti_prjna275548,False
Wban_05557,wuchereria_bancrofti_prjna275548,False
Wban_05558,wuchereria_bancrofti_prjna275548,False
Wban_05559,wuchereria_bancrofti_prjna275548,False
Wban_05560,wuchereria_bancrofti_prjna275548,False
Wban_05561,wuchereria_bancrofti_prjna275548,False
Wban_05562,wuchereria_bancrofti_prjna275548,False
Wban_05563,wuchereria_bancrofti_prjna275548,False
Wban_05564,wuchereria_bancrofti_prjna275548,False
Wban_05565,wuchereria_bancrofti_prjna275548,False
Wban_05566,wuchereria_bancrofti_prjna275548,False
Wban_05567,wuchereria_bancrofti_prjna275548,False
Wban_05568,wuchereria_bancrofti_prjna275548,False
Wban_05569,wuchereria_bancrofti_prjna275548,False
Wban_05570,wuchereria_bancrofti_prjna275548,False
Wban_05571,wuchereria_bancrofti_prjna275548,False
Wban_05572,wuchereria_bancrofti_prjna275548,False
Wban_05573,wuchereria_bancrofti_prjna275548,False
Wban_05574,wuchereria_bancrofti_prjna275548,False
Wban_05575,wuchereria_bancrofti_prjna275548,False
Wban_05576,wuchereria_bancrofti_prjna275548,False
Wban_05577,wuchereria_bancrofti_prjna275548,False
Wban_05578,wuchereria_bancrofti_prjna275548,False
Wban_05579,wuchereria_bancrofti_prjna275548,False
Wban_05580,wuchereria_bancrofti_prjna275548,False
Wban_05581,wuchereria_bancrofti_prjna275548,False
Wban_05582,wuchereria_bancrofti_prjna275548,False
Wban_05583,wuchereria_bancrofti_prjna275548,False
Wban_05584,wuchereria_bancrofti_prjna275548,False
Wban_05585,wuchereria_bancrofti_prjna275548,False
Wban_05586,wuchereria_bancrofti_prjna275548,False
Wban_05587,wuchereria_bancrofti_prjna275548,False
Wban_05588,wuchereria_bancrofti_prjna275548,False
Wban_05589,wuchereria_bancrofti_prjna275548,False
Wban_05590,wuchereria_bancrofti_prjna275548,False
Wban_05591,wuchereria_bancrofti_prjna275548,False
Wban_05592,wuchereria_bancrofti_prjna275548,False
Wban_05593,wuchereria_bancrofti_prjna275548,False
Wban_05594,wuchereria_bancrofti_prjna275548,False
Wban_05595,wuchereria_bancrofti_prjna275548,False
Wban_05596,wuchereria_bancrofti_prjna275548,False
Wban_05597,wuchereria_bancrofti_prjna275548,False
Wban_05598,wuchereria_bancrofti_prjna275548,False
Wban_05599,wuchereria_bancrofti_prjna275548,False
Wban_05600,wuchereria_bancrofti_prjna275548,False
Wban_05601,wuchereria_bancrofti_prjna275548,False
Wban_05602,wuchereria_bancrofti_prjna275548,False
Wban_05603,wuchereria_bancrofti_prjna275548,False
Wban_05604,wuchereria_bancrofti_prjna275548,False
Wban_05605,wuchereria_bancrofti_prjna275548,False
Wban_05606,wuchereria_bancrofti_prjna275548,False
Wban_05607,wuchereria_bancrofti_prjna275548,False
Wban_05608,wuchereria_bancrofti_prjna275548,False
Wban_05609,wuchereria_bancrofti_prjna275548,False
Wban_05610,wuchereria_bancrofti_prjna275548,False
Wban_05611,wuchereria_bancrofti_prjna275548,False
Wban_05612,wuchereria_bancrofti_prjna275548,False
Wban_05613,wuchereria_bancrofti_prjna275548,False
Wban_05614,wuchereria_bancrofti_prjna275548,False
Wban_05615,wuchereria_bancrofti_prjna275548,False
Wban_05616,wuchereria_bancrofti_prjna275548,False
Wban_05617,wuchereria_bancrofti_prjna275548,False
Wban_05618,wuchereria_bancrofti_prjna275548,False
Wban_05619,wuchereria_bancrofti_prjna275548,False
Wban_05620,wuchereria_bancrofti_prjna275548,False
Wban_05621,wuchereria_bancrofti_prjna275548,False
Wban_05622,wuchereria_bancrofti_prjna275548,False
Wban_05623,wuchereria_bancrofti_prjna275548,False
Wban_05624,wuchereria_bancrofti_prjna275548,False
Wban_05625,wuchereria_bancrofti_prjna275548,False
Wban_05626,wuchereria_bancrofti_prjna275548,False
Wban_05627,wuchereria_bancrofti_prjna275548,False
Wban_05628,wuchereria_bancrofti_prjna275548,False
Wban_05629,wuchereria_bancrofti_prjna275548,False
Wban_05630,wuchereria_bancrofti_prjna275548,False
Wban_05631,wuchereria_bancrofti_prjna275548,False
Wban_05632,wuchereria_bancrofti_prjna275548,False
Wban_05633,wuchereria_bancrofti_prjna275548,False
Wban_05634,wuchereria_bancrofti_prjna275548,False
Wban_05635,wuchereria_bancrofti_prjna275548,False
Wban_05636,wuchereria_bancrofti_prjna275548,False
Wban_05637,wuchereria_bancrofti_prjna275548,False
Wban_05638,wuchereria_bancrofti_prjna275548,False
Wban_05639,wuchereria_bancrofti_prjna275548,False
Wban_05640,wuchereria_bancrofti_prjna275548,False
Wban_05641,wuchereria_bancrofti_prjna275548,False
Wban_05642,wuchereria_bancrofti_prjna275548,False
Wban_05643,wuchereria_bancrofti_prjna275548,False
Wban_05644,wuchereria_bancrofti_prjna275548,False
Wban_05645,wuchereria_bancrofti_prjna275548,False
Wban_05646,wuchereria_bancrofti_prjna275548,False
Wban_05647,wuchereria_bancrofti_prjna275548,False
Wban_05648,wuchereria_bancrofti_prjna275548,False
Wban_05649,wuchereria_bancrofti_prjna275548,False
Wban_05650,wuchereria_bancrofti_prjna275548,False
Wban_05651,wuchereria_bancrofti_prjna275548,False
Wban_05652,wuchereria_bancrofti_prjna275548,False
Wban_05653,wuchereria_bancrofti_prjna275548,False
Wban_05654,wuchereria_bancrofti_prjna275548,False
Wban_05655,wuchereria_bancrofti_prjna275548,False
Wban_05656,wuchereria_bancrofti_prjna275548,False
Wban_05657,wuchereria_bancrofti_prjna275548,False
Wban_05658,wuchereria_bancrofti_prjna275548,False
Wban_05659,wuchereria_bancrofti_prjna275548,False
Wban_05660,wuchereria_bancrofti_prjna275548,False
Wban_05661,wuchereria_bancrofti_prjna275548,False
Wban_05662,wuchereria_bancrofti_prjna275548,False
Wban_05663,wuchereria_bancrofti_prjna275548,False
Wban_05664,wuchereria_bancrofti_prjna275548,False
Wban_05665,wuchereria_bancrofti_prjna275548,False
Wban_05666,wuchereria_bancrofti_prjna275548,False
Wban_05667,wuchereria_bancrofti_prjna275548,False
Wban_05668,wuchereria_bancrofti_prjna275548,False
Wban_05669,wuchereria_bancrofti_prjna275548,False
Wban_05670,wuchereria_bancrofti_prjna275548,False
Wban_05671,wuchereria_bancrofti_prjna275548,False
Wban_05672,wuchereria_bancrofti_prjna275548,False
Wban_05673,wuchereria_bancrofti_prjna275548,False
Wban_05674,wuchereria_bancrofti_prjna275548,False
Wban_05675,wuchereria_bancrofti_prjna275548,False
Wban_05676,wuchereria_bancrofti_prjna275548,False
Wban_05677,wuchereria_bancrofti_prjna275548,False
Wban_05678,wuchereria_bancrofti_prjna275548,False
Wban_05679,wuchereria_bancrofti_prjna275548,False
Wban_05680,wuchereria_bancrofti_prjna275548,False
Wban_05681,wuchereria_bancrofti_prjna275548,False
Wban_05682,wuchereria_bancrofti_prjna275548,False
Wban_05683,wuchereria_bancrofti_prjna275548,False
Wban_05684,wuchereria_bancrofti_prjna275548,False
Wban_05685,wuchereria_bancrofti_prjna275548,False
Wban_05686,wuchereria_bancrofti_prjna275548,False
Wban_05687,wuchereria_bancrofti_prjna275548,False
Wban_05688,wuchereria_bancrofti_prjna275548,False
Wban_05689,wuchereria_bancrofti_prjna275548,False
Wban_05690,wuchereria_bancrofti_prjna275548,False
Wban_05691,wuchereria_bancrofti_prjna275548,False
Wban_05692,wuchereria_bancrofti_prjna275548,False
Wban_05693,wuchereria_bancrofti_prjna275548,False
Wban_05694,wuchereria_bancrofti_prjna275548,False
Wban_05695,wuchereria_bancrofti_prjna275548,False
Wban_05696,wuchereria_bancrofti_prjna275548,False
Wban_05697,wuchereria_bancrofti_prjna275548,False
Wban_05698,wuchereria_bancrofti_prjna275548,False
Wban_05699,wuchereria_bancrofti_prjna275548,False
Wban_05700,wuchereria_bancrofti_prjna275548,False
Wban_05701,wuchereria_bancrofti_prjna275548,False
Wban_05702,wuchereria_bancrofti_prjna275548,False
Wban_05703,wuchereria_bancrofti_prjna275548,False
Wban_05704,wuchereria_bancrofti_prjna275548,False
Wban_05705,wuchereria_bancrofti_prjna275548,False
Wban_05706,wuchereria_bancrofti_prjna275548,False
Wban_05707,wuchereria_bancrofti_prjna275548,False
Wban_05708,wuchereria_bancrofti_prjna275548,False
Wban_05709,wuchereria_bancrofti_prjna275548,False
Wban_05710,wuchereria_bancrofti_prjna275548,False
Wban_05711,wuchereria_bancrofti_prjna275548,False
Wban_05712,wuchereria_bancrofti_prjna275548,False
Wban_05713,wuchereria_bancrofti_prjna275548,False
Wban_05714,wuchereria_bancrofti_prjna275548,False
Wban_05715,wuchereria_bancrofti_prjna275548,False
Wban_05716,wuchereria_bancrofti_prjna275548,False
Wban_05717,wuchereria_bancrofti_prjna275548,False
Wban_05718,wuchereria_bancrofti_prjna275548,False
Wban_05719,wuchereria_bancrofti_prjna275548,False
Wban_05720,wuchereria_bancrofti_prjna275548,False
Wban_05721,wuchereria_bancrofti_prjna275548,False
Wban_05722,wuchereria_bancrofti_prjna275548,False
Wban_05723,wuchereria_bancrofti_prjna275548,False
Wban_05724,wuchereria_bancrofti_prjna275548,False
Wban_05725,wuchereria_bancrofti_prjna275548,False
Wban_05726,wuchereria_bancrofti_prjna275548,False
Wban_05727,wuchereria_bancrofti_prjna275548,False
Wban_05728,wuchereria_bancrofti_prjna275548,False
Wban_05729,wuchereria_bancrofti_prjna275548,False
Wban_05730,wuchereria_bancrofti_prjna275548,False
Wban_05731,wuchereria_bancrofti_prjna275548,False
Wban_05732,wuchereria_bancrofti_prjna275548,False
Wban_05733,wuchereria_bancrofti_prjna275548,False
Wban_05734,wuchereria_bancrofti_prjna275548,False
Wban_05735,wuchereria_bancrofti_prjna275548,False
Wban_05736,wuchereria_bancrofti_prjna275548,False
Wban_05737,wuchereria_bancrofti_prjna275548,False
Wban_05738,wuchereria_bancrofti_prjna275548,False
Wban_05739,wuchereria_bancrofti_prjna275548,False
Wban_05740,wuchereria_bancrofti_prjna275548,False
Wban_05741,wuchereria_bancrofti_prjna275548,False
Wban_05742,wuchereria_bancrofti_prjna275548,False
Wban_05743,wuchereria_bancrofti_prjna275548,False
Wban_05744,wuchereria_bancrofti_prjna275548,False
Wban_05745,wuchereria_bancrofti_prjna275548,False
Wban_05746,wuchereria_bancrofti_prjna275548,False
Wban_05747,wuchereria_bancrofti_prjna275548,False
Wban_05748,wuchereria_bancrofti_prjna275548,False
Wban_05749,wuchereria_bancrofti_prjna275548,False
Wban_05750,wuchereria_bancrofti_prjna275548,False
Wban_05751,wuchereria_bancrofti_prjna275548,False
Wban_05752,wuchereria_bancrofti_prjna275548,False
Wban_05753,wuchereria_bancrofti_prjna275548,False
Wban_05754,wuchereria_bancrofti_prjna275548,False
Wban_05755,wuchereria_bancrofti_prjna275548,False
Wban_05756,wuchereria_bancrofti_prjna275548,False
Wban_05757,wuchereria_bancrofti_prjna275548,False
Wban_05758,wuchereria_bancrofti_prjna275548,False
Wban_05759,wuchereria_bancrofti_prjna275548,False
Wban_05760,wuchereria_bancrofti_prjna275548,False
Wban_05761,wuchereria_bancrofti_prjna275548,False
Wban_05762,wuchereria_bancrofti_prjna275548,False
Wban_05763,wuchereria_bancrofti_prjna275548,False
Wban_05764,wuchereria_bancrofti_prjna275548,False
Wban_05765,wuchereria_bancrofti_prjna275548,False
Wban_05766,wuchereria_bancrofti_prjna275548,False
Wban_05767,wuchereria_bancrofti_prjna275548,False
Wban_05768,wuchereria_bancrofti_prjna275548,False
Wban_05769,wuchereria_bancrofti_prjna275548,False
Wban_05770,wuchereria_bancrofti_prjna275548,False
Wban_05771,wuchereria_bancrofti_prjna275548,False
Wban_05772,wuchereria_bancrofti_prjna275548,False
Wban_05773,wuchereria_bancrofti_prjna275548,False
Wban_05774,wuchereria_bancrofti_prjna275548,False
Wban_05775,wuchereria_bancrofti_prjna275548,False
Wban_05776,wuchereria_bancrofti_prjna275548,False
Wban_05777,wuchereria_bancrofti_prjna275548,False
Wban_05778,wuchereria_bancrofti_prjna275548,False
Wban_05779,wuchereria_bancrofti_prjna275548,False
Wban_05780,wuchereria_bancrofti_prjna275548,False
Wban_05781,wuchereria_bancrofti_prjna275548,False
Wban_05782,wuchereria_bancrofti_prjna275548,False
Wban_05783,wuchereria_bancrofti_prjna275548,False
Wban_05784,wuchereria_bancrofti_prjna275548,False
Wban_05785,wuchereria_bancrofti_prjna275548,False
Wban_05786,wuchereria_bancrofti_prjna275548,False
Wban_05787,wuchereria_bancrofti_prjna275548,False
Wban_05788,wuchereria_bancrofti_prjna275548,False
Wban_05789,wuchereria_bancrofti_prjna275548,False
Wban_05790,wuchereria_bancrofti_prjna275548,False
Wban_05791,wuchereria_bancrofti_prjna275548,False
Wban_05792,wuchereria_bancrofti_prjna275548,False
Wban_05793,wuchereria_bancrofti_prjna275548,False
Wban_05794,wuchereria_bancrofti_prjna275548,False
Wban_05795,wuchereria_bancrofti_prjna275548,False
Wban_05796,wuchereria_bancrofti_prjna275548,False
Wban_05797,wuchereria_bancrofti_prjna275548,False
Wban_05798,wuchereria_bancrofti_prjna275548,False
Wban_05799,wuchereria_bancrofti_prjna275548,False
Wban_05800,wuchereria_bancrofti_prjna275548,False
Wban_05801,wuchereria_bancrofti_prjna275548,False
Wban_05802,wuchereria_bancrofti_prjna275548,False
Wban_05803,wuchereria_bancrofti_prjna275548,False
Wban_05804,wuchereria_bancrofti_prjna275548,False
Wban_05805,wuchereria_bancrofti_prjna275548,False
Wban_05806,wuchereria_bancrofti_prjna275548,False
Wban_05807,wuchereria_bancrofti_prjna275548,False
Wban_05808,wuchereria_bancrofti_prjna275548,False
Wban_05809,wuchereria_bancrofti_prjna275548,False
Wban_05810,wuchereria_bancrofti_prjna275548,False
Wban_05811,wuchereria_bancrofti_prjna275548,False
Wban_05812,wuchereria_bancrofti_prjna275548,False
Wban_05813,wuchereria_bancrofti_prjna275548,False
Wban_05814,wuchereria_bancrofti_prjna275548,False
Wban_05815,wuchereria_bancrofti_prjna275548,False
Wban_05816,wuchereria_bancrofti_prjna275548,False
Wban_05817,wuchereria_bancrofti_prjna275548,False
Wban_05818,wuchereria_bancrofti_prjna275548,False
Wban_05819,wuchereria_bancrofti_prjna275548,False
Wban_05820,wuchereria_bancrofti_prjna275548,False
Wban_05821,wuchereria_bancrofti_prjna275548,False
Wban_05822,wuchereria_bancrofti_prjna275548,False
Wban_05823,wuchereria_bancrofti_prjna275548,False
Wban_05824,wuchereria_bancrofti_prjna275548,False
Wban_05825,wuchereria_bancrofti_prjna275548,False
Wban_05826,wuchereria_bancrofti_prjna275548,False
Wban_05827,wuchereria_bancrofti_prjna275548,False
Wban_05828,wuchereria_bancrofti_prjna275548,False
Wban_05829,wuchereria_bancrofti_prjna275548,False
Wban_05830,wuchereria_bancrofti_prjna275548,False
Wban_05831,wuchereria_bancrofti_prjna275548,False
Wban_05832,wuchereria_bancrofti_prjna275548,False
Wban_05833,wuchereria_bancrofti_prjna275548,False
Wban_05834,wuchereria_bancrofti_prjna275548,False
Wban_05835,wuchereria_bancrofti_prjna275548,False
Wban_05836,wuchereria_bancrofti_prjna275548,False
Wban_05837,wuchereria_bancrofti_prjna275548,False
Wban_05838,wuchereria_bancrofti_prjna275548,False
Wban_05839,wuchereria_bancrofti_prjna275548,False
Wban_05840,wuchereria_bancrofti_prjna275548,False
Wban_05841,wuchereria_bancrofti_prjna275548,False
Wban_05842,wuchereria_bancrofti_prjna275548,False
Wban_05843,wuchereria_bancrofti_prjna275548,False
Wban_05844,wuchereria_bancrofti_prjna275548,False
Wban_05845,wuchereria_bancrofti_prjna275548,False
Wban_05846,wuchereria_bancrofti_prjna275548,False
Wban_05847,wuchereria_bancrofti_prjna275548,False
Wban_05848,wuchereria_bancrofti_prjna275548,False
Wban_05849,wuchereria_bancrofti_prjna275548,False
Wban_05850,wuchereria_bancrofti_prjna275548,False
Wban_05851,wuchereria_bancrofti_prjna275548,False
Wban_05852,wuchereria_bancrofti_prjna275548,False
Wban_05853,wuchereria_bancrofti_prjna275548,False
Wban_05854,wuchereria_bancrofti_prjna275548,False
Wban_05855,wuchereria_bancrofti_prjna275548,False
Wban_05856,wuchereria_bancrofti_prjna275548,False
Wban_05857,wuchereria_bancrofti_prjna275548,False
Wban_05858,wuchereria_bancrofti_prjna275548,False
Wban_05859,wuchereria_bancrofti_prjna275548,False
Wban_05860,wuchereria_bancrofti_prjna275548,False
Wban_05861,wuchereria_bancrofti_prjna275548,False
Wban_05862,wuchereria_bancrofti_prjna275548,False
Wban_05863,wuchereria_bancrofti_prjna275548,False
Wban_05864,wuchereria_bancrofti_prjna275548,False
Wban_05865,wuchereria_bancrofti_prjna275548,False
Wban_05866,wuchereria_bancrofti_prjna275548,False
Wban_05867,wuchereria_bancrofti_prjna275548,False
Wban_05868,wuchereria_bancrofti_prjna275548,False
Wban_05869,wuchereria_bancrofti_prjna275548,False
Wban_05870,wuchereria_bancrofti_prjna275548,False
Wban_05871,wuchereria_bancrofti_prjna275548,False
Wban_05872,wuchereria_bancrofti_prjna275548,False
Wban_05873,wuchereria_bancrofti_prjna275548,False
Wban_05874,wuchereria_bancrofti_prjna275548,False
Wban_05875,wuchereria_bancrofti_prjna275548,False
Wban_05876,wuchereria_bancrofti_prjna275548,False
Wban_05877,wuchereria_bancrofti_prjna275548,False
Wban_05878,wuchereria_bancrofti_prjna275548,False
Wban_05879,wuchereria_bancrofti_prjna275548,False
Wban_05880,wuchereria_bancrofti_prjna275548,False
Wban_05881,wuchereria_bancrofti_prjna275548,False
Wban_05882,wuchereria_bancrofti_prjna275548,False
Wban_05883,wuchereria_bancrofti_prjna275548,False
Wban_05884,wuchereria_bancrofti_prjna275548,False
Wban_05885,wuchereria_bancrofti_prjna275548,False
Wban_05886,wuchereria_bancrofti_prjna275548,False
Wban_05887,wuchereria_bancrofti_prjna275548,False
Wban_05888,wuchereria_bancrofti_prjna275548,False
Wban_05889,wuchereria_bancrofti_prjna275548,False
Wban_05890,wuchereria_bancrofti_prjna275548,False
Wban_05891,wuchereria_bancrofti_prjna275548,False
Wban_05892,wuchereria_bancrofti_prjna275548,False
Wban_05893,wuchereria_bancrofti_prjna275548,False
Wban_05894,wuchereria_bancrofti_prjna275548,False
Wban_05895,wuchereria_bancrofti_prjna275548,False
Wban_05896,wuchereria_bancrofti_prjna275548,False
Wban_05897,wuchereria_bancrofti_prjna275548,False
Wban_05898,wuchereria_bancrofti_prjna275548,False
Wban_05899,wuchereria_bancrofti_prjna275548,False
Wban_05900,wuchereria_bancrofti_prjna275548,False
Wban_05901,wuchereria_bancrofti_prjna275548,False
Wban_05902,wuchereria_bancrofti_prjna275548,False
Wban_05903,wuchereria_bancrofti_prjna275548,False
Wban_05904,wuchereria_bancrofti_prjna275548,False
Wban_05905,wuchereria_bancrofti_prjna275548,False
Wban_05906,wuchereria_bancrofti_prjna275548,False
Wban_05907,wuchereria_bancrofti_prjna275548,False
Wban_05908,wuchereria_bancrofti_prjna275548,False
Wban_05909,wuchereria_bancrofti_prjna275548,False
Wban_05910,wuchereria_bancrofti_prjna275548,False
Wban_05911,wuchereria_bancrofti_prjna275548,False
Wban_05912,wuchereria_bancrofti_prjna275548,False
Wban_05913,wuchereria_bancrofti_prjna275548,False
Wban_05914,wuchereria_bancrofti_prjna275548,False
Wban_05915,wuchereria_bancrofti_prjna275548,False
Wban_05916,wuchereria_bancrofti_prjna275548,False
Wban_05917,wuchereria_bancrofti_prjna275548,False
Wban_05918,wuchereria_bancrofti_prjna275548,False
Wban_05919,wuchereria_bancrofti_prjna275548,False
Wban_05920,wuchereria_bancrofti_prjna275548,False
Wban_05921,wuchereria_bancrofti_prjna275548,False
Wban_05922,wuchereria_bancrofti_prjna275548,False
Wban_05923,wuchereria_bancrofti_prjna275548,False
Wban_05924,wuchereria_bancrofti_prjna275548,False
Wban_05925,wuchereria_bancrofti_prjna275548,False
Wban_05926,wuchereria_bancrofti_prjna275548,False
Wban_05927,wuchereria_bancrofti_prjna275548,False
Wban_05928,wuchereria_bancrofti_prjna275548,False
Wban_05929,wuchereria_bancrofti_prjna275548,False
Wban_05930,wuchereria_bancrofti_prjna275548,False
Wban_05931,wuchereria_bancrofti_prjna275548,False
Wban_05932,wuchereria_bancrofti_prjna275548,False
Wban_05933,wuchereria_bancrofti_prjna275548,False
Wban_05934,wuchereria_bancrofti_prjna275548,False
Wban_05935,wuchereria_bancrofti_prjna275548,False
Wban_05936,wuchereria_bancrofti_prjna275548,False
Wban_05937,wuchereria_bancrofti_prjna275548,False
Wban_05938,wuchereria_bancrofti_prjna275548,False
Wban_05939,wuchereria_bancrofti_prjna275548,False
Wban_05940,wuchereria_bancrofti_prjna275548,False
Wban_05941,wuchereria_bancrofti_prjna275548,False
Wban_05942,wuchereria_bancrofti_prjna275548,False
Wban_05943,wuchereria_bancrofti_prjna275548,False
Wban_05944,wuchereria_bancrofti_prjna275548,False
Wban_05945,wuchereria_bancrofti_prjna275548,False
Wban_05946,wuchereria_bancrofti_prjna275548,False
Wban_05947,wuchereria_bancrofti_prjna275548,False
Wban_05948,wuchereria_bancrofti_prjna275548,False
Wban_05949,wuchereria_bancrofti_prjna275548,False
Wban_05950,wuchereria_bancrofti_prjna275548,False
Wban_05951,wuchereria_bancrofti_prjna275548,False
Wban_05952,wuchereria_bancrofti_prjna275548,False
Wban_05953,wuchereria_bancrofti_prjna275548,False
Wban_05954,wuchereria_bancrofti_prjna275548,False
Wban_05955,wuchereria_bancrofti_prjna275548,False
Wban_05956,wuchereria_bancrofti_prjna275548,False
Wban_05957,wuchereria_bancrofti_prjna275548,False
Wban_05958,wuchereria_bancrofti_prjna275548,False
Wban_05959,wuchereria_bancrofti_prjna275548,False
Wban_05960,wuchereria_bancrofti_prjna275548,False
Wban_05961,wuchereria_bancrofti_prjna275548,False
Wban_05962,wuchereria_bancrofti_prjna275548,False
Wban_05963,wuchereria_bancrofti_prjna275548,False
Wban_05964,wuchereria_bancrofti_prjna275548,False
Wban_05965,wuchereria_bancrofti_prjna275548,False
Wban_05966,wuchereria_bancrofti_prjna275548,False
Wban_05967,wuchereria_bancrofti_prjna275548,False
Wban_05968,wuchereria_bancrofti_prjna275548,False
Wban_05969,wuchereria_bancrofti_prjna275548,False
Wban_05970,wuchereria_bancrofti_prjna275548,False
Wban_05971,wuchereria_bancrofti_prjna275548,False
Wban_05972,wuchereria_bancrofti_prjna275548,False
Wban_05973,wuchereria_bancrofti_prjna275548,False
Wban_05974,wuchereria_bancrofti_prjna275548,False
Wban_05975,wuchereria_bancrofti_prjna275548,False
Wban_05976,wuchereria_bancrofti_prjna275548,False
Wban_05977,wuchereria_bancrofti_prjna275548,False
Wban_05978,wuchereria_bancrofti_prjna275548,False
Wban_05979,wuchereria_bancrofti_prjna275548,False
Wban_05980,wuchereria_bancrofti_prjna275548,False
Wban_05981,wuchereria_bancrofti_prjna275548,False
Wban_05982,wuchereria_bancrofti_prjna275548,False
Wban_05983,wuchereria_bancrofti_prjna275548,False
Wban_05984,wuchereria_bancrofti_prjna275548,False
Wban_05985,wuchereria_bancrofti_prjna275548,False
Wban_05986,wuchereria_bancrofti_prjna275548,False
Wban_05987,wuchereria_bancrofti_prjna275548,False
Wban_05988,wuchereria_bancrofti_prjna275548,False
Wban_05989,wuchereria_bancrofti_prjna275548,False
Wban_05990,wuchereria_bancrofti_prjna275548,False
Wban_05991,wuchereria_bancrofti_prjna275548,False
Wban_05992,wuchereria_bancrofti_prjna275548,False
Wban_05993,wuchereria_bancrofti_prjna275548,False
Wban_05994,wuchereria_bancrofti_prjna275548,False
Wban_05995,wuchereria_bancrofti_prjna275548,False
Wban_05996,wuchereria_bancrofti_prjna275548,False
Wban_05997,wuchereria_bancrofti_prjna275548,False
Wban_05998,wuchereria_bancrofti_prjna275548,False
Wban_05999,wuchereria_bancrofti_prjna275548,False
Wban_06000,wuchereria_bancrofti_prjna275548,False
Wban_06001,wuchereria_bancrofti_prjna275548,False
Wban_06002,wuchereria_bancrofti_prjna275548,False
Wban_06003,wuchereria_bancrofti_prjna275548,False
Wban_06004,wuchereria_bancrofti_prjna275548,False
Wban_06005,wuchereria_bancrofti_prjna275548,False
Wban_06006,wuchereria_bancrofti_prjna275548,False
Wban_06007,wuchereria_bancrofti_prjna275548,False
Wban_06008,wuchereria_bancrofti_prjna275548,False
Wban_06009,wuchereria_bancrofti_prjna275548,False
Wban_06010,wuchereria_bancrofti_prjna275548,False
Wban_06011,wuchereria_bancrofti_prjna275548,False
Wban_06012,wuchereria_bancrofti_prjna275548,False
Wban_06013,wuchereria_bancrofti_prjna275548,False
Wban_06014,wuchereria_bancrofti_prjna275548,False
Wban_06015,wuchereria_bancrofti_prjna275548,False
Wban_06016,wuchereria_bancrofti_prjna275548,False
Wban_06017,wuchereria_bancrofti_prjna275548,False
Wban_06018,wuchereria_bancrofti_prjna275548,False
Wban_06019,wuchereria_bancrofti_prjna275548,False
Wban_06020,wuchereria_bancrofti_prjna275548,False
Wban_06021,wuchereria_bancrofti_prjna275548,False
Wban_06022,wuchereria_bancrofti_prjna275548,False
Wban_06023,wuchereria_bancrofti_prjna275548,False
Wban_06024,wuchereria_bancrofti_prjna275548,False
Wban_06025,wuchereria_bancrofti_prjna275548,False
Wban_06026,wuchereria_bancrofti_prjna275548,False
Wban_06027,wuchereria_bancrofti_prjna275548,False
Wban_06028,wuchereria_bancrofti_prjna275548,False
Wban_06029,wuchereria_bancrofti_prjna275548,False
Wban_06030,wuchereria_bancrofti_prjna275548,False
Wban_06031,wuchereria_bancrofti_prjna275548,False
Wban_06032,wuchereria_bancrofti_prjna275548,False
Wban_06033,wuchereria_bancrofti_prjna275548,False
Wban_06034,wuchereria_bancrofti_prjna275548,False
Wban_06035,wuchereria_bancrofti_prjna275548,False
Wban_06036,wuchereria_bancrofti_prjna275548,False
Wban_06037,wuchereria_bancrofti_prjna275548,False
Wban_06038,wuchereria_bancrofti_prjna275548,False
Wban_06039,wuchereria_bancrofti_prjna275548,False
Wban_06040,wuchereria_bancrofti_prjna275548,False
Wban_06041,wuchereria_bancrofti_prjna275548,False
Wban_06042,wuchereria_bancrofti_prjna275548,False
Wban_06043,wuchereria_bancrofti_prjna275548,False
Wban_06044,wuchereria_bancrofti_prjna275548,False
Wban_06045,wuchereria_bancrofti_prjna275548,False
Wban_06046,wuchereria_bancrofti_prjna275548,False
Wban_06047,wuchereria_bancrofti_prjna275548,False
Wban_06048,wuchereria_bancrofti_prjna275548,False
Wban_06049,wuchereria_bancrofti_prjna275548,False
Wban_06050,wuchereria_bancrofti_prjna275548,False
Wban_06051,wuchereria_bancrofti_prjna275548,False
Wban_06052,wuchereria_bancrofti_prjna275548,False
Wban_06053,wuchereria_bancrofti_prjna275548,False
Wban_06054,wuchereria_bancrofti_prjna275548,False
Wban_06055,wuchereria_bancrofti_prjna275548,False
Wban_06056,wuchereria_bancrofti_prjna275548,False
Wban_06057,wuchereria_bancrofti_prjna275548,False
Wban_06058,wuchereria_bancrofti_prjna275548,False
Wban_06059,wuchereria_bancrofti_prjna275548,False
Wban_06060,wuchereria_bancrofti_prjna275548,False
Wban_06061,wuchereria_bancrofti_prjna275548,False
Wban_06062,wuchereria_bancrofti_prjna275548,False
Wban_06063,wuchereria_bancrofti_prjna275548,False
Wban_06064,wuchereria_bancrofti_prjna275548,False
Wban_06065,wuchereria_bancrofti_prjna275548,False
Wban_06066,wuchereria_bancrofti_prjna275548,False
Wban_06067,wuchereria_bancrofti_prjna275548,False
Wban_06068,wuchereria_bancrofti_prjna275548,False
Wban_06069,wuchereria_bancrofti_prjna275548,False
Wban_06070,wuchereria_bancrofti_prjna275548,False
Wban_06071,wuchereria_bancrofti_prjna275548,False
Wban_06072,wuchereria_bancrofti_prjna275548,False
Wban_06073,wuchereria_bancrofti_prjna275548,False
Wban_06074,wuchereria_bancrofti_prjna275548,False
Wban_06075,wuchereria_bancrofti_prjna275548,False
Wban_06076,wuchereria_bancrofti_prjna275548,False
Wban_06077,wuchereria_bancrofti_prjna275548,False
Wban_06078,wuchereria_bancrofti_prjna275548,False
Wban_06079,wuchereria_bancrofti_prjna275548,False
Wban_06080,wuchereria_bancrofti_prjna275548,False
Wban_06081,wuchereria_bancrofti_prjna275548,False
Wban_06082,wuchereria_bancrofti_prjna275548,False
Wban_06083,wuchereria_bancrofti_prjna275548,False
Wban_06084,wuchereria_bancrofti_prjna275548,False
Wban_06085,wuchereria_bancrofti_prjna275548,False
Wban_06086,wuchereria_bancrofti_prjna275548,False
Wban_06087,wuchereria_bancrofti_prjna275548,False
Wban_06088,wuchereria_bancrofti_prjna275548,False
Wban_06089,wuchereria_bancrofti_prjna275548,False
Wban_06090,wuchereria_bancrofti_prjna275548,False
Wban_06091,wuchereria_bancrofti_prjna275548,False
Wban_06092,wuchereria_bancrofti_prjna275548,False
Wban_06093,wuchereria_bancrofti_prjna275548,False
Wban_06094,wuchereria_bancrofti_prjna275548,False
Wban_06095,wuchereria_bancrofti_prjna275548,False
Wban_06096,wuchereria_bancrofti_prjna275548,False
Wban_06097,wuchereria_bancrofti_prjna275548,False
Wban_06098,wuchereria_bancrofti_prjna275548,False
Wban_06099,wuchereria_bancrofti_prjna275548,False
Wban_06100,wuchereria_bancrofti_prjna275548,False
Wban_06101,wuchereria_bancrofti_prjna275548,False
Wban_06102,wuchereria_bancrofti_prjna275548,False
Wban_06103,wuchereria_bancrofti_prjna275548,False
Wban_06104,wuchereria_bancrofti_prjna275548,False
Wban_06105,wuchereria_bancrofti_prjna275548,False
Wban_06106,wuchereria_bancrofti_prjna275548,False
Wban_06107,wuchereria_bancrofti_prjna275548,False
Wban_06108,wuchereria_bancrofti_prjna275548,False
Wban_06109,wuchereria_bancrofti_prjna275548,False
Wban_06110,wuchereria_bancrofti_prjna275548,False
Wban_06111,wuchereria_bancrofti_prjna275548,False
Wban_06112,wuchereria_bancrofti_prjna275548,False
Wban_06113,wuchereria_bancrofti_prjna275548,False
Wban_06114,wuchereria_bancrofti_prjna275548,False
Wban_06115,wuchereria_bancrofti_prjna275548,False
Wban_06116,wuchereria_bancrofti_prjna275548,False
Wban_06117,wuchereria_bancrofti_prjna275548,False
Wban_06118,wuchereria_bancrofti_prjna275548,False
Wban_06119,wuchereria_bancrofti_prjna275548,False
Wban_06120,wuchereria_bancrofti_prjna275548,False
Wban_06121,wuchereria_bancrofti_prjna275548,False
Wban_06122,wuchereria_bancrofti_prjna275548,False
Wban_06123,wuchereria_bancrofti_prjna275548,False
Wban_06124,wuchereria_bancrofti_prjna275548,False
Wban_06125,wuchereria_bancrofti_prjna275548,False
Wban_06126,wuchereria_bancrofti_prjna275548,False
Wban_06127,wuchereria_bancrofti_prjna275548,False
Wban_06128,wuchereria_bancrofti_prjna275548,False
Wban_06129,wuchereria_bancrofti_prjna275548,False
Wban_06130,wuchereria_bancrofti_prjna275548,False
Wban_06131,wuchereria_bancrofti_prjna275548,False
Wban_06132,wuchereria_bancrofti_prjna275548,False
Wban_06133,wuchereria_bancrofti_prjna275548,False
Wban_06134,wuchereria_bancrofti_prjna275548,False
Wban_06135,wuchereria_bancrofti_prjna275548,False
Wban_06136,wuchereria_bancrofti_prjna275548,False
Wban_06137,wuchereria_bancrofti_prjna275548,False
Wban_06138,wuchereria_bancrofti_prjna275548,False
Wban_06139,wuchereria_bancrofti_prjna275548,False
Wban_06140,wuchereria_bancrofti_prjna275548,False
Wban_06141,wuchereria_bancrofti_prjna275548,False
Wban_06142,wuchereria_bancrofti_prjna275548,False
Wban_06143,wuchereria_bancrofti_prjna275548,False
Wban_06144,wuchereria_bancrofti_prjna275548,False
Wban_06145,wuchereria_bancrofti_prjna275548,False
Wban_06146,wuchereria_bancrofti_prjna275548,False
Wban_06147,wuchereria_bancrofti_prjna275548,False
Wban_06148,wuchereria_bancrofti_prjna275548,False
Wban_06149,wuchereria_bancrofti_prjna275548,False
Wban_06150,wuchereria_bancrofti_prjna275548,False
Wban_06151,wuchereria_bancrofti_prjna275548,False
Wban_06152,wuchereria_bancrofti_prjna275548,False
Wban_06153,wuchereria_bancrofti_prjna275548,False
Wban_06154,wuchereria_bancrofti_prjna275548,False
Wban_06155,wuchereria_bancrofti_prjna275548,False
Wban_06156,wuchereria_bancrofti_prjna275548,False
Wban_06157,wuchereria_bancrofti_prjna275548,False
Wban_06158,wuchereria_bancrofti_prjna275548,False
Wban_06159,wuchereria_bancrofti_prjna275548,False
Wban_06160,wuchereria_bancrofti_prjna275548,False
Wban_06161,wuchereria_bancrofti_prjna275548,False
Wban_06162,wuchereria_bancrofti_prjna275548,False
Wban_06163,wuchereria_bancrofti_prjna275548,False
Wban_06164,wuchereria_bancrofti_prjna275548,False
Wban_06165,wuchereria_bancrofti_prjna275548,False
Wban_06166,wuchereria_bancrofti_prjna275548,False
Wban_06167,wuchereria_bancrofti_prjna275548,False
Wban_06168,wuchereria_bancrofti_prjna275548,False
Wban_06169,wuchereria_bancrofti_prjna275548,False
Wban_06170,wuchereria_bancrofti_prjna275548,False
Wban_06171,wuchereria_bancrofti_prjna275548,False
Wban_06172,wuchereria_bancrofti_prjna275548,False
Wban_06173,wuchereria_bancrofti_prjna275548,False
Wban_06174,wuchereria_bancrofti_prjna275548,False
Wban_06175,wuchereria_bancrofti_prjna275548,False
Wban_06176,wuchereria_bancrofti_prjna275548,False
Wban_06177,wuchereria_bancrofti_prjna275548,False
Wban_06178,wuchereria_bancrofti_prjna275548,False
Wban_06179,wuchereria_bancrofti_prjna275548,False
Wban_06180,wuchereria_bancrofti_prjna275548,False
Wban_06181,wuchereria_bancrofti_prjna275548,False
Wban_06182,wuchereria_bancrofti_prjna275548,False
Wban_06183,wuchereria_bancrofti_prjna275548,False
Wban_06184,wuchereria_bancrofti_prjna275548,False
Wban_06185,wuchereria_bancrofti_prjna275548,False
Wban_06186,wuchereria_bancrofti_prjna275548,False
Wban_06187,wuchereria_bancrofti_prjna275548,False
Wban_06188,wuchereria_bancrofti_prjna275548,False
Wban_06189,wuchereria_bancrofti_prjna275548,False
Wban_06190,wuchereria_bancrofti_prjna275548,False
Wban_06191,wuchereria_bancrofti_prjna275548,False
Wban_06192,wuchereria_bancrofti_prjna275548,False
Wban_06193,wuchereria_bancrofti_prjna275548,False
Wban_06194,wuchereria_bancrofti_prjna275548,False
Wban_06195,wuchereria_bancrofti_prjna275548,False
Wban_06196,wuchereria_bancrofti_prjna275548,False
Wban_06197,wuchereria_bancrofti_prjna275548,False
Wban_06198,wuchereria_bancrofti_prjna275548,False
Wban_06199,wuchereria_bancrofti_prjna275548,False
Wban_06200,wuchereria_bancrofti_prjna275548,False
Wban_06201,wuchereria_bancrofti_prjna275548,False
Wban_06202,wuchereria_bancrofti_prjna275548,False
Wban_06203,wuchereria_bancrofti_prjna275548,False
Wban_06204,wuchereria_bancrofti_prjna275548,False
Wban_06205,wuchereria_bancrofti_prjna275548,False
Wban_06206,wuchereria_bancrofti_prjna275548,False
Wban_06207,wuchereria_bancrofti_prjna275548,False
Wban_06208,wuchereria_bancrofti_prjna275548,False
Wban_06209,wuchereria_bancrofti_prjna275548,False
Wban_06210,wuchereria_bancrofti_prjna275548,False
Wban_06211,wuchereria_bancrofti_prjna275548,False
Wban_06212,wuchereria_bancrofti_prjna275548,False
Wban_06213,wuchereria_bancrofti_prjna275548,False
Wban_06214,wuchereria_bancrofti_prjna275548,False
Wban_06215,wuchereria_bancrofti_prjna275548,False
Wban_06216,wuchereria_bancrofti_prjna275548,False
Wban_06217,wuchereria_bancrofti_prjna275548,False
Wban_06218,wuchereria_bancrofti_prjna275548,False
Wban_06219,wuchereria_bancrofti_prjna275548,False
Wban_06220,wuchereria_bancrofti_prjna275548,False
Wban_06221,wuchereria_bancrofti_prjna275548,False
Wban_06222,wuchereria_bancrofti_prjna275548,False
Wban_06223,wuchereria_bancrofti_prjna275548,False
Wban_06224,wuchereria_bancrofti_prjna275548,False
Wban_06225,wuchereria_bancrofti_prjna275548,False
Wban_06226,wuchereria_bancrofti_prjna275548,False
Wban_06227,wuchereria_bancrofti_prjna275548,False
Wban_06228,wuchereria_bancrofti_prjna275548,False
Wban_06229,wuchereria_bancrofti_prjna275548,False
Wban_06230,wuchereria_bancrofti_prjna275548,False
Wban_06231,wuchereria_bancrofti_prjna275548,False
Wban_06232,wuchereria_bancrofti_prjna275548,False
Wban_06233,wuchereria_bancrofti_prjna275548,False
Wban_06234,wuchereria_bancrofti_prjna275548,False
Wban_06235,wuchereria_bancrofti_prjna275548,False
Wban_06236,wuchereria_bancrofti_prjna275548,False
Wban_06237,wuchereria_bancrofti_prjna275548,False
Wban_06238,wuchereria_bancrofti_prjna275548,False
Wban_06239,wuchereria_bancrofti_prjna275548,False
Wban_06240,wuchereria_bancrofti_prjna275548,False
Wban_06241,wuchereria_bancrofti_prjna275548,False
Wban_06242,wuchereria_bancrofti_prjna275548,False
Wban_06243,wuchereria_bancrofti_prjna275548,False
Wban_06244,wuchereria_bancrofti_prjna275548,False
Wban_06245,wuchereria_bancrofti_prjna275548,False
Wban_06246,wuchereria_bancrofti_prjna275548,False
Wban_06247,wuchereria_bancrofti_prjna275548,False
Wban_06248,wuchereria_bancrofti_prjna275548,False
Wban_06249,wuchereria_bancrofti_prjna275548,False
Wban_06250,wuchereria_bancrofti_prjna275548,False
Wban_06251,wuchereria_bancrofti_prjna275548,False
Wban_06252,wuchereria_bancrofti_prjna275548,False
Wban_06253,wuchereria_bancrofti_prjna275548,False
Wban_06254,wuchereria_bancrofti_prjna275548,False
Wban_06255,wuchereria_bancrofti_prjna275548,False
Wban_06256,wuchereria_bancrofti_prjna275548,False
Wban_06257,wuchereria_bancrofti_prjna275548,False
Wban_06258,wuchereria_bancrofti_prjna275548,False
Wban_06259,wuchereria_bancrofti_prjna275548,False
Wban_06260,wuchereria_bancrofti_prjna275548,False
Wban_06261,wuchereria_bancrofti_prjna275548,False
Wban_06262,wuchereria_bancrofti_prjna275548,False
Wban_06263,wuchereria_bancrofti_prjna275548,False
Wban_06264,wuchereria_bancrofti_prjna275548,False
Wban_06265,wuchereria_bancrofti_prjna275548,False
Wban_06266,wuchereria_bancrofti_prjna275548,False
Wban_06267,wuchereria_bancrofti_prjna275548,False
Wban_06268,wuchereria_bancrofti_prjna275548,False
Wban_06269,wuchereria_bancrofti_prjna275548,False
Wban_06270,wuchereria_bancrofti_prjna275548,False
Wban_06271,wuchereria_bancrofti_prjna275548,False
Wban_06272,wuchereria_bancrofti_prjna275548,False
Wban_06273,wuchereria_bancrofti_prjna275548,False
Wban_06274,wuchereria_bancrofti_prjna275548,False
Wban_06275,wuchereria_bancrofti_prjna275548,False
Wban_06276,wuchereria_bancrofti_prjna275548,False
Wban_06277,wuchereria_bancrofti_prjna275548,False
Wban_06278,wuchereria_bancrofti_prjna275548,False
Wban_06279,wuchereria_bancrofti_prjna275548,False
Wban_06280,wuchereria_bancrofti_prjna275548,False
Wban_06281,wuchereria_bancrofti_prjna275548,False
Wban_06282,wuchereria_bancrofti_prjna275548,False
Wban_06283,wuchereria_bancrofti_prjna275548,False
Wban_06284,wuchereria_bancrofti_prjna275548,False
Wban_06285,wuchereria_bancrofti_prjna275548,False
Wban_06286,wuchereria_bancrofti_prjna275548,False
Wban_06287,wuchereria_bancrofti_prjna275548,False
Wban_06288,wuchereria_bancrofti_prjna275548,False
Wban_06289,wuchereria_bancrofti_prjna275548,False
Wban_06290,wuchereria_bancrofti_prjna275548,False
Wban_06291,wuchereria_bancrofti_prjna275548,False
Wban_06292,wuchereria_bancrofti_prjna275548,False
Wban_06293,wuchereria_bancrofti_prjna275548,False
Wban_06294,wuchereria_bancrofti_prjna275548,False
Wban_06295,wuchereria_bancrofti_prjna275548,False
Wban_06296,wuchereria_bancrofti_prjna275548,False
Wban_06297,wuchereria_bancrofti_prjna275548,False
Wban_06298,wuchereria_bancrofti_prjna275548,False
Wban_06299,wuchereria_bancrofti_prjna275548,False
Wban_06300,wuchereria_bancrofti_prjna275548,False
Wban_06301,wuchereria_bancrofti_prjna275548,False
Wban_06302,wuchereria_bancrofti_prjna275548,False
Wban_06303,wuchereria_bancrofti_prjna275548,False
Wban_06304,wuchereria_bancrofti_prjna275548,False
Wban_06305,wuchereria_bancrofti_prjna275548,False
Wban_06306,wuchereria_bancrofti_prjna275548,False
Wban_06307,wuchereria_bancrofti_prjna275548,False
Wban_06308,wuchereria_bancrofti_prjna275548,False
Wban_06309,wuchereria_bancrofti_prjna275548,False
Wban_06310,wuchereria_bancrofti_prjna275548,False
Wban_06311,wuchereria_bancrofti_prjna275548,False
Wban_06312,wuchereria_bancrofti_prjna275548,False
Wban_06313,wuchereria_bancrofti_prjna275548,False
Wban_06314,wuchereria_bancrofti_prjna275548,False
Wban_06315,wuchereria_bancrofti_prjna275548,False
Wban_06316,wuchereria_bancrofti_prjna275548,False
Wban_06317,wuchereria_bancrofti_prjna275548,False
Wban_06318,wuchereria_bancrofti_prjna275548,False
Wban_06319,wuchereria_bancrofti_prjna275548,False
Wban_06320,wuchereria_bancrofti_prjna275548,False
Wban_06321,wuchereria_bancrofti_prjna275548,False
Wban_06322,wuchereria_bancrofti_prjna275548,False
Wban_06323,wuchereria_bancrofti_prjna275548,False
Wban_06324,wuchereria_bancrofti_prjna275548,False
Wban_06325,wuchereria_bancrofti_prjna275548,False
Wban_06326,wuchereria_bancrofti_prjna275548,False
Wban_06327,wuchereria_bancrofti_prjna275548,False
Wban_06328,wuchereria_bancrofti_prjna275548,False
Wban_06329,wuchereria_bancrofti_prjna275548,False
Wban_06330,wuchereria_bancrofti_prjna275548,False
Wban_06331,wuchereria_bancrofti_prjna275548,False
Wban_06332,wuchereria_bancrofti_prjna275548,False
Wban_06333,wuchereria_bancrofti_prjna275548,False
Wban_06334,wuchereria_bancrofti_prjna275548,False
Wban_06335,wuchereria_bancrofti_prjna275548,False
Wban_06336,wuchereria_bancrofti_prjna275548,False
Wban_06337,wuchereria_bancrofti_prjna275548,False
Wban_06338,wuchereria_bancrofti_prjna275548,False
Wban_06339,wuchereria_bancrofti_prjna275548,False
Wban_06340,wuchereria_bancrofti_prjna275548,False
Wban_06341,wuchereria_bancrofti_prjna275548,False
Wban_06342,wuchereria_bancrofti_prjna275548,False
Wban_06343,wuchereria_bancrofti_prjna275548,False
Wban_06344,wuchereria_bancrofti_prjna275548,False
Wban_06345,wuchereria_bancrofti_prjna275548,False
Wban_06346,wuchereria_bancrofti_prjna275548,False
Wban_06347,wuchereria_bancrofti_prjna275548,False
Wban_06348,wuchereria_bancrofti_prjna275548,False
Wban_06349,wuchereria_bancrofti_prjna275548,False
Wban_06350,wuchereria_bancrofti_prjna275548,False
Wban_06351,wuchereria_bancrofti_prjna275548,False
Wban_06352,wuchereria_bancrofti_prjna275548,False
Wban_06353,wuchereria_bancrofti_prjna275548,False
Wban_06354,wuchereria_bancrofti_prjna275548,False
Wban_06355,wuchereria_bancrofti_prjna275548,False
Wban_06356,wuchereria_bancrofti_prjna275548,False
Wban_06357,wuchereria_bancrofti_prjna275548,False
Wban_06358,wuchereria_bancrofti_prjna275548,False
Wban_06359,wuchereria_bancrofti_prjna275548,False
Wban_06360,wuchereria_bancrofti_prjna275548,False
Wban_06361,wuchereria_bancrofti_prjna275548,False
Wban_06362,wuchereria_bancrofti_prjna275548,False
Wban_06363,wuchereria_bancrofti_prjna275548,False
Wban_06364,wuchereria_bancrofti_prjna275548,False
Wban_06365,wuchereria_bancrofti_prjna275548,False
Wban_06366,wuchereria_bancrofti_prjna275548,False
Wban_06367,wuchereria_bancrofti_prjna275548,False
Wban_06368,wuchereria_bancrofti_prjna275548,False
Wban_06369,wuchereria_bancrofti_prjna275548,False
Wban_06370,wuchereria_bancrofti_prjna275548,False
Wban_06371,wuchereria_bancrofti_prjna275548,False
Wban_06372,wuchereria_bancrofti_prjna275548,False
Wban_06373,wuchereria_bancrofti_prjna275548,False
Wban_06374,wuchereria_bancrofti_prjna275548,False
Wban_06375,wuchereria_bancrofti_prjna275548,False
Wban_06376,wuchereria_bancrofti_prjna275548,False
Wban_06377,wuchereria_bancrofti_prjna275548,False
Wban_06378,wuchereria_bancrofti_prjna275548,False
Wban_06379,wuchereria_bancrofti_prjna275548,False
Wban_06380,wuchereria_bancrofti_prjna275548,False
Wban_06381,wuchereria_bancrofti_prjna275548,False
Wban_06382,wuchereria_bancrofti_prjna275548,False
Wban_06383,wuchereria_bancrofti_prjna275548,False
Wban_06384,wuchereria_bancrofti_prjna275548,False
Wban_06385,wuchereria_bancrofti_prjna275548,False
Wban_06386,wuchereria_bancrofti_prjna275548,False
Wban_06387,wuchereria_bancrofti_prjna275548,False
Wban_06388,wuchereria_bancrofti_prjna275548,False
Wban_06389,wuchereria_bancrofti_prjna275548,False
Wban_06390,wuchereria_bancrofti_prjna275548,False
Wban_06391,wuchereria_bancrofti_prjna275548,False
Wban_06392,wuchereria_bancrofti_prjna275548,False
Wban_06393,wuchereria_bancrofti_prjna275548,False
Wban_06394,wuchereria_bancrofti_prjna275548,False
Wban_06395,wuchereria_bancrofti_prjna275548,False
Wban_06396,wuchereria_bancrofti_prjna275548,False
Wban_06397,wuchereria_bancrofti_prjna275548,False
Wban_06398,wuchereria_bancrofti_prjna275548,False
Wban_06399,wuchereria_bancrofti_prjna275548,False
Wban_06400,wuchereria_bancrofti_prjna275548,False
Wban_06401,wuchereria_bancrofti_prjna275548,False
Wban_06402,wuchereria_bancrofti_prjna275548,False
Wban_06403,wuchereria_bancrofti_prjna275548,False
Wban_06404,wuchereria_bancrofti_prjna275548,False
Wban_06405,wuchereria_bancrofti_prjna275548,False
Wban_06406,wuchereria_bancrofti_prjna275548,False
Wban_06407,wuchereria_bancrofti_prjna275548,False
Wban_06408,wuchereria_bancrofti_prjna275548,False
Wban_06409,wuchereria_bancrofti_prjna275548,False
Wban_06410,wuchereria_bancrofti_prjna275548,False
Wban_06411,wuchereria_bancrofti_prjna275548,False
Wban_06412,wuchereria_bancrofti_prjna275548,False
Wban_06413,wuchereria_bancrofti_prjna275548,False
Wban_06414,wuchereria_bancrofti_prjna275548,False
Wban_06415,wuchereria_bancrofti_prjna275548,False
Wban_06416,wuchereria_bancrofti_prjna275548,False
Wban_06417,wuchereria_bancrofti_prjna275548,False
Wban_06418,wuchereria_bancrofti_prjna275548,False
Wban_06419,wuchereria_bancrofti_prjna275548,False
Wban_06420,wuchereria_bancrofti_prjna275548,False
Wban_06421,wuchereria_bancrofti_prjna275548,False
Wban_06422,wuchereria_bancrofti_prjna275548,False
Wban_06423,wuchereria_bancrofti_prjna275548,False
Wban_06424,wuchereria_bancrofti_prjna275548,False
Wban_06425,wuchereria_bancrofti_prjna275548,False
Wban_06426,wuchereria_bancrofti_prjna275548,False
Wban_06427,wuchereria_bancrofti_prjna275548,False
Wban_06428,wuchereria_bancrofti_prjna275548,False
Wban_06429,wuchereria_bancrofti_prjna275548,False
Wban_06430,wuchereria_bancrofti_prjna275548,False
Wban_06431,wuchereria_bancrofti_prjna275548,False
Wban_06432,wuchereria_bancrofti_prjna275548,False
Wban_06433,wuchereria_bancrofti_prjna275548,False
Wban_06434,wuchereria_bancrofti_prjna275548,False
Wban_06435,wuchereria_bancrofti_prjna275548,False
Wban_06436,wuchereria_bancrofti_prjna275548,False
Wban_06437,wuchereria_bancrofti_prjna275548,False
Wban_06438,wuchereria_bancrofti_prjna275548,False
Wban_06439,wuchereria_bancrofti_prjna275548,False
Wban_06440,wuchereria_bancrofti_prjna275548,False
Wban_06441,wuchereria_bancrofti_prjna275548,False
Wban_06442,wuchereria_bancrofti_prjna275548,False
Wban_06443,wuchereria_bancrofti_prjna275548,False
Wban_06444,wuchereria_bancrofti_prjna275548,False
Wban_06445,wuchereria_bancrofti_prjna275548,False
Wban_06446,wuchereria_bancrofti_prjna275548,False
Wban_06447,wuchereria_bancrofti_prjna275548,False
Wban_06448,wuchereria_bancrofti_prjna275548,False
Wban_06449,wuchereria_bancrofti_prjna275548,False
Wban_06450,wuchereria_bancrofti_prjna275548,False
Wban_06451,wuchereria_bancrofti_prjna275548,False
Wban_06452,wuchereria_bancrofti_prjna275548,False
Wban_06453,wuchereria_bancrofti_prjna275548,False
Wban_06454,wuchereria_bancrofti_prjna275548,False
Wban_06455,wuchereria_bancrofti_prjna275548,False
Wban_06456,wuchereria_bancrofti_prjna275548,False
Wban_06457,wuchereria_bancrofti_prjna275548,False
Wban_06458,wuchereria_bancrofti_prjna275548,False
Wban_06459,wuchereria_bancrofti_prjna275548,False
Wban_06460,wuchereria_bancrofti_prjna275548,False
Wban_06461,wuchereria_bancrofti_prjna275548,False
Wban_06462,wuchereria_bancrofti_prjna275548,False
Wban_06463,wuchereria_bancrofti_prjna275548,False
Wban_06464,wuchereria_bancrofti_prjna275548,False
Wban_06465,wuchereria_bancrofti_prjna275548,False
Wban_06466,wuchereria_bancrofti_prjna275548,False
Wban_06467,wuchereria_bancrofti_prjna275548,False
Wban_06468,wuchereria_bancrofti_prjna275548,False
Wban_06469,wuchereria_bancrofti_prjna275548,False
Wban_06470,wuchereria_bancrofti_prjna275548,False
Wban_06471,wuchereria_bancrofti_prjna275548,False
Wban_06472,wuchereria_bancrofti_prjna275548,False
Wban_06473,wuchereria_bancrofti_prjna275548,False
Wban_06474,wuchereria_bancrofti_prjna275548,False
Wban_06475,wuchereria_bancrofti_prjna275548,False
Wban_06476,wuchereria_bancrofti_prjna275548,False
Wban_06477,wuchereria_bancrofti_prjna275548,False
Wban_06478,wuchereria_bancrofti_prjna275548,False
Wban_06479,wuchereria_bancrofti_prjna275548,False
Wban_06480,wuchereria_bancrofti_prjna275548,False
Wban_06481,wuchereria_bancrofti_prjna275548,False
Wban_06482,wuchereria_bancrofti_prjna275548,False
Wban_06483,wuchereria_bancrofti_prjna275548,False
Wban_06484,wuchereria_bancrofti_prjna275548,False
Wban_06485,wuchereria_bancrofti_prjna275548,False
Wban_06486,wuchereria_bancrofti_prjna275548,False
Wban_06487,wuchereria_bancrofti_prjna275548,False
Wban_06488,wuchereria_bancrofti_prjna275548,False
Wban_06489,wuchereria_bancrofti_prjna275548,False
Wban_06490,wuchereria_bancrofti_prjna275548,False
Wban_06491,wuchereria_bancrofti_prjna275548,False
Wban_06492,wuchereria_bancrofti_prjna275548,False
Wban_06493,wuchereria_bancrofti_prjna275548,False
Wban_06494,wuchereria_bancrofti_prjna275548,False
Wban_06495,wuchereria_bancrofti_prjna275548,False
Wban_06496,wuchereria_bancrofti_prjna275548,False
Wban_06497,wuchereria_bancrofti_prjna275548,False
Wban_06498,wuchereria_bancrofti_prjna275548,False
Wban_06499,wuchereria_bancrofti_prjna275548,False
Wban_06500,wuchereria_bancrofti_prjna275548,False
Wban_06501,wuchereria_bancrofti_prjna275548,False
Wban_06502,wuchereria_bancrofti_prjna275548,False
Wban_06503,wuchereria_bancrofti_prjna275548,False
Wban_06504,wuchereria_bancrofti_prjna275548,False
Wban_06505,wuchereria_bancrofti_prjna275548,False
Wban_06506,wuchereria_bancrofti_prjna275548,False
Wban_06507,wuchereria_bancrofti_prjna275548,False
Wban_06508,wuchereria_bancrofti_prjna275548,False
Wban_06509,wuchereria_bancrofti_prjna275548,False
Wban_06510,wuchereria_bancrofti_prjna275548,False
Wban_06511,wuchereria_bancrofti_prjna275548,False
Wban_06512,wuchereria_bancrofti_prjna275548,False
Wban_06513,wuchereria_bancrofti_prjna275548,False
Wban_06514,wuchereria_bancrofti_prjna275548,False
Wban_06515,wuchereria_bancrofti_prjna275548,False
Wban_06516,wuchereria_bancrofti_prjna275548,False
Wban_06517,wuchereria_bancrofti_prjna275548,False
Wban_06518,wuchereria_bancrofti_prjna275548,False
Wban_06519,wuchereria_bancrofti_prjna275548,False
Wban_06520,wuchereria_bancrofti_prjna275548,False
Wban_06521,wuchereria_bancrofti_prjna275548,False
Wban_06522,wuchereria_bancrofti_prjna275548,False
Wban_06523,wuchereria_bancrofti_prjna275548,False
Wban_06524,wuchereria_bancrofti_prjna275548,False
Wban_06525,wuchereria_bancrofti_prjna275548,False
Wban_06526,wuchereria_bancrofti_prjna275548,False
Wban_06527,wuchereria_bancrofti_prjna275548,False
Wban_06528,wuchereria_bancrofti_prjna275548,False
Wban_06529,wuchereria_bancrofti_prjna275548,False
Wban_06530,wuchereria_bancrofti_prjna275548,False
Wban_06531,wuchereria_bancrofti_prjna275548,False
Wban_06532,wuchereria_bancrofti_prjna275548,False
Wban_06533,wuchereria_bancrofti_prjna275548,False
Wban_06534,wuchereria_bancrofti_prjna275548,False
Wban_06535,wuchereria_bancrofti_prjna275548,False
Wban_06536,wuchereria_bancrofti_prjna275548,False
Wban_06537,wuchereria_bancrofti_prjna275548,False
Wban_06538,wuchereria_bancrofti_prjna275548,False
Wban_06539,wuchereria_bancrofti_prjna275548,False
Wban_06540,wuchereria_bancrofti_prjna275548,False
Wban_06541,wuchereria_bancrofti_prjna275548,False
Wban_06542,wuchereria_bancrofti_prjna275548,False
Wban_06543,wuchereria_bancrofti_prjna275548,False
Wban_06544,wuchereria_bancrofti_prjna275548,False
Wban_06545,wuchereria_bancrofti_prjna275548,False
Wban_06546,wuchereria_bancrofti_prjna275548,False
Wban_06547,wuchereria_bancrofti_prjna275548,False
Wban_06548,wuchereria_bancrofti_prjna275548,False
Wban_06549,wuchereria_bancrofti_prjna275548,False
Wban_06550,wuchereria_bancrofti_prjna275548,False
Wban_06551,wuchereria_bancrofti_prjna275548,False
Wban_06552,wuchereria_bancrofti_prjna275548,False
Wban_06553,wuchereria_bancrofti_prjna275548,False
Wban_06554,wuchereria_bancrofti_prjna275548,False
Wban_06555,wuchereria_bancrofti_prjna275548,False
Wban_06556,wuchereria_bancrofti_prjna275548,False
Wban_06557,wuchereria_bancrofti_prjna275548,False
Wban_06558,wuchereria_bancrofti_prjna275548,False
Wban_06559,wuchereria_bancrofti_prjna275548,False
Wban_06560,wuchereria_bancrofti_prjna275548,False
Wban_06561,wuchereria_bancrofti_prjna275548,False
Wban_06562,wuchereria_bancrofti_prjna275548,False
Wban_06563,wuchereria_bancrofti_prjna275548,False
Wban_06564,wuchereria_bancrofti_prjna275548,False
Wban_06565,wuchereria_bancrofti_prjna275548,False
Wban_06566,wuchereria_bancrofti_prjna275548,False
Wban_06567,wuchereria_bancrofti_prjna275548,False
Wban_06568,wuchereria_bancrofti_prjna275548,False
Wban_06569,wuchereria_bancrofti_prjna275548,False
Wban_06570,wuchereria_bancrofti_prjna275548,False
Wban_06571,wuchereria_bancrofti_prjna275548,False
Wban_06572,wuchereria_bancrofti_prjna275548,False
Wban_06573,wuchereria_bancrofti_prjna275548,False
Wban_06574,wuchereria_bancrofti_prjna275548,False
Wban_06575,wuchereria_bancrofti_prjna275548,False
Wban_06576,wuchereria_bancrofti_prjna275548,False
Wban_06577,wuchereria_bancrofti_prjna275548,False
Wban_06578,wuchereria_bancrofti_prjna275548,False
Wban_06579,wuchereria_bancrofti_prjna275548,False
Wban_06580,wuchereria_bancrofti_prjna275548,False
Wban_06581,wuchereria_bancrofti_prjna275548,False
Wban_06582,wuchereria_bancrofti_prjna275548,False
Wban_06583,wuchereria_bancrofti_prjna275548,False
Wban_06584,wuchereria_bancrofti_prjna275548,False
Wban_06585,wuchereria_bancrofti_prjna275548,False
Wban_06586,wuchereria_bancrofti_prjna275548,False
Wban_06587,wuchereria_bancrofti_prjna275548,False
Wban_06588,wuchereria_bancrofti_prjna275548,False
Wban_06589,wuchereria_bancrofti_prjna275548,False
Wban_06590,wuchereria_bancrofti_prjna275548,False
Wban_06591,wuchereria_bancrofti_prjna275548,False
Wban_06592,wuchereria_bancrofti_prjna275548,False
Wban_06593,wuchereria_bancrofti_prjna275548,False
Wban_06594,wuchereria_bancrofti_prjna275548,False
Wban_06595,wuchereria_bancrofti_prjna275548,False
Wban_06596,wuchereria_bancrofti_prjna275548,False
Wban_06597,wuchereria_bancrofti_prjna275548,False
Wban_06598,wuchereria_bancrofti_prjna275548,False
Wban_06599,wuchereria_bancrofti_prjna275548,False
Wban_06600,wuchereria_bancrofti_prjna275548,False
Wban_06601,wuchereria_bancrofti_prjna275548,False
Wban_06602,wuchereria_bancrofti_prjna275548,False
Wban_06603,wuchereria_bancrofti_prjna275548,False
Wban_06604,wuchereria_bancrofti_prjna275548,False
Wban_06605,wuchereria_bancrofti_prjna275548,False
Wban_06606,wuchereria_bancrofti_prjna275548,False
Wban_06607,wuchereria_bancrofti_prjna275548,False
Wban_06608,wuchereria_bancrofti_prjna275548,False
Wban_06609,wuchereria_bancrofti_prjna275548,False
Wban_06610,wuchereria_bancrofti_prjna275548,False
Wban_06611,wuchereria_bancrofti_prjna275548,False
Wban_06612,wuchereria_bancrofti_prjna275548,False
Wban_06613,wuchereria_bancrofti_prjna275548,False
Wban_06614,wuchereria_bancrofti_prjna275548,False
Wban_06615,wuchereria_bancrofti_prjna275548,False
Wban_06616,wuchereria_bancrofti_prjna275548,False
Wban_06617,wuchereria_bancrofti_prjna275548,False
Wban_06618,wuchereria_bancrofti_prjna275548,False
Wban_06619,wuchereria_bancrofti_prjna275548,False
Wban_06620,wuchereria_bancrofti_prjna275548,False
Wban_06621,wuchereria_bancrofti_prjna275548,False
Wban_06622,wuchereria_bancrofti_prjna275548,False
Wban_06623,wuchereria_bancrofti_prjna275548,False
Wban_06624,wuchereria_bancrofti_prjna275548,False
Wban_06625,wuchereria_bancrofti_prjna275548,False
Wban_06626,wuchereria_bancrofti_prjna275548,False
Wban_06627,wuchereria_bancrofti_prjna275548,False
Wban_06628,wuchereria_bancrofti_prjna275548,False
Wban_06629,wuchereria_bancrofti_prjna275548,False
Wban_06630,wuchereria_bancrofti_prjna275548,False
Wban_06631,wuchereria_bancrofti_prjna275548,False
Wban_06632,wuchereria_bancrofti_prjna275548,False
Wban_06633,wuchereria_bancrofti_prjna275548,False
Wban_06634,wuchereria_bancrofti_prjna275548,False
Wban_06635,wuchereria_bancrofti_prjna275548,False
Wban_06636,wuchereria_bancrofti_prjna275548,False
Wban_06637,wuchereria_bancrofti_prjna275548,False
Wban_06638,wuchereria_bancrofti_prjna275548,False
Wban_06639,wuchereria_bancrofti_prjna275548,False
Wban_06640,wuchereria_bancrofti_prjna275548,False
Wban_06641,wuchereria_bancrofti_prjna275548,False
Wban_06642,wuchereria_bancrofti_prjna275548,False
Wban_06643,wuchereria_bancrofti_prjna275548,False
Wban_06644,wuchereria_bancrofti_prjna275548,False
Wban_06645,wuchereria_bancrofti_prjna275548,False
Wban_06646,wuchereria_bancrofti_prjna275548,False
Wban_06647,wuchereria_bancrofti_prjna275548,False
Wban_06648,wuchereria_bancrofti_prjna275548,False
Wban_06649,wuchereria_bancrofti_prjna275548,False
Wban_06650,wuchereria_bancrofti_prjna275548,False
Wban_06651,wuchereria_bancrofti_prjna275548,False
Wban_06652,wuchereria_bancrofti_prjna275548,False
Wban_06653,wuchereria_bancrofti_prjna275548,False
Wban_06654,wuchereria_bancrofti_prjna275548,False
Wban_06655,wuchereria_bancrofti_prjna275548,False
Wban_06656,wuchereria_bancrofti_prjna275548,False
Wban_06657,wuchereria_bancrofti_prjna275548,False
Wban_06658,wuchereria_bancrofti_prjna275548,False
Wban_06659,wuchereria_bancrofti_prjna275548,False
Wban_06660,wuchereria_bancrofti_prjna275548,False
Wban_06661,wuchereria_bancrofti_prjna275548,False
Wban_06662,wuchereria_bancrofti_prjna275548,False
Wban_06663,wuchereria_bancrofti_prjna275548,False
Wban_06664,wuchereria_bancrofti_prjna275548,False
Wban_06665,wuchereria_bancrofti_prjna275548,False
Wban_06666,wuchereria_bancrofti_prjna275548,False
Wban_06667,wuchereria_bancrofti_prjna275548,False
Wban_06668,wuchereria_bancrofti_prjna275548,False
Wban_06669,wuchereria_bancrofti_prjna275548,False
Wban_06670,wuchereria_bancrofti_prjna275548,False
Wban_06671,wuchereria_bancrofti_prjna275548,False
Wban_06672,wuchereria_bancrofti_prjna275548,False
Wban_06673,wuchereria_bancrofti_prjna275548,False
Wban_06674,wuchereria_bancrofti_prjna275548,False
Wban_06675,wuchereria_bancrofti_prjna275548,False
Wban_06676,wuchereria_bancrofti_prjna275548,False
Wban_06677,wuchereria_bancrofti_prjna275548,False
Wban_06678,wuchereria_bancrofti_prjna275548,False
Wban_06679,wuchereria_bancrofti_prjna275548,False
Wban_06680,wuchereria_bancrofti_prjna275548,False
Wban_06681,wuchereria_bancrofti_prjna275548,False
Wban_06682,wuchereria_bancrofti_prjna275548,False
Wban_06683,wuchereria_bancrofti_prjna275548,False
Wban_06684,wuchereria_bancrofti_prjna275548,False
Wban_06685,wuchereria_bancrofti_prjna275548,False
Wban_06686,wuchereria_bancrofti_prjna275548,False
Wban_06687,wuchereria_bancrofti_prjna275548,False
Wban_06688,wuchereria_bancrofti_prjna275548,False
Wban_06689,wuchereria_bancrofti_prjna275548,False
Wban_06690,wuchereria_bancrofti_prjna275548,False
Wban_06691,wuchereria_bancrofti_prjna275548,False
Wban_06692,wuchereria_bancrofti_prjna275548,False
Wban_06693,wuchereria_bancrofti_prjna275548,False
Wban_06694,wuchereria_bancrofti_prjna275548,False
Wban_06695,wuchereria_bancrofti_prjna275548,False
Wban_06696,wuchereria_bancrofti_prjna275548,False
Wban_06697,wuchereria_bancrofti_prjna275548,False
Wban_06698,wuchereria_bancrofti_prjna275548,False
Wban_06699,wuchereria_bancrofti_prjna275548,False
Wban_06700,wuchereria_bancrofti_prjna275548,False
Wban_06701,wuchereria_bancrofti_prjna275548,False
Wban_06702,wuchereria_bancrofti_prjna275548,False
Wban_06703,wuchereria_bancrofti_prjna275548,False
Wban_06704,wuchereria_bancrofti_prjna275548,False
Wban_06705,wuchereria_bancrofti_prjna275548,False
Wban_06706,wuchereria_bancrofti_prjna275548,False
Wban_06707,wuchereria_bancrofti_prjna275548,False
Wban_06708,wuchereria_bancrofti_prjna275548,False
Wban_06709,wuchereria_bancrofti_prjna275548,False
Wban_06710,wuchereria_bancrofti_prjna275548,False
Wban_06711,wuchereria_bancrofti_prjna275548,False
Wban_06712,wuchereria_bancrofti_prjna275548,False
Wban_06713,wuchereria_bancrofti_prjna275548,False
Wban_06714,wuchereria_bancrofti_prjna275548,False
Wban_06715,wuchereria_bancrofti_prjna275548,False
Wban_06716,wuchereria_bancrofti_prjna275548,False
Wban_06717,wuchereria_bancrofti_prjna275548,False
Wban_06718,wuchereria_bancrofti_prjna275548,False
Wban_06719,wuchereria_bancrofti_prjna275548,False
Wban_06720,wuchereria_bancrofti_prjna275548,False
Wban_06721,wuchereria_bancrofti_prjna275548,False
Wban_06722,wuchereria_bancrofti_prjna275548,False
Wban_06723,wuchereria_bancrofti_prjna275548,False
Wban_06724,wuchereria_bancrofti_prjna275548,False
Wban_06725,wuchereria_bancrofti_prjna275548,False
Wban_06726,wuchereria_bancrofti_prjna275548,False
Wban_06727,wuchereria_bancrofti_prjna275548,False
Wban_06728,wuchereria_bancrofti_prjna275548,False
Wban_06729,wuchereria_bancrofti_prjna275548,False
Wban_06730,wuchereria_bancrofti_prjna275548,False
Wban_06731,wuchereria_bancrofti_prjna275548,False
Wban_06732,wuchereria_bancrofti_prjna275548,False
Wban_06733,wuchereria_bancrofti_prjna275548,False
Wban_06734,wuchereria_bancrofti_prjna275548,False
Wban_06735,wuchereria_bancrofti_prjna275548,False
Wban_06736,wuchereria_bancrofti_prjna275548,False
Wban_06737,wuchereria_bancrofti_prjna275548,False
Wban_06738,wuchereria_bancrofti_prjna275548,False
Wban_06739,wuchereria_bancrofti_prjna275548,False
Wban_06740,wuchereria_bancrofti_prjna275548,False
Wban_06741,wuchereria_bancrofti_prjna275548,False
Wban_06742,wuchereria_bancrofti_prjna275548,False
Wban_06743,wuchereria_bancrofti_prjna275548,False
Wban_06744,wuchereria_bancrofti_prjna275548,False
Wban_06745,wuchereria_bancrofti_prjna275548,False
Wban_06746,wuchereria_bancrofti_prjna275548,False
Wban_06747,wuchereria_bancrofti_prjna275548,False
Wban_06748,wuchereria_bancrofti_prjna275548,False
Wban_06749,wuchereria_bancrofti_prjna275548,False
Wban_06750,wuchereria_bancrofti_prjna275548,False
Wban_06751,wuchereria_bancrofti_prjna275548,False
Wban_06752,wuchereria_bancrofti_prjna275548,False
Wban_06753,wuchereria_bancrofti_prjna275548,False
Wban_06754,wuchereria_bancrofti_prjna275548,False
Wban_06755,wuchereria_bancrofti_prjna275548,False
Wban_06756,wuchereria_bancrofti_prjna275548,False
Wban_06757,wuchereria_bancrofti_prjna275548,False
Wban_06758,wuchereria_bancrofti_prjna275548,False
Wban_06759,wuchereria_bancrofti_prjna275548,False
Wban_06760,wuchereria_bancrofti_prjna275548,False
Wban_06761,wuchereria_bancrofti_prjna275548,False
Wban_06762,wuchereria_bancrofti_prjna275548,False
Wban_06763,wuchereria_bancrofti_prjna275548,False
Wban_06764,wuchereria_bancrofti_prjna275548,False
Wban_06765,wuchereria_bancrofti_prjna275548,False
Wban_06766,wuchereria_bancrofti_prjna275548,False
Wban_06767,wuchereria_bancrofti_prjna275548,False
Wban_06768,wuchereria_bancrofti_prjna275548,False
Wban_06769,wuchereria_bancrofti_prjna275548,False
Wban_06770,wuchereria_bancrofti_prjna275548,False
Wban_06771,wuchereria_bancrofti_prjna275548,False
Wban_06772,wuchereria_bancrofti_prjna275548,False
Wban_06773,wuchereria_bancrofti_prjna275548,False
Wban_06774,wuchereria_bancrofti_prjna275548,False
Wban_06775,wuchereria_bancrofti_prjna275548,False
Wban_06776,wuchereria_bancrofti_prjna275548,False
Wban_06777,wuchereria_bancrofti_prjna275548,False
Wban_06778,wuchereria_bancrofti_prjna275548,False
Wban_06779,wuchereria_bancrofti_prjna275548,False
Wban_06780,wuchereria_bancrofti_prjna275548,False
Wban_06781,wuchereria_bancrofti_prjna275548,False
Wban_06782,wuchereria_bancrofti_prjna275548,False
Wban_06783,wuchereria_bancrofti_prjna275548,False
Wban_06784,wuchereria_bancrofti_prjna275548,False
Wban_06785,wuchereria_bancrofti_prjna275548,False
Wban_06786,wuchereria_bancrofti_prjna275548,False
Wban_06787,wuchereria_bancrofti_prjna275548,False
Wban_06788,wuchereria_bancrofti_prjna275548,False
Wban_06789,wuchereria_bancrofti_prjna275548,False
Wban_06790,wuchereria_bancrofti_prjna275548,False
Wban_06791,wuchereria_bancrofti_prjna275548,False
Wban_06792,wuchereria_bancrofti_prjna275548,False
Wban_06793,wuchereria_bancrofti_prjna275548,False
Wban_06794,wuchereria_bancrofti_prjna275548,False
Wban_06795,wuchereria_bancrofti_prjna275548,False
Wban_06796,wuchereria_bancrofti_prjna275548,False
Wban_06797,wuchereria_bancrofti_prjna275548,False
Wban_06798,wuchereria_bancrofti_prjna275548,False
Wban_06799,wuchereria_bancrofti_prjna275548,False
Wban_06800,wuchereria_bancrofti_prjna275548,False
Wban_06801,wuchereria_bancrofti_prjna275548,False
Wban_06802,wuchereria_bancrofti_prjna275548,False
Wban_06803,wuchereria_bancrofti_prjna275548,False
Wban_06804,wuchereria_bancrofti_prjna275548,False
Wban_06805,wuchereria_bancrofti_prjna275548,False
Wban_06806,wuchereria_bancrofti_prjna275548,False
Wban_06807,wuchereria_bancrofti_prjna275548,False
Wban_06808,wuchereria_bancrofti_prjna275548,False
Wban_06809,wuchereria_bancrofti_prjna275548,False
Wban_06810,wuchereria_bancrofti_prjna275548,False
Wban_06811,wuchereria_bancrofti_prjna275548,False
Wban_06812,wuchereria_bancrofti_prjna275548,False
Wban_06813,wuchereria_bancrofti_prjna275548,False
Wban_06814,wuchereria_bancrofti_prjna275548,False
Wban_06815,wuchereria_bancrofti_prjna275548,False
Wban_06816,wuchereria_bancrofti_prjna275548,False
Wban_06817,wuchereria_bancrofti_prjna275548,False
Wban_06818,wuchereria_bancrofti_prjna275548,False
Wban_06819,wuchereria_bancrofti_prjna275548,False
Wban_06820,wuchereria_bancrofti_prjna275548,False
Wban_06821,wuchereria_bancrofti_prjna275548,False
Wban_06822,wuchereria_bancrofti_prjna275548,False
Wban_06823,wuchereria_bancrofti_prjna275548,False
Wban_06824,wuchereria_bancrofti_prjna275548,False
Wban_06825,wuchereria_bancrofti_prjna275548,False
Wban_06826,wuchereria_bancrofti_prjna275548,False
Wban_06827,wuchereria_bancrofti_prjna275548,False
Wban_06828,wuchereria_bancrofti_prjna275548,False
Wban_06829,wuchereria_bancrofti_prjna275548,False
Wban_06830,wuchereria_bancrofti_prjna275548,False
Wban_06831,wuchereria_bancrofti_prjna275548,False
Wban_06832,wuchereria_bancrofti_prjna275548,False
Wban_06833,wuchereria_bancrofti_prjna275548,False
Wban_06834,wuchereria_bancrofti_prjna275548,False
Wban_06835,wuchereria_bancrofti_prjna275548,False
Wban_06836,wuchereria_bancrofti_prjna275548,False
Wban_06837,wuchereria_bancrofti_prjna275548,False
Wban_06838,wuchereria_bancrofti_prjna275548,False
Wban_06839,wuchereria_bancrofti_prjna275548,False
Wban_06840,wuchereria_bancrofti_prjna275548,False
Wban_06841,wuchereria_bancrofti_prjna275548,False
Wban_06842,wuchereria_bancrofti_prjna275548,False
Wban_06843,wuchereria_bancrofti_prjna275548,False
Wban_06844,wuchereria_bancrofti_prjna275548,False
Wban_06845,wuchereria_bancrofti_prjna275548,False
Wban_06846,wuchereria_bancrofti_prjna275548,False
Wban_06847,wuchereria_bancrofti_prjna275548,False
Wban_06848,wuchereria_bancrofti_prjna275548,False
Wban_06849,wuchereria_bancrofti_prjna275548,False
Wban_06850,wuchereria_bancrofti_prjna275548,False
Wban_06851,wuchereria_bancrofti_prjna275548,False
Wban_06852,wuchereria_bancrofti_prjna275548,False
Wban_06853,wuchereria_bancrofti_prjna275548,False
Wban_06854,wuchereria_bancrofti_prjna275548,False
Wban_06855,wuchereria_bancrofti_prjna275548,False
Wban_06856,wuchereria_bancrofti_prjna275548,False
Wban_06857,wuchereria_bancrofti_prjna275548,False
Wban_06858,wuchereria_bancrofti_prjna275548,False
Wban_06859,wuchereria_bancrofti_prjna275548,False
Wban_06860,wuchereria_bancrofti_prjna275548,False
Wban_06861,wuchereria_bancrofti_prjna275548,False
Wban_06862,wuchereria_bancrofti_prjna275548,False
Wban_06863,wuchereria_bancrofti_prjna275548,False
Wban_06864,wuchereria_bancrofti_prjna275548,False
Wban_06865,wuchereria_bancrofti_prjna275548,False
Wban_06866,wuchereria_bancrofti_prjna275548,False
Wban_06867,wuchereria_bancrofti_prjna275548,False
Wban_06868,wuchereria_bancrofti_prjna275548,False
Wban_06869,wuchereria_bancrofti_prjna275548,False
Wban_06870,wuchereria_bancrofti_prjna275548,False
Wban_06871,wuchereria_bancrofti_prjna275548,False
Wban_06872,wuchereria_bancrofti_prjna275548,False
Wban_06873,wuchereria_bancrofti_prjna275548,False
Wban_06874,wuchereria_bancrofti_prjna275548,False
Wban_06875,wuchereria_bancrofti_prjna275548,False
Wban_06876,wuchereria_bancrofti_prjna275548,False
Wban_06877,wuchereria_bancrofti_prjna275548,False
Wban_06878,wuchereria_bancrofti_prjna275548,False
Wban_06879,wuchereria_bancrofti_prjna275548,False
Wban_06880,wuchereria_bancrofti_prjna275548,False
Wban_06881,wuchereria_bancrofti_prjna275548,False
Wban_06882,wuchereria_bancrofti_prjna275548,False
Wban_06883,wuchereria_bancrofti_prjna275548,False
Wban_06884,wuchereria_bancrofti_prjna275548,False
Wban_06885,wuchereria_bancrofti_prjna275548,False
Wban_06886,wuchereria_bancrofti_prjna275548,False
Wban_06887,wuchereria_bancrofti_prjna275548,False
Wban_06888,wuchereria_bancrofti_prjna275548,False
Wban_06889,wuchereria_bancrofti_prjna275548,False
Wban_06890,wuchereria_bancrofti_prjna275548,False
Wban_06891,wuchereria_bancrofti_prjna275548,False
Wban_06892,wuchereria_bancrofti_prjna275548,False
Wban_06893,wuchereria_bancrofti_prjna275548,False
Wban_06894,wuchereria_bancrofti_prjna275548,False
Wban_06895,wuchereria_bancrofti_prjna275548,False
Wban_06896,wuchereria_bancrofti_prjna275548,False
Wban_06897,wuchereria_bancrofti_prjna275548,False
Wban_06898,wuchereria_bancrofti_prjna275548,False
Wban_06899,wuchereria_bancrofti_prjna275548,False
Wban_06900,wuchereria_bancrofti_prjna275548,False
Wban_06901,wuchereria_bancrofti_prjna275548,False
Wban_06902,wuchereria_bancrofti_prjna275548,False
Wban_06903,wuchereria_bancrofti_prjna275548,False
Wban_06904,wuchereria_bancrofti_prjna275548,False
Wban_06905,wuchereria_bancrofti_prjna275548,False
Wban_06906,wuchereria_bancrofti_prjna275548,False
Wban_06907,wuchereria_bancrofti_prjna275548,False
Wban_06908,wuchereria_bancrofti_prjna275548,False
Wban_06909,wuchereria_bancrofti_prjna275548,False
Wban_06910,wuchereria_bancrofti_prjna275548,False
Wban_06911,wuchereria_bancrofti_prjna275548,False
Wban_06912,wuchereria_bancrofti_prjna275548,False
Wban_06913,wuchereria_bancrofti_prjna275548,False
Wban_06914,wuchereria_bancrofti_prjna275548,False
Wban_06915,wuchereria_bancrofti_prjna275548,False
Wban_06916,wuchereria_bancrofti_prjna275548,False
Wban_06917,wuchereria_bancrofti_prjna275548,False
Wban_06918,wuchereria_bancrofti_prjna275548,False
Wban_06919,wuchereria_bancrofti_prjna275548,False
Wban_06920,wuchereria_bancrofti_prjna275548,False
Wban_06921,wuchereria_bancrofti_prjna275548,False
Wban_06922,wuchereria_bancrofti_prjna275548,False
Wban_06923,wuchereria_bancrofti_prjna275548,False
Wban_06924,wuchereria_bancrofti_prjna275548,False
Wban_06925,wuchereria_bancrofti_prjna275548,False
Wban_06926,wuchereria_bancrofti_prjna275548,False
Wban_06927,wuchereria_bancrofti_prjna275548,False
Wban_06928,wuchereria_bancrofti_prjna275548,False
Wban_06929,wuchereria_bancrofti_prjna275548,False
Wban_06930,wuchereria_bancrofti_prjna275548,False
Wban_06931,wuchereria_bancrofti_prjna275548,False
Wban_06932,wuchereria_bancrofti_prjna275548,False
Wban_06933,wuchereria_bancrofti_prjna275548,False
Wban_06934,wuchereria_bancrofti_prjna275548,False
Wban_06935,wuchereria_bancrofti_prjna275548,False
Wban_06936,wuchereria_bancrofti_prjna275548,False
Wban_06937,wuchereria_bancrofti_prjna275548,False
Wban_06938,wuchereria_bancrofti_prjna275548,False
Wban_06939,wuchereria_bancrofti_prjna275548,False
Wban_06940,wuchereria_bancrofti_prjna275548,False
Wban_06941,wuchereria_bancrofti_prjna275548,False
Wban_06942,wuchereria_bancrofti_prjna275548,False
Wban_06943,wuchereria_bancrofti_prjna275548,False
Wban_06944,wuchereria_bancrofti_prjna275548,False
Wban_06945,wuchereria_bancrofti_prjna275548,False
Wban_06946,wuchereria_bancrofti_prjna275548,False
Wban_06947,wuchereria_bancrofti_prjna275548,False
Wban_06948,wuchereria_bancrofti_prjna275548,False
Wban_06949,wuchereria_bancrofti_prjna275548,False
Wban_06950,wuchereria_bancrofti_prjna275548,False
Wban_06951,wuchereria_bancrofti_prjna275548,False
Wban_06952,wuchereria_bancrofti_prjna275548,False
Wban_06953,wuchereria_bancrofti_prjna275548,False
Wban_06954,wuchereria_bancrofti_prjna275548,False
Wban_06955,wuchereria_bancrofti_prjna275548,False
Wban_06956,wuchereria_bancrofti_prjna275548,False
Wban_06957,wuchereria_bancrofti_prjna275548,False
Wban_06958,wuchereria_bancrofti_prjna275548,False
Wban_06959,wuchereria_bancrofti_prjna275548,False
Wban_06960,wuchereria_bancrofti_prjna275548,False
Wban_06961,wuchereria_bancrofti_prjna275548,False
Wban_06962,wuchereria_bancrofti_prjna275548,False
Wban_06963,wuchereria_bancrofti_prjna275548,False
Wban_06964,wuchereria_bancrofti_prjna275548,False
Wban_06965,wuchereria_bancrofti_prjna275548,False
Wban_06966,wuchereria_bancrofti_prjna275548,False
Wban_06967,wuchereria_bancrofti_prjna275548,False
Wban_06968,wuchereria_bancrofti_prjna275548,False
Wban_06969,wuchereria_bancrofti_prjna275548,False
Wban_06970,wuchereria_bancrofti_prjna275548,False
Wban_06971,wuchereria_bancrofti_prjna275548,False
Wban_06972,wuchereria_bancrofti_prjna275548,False
Wban_06973,wuchereria_bancrofti_prjna275548,False
Wban_06974,wuchereria_bancrofti_prjna275548,False
Wban_06975,wuchereria_bancrofti_prjna275548,False
Wban_06976,wuchereria_bancrofti_prjna275548,False
Wban_06977,wuchereria_bancrofti_prjna275548,False
Wban_06978,wuchereria_bancrofti_prjna275548,False
Wban_06979,wuchereria_bancrofti_prjna275548,False
Wban_06980,wuchereria_bancrofti_prjna275548,False
Wban_06981,wuchereria_bancrofti_prjna275548,False
Wban_06982,wuchereria_bancrofti_prjna275548,False
Wban_06983,wuchereria_bancrofti_prjna275548,False
Wban_06984,wuchereria_bancrofti_prjna275548,False
Wban_06985,wuchereria_bancrofti_prjna275548,False
Wban_06986,wuchereria_bancrofti_prjna275548,False
Wban_06987,wuchereria_bancrofti_prjna275548,False
Wban_06988,wuchereria_bancrofti_prjna275548,False
Wban_06989,wuchereria_bancrofti_prjna275548,False
Wban_06990,wuchereria_bancrofti_prjna275548,False
Wban_06991,wuchereria_bancrofti_prjna275548,False
Wban_06992,wuchereria_bancrofti_prjna275548,False
Wban_06993,wuchereria_bancrofti_prjna275548,False
Wban_06994,wuchereria_bancrofti_prjna275548,False
Wban_06995,wuchereria_bancrofti_prjna275548,False
Wban_06996,wuchereria_bancrofti_prjna275548,False
Wban_06997,wuchereria_bancrofti_prjna275548,False
Wban_06998,wuchereria_bancrofti_prjna275548,False
Wban_06999,wuchereria_bancrofti_prjna275548,False
Wban_07000,wuchereria_bancrofti_prjna275548,False
Wban_07001,wuchereria_bancrofti_prjna275548,False
Wban_07002,wuchereria_bancrofti_prjna275548,False
Wban_07003,wuchereria_bancrofti_prjna275548,False
Wban_07004,wuchereria_bancrofti_prjna275548,False
Wban_07005,wuchereria_bancrofti_prjna275548,False
Wban_07006,wuchereria_bancrofti_prjna275548,False
Wban_07007,wuchereria_bancrofti_prjna275548,False
Wban_07008,wuchereria_bancrofti_prjna275548,False
Wban_07009,wuchereria_bancrofti_prjna275548,False
Wban_07010,wuchereria_bancrofti_prjna275548,False
Wban_07011,wuchereria_bancrofti_prjna275548,False
Wban_07012,wuchereria_bancrofti_prjna275548,False
Wban_07013,wuchereria_bancrofti_prjna275548,False
Wban_07014,wuchereria_bancrofti_prjna275548,False
Wban_07015,wuchereria_bancrofti_prjna275548,False
Wban_07016,wuchereria_bancrofti_prjna275548,False
Wban_07017,wuchereria_bancrofti_prjna275548,False
Wban_07018,wuchereria_bancrofti_prjna275548,False
Wban_07019,wuchereria_bancrofti_prjna275548,False
Wban_07020,wuchereria_bancrofti_prjna275548,False
Wban_07021,wuchereria_bancrofti_prjna275548,False
Wban_07022,wuchereria_bancrofti_prjna275548,False
Wban_07023,wuchereria_bancrofti_prjna275548,False
Wban_07024,wuchereria_bancrofti_prjna275548,False
Wban_07025,wuchereria_bancrofti_prjna275548,False
Wban_07026,wuchereria_bancrofti_prjna275548,False
Wban_07027,wuchereria_bancrofti_prjna275548,False
Wban_07028,wuchereria_bancrofti_prjna275548,False
Wban_07029,wuchereria_bancrofti_prjna275548,False
Wban_07030,wuchereria_bancrofti_prjna275548,False
Wban_07031,wuchereria_bancrofti_prjna275548,False
Wban_07032,wuchereria_bancrofti_prjna275548,False
Wban_07033,wuchereria_bancrofti_prjna275548,False
Wban_07034,wuchereria_bancrofti_prjna275548,False
Wban_07035,wuchereria_bancrofti_prjna275548,False
Wban_07036,wuchereria_bancrofti_prjna275548,False
Wban_07037,wuchereria_bancrofti_prjna275548,False
Wban_07038,wuchereria_bancrofti_prjna275548,False
Wban_07039,wuchereria_bancrofti_prjna275548,False
Wban_07040,wuchereria_bancrofti_prjna275548,False
Wban_07041,wuchereria_bancrofti_prjna275548,False
Wban_07042,wuchereria_bancrofti_prjna275548,False
Wban_07043,wuchereria_bancrofti_prjna275548,False
Wban_07044,wuchereria_bancrofti_prjna275548,False
Wban_07045,wuchereria_bancrofti_prjna275548,False
Wban_07046,wuchereria_bancrofti_prjna275548,False
Wban_07047,wuchereria_bancrofti_prjna275548,False
Wban_07048,wuchereria_bancrofti_prjna275548,False
Wban_07049,wuchereria_bancrofti_prjna275548,False
Wban_07050,wuchereria_bancrofti_prjna275548,False
Wban_07051,wuchereria_bancrofti_prjna275548,False
Wban_07052,wuchereria_bancrofti_prjna275548,False
Wban_07053,wuchereria_bancrofti_prjna275548,False
Wban_07054,wuchereria_bancrofti_prjna275548,False
Wban_07055,wuchereria_bancrofti_prjna275548,False
Wban_07056,wuchereria_bancrofti_prjna275548,False
Wban_07057,wuchereria_bancrofti_prjna275548,False
Wban_07058,wuchereria_bancrofti_prjna275548,False
Wban_07059,wuchereria_bancrofti_prjna275548,False
Wban_07060,wuchereria_bancrofti_prjna275548,False
Wban_07061,wuchereria_bancrofti_prjna275548,False
Wban_07062,wuchereria_bancrofti_prjna275548,False
Wban_07063,wuchereria_bancrofti_prjna275548,False
Wban_07064,wuchereria_bancrofti_prjna275548,False
Wban_07065,wuchereria_bancrofti_prjna275548,False
Wban_07066,wuchereria_bancrofti_prjna275548,False
Wban_07067,wuchereria_bancrofti_prjna275548,False
Wban_07068,wuchereria_bancrofti_prjna275548,False
Wban_07069,wuchereria_bancrofti_prjna275548,False
Wban_07070,wuchereria_bancrofti_prjna275548,False
Wban_07071,wuchereria_bancrofti_prjna275548,False
Wban_07072,wuchereria_bancrofti_prjna275548,False
Wban_07073,wuchereria_bancrofti_prjna275548,False
Wban_07074,wuchereria_bancrofti_prjna275548,False
Wban_07075,wuchereria_bancrofti_prjna275548,False
Wban_07076,wuchereria_bancrofti_prjna275548,False
Wban_07077,wuchereria_bancrofti_prjna275548,False
Wban_07078,wuchereria_bancrofti_prjna275548,False
Wban_07079,wuchereria_bancrofti_prjna275548,False
Wban_07080,wuchereria_bancrofti_prjna275548,False
Wban_07081,wuchereria_bancrofti_prjna275548,False
Wban_07082,wuchereria_bancrofti_prjna275548,False
Wban_07083,wuchereria_bancrofti_prjna275548,False
Wban_07084,wuchereria_bancrofti_prjna275548,False
Wban_07085,wuchereria_bancrofti_prjna275548,False
Wban_07086,wuchereria_bancrofti_prjna275548,False
Wban_07087,wuchereria_bancrofti_prjna275548,False
Wban_07088,wuchereria_bancrofti_prjna275548,False
Wban_07089,wuchereria_bancrofti_prjna275548,False
Wban_07090,wuchereria_bancrofti_prjna275548,False
Wban_07091,wuchereria_bancrofti_prjna275548,False
Wban_07092,wuchereria_bancrofti_prjna275548,False
Wban_07093,wuchereria_bancrofti_prjna275548,False
Wban_07094,wuchereria_bancrofti_prjna275548,False
Wban_07095,wuchereria_bancrofti_prjna275548,False
Wban_07096,wuchereria_bancrofti_prjna275548,False
Wban_07097,wuchereria_bancrofti_prjna275548,False
Wban_07098,wuchereria_bancrofti_prjna275548,False
Wban_07099,wuchereria_bancrofti_prjna275548,False
Wban_07100,wuchereria_bancrofti_prjna275548,False
Wban_07101,wuchereria_bancrofti_prjna275548,False
Wban_07102,wuchereria_bancrofti_prjna275548,False
Wban_07103,wuchereria_bancrofti_prjna275548,False
Wban_07104,wuchereria_bancrofti_prjna275548,False
Wban_07105,wuchereria_bancrofti_prjna275548,False
Wban_07106,wuchereria_bancrofti_prjna275548,False
Wban_07107,wuchereria_bancrofti_prjna275548,False
Wban_07108,wuchereria_bancrofti_prjna275548,False
Wban_07109,wuchereria_bancrofti_prjna275548,False
Wban_07110,wuchereria_bancrofti_prjna275548,False
Wban_07111,wuchereria_bancrofti_prjna275548,False
Wban_07112,wuchereria_bancrofti_prjna275548,False
Wban_07113,wuchereria_bancrofti_prjna275548,False
Wban_07114,wuchereria_bancrofti_prjna275548,False
Wban_07115,wuchereria_bancrofti_prjna275548,False
Wban_07116,wuchereria_bancrofti_prjna275548,False
Wban_07117,wuchereria_bancrofti_prjna275548,False
Wban_07118,wuchereria_bancrofti_prjna275548,False
Wban_07119,wuchereria_bancrofti_prjna275548,False
Wban_07120,wuchereria_bancrofti_prjna275548,False
Wban_07121,wuchereria_bancrofti_prjna275548,False
Wban_07122,wuchereria_bancrofti_prjna275548,False
Wban_07123,wuchereria_bancrofti_prjna275548,False
Wban_07124,wuchereria_bancrofti_prjna275548,False
Wban_07125,wuchereria_bancrofti_prjna275548,False
Wban_07126,wuchereria_bancrofti_prjna275548,False
Wban_07127,wuchereria_bancrofti_prjna275548,False
Wban_07128,wuchereria_bancrofti_prjna275548,False
Wban_07129,wuchereria_bancrofti_prjna275548,False
Wban_07130,wuchereria_bancrofti_prjna275548,False
Wban_07131,wuchereria_bancrofti_prjna275548,False
Wban_07132,wuchereria_bancrofti_prjna275548,False
Wban_07133,wuchereria_bancrofti_prjna275548,False
Wban_07134,wuchereria_bancrofti_prjna275548,False
Wban_07135,wuchereria_bancrofti_prjna275548,False
Wban_07136,wuchereria_bancrofti_prjna275548,False
Wban_07137,wuchereria_bancrofti_prjna275548,False
Wban_07138,wuchereria_bancrofti_prjna275548,False
Wban_07139,wuchereria_bancrofti_prjna275548,False
Wban_07140,wuchereria_bancrofti_prjna275548,False
Wban_07141,wuchereria_bancrofti_prjna275548,False
Wban_07142,wuchereria_bancrofti_prjna275548,False
Wban_07143,wuchereria_bancrofti_prjna275548,False
Wban_07144,wuchereria_bancrofti_prjna275548,False
Wban_07145,wuchereria_bancrofti_prjna275548,False
Wban_07146,wuchereria_bancrofti_prjna275548,False
Wban_07147,wuchereria_bancrofti_prjna275548,False
Wban_07148,wuchereria_bancrofti_prjna275548,False
Wban_07149,wuchereria_bancrofti_prjna275548,False
Wban_07150,wuchereria_bancrofti_prjna275548,False
Wban_07151,wuchereria_bancrofti_prjna275548,False
Wban_07152,wuchereria_bancrofti_prjna275548,False
Wban_07153,wuchereria_bancrofti_prjna275548,False
Wban_07154,wuchereria_bancrofti_prjna275548,False
Wban_07155,wuchereria_bancrofti_prjna275548,False
Wban_07156,wuchereria_bancrofti_prjna275548,False
Wban_07157,wuchereria_bancrofti_prjna275548,False
Wban_07158,wuchereria_bancrofti_prjna275548,False
Wban_07159,wuchereria_bancrofti_prjna275548,False
Wban_07160,wuchereria_bancrofti_prjna275548,False
Wban_07161,wuchereria_bancrofti_prjna275548,False
Wban_07162,wuchereria_bancrofti_prjna275548,False
Wban_07163,wuchereria_bancrofti_prjna275548,False
Wban_07164,wuchereria_bancrofti_prjna275548,False
Wban_07165,wuchereria_bancrofti_prjna275548,False
Wban_07166,wuchereria_bancrofti_prjna275548,False
Wban_07167,wuchereria_bancrofti_prjna275548,False
Wban_07168,wuchereria_bancrofti_prjna275548,False
Wban_07169,wuchereria_bancrofti_prjna275548,False
Wban_07170,wuchereria_bancrofti_prjna275548,False
Wban_07171,wuchereria_bancrofti_prjna275548,False
Wban_07172,wuchereria_bancrofti_prjna275548,False
Wban_07173,wuchereria_bancrofti_prjna275548,False
Wban_07174,wuchereria_bancrofti_prjna275548,False
Wban_07175,wuchereria_bancrofti_prjna275548,False
Wban_07176,wuchereria_bancrofti_prjna275548,False
Wban_07177,wuchereria_bancrofti_prjna275548,False
Wban_07178,wuchereria_bancrofti_prjna275548,False
Wban_07179,wuchereria_bancrofti_prjna275548,False
Wban_07180,wuchereria_bancrofti_prjna275548,False
Wban_07181,wuchereria_bancrofti_prjna275548,False
Wban_07182,wuchereria_bancrofti_prjna275548,False
Wban_07183,wuchereria_bancrofti_prjna275548,False
Wban_07184,wuchereria_bancrofti_prjna275548,False
Wban_07185,wuchereria_bancrofti_prjna275548,False
Wban_07186,wuchereria_bancrofti_prjna275548,False
Wban_07187,wuchereria_bancrofti_prjna275548,False
Wban_07188,wuchereria_bancrofti_prjna275548,False
Wban_07189,wuchereria_bancrofti_prjna275548,False
Wban_07190,wuchereria_bancrofti_prjna275548,False
Wban_07191,wuchereria_bancrofti_prjna275548,False
Wban_07192,wuchereria_bancrofti_prjna275548,False
Wban_07193,wuchereria_bancrofti_prjna275548,False
Wban_07194,wuchereria_bancrofti_prjna275548,False
Wban_07195,wuchereria_bancrofti_prjna275548,False
Wban_07196,wuchereria_bancrofti_prjna275548,False
Wban_07197,wuchereria_bancrofti_prjna275548,False
Wban_07198,wuchereria_bancrofti_prjna275548,False
Wban_07199,wuchereria_bancrofti_prjna275548,False
Wban_07200,wuchereria_bancrofti_prjna275548,False
Wban_07201,wuchereria_bancrofti_prjna275548,False
Wban_07202,wuchereria_bancrofti_prjna275548,False
Wban_07203,wuchereria_bancrofti_prjna275548,False
Wban_07204,wuchereria_bancrofti_prjna275548,False
Wban_07205,wuchereria_bancrofti_prjna275548,False
Wban_07206,wuchereria_bancrofti_prjna275548,False
Wban_07207,wuchereria_bancrofti_prjna275548,False
Wban_07208,wuchereria_bancrofti_prjna275548,False
Wban_07209,wuchereria_bancrofti_prjna275548,False
Wban_07210,wuchereria_bancrofti_prjna275548,False
Wban_07211,wuchereria_bancrofti_prjna275548,False
Wban_07212,wuchereria_bancrofti_prjna275548,False
Wban_07213,wuchereria_bancrofti_prjna275548,False
Wban_07214,wuchereria_bancrofti_prjna275548,False
Wban_07215,wuchereria_bancrofti_prjna275548,False
Wban_07216,wuchereria_bancrofti_prjna275548,False
Wban_07217,wuchereria_bancrofti_prjna275548,False
Wban_07218,wuchereria_bancrofti_prjna275548,False
Wban_07219,wuchereria_bancrofti_prjna275548,False
Wban_07220,wuchereria_bancrofti_prjna275548,False
Wban_07221,wuchereria_bancrofti_prjna275548,False
Wban_07222,wuchereria_bancrofti_prjna275548,False
Wban_07223,wuchereria_bancrofti_prjna275548,False
Wban_07224,wuchereria_bancrofti_prjna275548,False
Wban_07225,wuchereria_bancrofti_prjna275548,False
Wban_07226,wuchereria_bancrofti_prjna275548,False
Wban_07227,wuchereria_bancrofti_prjna275548,False
Wban_07228,wuchereria_bancrofti_prjna275548,False
Wban_07229,wuchereria_bancrofti_prjna275548,False
Wban_07230,wuchereria_bancrofti_prjna275548,False
Wban_07231,wuchereria_bancrofti_prjna275548,False
Wban_07232,wuchereria_bancrofti_prjna275548,False
Wban_07233,wuchereria_bancrofti_prjna275548,False
Wban_07234,wuchereria_bancrofti_prjna275548,False
Wban_07235,wuchereria_bancrofti_prjna275548,False
Wban_07236,wuchereria_bancrofti_prjna275548,False
Wban_07237,wuchereria_bancrofti_prjna275548,False
Wban_07238,wuchereria_bancrofti_prjna275548,False
Wban_07239,wuchereria_bancrofti_prjna275548,False
Wban_07240,wuchereria_bancrofti_prjna275548,False
Wban_07241,wuchereria_bancrofti_prjna275548,False
Wban_07242,wuchereria_bancrofti_prjna275548,False
Wban_07243,wuchereria_bancrofti_prjna275548,False
Wban_07244,wuchereria_bancrofti_prjna275548,False
Wban_07245,wuchereria_bancrofti_prjna275548,False
Wban_07246,wuchereria_bancrofti_prjna275548,False
Wban_07247,wuchereria_bancrofti_prjna275548,False
Wban_07248,wuchereria_bancrofti_prjna275548,False
Wban_07249,wuchereria_bancrofti_prjna275548,False
Wban_07250,wuchereria_bancrofti_prjna275548,False
Wban_07251,wuchereria_bancrofti_prjna275548,False
Wban_07252,wuchereria_bancrofti_prjna275548,False
Wban_07253,wuchereria_bancrofti_prjna275548,False
Wban_07254,wuchereria_bancrofti_prjna275548,False
Wban_07255,wuchereria_bancrofti_prjna275548,False
Wban_07256,wuchereria_bancrofti_prjna275548,False
Wban_07257,wuchereria_bancrofti_prjna275548,False
Wban_07258,wuchereria_bancrofti_prjna275548,False
Wban_07259,wuchereria_bancrofti_prjna275548,False
Wban_07260,wuchereria_bancrofti_prjna275548,False
Wban_07261,wuchereria_bancrofti_prjna275548,False
Wban_07262,wuchereria_bancrofti_prjna275548,False
Wban_07263,wuchereria_bancrofti_prjna275548,False
Wban_07264,wuchereria_bancrofti_prjna275548,False
Wban_07265,wuchereria_bancrofti_prjna275548,False
Wban_07266,wuchereria_bancrofti_prjna275548,False
Wban_07267,wuchereria_bancrofti_prjna275548,False
Wban_07268,wuchereria_bancrofti_prjna275548,False
Wban_07269,wuchereria_bancrofti_prjna275548,False
Wban_07270,wuchereria_bancrofti_prjna275548,False
Wban_07271,wuchereria_bancrofti_prjna275548,False
Wban_07272,wuchereria_bancrofti_prjna275548,False
Wban_07273,wuchereria_bancrofti_prjna275548,False
Wban_07274,wuchereria_bancrofti_prjna275548,False
Wban_07275,wuchereria_bancrofti_prjna275548,False
Wban_07276,wuchereria_bancrofti_prjna275548,False
Wban_07277,wuchereria_bancrofti_prjna275548,False
Wban_07278,wuchereria_bancrofti_prjna275548,False
Wban_07279,wuchereria_bancrofti_prjna275548,False
Wban_07280,wuchereria_bancrofti_prjna275548,False
Wban_07281,wuchereria_bancrofti_prjna275548,False
Wban_07282,wuchereria_bancrofti_prjna275548,False
Wban_07283,wuchereria_bancrofti_prjna275548,False
Wban_07284,wuchereria_bancrofti_prjna275548,False
Wban_07285,wuchereria_bancrofti_prjna275548,False
Wban_07286,wuchereria_bancrofti_prjna275548,False
Wban_07287,wuchereria_bancrofti_prjna275548,False
Wban_07288,wuchereria_bancrofti_prjna275548,False
Wban_07289,wuchereria_bancrofti_prjna275548,False
Wban_07290,wuchereria_bancrofti_prjna275548,False
Wban_07291,wuchereria_bancrofti_prjna275548,False
Wban_07292,wuchereria_bancrofti_prjna275548,False
Wban_07293,wuchereria_bancrofti_prjna275548,False
Wban_07294,wuchereria_bancrofti_prjna275548,False
Wban_07295,wuchereria_bancrofti_prjna275548,False
Wban_07296,wuchereria_bancrofti_prjna275548,False
Wban_07297,wuchereria_bancrofti_prjna275548,False
Wban_07298,wuchereria_bancrofti_prjna275548,False
Wban_07299,wuchereria_bancrofti_prjna275548,False
Wban_07300,wuchereria_bancrofti_prjna275548,False
Wban_07301,wuchereria_bancrofti_prjna275548,False
Wban_07302,wuchereria_bancrofti_prjna275548,False
Wban_07303,wuchereria_bancrofti_prjna275548,False
Wban_07304,wuchereria_bancrofti_prjna275548,False
Wban_07305,wuchereria_bancrofti_prjna275548,False
Wban_07306,wuchereria_bancrofti_prjna275548,False
Wban_07307,wuchereria_bancrofti_prjna275548,False
Wban_07308,wuchereria_bancrofti_prjna275548,False
Wban_07309,wuchereria_bancrofti_prjna275548,False
Wban_07310,wuchereria_bancrofti_prjna275548,False
Wban_07311,wuchereria_bancrofti_prjna275548,False
Wban_07312,wuchereria_bancrofti_prjna275548,False
Wban_07313,wuchereria_bancrofti_prjna275548,False
Wban_07314,wuchereria_bancrofti_prjna275548,False
Wban_07315,wuchereria_bancrofti_prjna275548,False
Wban_07316,wuchereria_bancrofti_prjna275548,False
Wban_07317,wuchereria_bancrofti_prjna275548,False
Wban_07318,wuchereria_bancrofti_prjna275548,False
Wban_07319,wuchereria_bancrofti_prjna275548,False
Wban_07320,wuchereria_bancrofti_prjna275548,False
Wban_07321,wuchereria_bancrofti_prjna275548,False
Wban_07322,wuchereria_bancrofti_prjna275548,False
Wban_07323,wuchereria_bancrofti_prjna275548,False
Wban_07324,wuchereria_bancrofti_prjna275548,False
Wban_07325,wuchereria_bancrofti_prjna275548,False
Wban_07326,wuchereria_bancrofti_prjna275548,False
Wban_07327,wuchereria_bancrofti_prjna275548,False
Wban_07328,wuchereria_bancrofti_prjna275548,False
Wban_07329,wuchereria_bancrofti_prjna275548,False
Wban_07330,wuchereria_bancrofti_prjna275548,False
Wban_07331,wuchereria_bancrofti_prjna275548,False
Wban_07332,wuchereria_bancrofti_prjna275548,False
Wban_07333,wuchereria_bancrofti_prjna275548,False
Wban_07334,wuchereria_bancrofti_prjna275548,False
Wban_07335,wuchereria_bancrofti_prjna275548,False
Wban_07336,wuchereria_bancrofti_prjna275548,False
Wban_07337,wuchereria_bancrofti_prjna275548,False
Wban_07338,wuchereria_bancrofti_prjna275548,False
Wban_07339,wuchereria_bancrofti_prjna275548,False
Wban_07340,wuchereria_bancrofti_prjna275548,False
Wban_07341,wuchereria_bancrofti_prjna275548,False
Wban_07342,wuchereria_bancrofti_prjna275548,False
Wban_07343,wuchereria_bancrofti_prjna275548,False
Wban_07344,wuchereria_bancrofti_prjna275548,False
Wban_07345,wuchereria_bancrofti_prjna275548,False
Wban_07346,wuchereria_bancrofti_prjna275548,False
Wban_07347,wuchereria_bancrofti_prjna275548,False
Wban_07348,wuchereria_bancrofti_prjna275548,False
Wban_07349,wuchereria_bancrofti_prjna275548,False
Wban_07350,wuchereria_bancrofti_prjna275548,False
Wban_07351,wuchereria_bancrofti_prjna275548,False
Wban_07352,wuchereria_bancrofti_prjna275548,False
Wban_07353,wuchereria_bancrofti_prjna275548,False
Wban_07354,wuchereria_bancrofti_prjna275548,False
Wban_07355,wuchereria_bancrofti_prjna275548,False
Wban_07356,wuchereria_bancrofti_prjna275548,False
Wban_07357,wuchereria_bancrofti_prjna275548,False
Wban_07358,wuchereria_bancrofti_prjna275548,False
Wban_07359,wuchereria_bancrofti_prjna275548,False
Wban_07360,wuchereria_bancrofti_prjna275548,False
Wban_07361,wuchereria_bancrofti_prjna275548,False
Wban_07362,wuchereria_bancrofti_prjna275548,False
Wban_07363,wuchereria_bancrofti_prjna275548,False
Wban_07364,wuchereria_bancrofti_prjna275548,False
Wban_07365,wuchereria_bancrofti_prjna275548,False
Wban_07366,wuchereria_bancrofti_prjna275548,False
Wban_07367,wuchereria_bancrofti_prjna275548,False
Wban_07368,wuchereria_bancrofti_prjna275548,False
Wban_07369,wuchereria_bancrofti_prjna275548,False
Wban_07370,wuchereria_bancrofti_prjna275548,False
Wban_07371,wuchereria_bancrofti_prjna275548,False
Wban_07372,wuchereria_bancrofti_prjna275548,False
Wban_07373,wuchereria_bancrofti_prjna275548,False
Wban_07374,wuchereria_bancrofti_prjna275548,False
Wban_07375,wuchereria_bancrofti_prjna275548,False
Wban_07376,wuchereria_bancrofti_prjna275548,False
Wban_07377,wuchereria_bancrofti_prjna275548,False
Wban_07378,wuchereria_bancrofti_prjna275548,False
Wban_07379,wuchereria_bancrofti_prjna275548,False
Wban_07380,wuchereria_bancrofti_prjna275548,False
Wban_07381,wuchereria_bancrofti_prjna275548,False
Wban_07382,wuchereria_bancrofti_prjna275548,False
Wban_07383,wuchereria_bancrofti_prjna275548,False
Wban_07384,wuchereria_bancrofti_prjna275548,False
Wban_07385,wuchereria_bancrofti_prjna275548,False
Wban_07386,wuchereria_bancrofti_prjna275548,False
Wban_07387,wuchereria_bancrofti_prjna275548,False
Wban_07388,wuchereria_bancrofti_prjna275548,False
Wban_07389,wuchereria_bancrofti_prjna275548,False
Wban_07390,wuchereria_bancrofti_prjna275548,False
Wban_07391,wuchereria_bancrofti_prjna275548,False
Wban_07392,wuchereria_bancrofti_prjna275548,False
Wban_07393,wuchereria_bancrofti_prjna275548,False
Wban_07394,wuchereria_bancrofti_prjna275548,False
Wban_07395,wuchereria_bancrofti_prjna275548,False
Wban_07396,wuchereria_bancrofti_prjna275548,False
Wban_07397,wuchereria_bancrofti_prjna275548,False
Wban_07398,wuchereria_bancrofti_prjna275548,False
Wban_07399,wuchereria_bancrofti_prjna275548,False
Wban_07400,wuchereria_bancrofti_prjna275548,False
Wban_07401,wuchereria_bancrofti_prjna275548,False
Wban_07402,wuchereria_bancrofti_prjna275548,False
Wban_07403,wuchereria_bancrofti_prjna275548,False
Wban_07404,wuchereria_bancrofti_prjna275548,False
Wban_07405,wuchereria_bancrofti_prjna275548,False
Wban_07406,wuchereria_bancrofti_prjna275548,False
Wban_07407,wuchereria_bancrofti_prjna275548,False
Wban_07408,wuchereria_bancrofti_prjna275548,False
Wban_07409,wuchereria_bancrofti_prjna275548,False
Wban_07410,wuchereria_bancrofti_prjna275548,False
Wban_07411,wuchereria_bancrofti_prjna275548,False
Wban_07412,wuchereria_bancrofti_prjna275548,False
Wban_07413,wuchereria_bancrofti_prjna275548,False
Wban_07414,wuchereria_bancrofti_prjna275548,False
Wban_07415,wuchereria_bancrofti_prjna275548,False
Wban_07416,wuchereria_bancrofti_prjna275548,False
Wban_07417,wuchereria_bancrofti_prjna275548,False
Wban_07418,wuchereria_bancrofti_prjna275548,False
Wban_07419,wuchereria_bancrofti_prjna275548,False
Wban_07420,wuchereria_bancrofti_prjna275548,False
Wban_07421,wuchereria_bancrofti_prjna275548,False
Wban_07422,wuchereria_bancrofti_prjna275548,False
Wban_07423,wuchereria_bancrofti_prjna275548,False
Wban_07424,wuchereria_bancrofti_prjna275548,False
Wban_07425,wuchereria_bancrofti_prjna275548,False
Wban_07426,wuchereria_bancrofti_prjna275548,False
Wban_07427,wuchereria_bancrofti_prjna275548,False
Wban_07428,wuchereria_bancrofti_prjna275548,False
Wban_07429,wuchereria_bancrofti_prjna275548,False
Wban_07430,wuchereria_bancrofti_prjna275548,False
Wban_07431,wuchereria_bancrofti_prjna275548,False
Wban_07432,wuchereria_bancrofti_prjna275548,False
Wban_07433,wuchereria_bancrofti_prjna275548,False
Wban_07434,wuchereria_bancrofti_prjna275548,False
Wban_07435,wuchereria_bancrofti_prjna275548,False
Wban_07436,wuchereria_bancrofti_prjna275548,False
Wban_07437,wuchereria_bancrofti_prjna275548,False
Wban_07438,wuchereria_bancrofti_prjna275548,False
Wban_07439,wuchereria_bancrofti_prjna275548,False
Wban_07440,wuchereria_bancrofti_prjna275548,False
Wban_07441,wuchereria_bancrofti_prjna275548,False
Wban_07442,wuchereria_bancrofti_prjna275548,False
Wban_07443,wuchereria_bancrofti_prjna275548,False
Wban_07444,wuchereria_bancrofti_prjna275548,False
Wban_07445,wuchereria_bancrofti_prjna275548,False
Wban_07446,wuchereria_bancrofti_prjna275548,False
Wban_07447,wuchereria_bancrofti_prjna275548,False
Wban_07448,wuchereria_bancrofti_prjna275548,False
Wban_07449,wuchereria_bancrofti_prjna275548,False
Wban_07450,wuchereria_bancrofti_prjna275548,False
Wban_07451,wuchereria_bancrofti_prjna275548,False
Wban_07452,wuchereria_bancrofti_prjna275548,False
Wban_07453,wuchereria_bancrofti_prjna275548,False
Wban_07454,wuchereria_bancrofti_prjna275548,False
Wban_07455,wuchereria_bancrofti_prjna275548,False
Wban_07456,wuchereria_bancrofti_prjna275548,False
Wban_07457,wuchereria_bancrofti_prjna275548,False
Wban_07458,wuchereria_bancrofti_prjna275548,False
Wban_07459,wuchereria_bancrofti_prjna275548,False
Wban_07460,wuchereria_bancrofti_prjna275548,False
Wban_07461,wuchereria_bancrofti_prjna275548,False
Wban_07462,wuchereria_bancrofti_prjna275548,False
Wban_07463,wuchereria_bancrofti_prjna275548,False
Wban_07464,wuchereria_bancrofti_prjna275548,False
Wban_07465,wuchereria_bancrofti_prjna275548,False
Wban_07466,wuchereria_bancrofti_prjna275548,False
Wban_07467,wuchereria_bancrofti_prjna275548,False
Wban_07468,wuchereria_bancrofti_prjna275548,False
Wban_07469,wuchereria_bancrofti_prjna275548,False
Wban_07470,wuchereria_bancrofti_prjna275548,False
Wban_07471,wuchereria_bancrofti_prjna275548,False
Wban_07472,wuchereria_bancrofti_prjna275548,False
Wban_07473,wuchereria_bancrofti_prjna275548,False
Wban_07474,wuchereria_bancrofti_prjna275548,False
Wban_07475,wuchereria_bancrofti_prjna275548,False
Wban_07476,wuchereria_bancrofti_prjna275548,False
Wban_07477,wuchereria_bancrofti_prjna275548,False
Wban_07478,wuchereria_bancrofti_prjna275548,False
Wban_07479,wuchereria_bancrofti_prjna275548,False
Wban_07480,wuchereria_bancrofti_prjna275548,False
Wban_07481,wuchereria_bancrofti_prjna275548,False
Wban_07482,wuchereria_bancrofti_prjna275548,False
Wban_07483,wuchereria_bancrofti_prjna275548,False
Wban_07484,wuchereria_bancrofti_prjna275548,False
Wban_07485,wuchereria_bancrofti_prjna275548,False
Wban_07486,wuchereria_bancrofti_prjna275548,False
Wban_07487,wuchereria_bancrofti_prjna275548,False
Wban_07488,wuchereria_bancrofti_prjna275548,False
Wban_07489,wuchereria_bancrofti_prjna275548,False
Wban_07490,wuchereria_bancrofti_prjna275548,False
Wban_07491,wuchereria_bancrofti_prjna275548,False
Wban_07492,wuchereria_bancrofti_prjna275548,False
Wban_07493,wuchereria_bancrofti_prjna275548,False
Wban_07494,wuchereria_bancrofti_prjna275548,False
Wban_07495,wuchereria_bancrofti_prjna275548,False
Wban_07496,wuchereria_bancrofti_prjna275548,False
Wban_07497,wuchereria_bancrofti_prjna275548,False
Wban_07498,wuchereria_bancrofti_prjna275548,False
Wban_07499,wuchereria_bancrofti_prjna275548,False
Wban_07500,wuchereria_bancrofti_prjna275548,False
Wban_07501,wuchereria_bancrofti_prjna275548,False
Wban_07502,wuchereria_bancrofti_prjna275548,False
Wban_07503,wuchereria_bancrofti_prjna275548,False
Wban_07504,wuchereria_bancrofti_prjna275548,False
Wban_07505,wuchereria_bancrofti_prjna275548,False
Wban_07506,wuchereria_bancrofti_prjna275548,False
Wban_07507,wuchereria_bancrofti_prjna275548,False
Wban_07508,wuchereria_bancrofti_prjna275548,False
Wban_07509,wuchereria_bancrofti_prjna275548,False
Wban_07510,wuchereria_bancrofti_prjna275548,False
Wban_07511,wuchereria_bancrofti_prjna275548,False
Wban_07512,wuchereria_bancrofti_prjna275548,False
Wban_07513,wuchereria_bancrofti_prjna275548,False
Wban_07514,wuchereria_bancrofti_prjna275548,False
Wban_07515,wuchereria_bancrofti_prjna275548,False
Wban_07516,wuchereria_bancrofti_prjna275548,False
Wban_07517,wuchereria_bancrofti_prjna275548,False
Wban_07518,wuchereria_bancrofti_prjna275548,False
Wban_07519,wuchereria_bancrofti_prjna275548,False
Wban_07520,wuchereria_bancrofti_prjna275548,False
Wban_07521,wuchereria_bancrofti_prjna275548,False
Wban_07522,wuchereria_bancrofti_prjna275548,False
Wban_07523,wuchereria_bancrofti_prjna275548,False
Wban_07524,wuchereria_bancrofti_prjna275548,False
Wban_07525,wuchereria_bancrofti_prjna275548,False
Wban_07526,wuchereria_bancrofti_prjna275548,False
Wban_07527,wuchereria_bancrofti_prjna275548,False
Wban_07528,wuchereria_bancrofti_prjna275548,False
Wban_07529,wuchereria_bancrofti_prjna275548,False
Wban_07530,wuchereria_bancrofti_prjna275548,False
Wban_07531,wuchereria_bancrofti_prjna275548,False
Wban_07532,wuchereria_bancrofti_prjna275548,False
Wban_07533,wuchereria_bancrofti_prjna275548,False
Wban_07534,wuchereria_bancrofti_prjna275548,False
Wban_07535,wuchereria_bancrofti_prjna275548,False
Wban_07536,wuchereria_bancrofti_prjna275548,False
Wban_07537,wuchereria_bancrofti_prjna275548,False
Wban_07538,wuchereria_bancrofti_prjna275548,False
Wban_07539,wuchereria_bancrofti_prjna275548,False
Wban_07540,wuchereria_bancrofti_prjna275548,False
Wban_07541,wuchereria_bancrofti_prjna275548,False
Wban_07542,wuchereria_bancrofti_prjna275548,False
Wban_07543,wuchereria_bancrofti_prjna275548,False
Wban_07544,wuchereria_bancrofti_prjna275548,False
Wban_07545,wuchereria_bancrofti_prjna275548,False
Wban_07546,wuchereria_bancrofti_prjna275548,False
Wban_07547,wuchereria_bancrofti_prjna275548,False
Wban_07548,wuchereria_bancrofti_prjna275548,False
Wban_07549,wuchereria_bancrofti_prjna275548,False
Wban_07550,wuchereria_bancrofti_prjna275548,False
Wban_07551,wuchereria_bancrofti_prjna275548,False
Wban_07552,wuchereria_bancrofti_prjna275548,False
Wban_07553,wuchereria_bancrofti_prjna275548,False
Wban_07554,wuchereria_bancrofti_prjna275548,False
Wban_07555,wuchereria_bancrofti_prjna275548,False
Wban_07556,wuchereria_bancrofti_prjna275548,False
Wban_07557,wuchereria_bancrofti_prjna275548,False
Wban_07558,wuchereria_bancrofti_prjna275548,False
Wban_07559,wuchereria_bancrofti_prjna275548,False
Wban_07560,wuchereria_bancrofti_prjna275548,False
Wban_07561,wuchereria_bancrofti_prjna275548,False
Wban_07562,wuchereria_bancrofti_prjna275548,False
Wban_07563,wuchereria_bancrofti_prjna275548,False
Wban_07564,wuchereria_bancrofti_prjna275548,False
Wban_07565,wuchereria_bancrofti_prjna275548,False
Wban_07566,wuchereria_bancrofti_prjna275548,False
Wban_07567,wuchereria_bancrofti_prjna275548,False
Wban_07568,wuchereria_bancrofti_prjna275548,False
Wban_07569,wuchereria_bancrofti_prjna275548,False
Wban_07570,wuchereria_bancrofti_prjna275548,False
Wban_07571,wuchereria_bancrofti_prjna275548,False
Wban_07572,wuchereria_bancrofti_prjna275548,False
Wban_07573,wuchereria_bancrofti_prjna275548,False
Wban_07574,wuchereria_bancrofti_prjna275548,False
Wban_07575,wuchereria_bancrofti_prjna275548,False
Wban_07576,wuchereria_bancrofti_prjna275548,False
Wban_07577,wuchereria_bancrofti_prjna275548,False
Wban_07578,wuchereria_bancrofti_prjna275548,False
Wban_07579,wuchereria_bancrofti_prjna275548,False
Wban_07580,wuchereria_bancrofti_prjna275548,False
Wban_07581,wuchereria_bancrofti_prjna275548,False
Wban_07582,wuchereria_bancrofti_prjna275548,False
Wban_07583,wuchereria_bancrofti_prjna275548,False
Wban_07584,wuchereria_bancrofti_prjna275548,False
Wban_07585,wuchereria_bancrofti_prjna275548,False
Wban_07586,wuchereria_bancrofti_prjna275548,False
Wban_07587,wuchereria_bancrofti_prjna275548,False
Wban_07588,wuchereria_bancrofti_prjna275548,False
Wban_07589,wuchereria_bancrofti_prjna275548,False
Wban_07590,wuchereria_bancrofti_prjna275548,False
Wban_07591,wuchereria_bancrofti_prjna275548,False
Wban_07592,wuchereria_bancrofti_prjna275548,False
Wban_07593,wuchereria_bancrofti_prjna275548,False
Wban_07594,wuchereria_bancrofti_prjna275548,False
Wban_07595,wuchereria_bancrofti_prjna275548,False
Wban_07596,wuchereria_bancrofti_prjna275548,False
Wban_07597,wuchereria_bancrofti_prjna275548,False
Wban_07598,wuchereria_bancrofti_prjna275548,False
Wban_07599,wuchereria_bancrofti_prjna275548,False
Wban_07600,wuchereria_bancrofti_prjna275548,False
Wban_07601,wuchereria_bancrofti_prjna275548,False
Wban_07602,wuchereria_bancrofti_prjna275548,False
Wban_07603,wuchereria_bancrofti_prjna275548,False
Wban_07604,wuchereria_bancrofti_prjna275548,False
Wban_07605,wuchereria_bancrofti_prjna275548,False
Wban_07606,wuchereria_bancrofti_prjna275548,False
Wban_07607,wuchereria_bancrofti_prjna275548,False
Wban_07608,wuchereria_bancrofti_prjna275548,False
Wban_07609,wuchereria_bancrofti_prjna275548,False
Wban_07610,wuchereria_bancrofti_prjna275548,False
Wban_07611,wuchereria_bancrofti_prjna275548,False
Wban_07612,wuchereria_bancrofti_prjna275548,False
Wban_07613,wuchereria_bancrofti_prjna275548,False
Wban_07614,wuchereria_bancrofti_prjna275548,False
Wban_07615,wuchereria_bancrofti_prjna275548,False
Wban_07616,wuchereria_bancrofti_prjna275548,False
Wban_07617,wuchereria_bancrofti_prjna275548,False
Wban_07618,wuchereria_bancrofti_prjna275548,False
Wban_07619,wuchereria_bancrofti_prjna275548,False
Wban_07620,wuchereria_bancrofti_prjna275548,False
Wban_07621,wuchereria_bancrofti_prjna275548,False
Wban_07622,wuchereria_bancrofti_prjna275548,False
Wban_07623,wuchereria_bancrofti_prjna275548,False
Wban_07624,wuchereria_bancrofti_prjna275548,False
Wban_07625,wuchereria_bancrofti_prjna275548,False
Wban_07626,wuchereria_bancrofti_prjna275548,False
Wban_07627,wuchereria_bancrofti_prjna275548,False
Wban_07628,wuchereria_bancrofti_prjna275548,False
Wban_07629,wuchereria_bancrofti_prjna275548,False
Wban_07630,wuchereria_bancrofti_prjna275548,False
Wban_07631,wuchereria_bancrofti_prjna275548,False
Wban_07632,wuchereria_bancrofti_prjna275548,False
Wban_07633,wuchereria_bancrofti_prjna275548,False
Wban_07634,wuchereria_bancrofti_prjna275548,False
Wban_07635,wuchereria_bancrofti_prjna275548,False
Wban_07636,wuchereria_bancrofti_prjna275548,False
Wban_07637,wuchereria_bancrofti_prjna275548,False
Wban_07638,wuchereria_bancrofti_prjna275548,False
Wban_07639,wuchereria_bancrofti_prjna275548,False
Wban_07640,wuchereria_bancrofti_prjna275548,False
Wban_07641,wuchereria_bancrofti_prjna275548,False
Wban_07642,wuchereria_bancrofti_prjna275548,False
Wban_07643,wuchereria_bancrofti_prjna275548,False
Wban_07644,wuchereria_bancrofti_prjna275548,False
Wban_07645,wuchereria_bancrofti_prjna275548,False
Wban_07646,wuchereria_bancrofti_prjna275548,False
Wban_07647,wuchereria_bancrofti_prjna275548,False
Wban_07648,wuchereria_bancrofti_prjna275548,False
Wban_07649,wuchereria_bancrofti_prjna275548,False
Wban_07650,wuchereria_bancrofti_prjna275548,False
Wban_07651,wuchereria_bancrofti_prjna275548,False
Wban_07652,wuchereria_bancrofti_prjna275548,False
Wban_07653,wuchereria_bancrofti_prjna275548,False
Wban_07654,wuchereria_bancrofti_prjna275548,False
Wban_07655,wuchereria_bancrofti_prjna275548,False
Wban_07656,wuchereria_bancrofti_prjna275548,False
Wban_07657,wuchereria_bancrofti_prjna275548,False
Wban_07658,wuchereria_bancrofti_prjna275548,False
Wban_07659,wuchereria_bancrofti_prjna275548,False
Wban_07660,wuchereria_bancrofti_prjna275548,False
Wban_07661,wuchereria_bancrofti_prjna275548,False
Wban_07662,wuchereria_bancrofti_prjna275548,False
Wban_07663,wuchereria_bancrofti_prjna275548,False
Wban_07664,wuchereria_bancrofti_prjna275548,False
Wban_07665,wuchereria_bancrofti_prjna275548,False
Wban_07666,wuchereria_bancrofti_prjna275548,False
Wban_07667,wuchereria_bancrofti_prjna275548,False
Wban_07668,wuchereria_bancrofti_prjna275548,False
Wban_07669,wuchereria_bancrofti_prjna275548,False
Wban_07670,wuchereria_bancrofti_prjna275548,False
Wban_07671,wuchereria_bancrofti_prjna275548,False
Wban_07672,wuchereria_bancrofti_prjna275548,False
Wban_07673,wuchereria_bancrofti_prjna275548,False
Wban_07674,wuchereria_bancrofti_prjna275548,False
Wban_07675,wuchereria_bancrofti_prjna275548,False
Wban_07676,wuchereria_bancrofti_prjna275548,False
Wban_07677,wuchereria_bancrofti_prjna275548,False
Wban_07678,wuchereria_bancrofti_prjna275548,False
Wban_07679,wuchereria_bancrofti_prjna275548,False
Wban_07680,wuchereria_bancrofti_prjna275548,False
Wban_07681,wuchereria_bancrofti_prjna275548,False
Wban_07682,wuchereria_bancrofti_prjna275548,False
Wban_07683,wuchereria_bancrofti_prjna275548,False
Wban_07684,wuchereria_bancrofti_prjna275548,False
Wban_07685,wuchereria_bancrofti_prjna275548,False
Wban_07686,wuchereria_bancrofti_prjna275548,False
Wban_07687,wuchereria_bancrofti_prjna275548,False
Wban_07688,wuchereria_bancrofti_prjna275548,False
Wban_07689,wuchereria_bancrofti_prjna275548,False
Wban_07690,wuchereria_bancrofti_prjna275548,False
Wban_07691,wuchereria_bancrofti_prjna275548,False
Wban_07692,wuchereria_bancrofti_prjna275548,False
Wban_07693,wuchereria_bancrofti_prjna275548,False
Wban_07694,wuchereria_bancrofti_prjna275548,False
Wban_07695,wuchereria_bancrofti_prjna275548,False
Wban_07696,wuchereria_bancrofti_prjna275548,False
Wban_07697,wuchereria_bancrofti_prjna275548,False
Wban_07698,wuchereria_bancrofti_prjna275548,False
Wban_07699,wuchereria_bancrofti_prjna275548,False
Wban_07700,wuchereria_bancrofti_prjna275548,False
Wban_07701,wuchereria_bancrofti_prjna275548,False
Wban_07702,wuchereria_bancrofti_prjna275548,False
Wban_07703,wuchereria_bancrofti_prjna275548,False
Wban_07704,wuchereria_bancrofti_prjna275548,False
Wban_07705,wuchereria_bancrofti_prjna275548,False
Wban_07706,wuchereria_bancrofti_prjna275548,False
Wban_07707,wuchereria_bancrofti_prjna275548,False
Wban_07708,wuchereria_bancrofti_prjna275548,False
Wban_07709,wuchereria_bancrofti_prjna275548,False
Wban_07710,wuchereria_bancrofti_prjna275548,False
Wban_07711,wuchereria_bancrofti_prjna275548,False
Wban_07712,wuchereria_bancrofti_prjna275548,False
Wban_07713,wuchereria_bancrofti_prjna275548,False
Wban_07714,wuchereria_bancrofti_prjna275548,False
Wban_07715,wuchereria_bancrofti_prjna275548,False
Wban_07716,wuchereria_bancrofti_prjna275548,False
Wban_07717,wuchereria_bancrofti_prjna275548,False
Wban_07718,wuchereria_bancrofti_prjna275548,False
Wban_07719,wuchereria_bancrofti_prjna275548,False
Wban_07720,wuchereria_bancrofti_prjna275548,False
Wban_07721,wuchereria_bancrofti_prjna275548,False
Wban_07722,wuchereria_bancrofti_prjna275548,False
Wban_07723,wuchereria_bancrofti_prjna275548,False
Wban_07724,wuchereria_bancrofti_prjna275548,False
Wban_07725,wuchereria_bancrofti_prjna275548,False
Wban_07726,wuchereria_bancrofti_prjna275548,False
Wban_07727,wuchereria_bancrofti_prjna275548,False
Wban_07728,wuchereria_bancrofti_prjna275548,False
Wban_07729,wuchereria_bancrofti_prjna275548,False
Wban_07730,wuchereria_bancrofti_prjna275548,False
Wban_07731,wuchereria_bancrofti_prjna275548,False
Wban_07732,wuchereria_bancrofti_prjna275548,False
Wban_07733,wuchereria_bancrofti_prjna275548,False
Wban_07734,wuchereria_bancrofti_prjna275548,False
Wban_07735,wuchereria_bancrofti_prjna275548,False
Wban_07736,wuchereria_bancrofti_prjna275548,False
Wban_07737,wuchereria_bancrofti_prjna275548,False
Wban_07738,wuchereria_bancrofti_prjna275548,False
Wban_07739,wuchereria_bancrofti_prjna275548,False
Wban_07740,wuchereria_bancrofti_prjna275548,False
Wban_07741,wuchereria_bancrofti_prjna275548,False
Wban_07742,wuchereria_bancrofti_prjna275548,False
Wban_07743,wuchereria_bancrofti_prjna275548,False
Wban_07744,wuchereria_bancrofti_prjna275548,False
Wban_07745,wuchereria_bancrofti_prjna275548,False
Wban_07746,wuchereria_bancrofti_prjna275548,False
Wban_07747,wuchereria_bancrofti_prjna275548,False
Wban_07748,wuchereria_bancrofti_prjna275548,False
Wban_07749,wuchereria_bancrofti_prjna275548,False
Wban_07750,wuchereria_bancrofti_prjna275548,False
Wban_07751,wuchereria_bancrofti_prjna275548,False
Wban_07752,wuchereria_bancrofti_prjna275548,False
Wban_07753,wuchereria_bancrofti_prjna275548,False
Wban_07754,wuchereria_bancrofti_prjna275548,False
Wban_07755,wuchereria_bancrofti_prjna275548,False
Wban_07756,wuchereria_bancrofti_prjna275548,False
Wban_07757,wuchereria_bancrofti_prjna275548,False
Wban_07758,wuchereria_bancrofti_prjna275548,False
Wban_07759,wuchereria_bancrofti_prjna275548,False
Wban_07760,wuchereria_bancrofti_prjna275548,False
Wban_07761,wuchereria_bancrofti_prjna275548,False
Wban_07762,wuchereria_bancrofti_prjna275548,False
Wban_07763,wuchereria_bancrofti_prjna275548,False
Wban_07764,wuchereria_bancrofti_prjna275548,False
Wban_07765,wuchereria_bancrofti_prjna275548,False
Wban_07766,wuchereria_bancrofti_prjna275548,False
Wban_07767,wuchereria_bancrofti_prjna275548,False
Wban_07768,wuchereria_bancrofti_prjna275548,False
Wban_07769,wuchereria_bancrofti_prjna275548,False
Wban_07770,wuchereria_bancrofti_prjna275548,False
Wban_07771,wuchereria_bancrofti_prjna275548,False
Wban_07772,wuchereria_bancrofti_prjna275548,False
Wban_07773,wuchereria_bancrofti_prjna275548,False
Wban_07774,wuchereria_bancrofti_prjna275548,False
Wban_07775,wuchereria_bancrofti_prjna275548,False
Wban_07776,wuchereria_bancrofti_prjna275548,False
Wban_07777,wuchereria_bancrofti_prjna275548,False
Wban_07778,wuchereria_bancrofti_prjna275548,False
Wban_07779,wuchereria_bancrofti_prjna275548,False
Wban_07780,wuchereria_bancrofti_prjna275548,False
Wban_07781,wuchereria_bancrofti_prjna275548,False
Wban_07782,wuchereria_bancrofti_prjna275548,False
Wban_07783,wuchereria_bancrofti_prjna275548,False
Wban_07784,wuchereria_bancrofti_prjna275548,False
Wban_07785,wuchereria_bancrofti_prjna275548,False
Wban_07786,wuchereria_bancrofti_prjna275548,False
Wban_07787,wuchereria_bancrofti_prjna275548,False
Wban_07788,wuchereria_bancrofti_prjna275548,False
Wban_07789,wuchereria_bancrofti_prjna275548,False
Wban_07790,wuchereria_bancrofti_prjna275548,False
Wban_07791,wuchereria_bancrofti_prjna275548,False
Wban_07792,wuchereria_bancrofti_prjna275548,False
Wban_07793,wuchereria_bancrofti_prjna275548,False
Wban_07794,wuchereria_bancrofti_prjna275548,False
Wban_07795,wuchereria_bancrofti_prjna275548,False
Wban_07796,wuchereria_bancrofti_prjna275548,False
Wban_07797,wuchereria_bancrofti_prjna275548,False
Wban_07798,wuchereria_bancrofti_prjna275548,False
Wban_07799,wuchereria_bancrofti_prjna275548,False
Wban_07800,wuchereria_bancrofti_prjna275548,False
Wban_07801,wuchereria_bancrofti_prjna275548,False
Wban_07802,wuchereria_bancrofti_prjna275548,False
Wban_07803,wuchereria_bancrofti_prjna275548,False
Wban_07804,wuchereria_bancrofti_prjna275548,False
Wban_07805,wuchereria_bancrofti_prjna275548,False
Wban_07806,wuchereria_bancrofti_prjna275548,False
Wban_07807,wuchereria_bancrofti_prjna275548,False
Wban_07808,wuchereria_bancrofti_prjna275548,False
Wban_07809,wuchereria_bancrofti_prjna275548,False
Wban_07810,wuchereria_bancrofti_prjna275548,False
Wban_07811,wuchereria_bancrofti_prjna275548,False
Wban_07812,wuchereria_bancrofti_prjna275548,False
Wban_07813,wuchereria_bancrofti_prjna275548,False
Wban_07814,wuchereria_bancrofti_prjna275548,False
Wban_07815,wuchereria_bancrofti_prjna275548,False
Wban_07816,wuchereria_bancrofti_prjna275548,False
Wban_07817,wuchereria_bancrofti_prjna275548,False
Wban_07818,wuchereria_bancrofti_prjna275548,False
Wban_07819,wuchereria_bancrofti_prjna275548,False
Wban_07820,wuchereria_bancrofti_prjna275548,False
Wban_07821,wuchereria_bancrofti_prjna275548,False
Wban_07822,wuchereria_bancrofti_prjna275548,False
Wban_07823,wuchereria_bancrofti_prjna275548,False
Wban_07824,wuchereria_bancrofti_prjna275548,False
Wban_07825,wuchereria_bancrofti_prjna275548,False
Wban_07826,wuchereria_bancrofti_prjna275548,False
Wban_07827,wuchereria_bancrofti_prjna275548,False
Wban_07828,wuchereria_bancrofti_prjna275548,False
Wban_07829,wuchereria_bancrofti_prjna275548,False
Wban_07830,wuchereria_bancrofti_prjna275548,False
Wban_07831,wuchereria_bancrofti_prjna275548,False
Wban_07832,wuchereria_bancrofti_prjna275548,False
Wban_07833,wuchereria_bancrofti_prjna275548,False
Wban_07834,wuchereria_bancrofti_prjna275548,False
Wban_07835,wuchereria_bancrofti_prjna275548,False
Wban_07836,wuchereria_bancrofti_prjna275548,False
Wban_07837,wuchereria_bancrofti_prjna275548,False
Wban_07838,wuchereria_bancrofti_prjna275548,False
Wban_07839,wuchereria_bancrofti_prjna275548,False
Wban_07840,wuchereria_bancrofti_prjna275548,False
Wban_07841,wuchereria_bancrofti_prjna275548,False
Wban_07842,wuchereria_bancrofti_prjna275548,False
Wban_07843,wuchereria_bancrofti_prjna275548,False
Wban_07844,wuchereria_bancrofti_prjna275548,False
Wban_07845,wuchereria_bancrofti_prjna275548,False
Wban_07846,wuchereria_bancrofti_prjna275548,False
Wban_07847,wuchereria_bancrofti_prjna275548,False
Wban_07848,wuchereria_bancrofti_prjna275548,False
Wban_07849,wuchereria_bancrofti_prjna275548,False
Wban_07850,wuchereria_bancrofti_prjna275548,False
Wban_07851,wuchereria_bancrofti_prjna275548,False
Wban_07852,wuchereria_bancrofti_prjna275548,False
Wban_07853,wuchereria_bancrofti_prjna275548,False
Wban_07854,wuchereria_bancrofti_prjna275548,False
Wban_07855,wuchereria_bancrofti_prjna275548,False
Wban_07856,wuchereria_bancrofti_prjna275548,False
Wban_07857,wuchereria_bancrofti_prjna275548,False
Wban_07858,wuchereria_bancrofti_prjna275548,False
Wban_07859,wuchereria_bancrofti_prjna275548,False
Wban_07860,wuchereria_bancrofti_prjna275548,False
Wban_07861,wuchereria_bancrofti_prjna275548,False
Wban_07862,wuchereria_bancrofti_prjna275548,False
Wban_07863,wuchereria_bancrofti_prjna275548,False
Wban_07864,wuchereria_bancrofti_prjna275548,False
Wban_07865,wuchereria_bancrofti_prjna275548,False
Wban_07866,wuchereria_bancrofti_prjna275548,False
Wban_07867,wuchereria_bancrofti_prjna275548,False
Wban_07868,wuchereria_bancrofti_prjna275548,False
Wban_07869,wuchereria_bancrofti_prjna275548,False
Wban_07870,wuchereria_bancrofti_prjna275548,False
Wban_07871,wuchereria_bancrofti_prjna275548,False
Wban_07872,wuchereria_bancrofti_prjna275548,False
Wban_07873,wuchereria_bancrofti_prjna275548,False
Wban_07874,wuchereria_bancrofti_prjna275548,False
Wban_07875,wuchereria_bancrofti_prjna275548,False
Wban_07876,wuchereria_bancrofti_prjna275548,False
Wban_07877,wuchereria_bancrofti_prjna275548,False
Wban_07878,wuchereria_bancrofti_prjna275548,False
Wban_07879,wuchereria_bancrofti_prjna275548,False
Wban_07880,wuchereria_bancrofti_prjna275548,False
Wban_07881,wuchereria_bancrofti_prjna275548,False
Wban_07882,wuchereria_bancrofti_prjna275548,False
Wban_07883,wuchereria_bancrofti_prjna275548,False
Wban_07884,wuchereria_bancrofti_prjna275548,False
Wban_07885,wuchereria_bancrofti_prjna275548,False
Wban_07886,wuchereria_bancrofti_prjna275548,False
Wban_07887,wuchereria_bancrofti_prjna275548,False
Wban_07888,wuchereria_bancrofti_prjna275548,False
Wban_07889,wuchereria_bancrofti_prjna275548,False
Wban_07890,wuchereria_bancrofti_prjna275548,False
Wban_07891,wuchereria_bancrofti_prjna275548,False
Wban_07892,wuchereria_bancrofti_prjna275548,False
Wban_07893,wuchereria_bancrofti_prjna275548,False
Wban_07894,wuchereria_bancrofti_prjna275548,False
Wban_07895,wuchereria_bancrofti_prjna275548,False
Wban_07896,wuchereria_bancrofti_prjna275548,False
Wban_07897,wuchereria_bancrofti_prjna275548,False
Wban_07898,wuchereria_bancrofti_prjna275548,False
Wban_07899,wuchereria_bancrofti_prjna275548,False
Wban_07900,wuchereria_bancrofti_prjna275548,False
Wban_07901,wuchereria_bancrofti_prjna275548,False
Wban_07902,wuchereria_bancrofti_prjna275548,False
Wban_07903,wuchereria_bancrofti_prjna275548,False
Wban_07904,wuchereria_bancrofti_prjna275548,False
Wban_07905,wuchereria_bancrofti_prjna275548,False
Wban_07906,wuchereria_bancrofti_prjna275548,False
Wban_07907,wuchereria_bancrofti_prjna275548,False
Wban_07908,wuchereria_bancrofti_prjna275548,False
Wban_07909,wuchereria_bancrofti_prjna275548,False
Wban_07910,wuchereria_bancrofti_prjna275548,False
Wban_07911,wuchereria_bancrofti_prjna275548,False
Wban_07912,wuchereria_bancrofti_prjna275548,False
Wban_07913,wuchereria_bancrofti_prjna275548,False
Wban_07914,wuchereria_bancrofti_prjna275548,False
Wban_07915,wuchereria_bancrofti_prjna275548,False
Wban_07916,wuchereria_bancrofti_prjna275548,False
Wban_07917,wuchereria_bancrofti_prjna275548,False
Wban_07918,wuchereria_bancrofti_prjna275548,False
Wban_07919,wuchereria_bancrofti_prjna275548,False
Wban_07920,wuchereria_bancrofti_prjna275548,False
Wban_07921,wuchereria_bancrofti_prjna275548,False
Wban_07922,wuchereria_bancrofti_prjna275548,False
Wban_07923,wuchereria_bancrofti_prjna275548,False
Wban_07924,wuchereria_bancrofti_prjna275548,False
Wban_07925,wuchereria_bancrofti_prjna275548,False
Wban_07926,wuchereria_bancrofti_prjna275548,False
Wban_07927,wuchereria_bancrofti_prjna275548,False
Wban_07928,wuchereria_bancrofti_prjna275548,False
Wban_07929,wuchereria_bancrofti_prjna275548,False
Wban_07930,wuchereria_bancrofti_prjna275548,False
Wban_07931,wuchereria_bancrofti_prjna275548,False
Wban_07932,wuchereria_bancrofti_prjna275548,False
Wban_07933,wuchereria_bancrofti_prjna275548,False
Wban_07934,wuchereria_bancrofti_prjna275548,False
Wban_07935,wuchereria_bancrofti_prjna275548,False
Wban_07936,wuchereria_bancrofti_prjna275548,False
Wban_07937,wuchereria_bancrofti_prjna275548,False
Wban_07938,wuchereria_bancrofti_prjna275548,False
Wban_07939,wuchereria_bancrofti_prjna275548,False
Wban_07940,wuchereria_bancrofti_prjna275548,False
Wban_07941,wuchereria_bancrofti_prjna275548,False
Wban_07942,wuchereria_bancrofti_prjna275548,False
Wban_07943,wuchereria_bancrofti_prjna275548,False
Wban_07944,wuchereria_bancrofti_prjna275548,False
Wban_07945,wuchereria_bancrofti_prjna275548,False
Wban_07946,wuchereria_bancrofti_prjna275548,False
Wban_07947,wuchereria_bancrofti_prjna275548,False
Wban_07948,wuchereria_bancrofti_prjna275548,False
Wban_07949,wuchereria_bancrofti_prjna275548,False
Wban_07950,wuchereria_bancrofti_prjna275548,False
Wban_07951,wuchereria_bancrofti_prjna275548,False
Wban_07952,wuchereria_bancrofti_prjna275548,False
Wban_07953,wuchereria_bancrofti_prjna275548,False
Wban_07954,wuchereria_bancrofti_prjna275548,False
Wban_07955,wuchereria_bancrofti_prjna275548,False
Wban_07956,wuchereria_bancrofti_prjna275548,False
Wban_07957,wuchereria_bancrofti_prjna275548,False
Wban_07958,wuchereria_bancrofti_prjna275548,False
Wban_07959,wuchereria_bancrofti_prjna275548,False
Wban_07960,wuchereria_bancrofti_prjna275548,False
Wban_07961,wuchereria_bancrofti_prjna275548,False
Wban_07962,wuchereria_bancrofti_prjna275548,False
Wban_07963,wuchereria_bancrofti_prjna275548,False
Wban_07964,wuchereria_bancrofti_prjna275548,False
Wban_07965,wuchereria_bancrofti_prjna275548,False
Wban_07966,wuchereria_bancrofti_prjna275548,False
Wban_07967,wuchereria_bancrofti_prjna275548,False
Wban_07968,wuchereria_bancrofti_prjna275548,False
Wban_07969,wuchereria_bancrofti_prjna275548,False
Wban_07970,wuchereria_bancrofti_prjna275548,False
Wban_07971,wuchereria_bancrofti_prjna275548,False
Wban_07972,wuchereria_bancrofti_prjna275548,False
Wban_07973,wuchereria_bancrofti_prjna275548,False
Wban_07974,wuchereria_bancrofti_prjna275548,False
Wban_07975,wuchereria_bancrofti_prjna275548,False
Wban_07976,wuchereria_bancrofti_prjna275548,False
Wban_07977,wuchereria_bancrofti_prjna275548,False
Wban_07978,wuchereria_bancrofti_prjna275548,False
Wban_07979,wuchereria_bancrofti_prjna275548,False
Wban_07980,wuchereria_bancrofti_prjna275548,False
Wban_07981,wuchereria_bancrofti_prjna275548,False
Wban_07982,wuchereria_bancrofti_prjna275548,False
Wban_07983,wuchereria_bancrofti_prjna275548,False
Wban_07984,wuchereria_bancrofti_prjna275548,False
Wban_07985,wuchereria_bancrofti_prjna275548,False
Wban_07986,wuchereria_bancrofti_prjna275548,False
Wban_07987,wuchereria_bancrofti_prjna275548,False
Wban_07988,wuchereria_bancrofti_prjna275548,False
Wban_07989,wuchereria_bancrofti_prjna275548,False
Wban_07990,wuchereria_bancrofti_prjna275548,False
Wban_07991,wuchereria_bancrofti_prjna275548,False
Wban_07992,wuchereria_bancrofti_prjna275548,False
Wban_07993,wuchereria_bancrofti_prjna275548,False
Wban_07994,wuchereria_bancrofti_prjna275548,False
Wban_07995,wuchereria_bancrofti_prjna275548,False
Wban_07996,wuchereria_bancrofti_prjna275548,False
Wban_07997,wuchereria_bancrofti_prjna275548,False
Wban_07998,wuchereria_bancrofti_prjna275548,False
Wban_07999,wuchereria_bancrofti_prjna275548,False
Wban_08000,wuchereria_bancrofti_prjna275548,False
Wban_08001,wuchereria_bancrofti_prjna275548,False
Wban_08002,wuchereria_bancrofti_prjna275548,False
Wban_08003,wuchereria_bancrofti_prjna275548,False
Wban_08004,wuchereria_bancrofti_prjna275548,False
Wban_08005,wuchereria_bancrofti_prjna275548,False
Wban_08006,wuchereria_bancrofti_prjna275548,False
Wban_08007,wuchereria_bancrofti_prjna275548,False
Wban_08008,wuchereria_bancrofti_prjna275548,False
Wban_08009,wuchereria_bancrofti_prjna275548,False
Wban_08010,wuchereria_bancrofti_prjna275548,False
Wban_08011,wuchereria_bancrofti_prjna275548,False
Wban_08012,wuchereria_bancrofti_prjna275548,False
Wban_08013,wuchereria_bancrofti_prjna275548,False
Wban_08014,wuchereria_bancrofti_prjna275548,False
Wban_08015,wuchereria_bancrofti_prjna275548,False
Wban_08016,wuchereria_bancrofti_prjna275548,False
Wban_08017,wuchereria_bancrofti_prjna275548,False
Wban_08018,wuchereria_bancrofti_prjna275548,False
Wban_08019,wuchereria_bancrofti_prjna275548,False
Wban_08020,wuchereria_bancrofti_prjna275548,False
Wban_08021,wuchereria_bancrofti_prjna275548,False
Wban_08022,wuchereria_bancrofti_prjna275548,False
Wban_08023,wuchereria_bancrofti_prjna275548,False
Wban_08024,wuchereria_bancrofti_prjna275548,False
Wban_08025,wuchereria_bancrofti_prjna275548,False
Wban_08026,wuchereria_bancrofti_prjna275548,False
Wban_08027,wuchereria_bancrofti_prjna275548,False
Wban_08028,wuchereria_bancrofti_prjna275548,False
Wban_08029,wuchereria_bancrofti_prjna275548,False
Wban_08030,wuchereria_bancrofti_prjna275548,False
Wban_08031,wuchereria_bancrofti_prjna275548,False
Wban_08032,wuchereria_bancrofti_prjna275548,False
Wban_08033,wuchereria_bancrofti_prjna275548,False
Wban_08034,wuchereria_bancrofti_prjna275548,False
Wban_08035,wuchereria_bancrofti_prjna275548,False
Wban_08036,wuchereria_bancrofti_prjna275548,False
Wban_08037,wuchereria_bancrofti_prjna275548,False
Wban_08038,wuchereria_bancrofti_prjna275548,False
Wban_08039,wuchereria_bancrofti_prjna275548,False
Wban_08040,wuchereria_bancrofti_prjna275548,False
Wban_08041,wuchereria_bancrofti_prjna275548,False
Wban_08042,wuchereria_bancrofti_prjna275548,False
Wban_08043,wuchereria_bancrofti_prjna275548,False
Wban_08044,wuchereria_bancrofti_prjna275548,False
Wban_08045,wuchereria_bancrofti_prjna275548,False
Wban_08046,wuchereria_bancrofti_prjna275548,False
Wban_08047,wuchereria_bancrofti_prjna275548,False
Wban_08048,wuchereria_bancrofti_prjna275548,False
Wban_08049,wuchereria_bancrofti_prjna275548,False
Wban_08050,wuchereria_bancrofti_prjna275548,False
Wban_08051,wuchereria_bancrofti_prjna275548,False
Wban_08052,wuchereria_bancrofti_prjna275548,False
Wban_08053,wuchereria_bancrofti_prjna275548,False
Wban_08054,wuchereria_bancrofti_prjna275548,False
Wban_08055,wuchereria_bancrofti_prjna275548,False
Wban_08056,wuchereria_bancrofti_prjna275548,False
Wban_08057,wuchereria_bancrofti_prjna275548,False
Wban_08058,wuchereria_bancrofti_prjna275548,False
Wban_08059,wuchereria_bancrofti_prjna275548,False
Wban_08060,wuchereria_bancrofti_prjna275548,False
Wban_08061,wuchereria_bancrofti_prjna275548,False
Wban_08062,wuchereria_bancrofti_prjna275548,False
Wban_08063,wuchereria_bancrofti_prjna275548,False
Wban_08064,wuchereria_bancrofti_prjna275548,False
Wban_08065,wuchereria_bancrofti_prjna275548,False
Wban_08066,wuchereria_bancrofti_prjna275548,False
Wban_08067,wuchereria_bancrofti_prjna275548,False
Wban_08068,wuchereria_bancrofti_prjna275548,False
Wban_08069,wuchereria_bancrofti_prjna275548,False
Wban_08070,wuchereria_bancrofti_prjna275548,False
Wban_08071,wuchereria_bancrofti_prjna275548,False
Wban_08072,wuchereria_bancrofti_prjna275548,False
Wban_08073,wuchereria_bancrofti_prjna275548,False
Wban_08074,wuchereria_bancrofti_prjna275548,False
Wban_08075,wuchereria_bancrofti_prjna275548,False
Wban_08076,wuchereria_bancrofti_prjna275548,False
Wban_08077,wuchereria_bancrofti_prjna275548,False
Wban_08078,wuchereria_bancrofti_prjna275548,False
Wban_08079,wuchereria_bancrofti_prjna275548,False
Wban_08080,wuchereria_bancrofti_prjna275548,False
Wban_08081,wuchereria_bancrofti_prjna275548,False
Wban_08082,wuchereria_bancrofti_prjna275548,False
Wban_08083,wuchereria_bancrofti_prjna275548,False
Wban_08084,wuchereria_bancrofti_prjna275548,False
Wban_08085,wuchereria_bancrofti_prjna275548,False
Wban_08086,wuchereria_bancrofti_prjna275548,False
Wban_08087,wuchereria_bancrofti_prjna275548,False
Wban_08088,wuchereria_bancrofti_prjna275548,False
Wban_08089,wuchereria_bancrofti_prjna275548,False
Wban_08090,wuchereria_bancrofti_prjna275548,False
Wban_08091,wuchereria_bancrofti_prjna275548,False
Wban_08092,wuchereria_bancrofti_prjna275548,False
Wban_08093,wuchereria_bancrofti_prjna275548,False
Wban_08094,wuchereria_bancrofti_prjna275548,False
Wban_08095,wuchereria_bancrofti_prjna275548,False
Wban_08096,wuchereria_bancrofti_prjna275548,False
Wban_08097,wuchereria_bancrofti_prjna275548,False
Wban_08098,wuchereria_bancrofti_prjna275548,False
Wban_08099,wuchereria_bancrofti_prjna275548,False
Wban_08100,wuchereria_bancrofti_prjna275548,False
Wban_08101,wuchereria_bancrofti_prjna275548,False
Wban_08102,wuchereria_bancrofti_prjna275548,False
Wban_08103,wuchereria_bancrofti_prjna275548,False
Wban_08104,wuchereria_bancrofti_prjna275548,False
Wban_08105,wuchereria_bancrofti_prjna275548,False
Wban_08106,wuchereria_bancrofti_prjna275548,False
Wban_08107,wuchereria_bancrofti_prjna275548,False
Wban_08108,wuchereria_bancrofti_prjna275548,False
Wban_08109,wuchereria_bancrofti_prjna275548,False
Wban_08110,wuchereria_bancrofti_prjna275548,False
Wban_08111,wuchereria_bancrofti_prjna275548,False
Wban_08112,wuchereria_bancrofti_prjna275548,False
Wban_08113,wuchereria_bancrofti_prjna275548,False
Wban_08114,wuchereria_bancrofti_prjna275548,False
Wban_08115,wuchereria_bancrofti_prjna275548,False
Wban_08116,wuchereria_bancrofti_prjna275548,False
Wban_08117,wuchereria_bancrofti_prjna275548,False
Wban_08118,wuchereria_bancrofti_prjna275548,False
Wban_08119,wuchereria_bancrofti_prjna275548,False
Wban_08120,wuchereria_bancrofti_prjna275548,False
Wban_08121,wuchereria_bancrofti_prjna275548,False
Wban_08122,wuchereria_bancrofti_prjna275548,False
Wban_08123,wuchereria_bancrofti_prjna275548,False
Wban_08124,wuchereria_bancrofti_prjna275548,False
Wban_08125,wuchereria_bancrofti_prjna275548,False
Wban_08126,wuchereria_bancrofti_prjna275548,False
Wban_08127,wuchereria_bancrofti_prjna275548,False
Wban_08128,wuchereria_bancrofti_prjna275548,False
Wban_08129,wuchereria_bancrofti_prjna275548,False
Wban_08130,wuchereria_bancrofti_prjna275548,False
Wban_08131,wuchereria_bancrofti_prjna275548,False
Wban_08132,wuchereria_bancrofti_prjna275548,False
Wban_08133,wuchereria_bancrofti_prjna275548,False
Wban_08134,wuchereria_bancrofti_prjna275548,False
Wban_08135,wuchereria_bancrofti_prjna275548,False
Wban_08136,wuchereria_bancrofti_prjna275548,False
Wban_08137,wuchereria_bancrofti_prjna275548,False
Wban_08138,wuchereria_bancrofti_prjna275548,False
Wban_08139,wuchereria_bancrofti_prjna275548,False
Wban_08140,wuchereria_bancrofti_prjna275548,False
Wban_08141,wuchereria_bancrofti_prjna275548,False
Wban_08142,wuchereria_bancrofti_prjna275548,False
Wban_08143,wuchereria_bancrofti_prjna275548,False
Wban_08144,wuchereria_bancrofti_prjna275548,False
Wban_08145,wuchereria_bancrofti_prjna275548,False
Wban_08146,wuchereria_bancrofti_prjna275548,False
Wban_08147,wuchereria_bancrofti_prjna275548,False
Wban_08148,wuchereria_bancrofti_prjna275548,False
Wban_08149,wuchereria_bancrofti_prjna275548,False
Wban_08150,wuchereria_bancrofti_prjna275548,False
Wban_08151,wuchereria_bancrofti_prjna275548,False
Wban_08152,wuchereria_bancrofti_prjna275548,False
Wban_08153,wuchereria_bancrofti_prjna275548,False
Wban_08154,wuchereria_bancrofti_prjna275548,False
Wban_08155,wuchereria_bancrofti_prjna275548,False
Wban_08156,wuchereria_bancrofti_prjna275548,False
Wban_08157,wuchereria_bancrofti_prjna275548,False
Wban_08158,wuchereria_bancrofti_prjna275548,False
Wban_08159,wuchereria_bancrofti_prjna275548,False
Wban_08160,wuchereria_bancrofti_prjna275548,False
Wban_08161,wuchereria_bancrofti_prjna275548,False
Wban_08162,wuchereria_bancrofti_prjna275548,False
Wban_08163,wuchereria_bancrofti_prjna275548,False
Wban_08164,wuchereria_bancrofti_prjna275548,False
Wban_08165,wuchereria_bancrofti_prjna275548,False
Wban_08166,wuchereria_bancrofti_prjna275548,False
Wban_08167,wuchereria_bancrofti_prjna275548,False
Wban_08168,wuchereria_bancrofti_prjna275548,False
Wban_08169,wuchereria_bancrofti_prjna275548,False
Wban_08170,wuchereria_bancrofti_prjna275548,False
Wban_08171,wuchereria_bancrofti_prjna275548,False
Wban_08172,wuchereria_bancrofti_prjna275548,False
Wban_08173,wuchereria_bancrofti_prjna275548,False
Wban_08174,wuchereria_bancrofti_prjna275548,False
Wban_08175,wuchereria_bancrofti_prjna275548,False
Wban_08176,wuchereria_bancrofti_prjna275548,False
Wban_08177,wuchereria_bancrofti_prjna275548,False
Wban_08178,wuchereria_bancrofti_prjna275548,False
Wban_08179,wuchereria_bancrofti_prjna275548,False
Wban_08180,wuchereria_bancrofti_prjna275548,False
Wban_08181,wuchereria_bancrofti_prjna275548,False
Wban_08182,wuchereria_bancrofti_prjna275548,False
Wban_08183,wuchereria_bancrofti_prjna275548,False
Wban_08184,wuchereria_bancrofti_prjna275548,False
Wban_08185,wuchereria_bancrofti_prjna275548,False
Wban_08186,wuchereria_bancrofti_prjna275548,False
Wban_08187,wuchereria_bancrofti_prjna275548,False
Wban_08188,wuchereria_bancrofti_prjna275548,False
Wban_08189,wuchereria_bancrofti_prjna275548,False
Wban_08190,wuchereria_bancrofti_prjna275548,False
Wban_08191,wuchereria_bancrofti_prjna275548,False
Wban_08192,wuchereria_bancrofti_prjna275548,False
Wban_08193,wuchereria_bancrofti_prjna275548,False
Wban_08194,wuchereria_bancrofti_prjna275548,False
Wban_08195,wuchereria_bancrofti_prjna275548,False
Wban_08196,wuchereria_bancrofti_prjna275548,False
Wban_08197,wuchereria_bancrofti_prjna275548,False
Wban_08198,wuchereria_bancrofti_prjna275548,False
Wban_08199,wuchereria_bancrofti_prjna275548,False
Wban_08200,wuchereria_bancrofti_prjna275548,False
Wban_08201,wuchereria_bancrofti_prjna275548,False
Wban_08202,wuchereria_bancrofti_prjna275548,False
Wban_08203,wuchereria_bancrofti_prjna275548,False
Wban_08204,wuchereria_bancrofti_prjna275548,False
Wban_08205,wuchereria_bancrofti_prjna275548,False
Wban_08206,wuchereria_bancrofti_prjna275548,False
Wban_08207,wuchereria_bancrofti_prjna275548,False
Wban_08208,wuchereria_bancrofti_prjna275548,False
Wban_08209,wuchereria_bancrofti_prjna275548,False
Wban_08210,wuchereria_bancrofti_prjna275548,False
Wban_08211,wuchereria_bancrofti_prjna275548,False
Wban_08212,wuchereria_bancrofti_prjna275548,False
Wban_08213,wuchereria_bancrofti_prjna275548,False
Wban_08214,wuchereria_bancrofti_prjna275548,False
Wban_08215,wuchereria_bancrofti_prjna275548,False
Wban_08216,wuchereria_bancrofti_prjna275548,False
Wban_08217,wuchereria_bancrofti_prjna275548,False
Wban_08218,wuchereria_bancrofti_prjna275548,False
Wban_08219,wuchereria_bancrofti_prjna275548,False
Wban_08220,wuchereria_bancrofti_prjna275548,False
Wban_08221,wuchereria_bancrofti_prjna275548,False
Wban_08222,wuchereria_bancrofti_prjna275548,False
Wban_08223,wuchereria_bancrofti_prjna275548,False
Wban_08224,wuchereria_bancrofti_prjna275548,False
Wban_08225,wuchereria_bancrofti_prjna275548,False
Wban_08226,wuchereria_bancrofti_prjna275548,False
Wban_08227,wuchereria_bancrofti_prjna275548,False
Wban_08228,wuchereria_bancrofti_prjna275548,False
Wban_08229,wuchereria_bancrofti_prjna275548,False
Wban_08230,wuchereria_bancrofti_prjna275548,False
Wban_08231,wuchereria_bancrofti_prjna275548,False
Wban_08232,wuchereria_bancrofti_prjna275548,False
Wban_08233,wuchereria_bancrofti_prjna275548,False
Wban_08234,wuchereria_bancrofti_prjna275548,False
Wban_08235,wuchereria_bancrofti_prjna275548,False
Wban_08236,wuchereria_bancrofti_prjna275548,False
Wban_08237,wuchereria_bancrofti_prjna275548,False
Wban_08238,wuchereria_bancrofti_prjna275548,False
Wban_08239,wuchereria_bancrofti_prjna275548,False
Wban_08240,wuchereria_bancrofti_prjna275548,False
Wban_08241,wuchereria_bancrofti_prjna275548,False
Wban_08242,wuchereria_bancrofti_prjna275548,False
Wban_08243,wuchereria_bancrofti_prjna275548,False
Wban_08244,wuchereria_bancrofti_prjna275548,False
Wban_08245,wuchereria_bancrofti_prjna275548,False
Wban_08246,wuchereria_bancrofti_prjna275548,False
Wban_08247,wuchereria_bancrofti_prjna275548,False
Wban_08248,wuchereria_bancrofti_prjna275548,False
Wban_08249,wuchereria_bancrofti_prjna275548,False
Wban_08250,wuchereria_bancrofti_prjna275548,False
Wban_08251,wuchereria_bancrofti_prjna275548,False
Wban_08252,wuchereria_bancrofti_prjna275548,False
Wban_08253,wuchereria_bancrofti_prjna275548,False
Wban_08254,wuchereria_bancrofti_prjna275548,False
Wban_08255,wuchereria_bancrofti_prjna275548,False
Wban_08256,wuchereria_bancrofti_prjna275548,False
Wban_08257,wuchereria_bancrofti_prjna275548,False
Wban_08258,wuchereria_bancrofti_prjna275548,False
Wban_08259,wuchereria_bancrofti_prjna275548,False
Wban_08260,wuchereria_bancrofti_prjna275548,False
Wban_08261,wuchereria_bancrofti_prjna275548,False
Wban_08262,wuchereria_bancrofti_prjna275548,False
Wban_08263,wuchereria_bancrofti_prjna275548,False
Wban_08264,wuchereria_bancrofti_prjna275548,False
Wban_08265,wuchereria_bancrofti_prjna275548,False
Wban_08266,wuchereria_bancrofti_prjna275548,False
Wban_08267,wuchereria_bancrofti_prjna275548,False
Wban_08268,wuchereria_bancrofti_prjna275548,False
Wban_08269,wuchereria_bancrofti_prjna275548,False
Wban_08270,wuchereria_bancrofti_prjna275548,False
Wban_08271,wuchereria_bancrofti_prjna275548,False
Wban_08272,wuchereria_bancrofti_prjna275548,False
Wban_08273,wuchereria_bancrofti_prjna275548,False
Wban_08274,wuchereria_bancrofti_prjna275548,False
Wban_08275,wuchereria_bancrofti_prjna275548,False
Wban_08276,wuchereria_bancrofti_prjna275548,False
Wban_08277,wuchereria_bancrofti_prjna275548,False
Wban_08278,wuchereria_bancrofti_prjna275548,False
Wban_08279,wuchereria_bancrofti_prjna275548,False
Wban_08280,wuchereria_bancrofti_prjna275548,False
Wban_08281,wuchereria_bancrofti_prjna275548,False
Wban_08282,wuchereria_bancrofti_prjna275548,False
Wban_08283,wuchereria_bancrofti_prjna275548,False
Wban_08284,wuchereria_bancrofti_prjna275548,False
Wban_08285,wuchereria_bancrofti_prjna275548,False
Wban_08286,wuchereria_bancrofti_prjna275548,False
Wban_08287,wuchereria_bancrofti_prjna275548,False
Wban_08288,wuchereria_bancrofti_prjna275548,False
Wban_08289,wuchereria_bancrofti_prjna275548,False
Wban_08290,wuchereria_bancrofti_prjna275548,False
Wban_08291,wuchereria_bancrofti_prjna275548,False
Wban_08292,wuchereria_bancrofti_prjna275548,False
Wban_08293,wuchereria_bancrofti_prjna275548,False
Wban_08294,wuchereria_bancrofti_prjna275548,False
Wban_08295,wuchereria_bancrofti_prjna275548,False
Wban_08296,wuchereria_bancrofti_prjna275548,False
Wban_08297,wuchereria_bancrofti_prjna275548,False
Wban_08298,wuchereria_bancrofti_prjna275548,False
Wban_08299,wuchereria_bancrofti_prjna275548,False
Wban_08300,wuchereria_bancrofti_prjna275548,False
Wban_08301,wuchereria_bancrofti_prjna275548,False
Wban_08302,wuchereria_bancrofti_prjna275548,False
Wban_08303,wuchereria_bancrofti_prjna275548,False
Wban_08304,wuchereria_bancrofti_prjna275548,False
Wban_08305,wuchereria_bancrofti_prjna275548,False
Wban_08306,wuchereria_bancrofti_prjna275548,False
Wban_08307,wuchereria_bancrofti_prjna275548,False
Wban_08308,wuchereria_bancrofti_prjna275548,False
Wban_08309,wuchereria_bancrofti_prjna275548,False
Wban_08310,wuchereria_bancrofti_prjna275548,False
Wban_08311,wuchereria_bancrofti_prjna275548,False
Wban_08312,wuchereria_bancrofti_prjna275548,False
Wban_08313,wuchereria_bancrofti_prjna275548,False
Wban_08314,wuchereria_bancrofti_prjna275548,False
Wban_08315,wuchereria_bancrofti_prjna275548,False
Wban_08316,wuchereria_bancrofti_prjna275548,False
Wban_08317,wuchereria_bancrofti_prjna275548,False
Wban_08318,wuchereria_bancrofti_prjna275548,False
Wban_08319,wuchereria_bancrofti_prjna275548,False
Wban_08320,wuchereria_bancrofti_prjna275548,False
Wban_08321,wuchereria_bancrofti_prjna275548,False
Wban_08322,wuchereria_bancrofti_prjna275548,False
Wban_08323,wuchereria_bancrofti_prjna275548,False
Wban_08324,wuchereria_bancrofti_prjna275548,False
Wban_08325,wuchereria_bancrofti_prjna275548,False
Wban_08326,wuchereria_bancrofti_prjna275548,False
Wban_08327,wuchereria_bancrofti_prjna275548,False
Wban_08328,wuchereria_bancrofti_prjna275548,False
Wban_08329,wuchereria_bancrofti_prjna275548,False
Wban_08330,wuchereria_bancrofti_prjna275548,False
Wban_08331,wuchereria_bancrofti_prjna275548,False
Wban_08332,wuchereria_bancrofti_prjna275548,False
Wban_08333,wuchereria_bancrofti_prjna275548,False
Wban_08334,wuchereria_bancrofti_prjna275548,False
Wban_08335,wuchereria_bancrofti_prjna275548,False
Wban_08336,wuchereria_bancrofti_prjna275548,False
Wban_08337,wuchereria_bancrofti_prjna275548,False
Wban_08338,wuchereria_bancrofti_prjna275548,False
Wban_08339,wuchereria_bancrofti_prjna275548,False
Wban_08340,wuchereria_bancrofti_prjna275548,False
Wban_08341,wuchereria_bancrofti_prjna275548,False
Wban_08342,wuchereria_bancrofti_prjna275548,False
Wban_08343,wuchereria_bancrofti_prjna275548,False
Wban_08344,wuchereria_bancrofti_prjna275548,False
Wban_08345,wuchereria_bancrofti_prjna275548,False
Wban_08346,wuchereria_bancrofti_prjna275548,False
Wban_08347,wuchereria_bancrofti_prjna275548,False
Wban_08348,wuchereria_bancrofti_prjna275548,False
Wban_08349,wuchereria_bancrofti_prjna275548,False
Wban_08350,wuchereria_bancrofti_prjna275548,False
Wban_08351,wuchereria_bancrofti_prjna275548,False
Wban_08352,wuchereria_bancrofti_prjna275548,False
Wban_08353,wuchereria_bancrofti_prjna275548,False
Wban_08354,wuchereria_bancrofti_prjna275548,False
Wban_08355,wuchereria_bancrofti_prjna275548,False
Wban_08356,wuchereria_bancrofti_prjna275548,False
Wban_08357,wuchereria_bancrofti_prjna275548,False
Wban_08358,wuchereria_bancrofti_prjna275548,False
Wban_08359,wuchereria_bancrofti_prjna275548,False
Wban_08360,wuchereria_bancrofti_prjna275548,False
Wban_08361,wuchereria_bancrofti_prjna275548,False
Wban_08362,wuchereria_bancrofti_prjna275548,False
Wban_08363,wuchereria_bancrofti_prjna275548,False
Wban_08364,wuchereria_bancrofti_prjna275548,False
Wban_08365,wuchereria_bancrofti_prjna275548,False
Wban_08366,wuchereria_bancrofti_prjna275548,False
Wban_08367,wuchereria_bancrofti_prjna275548,False
Wban_08368,wuchereria_bancrofti_prjna275548,False
Wban_08369,wuchereria_bancrofti_prjna275548,False
Wban_08370,wuchereria_bancrofti_prjna275548,False
Wban_08371,wuchereria_bancrofti_prjna275548,False
Wban_08372,wuchereria_bancrofti_prjna275548,False
Wban_08373,wuchereria_bancrofti_prjna275548,False
Wban_08374,wuchereria_bancrofti_prjna275548,False
Wban_08375,wuchereria_bancrofti_prjna275548,False
Wban_08376,wuchereria_bancrofti_prjna275548,False
Wban_08377,wuchereria_bancrofti_prjna275548,False
Wban_08378,wuchereria_bancrofti_prjna275548,False
Wban_08379,wuchereria_bancrofti_prjna275548,False
Wban_08380,wuchereria_bancrofti_prjna275548,False
Wban_08381,wuchereria_bancrofti_prjna275548,False
Wban_08382,wuchereria_bancrofti_prjna275548,False
Wban_08383,wuchereria_bancrofti_prjna275548,False
Wban_08384,wuchereria_bancrofti_prjna275548,False
Wban_08385,wuchereria_bancrofti_prjna275548,False
Wban_08386,wuchereria_bancrofti_prjna275548,False
Wban_08387,wuchereria_bancrofti_prjna275548,False
Wban_08388,wuchereria_bancrofti_prjna275548,False
Wban_08389,wuchereria_bancrofti_prjna275548,False
Wban_08390,wuchereria_bancrofti_prjna275548,False
Wban_08391,wuchereria_bancrofti_prjna275548,False
Wban_08392,wuchereria_bancrofti_prjna275548,False
Wban_08393,wuchereria_bancrofti_prjna275548,False
Wban_08394,wuchereria_bancrofti_prjna275548,False
Wban_08395,wuchereria_bancrofti_prjna275548,False
Wban_08396,wuchereria_bancrofti_prjna275548,False
Wban_08397,wuchereria_bancrofti_prjna275548,False
Wban_08398,wuchereria_bancrofti_prjna275548,False
Wban_08399,wuchereria_bancrofti_prjna275548,False
Wban_08400,wuchereria_bancrofti_prjna275548,False
Wban_08401,wuchereria_bancrofti_prjna275548,False
Wban_08402,wuchereria_bancrofti_prjna275548,False
Wban_08403,wuchereria_bancrofti_prjna275548,False
Wban_08404,wuchereria_bancrofti_prjna275548,False
Wban_08405,wuchereria_bancrofti_prjna275548,False
Wban_08406,wuchereria_bancrofti_prjna275548,False
Wban_08407,wuchereria_bancrofti_prjna275548,False
Wban_08408,wuchereria_bancrofti_prjna275548,False
Wban_08409,wuchereria_bancrofti_prjna275548,False
Wban_08410,wuchereria_bancrofti_prjna275548,False
Wban_08411,wuchereria_bancrofti_prjna275548,False
Wban_08412,wuchereria_bancrofti_prjna275548,False
Wban_08413,wuchereria_bancrofti_prjna275548,False
Wban_08414,wuchereria_bancrofti_prjna275548,False
Wban_08415,wuchereria_bancrofti_prjna275548,False
Wban_08416,wuchereria_bancrofti_prjna275548,False
Wban_08417,wuchereria_bancrofti_prjna275548,False
Wban_08418,wuchereria_bancrofti_prjna275548,False
Wban_08419,wuchereria_bancrofti_prjna275548,False
Wban_08420,wuchereria_bancrofti_prjna275548,False
Wban_08421,wuchereria_bancrofti_prjna275548,False
Wban_08422,wuchereria_bancrofti_prjna275548,False
Wban_08423,wuchereria_bancrofti_prjna275548,False
Wban_08424,wuchereria_bancrofti_prjna275548,False
Wban_08425,wuchereria_bancrofti_prjna275548,False
Wban_08426,wuchereria_bancrofti_prjna275548,False
Wban_08427,wuchereria_bancrofti_prjna275548,False
Wban_08428,wuchereria_bancrofti_prjna275548,False
Wban_08429,wuchereria_bancrofti_prjna275548,False
Wban_08430,wuchereria_bancrofti_prjna275548,False
Wban_08431,wuchereria_bancrofti_prjna275548,False
Wban_08432,wuchereria_bancrofti_prjna275548,False
Wban_08433,wuchereria_bancrofti_prjna275548,False
Wban_08434,wuchereria_bancrofti_prjna275548,False
Wban_08435,wuchereria_bancrofti_prjna275548,False
Wban_08436,wuchereria_bancrofti_prjna275548,False
Wban_08437,wuchereria_bancrofti_prjna275548,False
Wban_08438,wuchereria_bancrofti_prjna275548,False
Wban_08439,wuchereria_bancrofti_prjna275548,False
Wban_08440,wuchereria_bancrofti_prjna275548,False
Wban_08441,wuchereria_bancrofti_prjna275548,False
Wban_08442,wuchereria_bancrofti_prjna275548,False
Wban_08443,wuchereria_bancrofti_prjna275548,False
Wban_08444,wuchereria_bancrofti_prjna275548,False
Wban_08445,wuchereria_bancrofti_prjna275548,False
Wban_08446,wuchereria_bancrofti_prjna275548,False
Wban_08447,wuchereria_bancrofti_prjna275548,False
Wban_08448,wuchereria_bancrofti_prjna275548,False
Wban_08449,wuchereria_bancrofti_prjna275548,False
Wban_08450,wuchereria_bancrofti_prjna275548,False
Wban_08451,wuchereria_bancrofti_prjna275548,False
Wban_08452,wuchereria_bancrofti_prjna275548,False
Wban_08453,wuchereria_bancrofti_prjna275548,False
Wban_08454,wuchereria_bancrofti_prjna275548,False
Wban_08455,wuchereria_bancrofti_prjna275548,False
Wban_08456,wuchereria_bancrofti_prjna275548,False
Wban_08457,wuchereria_bancrofti_prjna275548,False
Wban_08458,wuchereria_bancrofti_prjna275548,False
Wban_08459,wuchereria_bancrofti_prjna275548,False
Wban_08460,wuchereria_bancrofti_prjna275548,False
Wban_08461,wuchereria_bancrofti_prjna275548,False
Wban_08462,wuchereria_bancrofti_prjna275548,False
Wban_08463,wuchereria_bancrofti_prjna275548,False
Wban_08464,wuchereria_bancrofti_prjna275548,False
Wban_08465,wuchereria_bancrofti_prjna275548,False
Wban_08466,wuchereria_bancrofti_prjna275548,False
Wban_08467,wuchereria_bancrofti_prjna275548,False
Wban_08468,wuchereria_bancrofti_prjna275548,False
Wban_08469,wuchereria_bancrofti_prjna275548,False
Wban_08470,wuchereria_bancrofti_prjna275548,False
Wban_08471,wuchereria_bancrofti_prjna275548,False
Wban_08472,wuchereria_bancrofti_prjna275548,False
Wban_08473,wuchereria_bancrofti_prjna275548,False
Wban_08474,wuchereria_bancrofti_prjna275548,False
Wban_08475,wuchereria_bancrofti_prjna275548,False
Wban_08476,wuchereria_bancrofti_prjna275548,False
Wban_08477,wuchereria_bancrofti_prjna275548,False
Wban_08478,wuchereria_bancrofti_prjna275548,False
Wban_08479,wuchereria_bancrofti_prjna275548,False
Wban_08480,wuchereria_bancrofti_prjna275548,False
Wban_08481,wuchereria_bancrofti_prjna275548,False
Wban_08482,wuchereria_bancrofti_prjna275548,False
Wban_08483,wuchereria_bancrofti_prjna275548,False
Wban_08484,wuchereria_bancrofti_prjna275548,False
Wban_08485,wuchereria_bancrofti_prjna275548,False
Wban_08486,wuchereria_bancrofti_prjna275548,False
Wban_08487,wuchereria_bancrofti_prjna275548,False
Wban_08488,wuchereria_bancrofti_prjna275548,False
Wban_08489,wuchereria_bancrofti_prjna275548,False
Wban_08490,wuchereria_bancrofti_prjna275548,False
Wban_08491,wuchereria_bancrofti_prjna275548,False
Wban_08492,wuchereria_bancrofti_prjna275548,False
Wban_08493,wuchereria_bancrofti_prjna275548,False
Wban_08494,wuchereria_bancrofti_prjna275548,False
Wban_08495,wuchereria_bancrofti_prjna275548,False
Wban_08496,wuchereria_bancrofti_prjna275548,False
Wban_08497,wuchereria_bancrofti_prjna275548,False
Wban_08498,wuchereria_bancrofti_prjna275548,False
Wban_08499,wuchereria_bancrofti_prjna275548,False
Wban_08500,wuchereria_bancrofti_prjna275548,False
Wban_08501,wuchereria_bancrofti_prjna275548,False
Wban_08502,wuchereria_bancrofti_prjna275548,False
Wban_08503,wuchereria_bancrofti_prjna275548,False
Wban_08504,wuchereria_bancrofti_prjna275548,False
Wban_08505,wuchereria_bancrofti_prjna275548,False
Wban_08506,wuchereria_bancrofti_prjna275548,False
Wban_08507,wuchereria_bancrofti_prjna275548,False
Wban_08508,wuchereria_bancrofti_prjna275548,False
Wban_08509,wuchereria_bancrofti_prjna275548,False
Wban_08510,wuchereria_bancrofti_prjna275548,False
Wban_08511,wuchereria_bancrofti_prjna275548,False
Wban_08512,wuchereria_bancrofti_prjna275548,False
Wban_08513,wuchereria_bancrofti_prjna275548,False
Wban_08514,wuchereria_bancrofti_prjna275548,False
Wban_08515,wuchereria_bancrofti_prjna275548,False
Wban_08516,wuchereria_bancrofti_prjna275548,False
Wban_08517,wuchereria_bancrofti_prjna275548,False
Wban_08518,wuchereria_bancrofti_prjna275548,False
Wban_08519,wuchereria_bancrofti_prjna275548,False
Wban_08520,wuchereria_bancrofti_prjna275548,False
Wban_08521,wuchereria_bancrofti_prjna275548,False
Wban_08522,wuchereria_bancrofti_prjna275548,False
Wban_08523,wuchereria_bancrofti_prjna275548,False
Wban_08524,wuchereria_bancrofti_prjna275548,False
Wban_08525,wuchereria_bancrofti_prjna275548,False
Wban_08526,wuchereria_bancrofti_prjna275548,False
Wban_08527,wuchereria_bancrofti_prjna275548,False
Wban_08528,wuchereria_bancrofti_prjna275548,False
Wban_08529,wuchereria_bancrofti_prjna275548,False
Wban_08530,wuchereria_bancrofti_prjna275548,False
Wban_08531,wuchereria_bancrofti_prjna275548,False
Wban_08532,wuchereria_bancrofti_prjna275548,False
Wban_08533,wuchereria_bancrofti_prjna275548,False
Wban_08534,wuchereria_bancrofti_prjna275548,False
Wban_08535,wuchereria_bancrofti_prjna275548,False
Wban_08536,wuchereria_bancrofti_prjna275548,False
Wban_08537,wuchereria_bancrofti_prjna275548,False
Wban_08538,wuchereria_bancrofti_prjna275548,False
Wban_08539,wuchereria_bancrofti_prjna275548,False
Wban_08540,wuchereria_bancrofti_prjna275548,False
Wban_08541,wuchereria_bancrofti_prjna275548,False
Wban_08542,wuchereria_bancrofti_prjna275548,False
Wban_08543,wuchereria_bancrofti_prjna275548,False
Wban_08544,wuchereria_bancrofti_prjna275548,False
Wban_08545,wuchereria_bancrofti_prjna275548,False
Wban_08546,wuchereria_bancrofti_prjna275548,False
Wban_08547,wuchereria_bancrofti_prjna275548,False
Wban_08548,wuchereria_bancrofti_prjna275548,False
Wban_08549,wuchereria_bancrofti_prjna275548,False
Wban_08550,wuchereria_bancrofti_prjna275548,False
Wban_08551,wuchereria_bancrofti_prjna275548,False
Wban_08552,wuchereria_bancrofti_prjna275548,False
Wban_08553,wuchereria_bancrofti_prjna275548,False
Wban_08554,wuchereria_bancrofti_prjna275548,False
Wban_08555,wuchereria_bancrofti_prjna275548,False
Wban_08556,wuchereria_bancrofti_prjna275548,False
Wban_08557,wuchereria_bancrofti_prjna275548,False
Wban_08558,wuchereria_bancrofti_prjna275548,False
Wban_08559,wuchereria_bancrofti_prjna275548,False
Wban_08560,wuchereria_bancrofti_prjna275548,False
Wban_08561,wuchereria_bancrofti_prjna275548,False
Wban_08562,wuchereria_bancrofti_prjna275548,False
Wban_08563,wuchereria_bancrofti_prjna275548,False
Wban_08564,wuchereria_bancrofti_prjna275548,False
Wban_08565,wuchereria_bancrofti_prjna275548,False
Wban_08566,wuchereria_bancrofti_prjna275548,False
Wban_08567,wuchereria_bancrofti_prjna275548,False
Wban_08568,wuchereria_bancrofti_prjna275548,False
Wban_08569,wuchereria_bancrofti_prjna275548,False
Wban_08570,wuchereria_bancrofti_prjna275548,False
Wban_08571,wuchereria_bancrofti_prjna275548,False
Wban_08572,wuchereria_bancrofti_prjna275548,False
Wban_08573,wuchereria_bancrofti_prjna275548,False
Wban_08574,wuchereria_bancrofti_prjna275548,False
Wban_08575,wuchereria_bancrofti_prjna275548,False
Wban_08576,wuchereria_bancrofti_prjna275548,False
Wban_08577,wuchereria_bancrofti_prjna275548,False
Wban_08578,wuchereria_bancrofti_prjna275548,False
Wban_08579,wuchereria_bancrofti_prjna275548,False
Wban_08580,wuchereria_bancrofti_prjna275548,False
Wban_08581,wuchereria_bancrofti_prjna275548,False
Wban_08582,wuchereria_bancrofti_prjna275548,False
Wban_08583,wuchereria_bancrofti_prjna275548,False
Wban_08584,wuchereria_bancrofti_prjna275548,False
Wban_08585,wuchereria_bancrofti_prjna275548,False
Wban_08586,wuchereria_bancrofti_prjna275548,False
Wban_08587,wuchereria_bancrofti_prjna275548,False
Wban_08588,wuchereria_bancrofti_prjna275548,False
Wban_08589,wuchereria_bancrofti_prjna275548,False
Wban_08590,wuchereria_bancrofti_prjna275548,False
Wban_08591,wuchereria_bancrofti_prjna275548,False
Wban_08592,wuchereria_bancrofti_prjna275548,False
Wban_08593,wuchereria_bancrofti_prjna275548,False
Wban_08594,wuchereria_bancrofti_prjna275548,False
Wban_08595,wuchereria_bancrofti_prjna275548,False
Wban_08596,wuchereria_bancrofti_prjna275548,False
Wban_08597,wuchereria_bancrofti_prjna275548,False
Wban_08598,wuchereria_bancrofti_prjna275548,False
Wban_08599,wuchereria_bancrofti_prjna275548,False
Wban_08600,wuchereria_bancrofti_prjna275548,False
Wban_08601,wuchereria_bancrofti_prjna275548,False
Wban_08602,wuchereria_bancrofti_prjna275548,False
Wban_08603,wuchereria_bancrofti_prjna275548,False
Wban_08604,wuchereria_bancrofti_prjna275548,False
Wban_08605,wuchereria_bancrofti_prjna275548,False
Wban_08606,wuchereria_bancrofti_prjna275548,False
Wban_08607,wuchereria_bancrofti_prjna275548,False
Wban_08608,wuchereria_bancrofti_prjna275548,False
Wban_08609,wuchereria_bancrofti_prjna275548,False
Wban_08610,wuchereria_bancrofti_prjna275548,False
Wban_08611,wuchereria_bancrofti_prjna275548,False
Wban_08612,wuchereria_bancrofti_prjna275548,False
Wban_08613,wuchereria_bancrofti_prjna275548,False
Wban_08614,wuchereria_bancrofti_prjna275548,False
Wban_08615,wuchereria_bancrofti_prjna275548,False
Wban_08616,wuchereria_bancrofti_prjna275548,False
Wban_08617,wuchereria_bancrofti_prjna275548,False
Wban_08618,wuchereria_bancrofti_prjna275548,False
Wban_08619,wuchereria_bancrofti_prjna275548,False
Wban_08620,wuchereria_bancrofti_prjna275548,False
Wban_08621,wuchereria_bancrofti_prjna275548,False
Wban_08622,wuchereria_bancrofti_prjna275548,False
Wban_08623,wuchereria_bancrofti_prjna275548,False
Wban_08624,wuchereria_bancrofti_prjna275548,False
Wban_08625,wuchereria_bancrofti_prjna275548,False
Wban_08626,wuchereria_bancrofti_prjna275548,False
Wban_08627,wuchereria_bancrofti_prjna275548,False
Wban_08628,wuchereria_bancrofti_prjna275548,False
Wban_08629,wuchereria_bancrofti_prjna275548,False
Wban_08630,wuchereria_bancrofti_prjna275548,False
Wban_08631,wuchereria_bancrofti_prjna275548,False
Wban_08632,wuchereria_bancrofti_prjna275548,False
Wban_08633,wuchereria_bancrofti_prjna275548,False
Wban_08634,wuchereria_bancrofti_prjna275548,False
Wban_08635,wuchereria_bancrofti_prjna275548,False
Wban_08636,wuchereria_bancrofti_prjna275548,False
Wban_08637,wuchereria_bancrofti_prjna275548,False
Wban_08638,wuchereria_bancrofti_prjna275548,False
Wban_08639,wuchereria_bancrofti_prjna275548,False
Wban_08640,wuchereria_bancrofti_prjna275548,False
Wban_08641,wuchereria_bancrofti_prjna275548,False
Wban_08642,wuchereria_bancrofti_prjna275548,False
Wban_08643,wuchereria_bancrofti_prjna275548,False
Wban_08644,wuchereria_bancrofti_prjna275548,False
Wban_08645,wuchereria_bancrofti_prjna275548,False
Wban_08646,wuchereria_bancrofti_prjna275548,False
Wban_08647,wuchereria_bancrofti_prjna275548,False
Wban_08648,wuchereria_bancrofti_prjna275548,False
Wban_08649,wuchereria_bancrofti_prjna275548,False
Wban_08650,wuchereria_bancrofti_prjna275548,False
Wban_08651,wuchereria_bancrofti_prjna275548,False
Wban_08652,wuchereria_bancrofti_prjna275548,False
Wban_08653,wuchereria_bancrofti_prjna275548,False
Wban_08654,wuchereria_bancrofti_prjna275548,False
Wban_08655,wuchereria_bancrofti_prjna275548,False
Wban_08656,wuchereria_bancrofti_prjna275548,False
Wban_08657,wuchereria_bancrofti_prjna275548,False
Wban_08658,wuchereria_bancrofti_prjna275548,False
Wban_08659,wuchereria_bancrofti_prjna275548,False
Wban_08660,wuchereria_bancrofti_prjna275548,False
Wban_08661,wuchereria_bancrofti_prjna275548,False
Wban_08662,wuchereria_bancrofti_prjna275548,False
Wban_08663,wuchereria_bancrofti_prjna275548,False
Wban_08664,wuchereria_bancrofti_prjna275548,False
Wban_08665,wuchereria_bancrofti_prjna275548,False
Wban_08666,wuchereria_bancrofti_prjna275548,False
Wban_08667,wuchereria_bancrofti_prjna275548,False
Wban_08668,wuchereria_bancrofti_prjna275548,False
Wban_08669,wuchereria_bancrofti_prjna275548,False
Wban_08670,wuchereria_bancrofti_prjna275548,False
Wban_08671,wuchereria_bancrofti_prjna275548,False
Wban_08672,wuchereria_bancrofti_prjna275548,False
Wban_08673,wuchereria_bancrofti_prjna275548,False
Wban_08674,wuchereria_bancrofti_prjna275548,False
Wban_08675,wuchereria_bancrofti_prjna275548,False
Wban_08676,wuchereria_bancrofti_prjna275548,False
Wban_08677,wuchereria_bancrofti_prjna275548,False
Wban_08678,wuchereria_bancrofti_prjna275548,False
Wban_08679,wuchereria_bancrofti_prjna275548,False
Wban_08680,wuchereria_bancrofti_prjna275548,False
Wban_08681,wuchereria_bancrofti_prjna275548,False
Wban_08682,wuchereria_bancrofti_prjna275548,False
Wban_08683,wuchereria_bancrofti_prjna275548,False
Wban_08684,wuchereria_bancrofti_prjna275548,False
Wban_08685,wuchereria_bancrofti_prjna275548,False
Wban_08686,wuchereria_bancrofti_prjna275548,False
Wban_08687,wuchereria_bancrofti_prjna275548,False
Wban_08688,wuchereria_bancrofti_prjna275548,False
Wban_08689,wuchereria_bancrofti_prjna275548,False
Wban_08690,wuchereria_bancrofti_prjna275548,False
Wban_08691,wuchereria_bancrofti_prjna275548,False
Wban_08692,wuchereria_bancrofti_prjna275548,False
Wban_08693,wuchereria_bancrofti_prjna275548,False
Wban_08694,wuchereria_bancrofti_prjna275548,False
Wban_08695,wuchereria_bancrofti_prjna275548,False
Wban_08696,wuchereria_bancrofti_prjna275548,False
Wban_08697,wuchereria_bancrofti_prjna275548,False
Wban_08698,wuchereria_bancrofti_prjna275548,False
Wban_08699,wuchereria_bancrofti_prjna275548,False
Wban_08700,wuchereria_bancrofti_prjna275548,False
Wban_08701,wuchereria_bancrofti_prjna275548,False
Wban_08702,wuchereria_bancrofti_prjna275548,False
Wban_08703,wuchereria_bancrofti_prjna275548,False
Wban_08704,wuchereria_bancrofti_prjna275548,False
Wban_08705,wuchereria_bancrofti_prjna275548,False
Wban_08706,wuchereria_bancrofti_prjna275548,False
Wban_08707,wuchereria_bancrofti_prjna275548,False
Wban_08708,wuchereria_bancrofti_prjna275548,False
Wban_08709,wuchereria_bancrofti_prjna275548,False
Wban_08710,wuchereria_bancrofti_prjna275548,False
Wban_08711,wuchereria_bancrofti_prjna275548,False
Wban_08712,wuchereria_bancrofti_prjna275548,False
Wban_08713,wuchereria_bancrofti_prjna275548,False
Wban_08714,wuchereria_bancrofti_prjna275548,False
Wban_08715,wuchereria_bancrofti_prjna275548,False
Wban_08716,wuchereria_bancrofti_prjna275548,False
Wban_08717,wuchereria_bancrofti_prjna275548,False
Wban_08718,wuchereria_bancrofti_prjna275548,False
Wban_08719,wuchereria_bancrofti_prjna275548,False
Wban_08720,wuchereria_bancrofti_prjna275548,False
Wban_08721,wuchereria_bancrofti_prjna275548,False
Wban_08722,wuchereria_bancrofti_prjna275548,False
Wban_08723,wuchereria_bancrofti_prjna275548,False
Wban_08724,wuchereria_bancrofti_prjna275548,False
Wban_08725,wuchereria_bancrofti_prjna275548,False
Wban_08726,wuchereria_bancrofti_prjna275548,False
Wban_08727,wuchereria_bancrofti_prjna275548,False
Wban_08728,wuchereria_bancrofti_prjna275548,False
Wban_08729,wuchereria_bancrofti_prjna275548,False
Wban_08730,wuchereria_bancrofti_prjna275548,False
Wban_08731,wuchereria_bancrofti_prjna275548,False
Wban_08732,wuchereria_bancrofti_prjna275548,False
Wban_08733,wuchereria_bancrofti_prjna275548,False
Wban_08734,wuchereria_bancrofti_prjna275548,False
Wban_08735,wuchereria_bancrofti_prjna275548,False
Wban_08736,wuchereria_bancrofti_prjna275548,False
Wban_08737,wuchereria_bancrofti_prjna275548,False
Wban_08738,wuchereria_bancrofti_prjna275548,False
Wban_08739,wuchereria_bancrofti_prjna275548,False
Wban_08740,wuchereria_bancrofti_prjna275548,False
Wban_08741,wuchereria_bancrofti_prjna275548,False
Wban_08742,wuchereria_bancrofti_prjna275548,False
Wban_08743,wuchereria_bancrofti_prjna275548,False
Wban_08744,wuchereria_bancrofti_prjna275548,False
Wban_08745,wuchereria_bancrofti_prjna275548,False
Wban_08746,wuchereria_bancrofti_prjna275548,False
Wban_08747,wuchereria_bancrofti_prjna275548,False
Wban_08748,wuchereria_bancrofti_prjna275548,False
Wban_08749,wuchereria_bancrofti_prjna275548,False
Wban_08750,wuchereria_bancrofti_prjna275548,False
Wban_08751,wuchereria_bancrofti_prjna275548,False
Wban_08752,wuchereria_bancrofti_prjna275548,False
Wban_08753,wuchereria_bancrofti_prjna275548,False
Wban_08754,wuchereria_bancrofti_prjna275548,False
Wban_08755,wuchereria_bancrofti_prjna275548,False
Wban_08756,wuchereria_bancrofti_prjna275548,False
Wban_08757,wuchereria_bancrofti_prjna275548,False
Wban_08758,wuchereria_bancrofti_prjna275548,False
Wban_08759,wuchereria_bancrofti_prjna275548,False
Wban_08760,wuchereria_bancrofti_prjna275548,False
Wban_08761,wuchereria_bancrofti_prjna275548,False
Wban_08762,wuchereria_bancrofti_prjna275548,False
Wban_08763,wuchereria_bancrofti_prjna275548,False
Wban_08764,wuchereria_bancrofti_prjna275548,False
Wban_08765,wuchereria_bancrofti_prjna275548,False
Wban_08766,wuchereria_bancrofti_prjna275548,False
Wban_08767,wuchereria_bancrofti_prjna275548,False
Wban_08768,wuchereria_bancrofti_prjna275548,False
Wban_08769,wuchereria_bancrofti_prjna275548,False
Wban_08770,wuchereria_bancrofti_prjna275548,False
Wban_08771,wuchereria_bancrofti_prjna275548,False
Wban_08772,wuchereria_bancrofti_prjna275548,False
Wban_08773,wuchereria_bancrofti_prjna275548,False
Wban_08774,wuchereria_bancrofti_prjna275548,False
Wban_08775,wuchereria_bancrofti_prjna275548,False
Wban_08776,wuchereria_bancrofti_prjna275548,False
Wban_08777,wuchereria_bancrofti_prjna275548,False
Wban_08778,wuchereria_bancrofti_prjna275548,False
Wban_08779,wuchereria_bancrofti_prjna275548,False
Wban_08780,wuchereria_bancrofti_prjna275548,False
Wban_08781,wuchereria_bancrofti_prjna275548,False
Wban_08782,wuchereria_bancrofti_prjna275548,False
Wban_08783,wuchereria_bancrofti_prjna275548,False
Wban_08784,wuchereria_bancrofti_prjna275548,False
Wban_08785,wuchereria_bancrofti_prjna275548,False
Wban_08786,wuchereria_bancrofti_prjna275548,False
Wban_08787,wuchereria_bancrofti_prjna275548,False
Wban_08788,wuchereria_bancrofti_prjna275548,False
Wban_08789,wuchereria_bancrofti_prjna275548,False
Wban_08790,wuchereria_bancrofti_prjna275548,False
Wban_08791,wuchereria_bancrofti_prjna275548,False
Wban_08792,wuchereria_bancrofti_prjna275548,False
Wban_08793,wuchereria_bancrofti_prjna275548,False
Wban_08794,wuchereria_bancrofti_prjna275548,False
Wban_08795,wuchereria_bancrofti_prjna275548,False
Wban_08796,wuchereria_bancrofti_prjna275548,False
Wban_08797,wuchereria_bancrofti_prjna275548,False
Wban_08798,wuchereria_bancrofti_prjna275548,False
Wban_08799,wuchereria_bancrofti_prjna275548,False
Wban_08800,wuchereria_bancrofti_prjna275548,False
Wban_08801,wuchereria_bancrofti_prjna275548,False
Wban_08802,wuchereria_bancrofti_prjna275548,False
Wban_08803,wuchereria_bancrofti_prjna275548,False
Wban_08804,wuchereria_bancrofti_prjna275548,False
Wban_08805,wuchereria_bancrofti_prjna275548,False
Wban_08806,wuchereria_bancrofti_prjna275548,False
Wban_08807,wuchereria_bancrofti_prjna275548,False
Wban_08808,wuchereria_bancrofti_prjna275548,False
Wban_08809,wuchereria_bancrofti_prjna275548,False
Wban_08810,wuchereria_bancrofti_prjna275548,False
Wban_08811,wuchereria_bancrofti_prjna275548,False
Wban_08812,wuchereria_bancrofti_prjna275548,False
Wban_08813,wuchereria_bancrofti_prjna275548,False
Wban_08814,wuchereria_bancrofti_prjna275548,False
Wban_08815,wuchereria_bancrofti_prjna275548,False
Wban_08816,wuchereria_bancrofti_prjna275548,False
Wban_08817,wuchereria_bancrofti_prjna275548,False
Wban_08818,wuchereria_bancrofti_prjna275548,False
Wban_08819,wuchereria_bancrofti_prjna275548,False
Wban_08820,wuchereria_bancrofti_prjna275548,False
Wban_08821,wuchereria_bancrofti_prjna275548,False
Wban_08822,wuchereria_bancrofti_prjna275548,False
Wban_08823,wuchereria_bancrofti_prjna275548,False
Wban_08824,wuchereria_bancrofti_prjna275548,False
Wban_08825,wuchereria_bancrofti_prjna275548,False
Wban_08826,wuchereria_bancrofti_prjna275548,False
Wban_08827,wuchereria_bancrofti_prjna275548,False
Wban_08828,wuchereria_bancrofti_prjna275548,False
Wban_08829,wuchereria_bancrofti_prjna275548,False
Wban_08830,wuchereria_bancrofti_prjna275548,False
Wban_08831,wuchereria_bancrofti_prjna275548,False
Wban_08832,wuchereria_bancrofti_prjna275548,False
Wban_08833,wuchereria_bancrofti_prjna275548,False
Wban_08834,wuchereria_bancrofti_prjna275548,False
Wban_08835,wuchereria_bancrofti_prjna275548,False
Wban_08836,wuchereria_bancrofti_prjna275548,False
Wban_08837,wuchereria_bancrofti_prjna275548,False
Wban_08838,wuchereria_bancrofti_prjna275548,False
Wban_08839,wuchereria_bancrofti_prjna275548,False
Wban_08840,wuchereria_bancrofti_prjna275548,False
Wban_08841,wuchereria_bancrofti_prjna275548,False
Wban_08842,wuchereria_bancrofti_prjna275548,False
Wban_08843,wuchereria_bancrofti_prjna275548,False
Wban_08844,wuchereria_bancrofti_prjna275548,False
Wban_08845,wuchereria_bancrofti_prjna275548,False
Wban_08846,wuchereria_bancrofti_prjna275548,False
Wban_08847,wuchereria_bancrofti_prjna275548,False
Wban_08848,wuchereria_bancrofti_prjna275548,False
Wban_08849,wuchereria_bancrofti_prjna275548,False
Wban_08850,wuchereria_bancrofti_prjna275548,False
Wban_08851,wuchereria_bancrofti_prjna275548,False
Wban_08852,wuchereria_bancrofti_prjna275548,False
Wban_08853,wuchereria_bancrofti_prjna275548,False
Wban_08854,wuchereria_bancrofti_prjna275548,False
Wban_08855,wuchereria_bancrofti_prjna275548,False
Wban_08856,wuchereria_bancrofti_prjna275548,False
Wban_08857,wuchereria_bancrofti_prjna275548,False
Wban_08858,wuchereria_bancrofti_prjna275548,False
Wban_08859,wuchereria_bancrofti_prjna275548,False
Wban_08860,wuchereria_bancrofti_prjna275548,False
Wban_08861,wuchereria_bancrofti_prjna275548,False
Wban_08862,wuchereria_bancrofti_prjna275548,False
Wban_08863,wuchereria_bancrofti_prjna275548,False
Wban_08864,wuchereria_bancrofti_prjna275548,False
Wban_08865,wuchereria_bancrofti_prjna275548,False
Wban_08866,wuchereria_bancrofti_prjna275548,False
Wban_08867,wuchereria_bancrofti_prjna275548,False
Wban_08868,wuchereria_bancrofti_prjna275548,False
Wban_08869,wuchereria_bancrofti_prjna275548,False
Wban_08870,wuchereria_bancrofti_prjna275548,False
Wban_08871,wuchereria_bancrofti_prjna275548,False
Wban_08872,wuchereria_bancrofti_prjna275548,False
Wban_08873,wuchereria_bancrofti_prjna275548,False
Wban_08874,wuchereria_bancrofti_prjna275548,False
Wban_08875,wuchereria_bancrofti_prjna275548,False
Wban_08876,wuchereria_bancrofti_prjna275548,False
Wban_08877,wuchereria_bancrofti_prjna275548,False
Wban_08878,wuchereria_bancrofti_prjna275548,False
Wban_08879,wuchereria_bancrofti_prjna275548,False
Wban_08880,wuchereria_bancrofti_prjna275548,False
Wban_08881,wuchereria_bancrofti_prjna275548,False
Wban_08882,wuchereria_bancrofti_prjna275548,False
Wban_08883,wuchereria_bancrofti_prjna275548,False
Wban_08884,wuchereria_bancrofti_prjna275548,False
Wban_08885,wuchereria_bancrofti_prjna275548,False
Wban_08886,wuchereria_bancrofti_prjna275548,False
Wban_08887,wuchereria_bancrofti_prjna275548,False
Wban_08888,wuchereria_bancrofti_prjna275548,False
Wban_08889,wuchereria_bancrofti_prjna275548,False
Wban_08890,wuchereria_bancrofti_prjna275548,False
Wban_08891,wuchereria_bancrofti_prjna275548,False
Wban_08892,wuchereria_bancrofti_prjna275548,False
Wban_08893,wuchereria_bancrofti_prjna275548,False
Wban_08894,wuchereria_bancrofti_prjna275548,False
Wban_08895,wuchereria_bancrofti_prjna275548,False
Wban_08896,wuchereria_bancrofti_prjna275548,False
Wban_08897,wuchereria_bancrofti_prjna275548,False
Wban_08898,wuchereria_bancrofti_prjna275548,False
Wban_08899,wuchereria_bancrofti_prjna275548,False
Wban_08900,wuchereria_bancrofti_prjna275548,False
Wban_08901,wuchereria_bancrofti_prjna275548,False
Wban_08902,wuchereria_bancrofti_prjna275548,False
Wban_08903,wuchereria_bancrofti_prjna275548,False
Wban_08904,wuchereria_bancrofti_prjna275548,False
Wban_08905,wuchereria_bancrofti_prjna275548,False
Wban_08906,wuchereria_bancrofti_prjna275548,False
Wban_08907,wuchereria_bancrofti_prjna275548,False
Wban_08908,wuchereria_bancrofti_prjna275548,False
Wban_08909,wuchereria_bancrofti_prjna275548,False
Wban_08910,wuchereria_bancrofti_prjna275548,False
Wban_08911,wuchereria_bancrofti_prjna275548,False
Wban_08912,wuchereria_bancrofti_prjna275548,False
Wban_08913,wuchereria_bancrofti_prjna275548,False
Wban_08914,wuchereria_bancrofti_prjna275548,False
Wban_08915,wuchereria_bancrofti_prjna275548,False
Wban_08916,wuchereria_bancrofti_prjna275548,False
Wban_08917,wuchereria_bancrofti_prjna275548,False
Wban_08918,wuchereria_bancrofti_prjna275548,False
Wban_08919,wuchereria_bancrofti_prjna275548,False
Wban_08920,wuchereria_bancrofti_prjna275548,False
Wban_08921,wuchereria_bancrofti_prjna275548,False
Wban_08922,wuchereria_bancrofti_prjna275548,False
Wban_08923,wuchereria_bancrofti_prjna275548,False
Wban_08924,wuchereria_bancrofti_prjna275548,False
Wban_08925,wuchereria_bancrofti_prjna275548,False
Wban_08926,wuchereria_bancrofti_prjna275548,False
Wban_08927,wuchereria_bancrofti_prjna275548,False
Wban_08928,wuchereria_bancrofti_prjna275548,False
Wban_08929,wuchereria_bancrofti_prjna275548,False
Wban_08930,wuchereria_bancrofti_prjna275548,False
Wban_08931,wuchereria_bancrofti_prjna275548,False
Wban_08932,wuchereria_bancrofti_prjna275548,False
Wban_08933,wuchereria_bancrofti_prjna275548,False
Wban_08934,wuchereria_bancrofti_prjna275548,False
Wban_08935,wuchereria_bancrofti_prjna275548,False
Wban_08936,wuchereria_bancrofti_prjna275548,False
Wban_08937,wuchereria_bancrofti_prjna275548,False
Wban_08938,wuchereria_bancrofti_prjna275548,False
Wban_08939,wuchereria_bancrofti_prjna275548,False
Wban_08940,wuchereria_bancrofti_prjna275548,False
Wban_08941,wuchereria_bancrofti_prjna275548,False
Wban_08942,wuchereria_bancrofti_prjna275548,False
Wban_08943,wuchereria_bancrofti_prjna275548,False
Wban_08944,wuchereria_bancrofti_prjna275548,False
Wban_08945,wuchereria_bancrofti_prjna275548,False
Wban_08946,wuchereria_bancrofti_prjna275548,False
Wban_08947,wuchereria_bancrofti_prjna275548,False
Wban_08948,wuchereria_bancrofti_prjna275548,False
Wban_08949,wuchereria_bancrofti_prjna275548,False
Wban_08950,wuchereria_bancrofti_prjna275548,False
Wban_08951,wuchereria_bancrofti_prjna275548,False
Wban_08952,wuchereria_bancrofti_prjna275548,False
Wban_08953,wuchereria_bancrofti_prjna275548,False
Wban_08954,wuchereria_bancrofti_prjna275548,False
Wban_08955,wuchereria_bancrofti_prjna275548,False
Wban_08956,wuchereria_bancrofti_prjna275548,False
Wban_08957,wuchereria_bancrofti_prjna275548,False
Wban_08958,wuchereria_bancrofti_prjna275548,False
Wban_08959,wuchereria_bancrofti_prjna275548,False
Wban_08960,wuchereria_bancrofti_prjna275548,False
Wban_08961,wuchereria_bancrofti_prjna275548,False
Wban_08962,wuchereria_bancrofti_prjna275548,False
Wban_08963,wuchereria_bancrofti_prjna275548,False
Wban_08964,wuchereria_bancrofti_prjna275548,False
Wban_08965,wuchereria_bancrofti_prjna275548,False
Wban_08966,wuchereria_bancrofti_prjna275548,False
Wban_08967,wuchereria_bancrofti_prjna275548,False
Wban_08968,wuchereria_bancrofti_prjna275548,False
Wban_08969,wuchereria_bancrofti_prjna275548,False
Wban_08970,wuchereria_bancrofti_prjna275548,False
Wban_08971,wuchereria_bancrofti_prjna275548,False
Wban_08972,wuchereria_bancrofti_prjna275548,False
Wban_08973,wuchereria_bancrofti_prjna275548,False
Wban_08974,wuchereria_bancrofti_prjna275548,False
Wban_08975,wuchereria_bancrofti_prjna275548,False
Wban_08976,wuchereria_bancrofti_prjna275548,False
Wban_08977,wuchereria_bancrofti_prjna275548,False
Wban_08978,wuchereria_bancrofti_prjna275548,False
Wban_08979,wuchereria_bancrofti_prjna275548,False
Wban_08980,wuchereria_bancrofti_prjna275548,False
Wban_08981,wuchereria_bancrofti_prjna275548,False
Wban_08982,wuchereria_bancrofti_prjna275548,False
Wban_08983,wuchereria_bancrofti_prjna275548,False
Wban_08984,wuchereria_bancrofti_prjna275548,False
Wban_08985,wuchereria_bancrofti_prjna275548,False
Wban_08986,wuchereria_bancrofti_prjna275548,False
Wban_08987,wuchereria_bancrofti_prjna275548,False
Wban_08988,wuchereria_bancrofti_prjna275548,False
Wban_08989,wuchereria_bancrofti_prjna275548,False
Wban_08990,wuchereria_bancrofti_prjna275548,False
Wban_08991,wuchereria_bancrofti_prjna275548,False
Wban_08992,wuchereria_bancrofti_prjna275548,False
Wban_08993,wuchereria_bancrofti_prjna275548,False
Wban_08994,wuchereria_bancrofti_prjna275548,False
Wban_08995,wuchereria_bancrofti_prjna275548,False
Wban_08996,wuchereria_bancrofti_prjna275548,False
Wban_08997,wuchereria_bancrofti_prjna275548,False
Wban_08998,wuchereria_bancrofti_prjna275548,False
Wban_08999,wuchereria_bancrofti_prjna275548,False
Wban_09000,wuchereria_bancrofti_prjna275548,False
Wban_09001,wuchereria_bancrofti_prjna275548,False
Wban_09002,wuchereria_bancrofti_prjna275548,False
Wban_09003,wuchereria_bancrofti_prjna275548,False
Wban_09004,wuchereria_bancrofti_prjna275548,False
Wban_09005,wuchereria_bancrofti_prjna275548,False
Wban_09006,wuchereria_bancrofti_prjna275548,False
Wban_09007,wuchereria_bancrofti_prjna275548,False
Wban_09008,wuchereria_bancrofti_prjna275548,False
Wban_09009,wuchereria_bancrofti_prjna275548,False
Wban_09010,wuchereria_bancrofti_prjna275548,False
Wban_09011,wuchereria_bancrofti_prjna275548,False
Wban_09012,wuchereria_bancrofti_prjna275548,False
Wban_09013,wuchereria_bancrofti_prjna275548,False
Wban_09014,wuchereria_bancrofti_prjna275548,False
Wban_09015,wuchereria_bancrofti_prjna275548,False
Wban_09016,wuchereria_bancrofti_prjna275548,False
Wban_09017,wuchereria_bancrofti_prjna275548,False
Wban_09018,wuchereria_bancrofti_prjna275548,False
Wban_09019,wuchereria_bancrofti_prjna275548,False
Wban_09020,wuchereria_bancrofti_prjna275548,False
Wban_09021,wuchereria_bancrofti_prjna275548,False
Wban_09022,wuchereria_bancrofti_prjna275548,False
Wban_09023,wuchereria_bancrofti_prjna275548,False
Wban_09024,wuchereria_bancrofti_prjna275548,False
Wban_09025,wuchereria_bancrofti_prjna275548,False
Wban_09026,wuchereria_bancrofti_prjna275548,False
Wban_09027,wuchereria_bancrofti_prjna275548,False
Wban_09028,wuchereria_bancrofti_prjna275548,False
Wban_09029,wuchereria_bancrofti_prjna275548,False
Wban_09030,wuchereria_bancrofti_prjna275548,False
Wban_09031,wuchereria_bancrofti_prjna275548,False
Wban_09032,wuchereria_bancrofti_prjna275548,False
Wban_09033,wuchereria_bancrofti_prjna275548,False
Wban_09034,wuchereria_bancrofti_prjna275548,False
Wban_09035,wuchereria_bancrofti_prjna275548,False
Wban_09036,wuchereria_bancrofti_prjna275548,False
Wban_09037,wuchereria_bancrofti_prjna275548,False
Wban_09038,wuchereria_bancrofti_prjna275548,False
Wban_09039,wuchereria_bancrofti_prjna275548,False
Wban_09040,wuchereria_bancrofti_prjna275548,False
Wban_09041,wuchereria_bancrofti_prjna275548,False
Wban_09042,wuchereria_bancrofti_prjna275548,False
Wban_09043,wuchereria_bancrofti_prjna275548,False
Wban_09044,wuchereria_bancrofti_prjna275548,False
Wban_09045,wuchereria_bancrofti_prjna275548,False
Wban_09046,wuchereria_bancrofti_prjna275548,False
Wban_09047,wuchereria_bancrofti_prjna275548,False
Wban_09048,wuchereria_bancrofti_prjna275548,False
Wban_09049,wuchereria_bancrofti_prjna275548,False
Wban_09050,wuchereria_bancrofti_prjna275548,False
Wban_09051,wuchereria_bancrofti_prjna275548,False
Wban_09052,wuchereria_bancrofti_prjna275548,False
Wban_09053,wuchereria_bancrofti_prjna275548,False
Wban_09054,wuchereria_bancrofti_prjna275548,False
Wban_09055,wuchereria_bancrofti_prjna275548,False
Wban_09056,wuchereria_bancrofti_prjna275548,False
Wban_09057,wuchereria_bancrofti_prjna275548,False
Wban_09058,wuchereria_bancrofti_prjna275548,False
Wban_09059,wuchereria_bancrofti_prjna275548,False
Wban_09060,wuchereria_bancrofti_prjna275548,False
Wban_09061,wuchereria_bancrofti_prjna275548,False
Wban_09062,wuchereria_bancrofti_prjna275548,False
Wban_09063,wuchereria_bancrofti_prjna275548,False
Wban_09064,wuchereria_bancrofti_prjna275548,False
Wban_09065,wuchereria_bancrofti_prjna275548,False
Wban_09066,wuchereria_bancrofti_prjna275548,False
Wban_09067,wuchereria_bancrofti_prjna275548,False
Wban_09068,wuchereria_bancrofti_prjna275548,False
Wban_09069,wuchereria_bancrofti_prjna275548,False
Wban_09070,wuchereria_bancrofti_prjna275548,False
Wban_09071,wuchereria_bancrofti_prjna275548,False
Wban_09072,wuchereria_bancrofti_prjna275548,False
Wban_09073,wuchereria_bancrofti_prjna275548,False
Wban_09074,wuchereria_bancrofti_prjna275548,False
Wban_09075,wuchereria_bancrofti_prjna275548,False
Wban_09076,wuchereria_bancrofti_prjna275548,False
Wban_09077,wuchereria_bancrofti_prjna275548,False
Wban_09078,wuchereria_bancrofti_prjna275548,False
Wban_09079,wuchereria_bancrofti_prjna275548,False
Wban_09080,wuchereria_bancrofti_prjna275548,False
Wban_09081,wuchereria_bancrofti_prjna275548,False
Wban_09082,wuchereria_bancrofti_prjna275548,False
Wban_09083,wuchereria_bancrofti_prjna275548,False
Wban_09084,wuchereria_bancrofti_prjna275548,False
Wban_09085,wuchereria_bancrofti_prjna275548,False
Wban_09086,wuchereria_bancrofti_prjna275548,False
Wban_09087,wuchereria_bancrofti_prjna275548,False
Wban_09088,wuchereria_bancrofti_prjna275548,False
Wban_09089,wuchereria_bancrofti_prjna275548,False
Wban_09090,wuchereria_bancrofti_prjna275548,False
Wban_09091,wuchereria_bancrofti_prjna275548,False
Wban_09092,wuchereria_bancrofti_prjna275548,False
Wban_09093,wuchereria_bancrofti_prjna275548,False
Wban_09094,wuchereria_bancrofti_prjna275548,False
Wban_09095,wuchereria_bancrofti_prjna275548,False
Wban_09096,wuchereria_bancrofti_prjna275548,False
Wban_09097,wuchereria_bancrofti_prjna275548,False
Wban_09098,wuchereria_bancrofti_prjna275548,False
Wban_09099,wuchereria_bancrofti_prjna275548,False
Wban_09100,wuchereria_bancrofti_prjna275548,False
Wban_09101,wuchereria_bancrofti_prjna275548,False
Wban_09102,wuchereria_bancrofti_prjna275548,False
Wban_09103,wuchereria_bancrofti_prjna275548,False
Wban_09104,wuchereria_bancrofti_prjna275548,False
Wban_09105,wuchereria_bancrofti_prjna275548,False
Wban_09106,wuchereria_bancrofti_prjna275548,False
Wban_09107,wuchereria_bancrofti_prjna275548,False
Wban_09108,wuchereria_bancrofti_prjna275548,False
Wban_09109,wuchereria_bancrofti_prjna275548,False
Wban_09110,wuchereria_bancrofti_prjna275548,False
Wban_09111,wuchereria_bancrofti_prjna275548,False
Wban_09112,wuchereria_bancrofti_prjna275548,False
Wban_09113,wuchereria_bancrofti_prjna275548,False
Wban_09114,wuchereria_bancrofti_prjna275548,False
Wban_09115,wuchereria_bancrofti_prjna275548,False
Wban_09116,wuchereria_bancrofti_prjna275548,False
Wban_09117,wuchereria_bancrofti_prjna275548,False
Wban_09118,wuchereria_bancrofti_prjna275548,False
Wban_09119,wuchereria_bancrofti_prjna275548,False
Wban_09120,wuchereria_bancrofti_prjna275548,False
Wban_09121,wuchereria_bancrofti_prjna275548,False
Wban_09122,wuchereria_bancrofti_prjna275548,False
Wban_09123,wuchereria_bancrofti_prjna275548,False
Wban_09124,wuchereria_bancrofti_prjna275548,False
Wban_09125,wuchereria_bancrofti_prjna275548,False
Wban_09126,wuchereria_bancrofti_prjna275548,False
Wban_09127,wuchereria_bancrofti_prjna275548,False
Wban_09128,wuchereria_bancrofti_prjna275548,False
Wban_09129,wuchereria_bancrofti_prjna275548,False
Wban_09130,wuchereria_bancrofti_prjna275548,False
Wban_09131,wuchereria_bancrofti_prjna275548,False
Wban_09132,wuchereria_bancrofti_prjna275548,False
Wban_09133,wuchereria_bancrofti_prjna275548,False
Wban_09134,wuchereria_bancrofti_prjna275548,False
Wban_09135,wuchereria_bancrofti_prjna275548,False
Wban_09136,wuchereria_bancrofti_prjna275548,False
Wban_09137,wuchereria_bancrofti_prjna275548,False
Wban_09138,wuchereria_bancrofti_prjna275548,False
Wban_09139,wuchereria_bancrofti_prjna275548,False
Wban_09140,wuchereria_bancrofti_prjna275548,False
Wban_09141,wuchereria_bancrofti_prjna275548,False
Wban_09142,wuchereria_bancrofti_prjna275548,False
Wban_09143,wuchereria_bancrofti_prjna275548,False
Wban_09144,wuchereria_bancrofti_prjna275548,False
Wban_09145,wuchereria_bancrofti_prjna275548,False
Wban_09146,wuchereria_bancrofti_prjna275548,False
Wban_09147,wuchereria_bancrofti_prjna275548,False
Wban_09148,wuchereria_bancrofti_prjna275548,False
Wban_09149,wuchereria_bancrofti_prjna275548,False
Wban_09150,wuchereria_bancrofti_prjna275548,False
Wban_09151,wuchereria_bancrofti_prjna275548,False
Wban_09152,wuchereria_bancrofti_prjna275548,False
Wban_09153,wuchereria_bancrofti_prjna275548,False
Wban_09154,wuchereria_bancrofti_prjna275548,False
Wban_09155,wuchereria_bancrofti_prjna275548,False
Wban_09156,wuchereria_bancrofti_prjna275548,False
Wban_09157,wuchereria_bancrofti_prjna275548,False
Wban_09158,wuchereria_bancrofti_prjna275548,False
Wban_09159,wuchereria_bancrofti_prjna275548,False
Wban_09160,wuchereria_bancrofti_prjna275548,False
Wban_09161,wuchereria_bancrofti_prjna275548,False
Wban_09162,wuchereria_bancrofti_prjna275548,False
Wban_09163,wuchereria_bancrofti_prjna275548,False
Wban_09164,wuchereria_bancrofti_prjna275548,False
Wban_09165,wuchereria_bancrofti_prjna275548,False
Wban_09166,wuchereria_bancrofti_prjna275548,False
Wban_09167,wuchereria_bancrofti_prjna275548,False
Wban_09168,wuchereria_bancrofti_prjna275548,False
Wban_09169,wuchereria_bancrofti_prjna275548,False
Wban_09170,wuchereria_bancrofti_prjna275548,False
Wban_09171,wuchereria_bancrofti_prjna275548,False
Wban_09172,wuchereria_bancrofti_prjna275548,False
Wban_09173,wuchereria_bancrofti_prjna275548,False
Wban_09174,wuchereria_bancrofti_prjna275548,False
Wban_09175,wuchereria_bancrofti_prjna275548,False
Wban_09176,wuchereria_bancrofti_prjna275548,False
Wban_09177,wuchereria_bancrofti_prjna275548,False
Wban_09178,wuchereria_bancrofti_prjna275548,False
Wban_09179,wuchereria_bancrofti_prjna275548,False
Wban_09180,wuchereria_bancrofti_prjna275548,False
Wban_09181,wuchereria_bancrofti_prjna275548,False
Wban_09182,wuchereria_bancrofti_prjna275548,False
Wban_09183,wuchereria_bancrofti_prjna275548,False
Wban_09184,wuchereria_bancrofti_prjna275548,False
Wban_09185,wuchereria_bancrofti_prjna275548,False
Wban_09186,wuchereria_bancrofti_prjna275548,False
Wban_09187,wuchereria_bancrofti_prjna275548,False
Wban_09188,wuchereria_bancrofti_prjna275548,False
Wban_09189,wuchereria_bancrofti_prjna275548,False
Wban_09190,wuchereria_bancrofti_prjna275548,False
Wban_09191,wuchereria_bancrofti_prjna275548,False
Wban_09192,wuchereria_bancrofti_prjna275548,False
Wban_09193,wuchereria_bancrofti_prjna275548,False
Wban_09194,wuchereria_bancrofti_prjna275548,False
Wban_09195,wuchereria_bancrofti_prjna275548,False
Wban_09196,wuchereria_bancrofti_prjna275548,False
Wban_09197,wuchereria_bancrofti_prjna275548,False
Wban_09198,wuchereria_bancrofti_prjna275548,False
Wban_09199,wuchereria_bancrofti_prjna275548,False
Wban_09200,wuchereria_bancrofti_prjna275548,False
Wban_09201,wuchereria_bancrofti_prjna275548,False
Wban_09202,wuchereria_bancrofti_prjna275548,False
Wban_09203,wuchereria_bancrofti_prjna275548,False
Wban_09204,wuchereria_bancrofti_prjna275548,False
Wban_09205,wuchereria_bancrofti_prjna275548,False
Wban_09206,wuchereria_bancrofti_prjna275548,False
Wban_09207,wuchereria_bancrofti_prjna275548,False
Wban_09208,wuchereria_bancrofti_prjna275548,False
Wban_09209,wuchereria_bancrofti_prjna275548,False
Wban_09210,wuchereria_bancrofti_prjna275548,False
Wban_09211,wuchereria_bancrofti_prjna275548,False
Wban_09212,wuchereria_bancrofti_prjna275548,False
Wban_09213,wuchereria_bancrofti_prjna275548,False
Wban_09214,wuchereria_bancrofti_prjna275548,False
Wban_09215,wuchereria_bancrofti_prjna275548,False
Wban_09216,wuchereria_bancrofti_prjna275548,False
Wban_09217,wuchereria_bancrofti_prjna275548,False
Wban_09218,wuchereria_bancrofti_prjna275548,False
Wban_09219,wuchereria_bancrofti_prjna275548,False
Wban_09220,wuchereria_bancrofti_prjna275548,False
Wban_09221,wuchereria_bancrofti_prjna275548,False
Wban_09222,wuchereria_bancrofti_prjna275548,False
Wban_09223,wuchereria_bancrofti_prjna275548,False
Wban_09224,wuchereria_bancrofti_prjna275548,False
Wban_09225,wuchereria_bancrofti_prjna275548,False
Wban_09226,wuchereria_bancrofti_prjna275548,False
Wban_09227,wuchereria_bancrofti_prjna275548,False
Wban_09228,wuchereria_bancrofti_prjna275548,False
Wban_09229,wuchereria_bancrofti_prjna275548,False
Wban_09230,wuchereria_bancrofti_prjna275548,False
Wban_09231,wuchereria_bancrofti_prjna275548,False
Wban_09232,wuchereria_bancrofti_prjna275548,False
Wban_09233,wuchereria_bancrofti_prjna275548,False
Wban_09234,wuchereria_bancrofti_prjna275548,False
Wban_09235,wuchereria_bancrofti_prjna275548,False
Wban_09236,wuchereria_bancrofti_prjna275548,False
Wban_09237,wuchereria_bancrofti_prjna275548,False
Wban_09238,wuchereria_bancrofti_prjna275548,False
Wban_09239,wuchereria_bancrofti_prjna275548,False
Wban_09240,wuchereria_bancrofti_prjna275548,False
Wban_09241,wuchereria_bancrofti_prjna275548,False
Wban_09242,wuchereria_bancrofti_prjna275548,False
Wban_09243,wuchereria_bancrofti_prjna275548,False
Wban_09244,wuchereria_bancrofti_prjna275548,False
Wban_09245,wuchereria_bancrofti_prjna275548,False
Wban_09246,wuchereria_bancrofti_prjna275548,False
Wban_09247,wuchereria_bancrofti_prjna275548,False
Wban_09248,wuchereria_bancrofti_prjna275548,False
Wban_09249,wuchereria_bancrofti_prjna275548,False
Wban_09250,wuchereria_bancrofti_prjna275548,False
Wban_09251,wuchereria_bancrofti_prjna275548,False
Wban_09252,wuchereria_bancrofti_prjna275548,False
Wban_09253,wuchereria_bancrofti_prjna275548,False
Wban_09254,wuchereria_bancrofti_prjna275548,False
Wban_09255,wuchereria_bancrofti_prjna275548,False
Wban_09256,wuchereria_bancrofti_prjna275548,False
Wban_09257,wuchereria_bancrofti_prjna275548,False
Wban_09258,wuchereria_bancrofti_prjna275548,False
Wban_09259,wuchereria_bancrofti_prjna275548,False
Wban_09260,wuchereria_bancrofti_prjna275548,False
Wban_09261,wuchereria_bancrofti_prjna275548,False
Wban_09262,wuchereria_bancrofti_prjna275548,False
Wban_09263,wuchereria_bancrofti_prjna275548,False
Wban_09264,wuchereria_bancrofti_prjna275548,False
Wban_09265,wuchereria_bancrofti_prjna275548,False
Wban_09266,wuchereria_bancrofti_prjna275548,False
Wban_09267,wuchereria_bancrofti_prjna275548,False
Wban_09268,wuchereria_bancrofti_prjna275548,False
Wban_09269,wuchereria_bancrofti_prjna275548,False
Wban_09270,wuchereria_bancrofti_prjna275548,False
Wban_09271,wuchereria_bancrofti_prjna275548,False
Wban_09272,wuchereria_bancrofti_prjna275548,False
Wban_09273,wuchereria_bancrofti_prjna275548,False
Wban_09274,wuchereria_bancrofti_prjna275548,False
Wban_09275,wuchereria_bancrofti_prjna275548,False
Wban_09276,wuchereria_bancrofti_prjna275548,False
Wban_09277,wuchereria_bancrofti_prjna275548,False
Wban_09278,wuchereria_bancrofti_prjna275548,False
Wban_09279,wuchereria_bancrofti_prjna275548,False
Wban_09280,wuchereria_bancrofti_prjna275548,False
Wban_09281,wuchereria_bancrofti_prjna275548,False
Wban_09282,wuchereria_bancrofti_prjna275548,False
Wban_09283,wuchereria_bancrofti_prjna275548,False
Wban_09284,wuchereria_bancrofti_prjna275548,False
Wban_09285,wuchereria_bancrofti_prjna275548,False
Wban_09286,wuchereria_bancrofti_prjna275548,False
Wban_09287,wuchereria_bancrofti_prjna275548,False
Wban_09288,wuchereria_bancrofti_prjna275548,False
Wban_09289,wuchereria_bancrofti_prjna275548,False
Wban_09290,wuchereria_bancrofti_prjna275548,False
Wban_09291,wuchereria_bancrofti_prjna275548,False
Wban_09292,wuchereria_bancrofti_prjna275548,False
Wban_09293,wuchereria_bancrofti_prjna275548,False
Wban_09294,wuchereria_bancrofti_prjna275548,False
Wban_09295,wuchereria_bancrofti_prjna275548,False
Wban_09296,wuchereria_bancrofti_prjna275548,False
Wban_09297,wuchereria_bancrofti_prjna275548,False
Wban_09298,wuchereria_bancrofti_prjna275548,False
Wban_09299,wuchereria_bancrofti_prjna275548,False
Wban_09300,wuchereria_bancrofti_prjna275548,False
Wban_09301,wuchereria_bancrofti_prjna275548,False
Wban_09302,wuchereria_bancrofti_prjna275548,False
Wban_09303,wuchereria_bancrofti_prjna275548,False
Wban_09304,wuchereria_bancrofti_prjna275548,False
Wban_09305,wuchereria_bancrofti_prjna275548,False
Wban_09306,wuchereria_bancrofti_prjna275548,False
Wban_09307,wuchereria_bancrofti_prjna275548,False
Wban_09308,wuchereria_bancrofti_prjna275548,False
Wban_09309,wuchereria_bancrofti_prjna275548,False
Wban_09310,wuchereria_bancrofti_prjna275548,False
Wban_09311,wuchereria_bancrofti_prjna275548,False
Wban_09312,wuchereria_bancrofti_prjna275548,False
Wban_09313,wuchereria_bancrofti_prjna275548,False
Wban_09314,wuchereria_bancrofti_prjna275548,False
Wban_09315,wuchereria_bancrofti_prjna275548,False
Wban_09316,wuchereria_bancrofti_prjna275548,False
Wban_09317,wuchereria_bancrofti_prjna275548,False
Wban_09318,wuchereria_bancrofti_prjna275548,False
Wban_09319,wuchereria_bancrofti_prjna275548,False
Wban_09320,wuchereria_bancrofti_prjna275548,False
Wban_09321,wuchereria_bancrofti_prjna275548,False
Wban_09322,wuchereria_bancrofti_prjna275548,False
Wban_09323,wuchereria_bancrofti_prjna275548,False
Wban_09324,wuchereria_bancrofti_prjna275548,False
Wban_09325,wuchereria_bancrofti_prjna275548,False
Wban_09326,wuchereria_bancrofti_prjna275548,False
Wban_09327,wuchereria_bancrofti_prjna275548,False
Wban_09328,wuchereria_bancrofti_prjna275548,False
Wban_09329,wuchereria_bancrofti_prjna275548,False
Wban_09330,wuchereria_bancrofti_prjna275548,False
Wban_09331,wuchereria_bancrofti_prjna275548,False
Wban_09332,wuchereria_bancrofti_prjna275548,False
Wban_09333,wuchereria_bancrofti_prjna275548,False
Wban_09334,wuchereria_bancrofti_prjna275548,False
Wban_09335,wuchereria_bancrofti_prjna275548,False
Wban_09336,wuchereria_bancrofti_prjna275548,False
Wban_09337,wuchereria_bancrofti_prjna275548,False
Wban_09338,wuchereria_bancrofti_prjna275548,False
Wban_09339,wuchereria_bancrofti_prjna275548,False
Wban_09340,wuchereria_bancrofti_prjna275548,False
Wban_09341,wuchereria_bancrofti_prjna275548,False
Wban_09342,wuchereria_bancrofti_prjna275548,False
Wban_09343,wuchereria_bancrofti_prjna275548,False
Wban_09344,wuchereria_bancrofti_prjna275548,False
Wban_09345,wuchereria_bancrofti_prjna275548,False
Wban_09346,wuchereria_bancrofti_prjna275548,False
Wban_09347,wuchereria_bancrofti_prjna275548,False
Wban_09348,wuchereria_bancrofti_prjna275548,False
Wban_09349,wuchereria_bancrofti_prjna275548,False
Wban_09350,wuchereria_bancrofti_prjna275548,False
Wban_09351,wuchereria_bancrofti_prjna275548,False
Wban_09352,wuchereria_bancrofti_prjna275548,False
Wban_09353,wuchereria_bancrofti_prjna275548,False
Wban_09354,wuchereria_bancrofti_prjna275548,False
Wban_09355,wuchereria_bancrofti_prjna275548,False
Wban_09356,wuchereria_bancrofti_prjna275548,False
Wban_09357,wuchereria_bancrofti_prjna275548,False
Wban_09358,wuchereria_bancrofti_prjna275548,False
Wban_09359,wuchereria_bancrofti_prjna275548,False
Wban_09360,wuchereria_bancrofti_prjna275548,False
Wban_09361,wuchereria_bancrofti_prjna275548,False
Wban_09362,wuchereria_bancrofti_prjna275548,False
Wban_09363,wuchereria_bancrofti_prjna275548,False
Wban_09364,wuchereria_bancrofti_prjna275548,False
Wban_09365,wuchereria_bancrofti_prjna275548,False
Wban_09366,wuchereria_bancrofti_prjna275548,False
Wban_09367,wuchereria_bancrofti_prjna275548,False
Wban_09368,wuchereria_bancrofti_prjna275548,False
Wban_09369,wuchereria_bancrofti_prjna275548,False
Wban_09370,wuchereria_bancrofti_prjna275548,False
Wban_09371,wuchereria_bancrofti_prjna275548,False
Wban_09372,wuchereria_bancrofti_prjna275548,False
Wban_09373,wuchereria_bancrofti_prjna275548,False
Wban_09374,wuchereria_bancrofti_prjna275548,False
Wban_09375,wuchereria_bancrofti_prjna275548,False
Wban_09376,wuchereria_bancrofti_prjna275548,False
Wban_09377,wuchereria_bancrofti_prjna275548,False
Wban_09378,wuchereria_bancrofti_prjna275548,False
Wban_09379,wuchereria_bancrofti_prjna275548,False
Wban_09380,wuchereria_bancrofti_prjna275548,False
Wban_09381,wuchereria_bancrofti_prjna275548,False
Wban_09382,wuchereria_bancrofti_prjna275548,False
Wban_09383,wuchereria_bancrofti_prjna275548,False
Wban_09384,wuchereria_bancrofti_prjna275548,False
Wban_09385,wuchereria_bancrofti_prjna275548,False
Wban_09386,wuchereria_bancrofti_prjna275548,False
Wban_09387,wuchereria_bancrofti_prjna275548,False
Wban_09388,wuchereria_bancrofti_prjna275548,False
Wban_09389,wuchereria_bancrofti_prjna275548,False
Wban_09390,wuchereria_bancrofti_prjna275548,False
Wban_09391,wuchereria_bancrofti_prjna275548,False
Wban_09392,wuchereria_bancrofti_prjna275548,False
Wban_09393,wuchereria_bancrofti_prjna275548,False
Wban_09394,wuchereria_bancrofti_prjna275548,False
Wban_09395,wuchereria_bancrofti_prjna275548,False
Wban_09396,wuchereria_bancrofti_prjna275548,False
Wban_09397,wuchereria_bancrofti_prjna275548,False
Wban_09398,wuchereria_bancrofti_prjna275548,False
Wban_09399,wuchereria_bancrofti_prjna275548,False
Wban_09400,wuchereria_bancrofti_prjna275548,False
Wban_09401,wuchereria_bancrofti_prjna275548,False
Wban_09402,wuchereria_bancrofti_prjna275548,False
Wban_09403,wuchereria_bancrofti_prjna275548,False
Wban_09404,wuchereria_bancrofti_prjna275548,False
Wban_09405,wuchereria_bancrofti_prjna275548,False
Wban_09406,wuchereria_bancrofti_prjna275548,False
Wban_09407,wuchereria_bancrofti_prjna275548,False
Wban_09408,wuchereria_bancrofti_prjna275548,False
Wban_09409,wuchereria_bancrofti_prjna275548,False
Wban_09410,wuchereria_bancrofti_prjna275548,False
Wban_09411,wuchereria_bancrofti_prjna275548,False
Wban_09412,wuchereria_bancrofti_prjna275548,False
Wban_09413,wuchereria_bancrofti_prjna275548,False
Wban_09414,wuchereria_bancrofti_prjna275548,False
Wban_09415,wuchereria_bancrofti_prjna275548,False
Wban_09416,wuchereria_bancrofti_prjna275548,False
Wban_09417,wuchereria_bancrofti_prjna275548,False
Wban_09418,wuchereria_bancrofti_prjna275548,False
Wban_09419,wuchereria_bancrofti_prjna275548,False
Wban_09420,wuchereria_bancrofti_prjna275548,False
Wban_09421,wuchereria_bancrofti_prjna275548,False
Wban_09422,wuchereria_bancrofti_prjna275548,False
Wban_09423,wuchereria_bancrofti_prjna275548,False
Wban_09424,wuchereria_bancrofti_prjna275548,False
Wban_09425,wuchereria_bancrofti_prjna275548,False
Wban_09426,wuchereria_bancrofti_prjna275548,False
Wban_09427,wuchereria_bancrofti_prjna275548,False
Wban_09428,wuchereria_bancrofti_prjna275548,False
Wban_09429,wuchereria_bancrofti_prjna275548,False
Wban_09430,wuchereria_bancrofti_prjna275548,False
Wban_09431,wuchereria_bancrofti_prjna275548,False
Wban_09432,wuchereria_bancrofti_prjna275548,False
Wban_09433,wuchereria_bancrofti_prjna275548,False
Wban_09434,wuchereria_bancrofti_prjna275548,False
Wban_09435,wuchereria_bancrofti_prjna275548,False
Wban_09436,wuchereria_bancrofti_prjna275548,False
Wban_09437,wuchereria_bancrofti_prjna275548,False
Wban_09438,wuchereria_bancrofti_prjna275548,False
Wban_09439,wuchereria_bancrofti_prjna275548,False
Wban_09440,wuchereria_bancrofti_prjna275548,False
Wban_09441,wuchereria_bancrofti_prjna275548,False
Wban_09442,wuchereria_bancrofti_prjna275548,False
Wban_09443,wuchereria_bancrofti_prjna275548,False
Wban_09444,wuchereria_bancrofti_prjna275548,False
Wban_09445,wuchereria_bancrofti_prjna275548,False
Wban_09446,wuchereria_bancrofti_prjna275548,False
Wban_09447,wuchereria_bancrofti_prjna275548,False
Wban_09448,wuchereria_bancrofti_prjna275548,False
Wban_09449,wuchereria_bancrofti_prjna275548,False
Wban_09450,wuchereria_bancrofti_prjna275548,False
Wban_09451,wuchereria_bancrofti_prjna275548,False
Wban_09452,wuchereria_bancrofti_prjna275548,False
Wban_09453,wuchereria_bancrofti_prjna275548,False
Wban_09454,wuchereria_bancrofti_prjna275548,False
Wban_09455,wuchereria_bancrofti_prjna275548,False
Wban_09456,wuchereria_bancrofti_prjna275548,False
Wban_09457,wuchereria_bancrofti_prjna275548,False
Wban_09458,wuchereria_bancrofti_prjna275548,False
Wban_09459,wuchereria_bancrofti_prjna275548,False
Wban_09460,wuchereria_bancrofti_prjna275548,False
Wban_09461,wuchereria_bancrofti_prjna275548,False
Wban_09462,wuchereria_bancrofti_prjna275548,False
Wban_09463,wuchereria_bancrofti_prjna275548,False
Wban_09464,wuchereria_bancrofti_prjna275548,False
Wban_09465,wuchereria_bancrofti_prjna275548,False
Wban_09466,wuchereria_bancrofti_prjna275548,False
Wban_09467,wuchereria_bancrofti_prjna275548,False
Wban_09468,wuchereria_bancrofti_prjna275548,False
Wban_09469,wuchereria_bancrofti_prjna275548,False
Wban_09470,wuchereria_bancrofti_prjna275548,False
Wban_09471,wuchereria_bancrofti_prjna275548,False
Wban_09472,wuchereria_bancrofti_prjna275548,False
Wban_09473,wuchereria_bancrofti_prjna275548,False
Wban_09474,wuchereria_bancrofti_prjna275548,False
Wban_09475,wuchereria_bancrofti_prjna275548,False
Wban_09476,wuchereria_bancrofti_prjna275548,False
Wban_09477,wuchereria_bancrofti_prjna275548,False
Wban_09478,wuchereria_bancrofti_prjna275548,False
Wban_09479,wuchereria_bancrofti_prjna275548,False
Wban_09480,wuchereria_bancrofti_prjna275548,False
Wban_09481,wuchereria_bancrofti_prjna275548,False
Wban_09482,wuchereria_bancrofti_prjna275548,False
Wban_09483,wuchereria_bancrofti_prjna275548,False
Wban_09484,wuchereria_bancrofti_prjna275548,False
Wban_09485,wuchereria_bancrofti_prjna275548,False
Wban_09486,wuchereria_bancrofti_prjna275548,False
Wban_09487,wuchereria_bancrofti_prjna275548,False
Wban_09488,wuchereria_bancrofti_prjna275548,False
Wban_09489,wuchereria_bancrofti_prjna275548,False
Wban_09490,wuchereria_bancrofti_prjna275548,False
Wban_09491,wuchereria_bancrofti_prjna275548,False
Wban_09492,wuchereria_bancrofti_prjna275548,False
Wban_09493,wuchereria_bancrofti_prjna275548,False
Wban_09494,wuchereria_bancrofti_prjna275548,False
Wban_09495,wuchereria_bancrofti_prjna275548,False
Wban_09496,wuchereria_bancrofti_prjna275548,False
Wban_09497,wuchereria_bancrofti_prjna275548,False
Wban_09498,wuchereria_bancrofti_prjna275548,False
Wban_09499,wuchereria_bancrofti_prjna275548,False
Wban_09500,wuchereria_bancrofti_prjna275548,False
Wban_09501,wuchereria_bancrofti_prjna275548,False
Wban_09502,wuchereria_bancrofti_prjna275548,False
Wban_09503,wuchereria_bancrofti_prjna275548,False
Wban_09504,wuchereria_bancrofti_prjna275548,False
Wban_09505,wuchereria_bancrofti_prjna275548,False
Wban_09506,wuchereria_bancrofti_prjna275548,False
Wban_09507,wuchereria_bancrofti_prjna275548,False
Wban_09508,wuchereria_bancrofti_prjna275548,False
Wban_09509,wuchereria_bancrofti_prjna275548,False
Wban_09510,wuchereria_bancrofti_prjna275548,False
Wban_09511,wuchereria_bancrofti_prjna275548,False
Wban_09512,wuchereria_bancrofti_prjna275548,False
Wban_09513,wuchereria_bancrofti_prjna275548,False
Wban_09514,wuchereria_bancrofti_prjna275548,False
Wban_09515,wuchereria_bancrofti_prjna275548,False
Wban_09516,wuchereria_bancrofti_prjna275548,False
Wban_09517,wuchereria_bancrofti_prjna275548,False
Wban_09518,wuchereria_bancrofti_prjna275548,False
Wban_09519,wuchereria_bancrofti_prjna275548,False
Wban_09520,wuchereria_bancrofti_prjna275548,False
Wban_09521,wuchereria_bancrofti_prjna275548,False
Wban_09522,wuchereria_bancrofti_prjna275548,False
Wban_09523,wuchereria_bancrofti_prjna275548,False
Wban_09524,wuchereria_bancrofti_prjna275548,False
Wban_09525,wuchereria_bancrofti_prjna275548,False
Wban_09526,wuchereria_bancrofti_prjna275548,False
Wban_09527,wuchereria_bancrofti_prjna275548,False
Wban_09528,wuchereria_bancrofti_prjna275548,False
Wban_09529,wuchereria_bancrofti_prjna275548,False
Wban_09530,wuchereria_bancrofti_prjna275548,False
Wban_09531,wuchereria_bancrofti_prjna275548,False
Wban_09532,wuchereria_bancrofti_prjna275548,False
Wban_09533,wuchereria_bancrofti_prjna275548,False
Wban_09534,wuchereria_bancrofti_prjna275548,False
Wban_09535,wuchereria_bancrofti_prjna275548,False
Wban_09536,wuchereria_bancrofti_prjna275548,False
Wban_09537,wuchereria_bancrofti_prjna275548,False
Wban_09538,wuchereria_bancrofti_prjna275548,False
Wban_09539,wuchereria_bancrofti_prjna275548,False
Wban_09540,wuchereria_bancrofti_prjna275548,False
Wban_09541,wuchereria_bancrofti_prjna275548,False
Wban_09542,wuchereria_bancrofti_prjna275548,False
Wban_09543,wuchereria_bancrofti_prjna275548,False
Wban_09544,wuchereria_bancrofti_prjna275548,False
Wban_09545,wuchereria_bancrofti_prjna275548,False
Wban_09546,wuchereria_bancrofti_prjna275548,False
Wban_09547,wuchereria_bancrofti_prjna275548,False
Wban_09548,wuchereria_bancrofti_prjna275548,False
Wban_09549,wuchereria_bancrofti_prjna275548,False
Wban_09550,wuchereria_bancrofti_prjna275548,False
Wban_09551,wuchereria_bancrofti_prjna275548,False
Wban_09552,wuchereria_bancrofti_prjna275548,False
Wban_09553,wuchereria_bancrofti_prjna275548,False
Wban_09554,wuchereria_bancrofti_prjna275548,False
Wban_09555,wuchereria_bancrofti_prjna275548,False
Wban_09556,wuchereria_bancrofti_prjna275548,False
Wban_09557,wuchereria_bancrofti_prjna275548,False
Wban_09558,wuchereria_bancrofti_prjna275548,False
Wban_09559,wuchereria_bancrofti_prjna275548,False
Wban_09560,wuchereria_bancrofti_prjna275548,False
Wban_09561,wuchereria_bancrofti_prjna275548,False
Wban_09562,wuchereria_bancrofti_prjna275548,False
Wban_09563,wuchereria_bancrofti_prjna275548,False
Wban_09564,wuchereria_bancrofti_prjna275548,False
Wban_09565,wuchereria_bancrofti_prjna275548,False
Wban_09566,wuchereria_bancrofti_prjna275548,False
Wban_09567,wuchereria_bancrofti_prjna275548,False
Wban_09568,wuchereria_bancrofti_prjna275548,False
Wban_09569,wuchereria_bancrofti_prjna275548,False
Wban_09570,wuchereria_bancrofti_prjna275548,False
Wban_09571,wuchereria_bancrofti_prjna275548,False
Wban_09572,wuchereria_bancrofti_prjna275548,False
Wban_09573,wuchereria_bancrofti_prjna275548,False
Wban_09574,wuchereria_bancrofti_prjna275548,False
Wban_09575,wuchereria_bancrofti_prjna275548,False
Wban_09576,wuchereria_bancrofti_prjna275548,False
Wban_09577,wuchereria_bancrofti_prjna275548,False
Wban_09578,wuchereria_bancrofti_prjna275548,False
Wban_09579,wuchereria_bancrofti_prjna275548,False
Wban_09580,wuchereria_bancrofti_prjna275548,False
Wban_09581,wuchereria_bancrofti_prjna275548,False
Wban_09582,wuchereria_bancrofti_prjna275548,False
Wban_09583,wuchereria_bancrofti_prjna275548,False
Wban_09584,wuchereria_bancrofti_prjna275548,False
Wban_09585,wuchereria_bancrofti_prjna275548,False
Wban_09586,wuchereria_bancrofti_prjna275548,False
Wban_09587,wuchereria_bancrofti_prjna275548,False
Wban_09588,wuchereria_bancrofti_prjna275548,False
Wban_09589,wuchereria_bancrofti_prjna275548,False
Wban_09590,wuchereria_bancrofti_prjna275548,False
Wban_09591,wuchereria_bancrofti_prjna275548,False
Wban_09592,wuchereria_bancrofti_prjna275548,False
Wban_09593,wuchereria_bancrofti_prjna275548,False
Wban_09594,wuchereria_bancrofti_prjna275548,False
Wban_09595,wuchereria_bancrofti_prjna275548,False
Wban_09596,wuchereria_bancrofti_prjna275548,False
Wban_09597,wuchereria_bancrofti_prjna275548,False
Wban_09598,wuchereria_bancrofti_prjna275548,False
Wban_09599,wuchereria_bancrofti_prjna275548,False
Wban_09600,wuchereria_bancrofti_prjna275548,False
Wban_09601,wuchereria_bancrofti_prjna275548,False
Wban_09602,wuchereria_bancrofti_prjna275548,False
Wban_09603,wuchereria_bancrofti_prjna275548,False
Wban_09604,wuchereria_bancrofti_prjna275548,False
Wban_09605,wuchereria_bancrofti_prjna275548,False
Wban_09606,wuchereria_bancrofti_prjna275548,False
Wban_09607,wuchereria_bancrofti_prjna275548,False
Wban_09608,wuchereria_bancrofti_prjna275548,False
Wban_09609,wuchereria_bancrofti_prjna275548,False
Wban_09610,wuchereria_bancrofti_prjna275548,False
Wban_09611,wuchereria_bancrofti_prjna275548,False
Wban_09612,wuchereria_bancrofti_prjna275548,False
Wban_09613,wuchereria_bancrofti_prjna275548,False
Wban_09614,wuchereria_bancrofti_prjna275548,False
Wban_09615,wuchereria_bancrofti_prjna275548,False
Wban_09616,wuchereria_bancrofti_prjna275548,False
Wban_09617,wuchereria_bancrofti_prjna275548,False
Wban_09618,wuchereria_bancrofti_prjna275548,False
Wban_09619,wuchereria_bancrofti_prjna275548,False
Wban_09620,wuchereria_bancrofti_prjna275548,False
Wban_09621,wuchereria_bancrofti_prjna275548,False
Wban_09622,wuchereria_bancrofti_prjna275548,False
Wban_09623,wuchereria_bancrofti_prjna275548,False
Wban_09624,wuchereria_bancrofti_prjna275548,False
Wban_09625,wuchereria_bancrofti_prjna275548,False
Wban_09626,wuchereria_bancrofti_prjna275548,False
Wban_09627,wuchereria_bancrofti_prjna275548,False
Wban_09628,wuchereria_bancrofti_prjna275548,False
Wban_09629,wuchereria_bancrofti_prjna275548,False
Wban_09630,wuchereria_bancrofti_prjna275548,False
Wban_09631,wuchereria_bancrofti_prjna275548,False
Wban_09632,wuchereria_bancrofti_prjna275548,False
Wban_09633,wuchereria_bancrofti_prjna275548,False
Wban_09634,wuchereria_bancrofti_prjna275548,False
Wban_09635,wuchereria_bancrofti_prjna275548,False
Wban_09636,wuchereria_bancrofti_prjna275548,False
Wban_09637,wuchereria_bancrofti_prjna275548,False
Wban_09638,wuchereria_bancrofti_prjna275548,False
Wban_09639,wuchereria_bancrofti_prjna275548,False
Wban_09640,wuchereria_bancrofti_prjna275548,False
Wban_09641,wuchereria_bancrofti_prjna275548,False
Wban_09642,wuchereria_bancrofti_prjna275548,False
Wban_09643,wuchereria_bancrofti_prjna275548,False
Wban_09644,wuchereria_bancrofti_prjna275548,False
Wban_09645,wuchereria_bancrofti_prjna275548,False
Wban_09646,wuchereria_bancrofti_prjna275548,False
Wban_09647,wuchereria_bancrofti_prjna275548,False
Wban_09648,wuchereria_bancrofti_prjna275548,False
Wban_09649,wuchereria_bancrofti_prjna275548,False
Wban_09650,wuchereria_bancrofti_prjna275548,False
Wban_09651,wuchereria_bancrofti_prjna275548,False
Wban_09652,wuchereria_bancrofti_prjna275548,False
Wban_09653,wuchereria_bancrofti_prjna275548,False
Wban_09654,wuchereria_bancrofti_prjna275548,False
Wban_09655,wuchereria_bancrofti_prjna275548,False
Wban_09656,wuchereria_bancrofti_prjna275548,False
Wban_09657,wuchereria_bancrofti_prjna275548,False
Wban_09658,wuchereria_bancrofti_prjna275548,False
Wban_09659,wuchereria_bancrofti_prjna275548,False
Wban_09660,wuchereria_bancrofti_prjna275548,False
Wban_09661,wuchereria_bancrofti_prjna275548,False
Wban_09662,wuchereria_bancrofti_prjna275548,False
Wban_09663,wuchereria_bancrofti_prjna275548,False
Wban_09664,wuchereria_bancrofti_prjna275548,False
Wban_09665,wuchereria_bancrofti_prjna275548,False
Wban_09666,wuchereria_bancrofti_prjna275548,False
Wban_09667,wuchereria_bancrofti_prjna275548,False
Wban_09668,wuchereria_bancrofti_prjna275548,False
Wban_09669,wuchereria_bancrofti_prjna275548,False
Wban_09670,wuchereria_bancrofti_prjna275548,False
Wban_09671,wuchereria_bancrofti_prjna275548,False
Wban_09672,wuchereria_bancrofti_prjna275548,False
Wban_09673,wuchereria_bancrofti_prjna275548,False
Wban_09674,wuchereria_bancrofti_prjna275548,False
Wban_09675,wuchereria_bancrofti_prjna275548,False
Wban_09676,wuchereria_bancrofti_prjna275548,False
Wban_09677,wuchereria_bancrofti_prjna275548,False
Wban_09678,wuchereria_bancrofti_prjna275548,False
Wban_09679,wuchereria_bancrofti_prjna275548,False
Wban_09680,wuchereria_bancrofti_prjna275548,False
Wban_09681,wuchereria_bancrofti_prjna275548,False
Wban_09682,wuchereria_bancrofti_prjna275548,False
Wban_09683,wuchereria_bancrofti_prjna275548,False
Wban_09684,wuchereria_bancrofti_prjna275548,False
Wban_09685,wuchereria_bancrofti_prjna275548,False
Wban_09686,wuchereria_bancrofti_prjna275548,False
Wban_09687,wuchereria_bancrofti_prjna275548,False
Wban_09688,wuchereria_bancrofti_prjna275548,False
Wban_09689,wuchereria_bancrofti_prjna275548,False
Wban_09690,wuchereria_bancrofti_prjna275548,False
Wban_09691,wuchereria_bancrofti_prjna275548,False
Wban_09692,wuchereria_bancrofti_prjna275548,False
Wban_09693,wuchereria_bancrofti_prjna275548,False
Wban_09694,wuchereria_bancrofti_prjna275548,False
Wban_09695,wuchereria_bancrofti_prjna275548,False
Wban_09696,wuchereria_bancrofti_prjna275548,False
Wban_09697,wuchereria_bancrofti_prjna275548,False
Wban_09698,wuchereria_bancrofti_prjna275548,False
Wban_09699,wuchereria_bancrofti_prjna275548,False
Wban_09700,wuchereria_bancrofti_prjna275548,False
Wban_09701,wuchereria_bancrofti_prjna275548,False
Wban_09702,wuchereria_bancrofti_prjna275548,False
Wban_09703,wuchereria_bancrofti_prjna275548,False
Wban_09704,wuchereria_bancrofti_prjna275548,False
Wban_09705,wuchereria_bancrofti_prjna275548,False
Wban_09706,wuchereria_bancrofti_prjna275548,False
Wban_09707,wuchereria_bancrofti_prjna275548,False
Wban_09708,wuchereria_bancrofti_prjna275548,False
Wban_09709,wuchereria_bancrofti_prjna275548,False
Wban_09710,wuchereria_bancrofti_prjna275548,False
Wban_09711,wuchereria_bancrofti_prjna275548,False
Wban_09712,wuchereria_bancrofti_prjna275548,False
Wban_09713,wuchereria_bancrofti_prjna275548,False
Wban_09714,wuchereria_bancrofti_prjna275548,False
Wban_09715,wuchereria_bancrofti_prjna275548,False
Wban_09716,wuchereria_bancrofti_prjna275548,False
Wban_09717,wuchereria_bancrofti_prjna275548,False
Wban_09718,wuchereria_bancrofti_prjna275548,False
Wban_09719,wuchereria_bancrofti_prjna275548,False
Wban_09720,wuchereria_bancrofti_prjna275548,False
Wban_09721,wuchereria_bancrofti_prjna275548,False
Wban_09722,wuchereria_bancrofti_prjna275548,False
Wban_09723,wuchereria_bancrofti_prjna275548,False
Wban_09724,wuchereria_bancrofti_prjna275548,False
Wban_09725,wuchereria_bancrofti_prjna275548,False
Wban_09726,wuchereria_bancrofti_prjna275548,False
Wban_09727,wuchereria_bancrofti_prjna275548,False
Wban_09728,wuchereria_bancrofti_prjna275548,False
Wban_09729,wuchereria_bancrofti_prjna275548,False
Wban_09730,wuchereria_bancrofti_prjna275548,False
Wban_09731,wuchereria_bancrofti_prjna275548,False
Wban_09732,wuchereria_bancrofti_prjna275548,False
Wban_09733,wuchereria_bancrofti_prjna275548,False
Wban_09734,wuchereria_bancrofti_prjna275548,False
Wban_09735,wuchereria_bancrofti_prjna275548,False
Wban_09736,wuchereria_bancrofti_prjna275548,False
Wban_09737,wuchereria_bancrofti_prjna275548,False
Wban_09738,wuchereria_bancrofti_prjna275548,False
Wban_09739,wuchereria_bancrofti_prjna275548,False
Wban_09740,wuchereria_bancrofti_prjna275548,False
Wban_09741,wuchereria_bancrofti_prjna275548,False
Wban_09742,wuchereria_bancrofti_prjna275548,False
Wban_09743,wuchereria_bancrofti_prjna275548,False
Wban_09744,wuchereria_bancrofti_prjna275548,False
Wban_09745,wuchereria_bancrofti_prjna275548,False
Wban_09746,wuchereria_bancrofti_prjna275548,False
Wban_09747,wuchereria_bancrofti_prjna275548,False
Wban_09748,wuchereria_bancrofti_prjna275548,False
Wban_09749,wuchereria_bancrofti_prjna275548,False
Wban_09750,wuchereria_bancrofti_prjna275548,False
Wban_09751,wuchereria_bancrofti_prjna275548,False
Wban_09752,wuchereria_bancrofti_prjna275548,False
Wban_09753,wuchereria_bancrofti_prjna275548,False
Wban_09754,wuchereria_bancrofti_prjna275548,False
Wban_09755,wuchereria_bancrofti_prjna275548,False
Wban_09756,wuchereria_bancrofti_prjna275548,False
Wban_09757,wuchereria_bancrofti_prjna275548,False
Wban_09758,wuchereria_bancrofti_prjna275548,False
Wban_09759,wuchereria_bancrofti_prjna275548,False
Wban_09760,wuchereria_bancrofti_prjna275548,False
Wban_09761,wuchereria_bancrofti_prjna275548,False
Wban_09762,wuchereria_bancrofti_prjna275548,False
Wban_09763,wuchereria_bancrofti_prjna275548,False
Wban_09764,wuchereria_bancrofti_prjna275548,False
Wban_09765,wuchereria_bancrofti_prjna275548,False
Wban_09766,wuchereria_bancrofti_prjna275548,False
Wban_09767,wuchereria_bancrofti_prjna275548,False
Wban_09768,wuchereria_bancrofti_prjna275548,False
Wban_09769,wuchereria_bancrofti_prjna275548,False
Wban_09770,wuchereria_bancrofti_prjna275548,False
Wban_09771,wuchereria_bancrofti_prjna275548,False
Wban_09772,wuchereria_bancrofti_prjna275548,False
Wban_09773,wuchereria_bancrofti_prjna275548,False
Wban_09774,wuchereria_bancrofti_prjna275548,False
Wban_09775,wuchereria_bancrofti_prjna275548,False
Wban_09776,wuchereria_bancrofti_prjna275548,False
Wban_09777,wuchereria_bancrofti_prjna275548,False
Wban_09778,wuchereria_bancrofti_prjna275548,False
Wban_09779,wuchereria_bancrofti_prjna275548,False
Wban_09780,wuchereria_bancrofti_prjna275548,False
Wban_09781,wuchereria_bancrofti_prjna275548,False
Wban_09782,wuchereria_bancrofti_prjna275548,False
Wban_09783,wuchereria_bancrofti_prjna275548,False
Wban_09784,wuchereria_bancrofti_prjna275548,False
Wban_09785,wuchereria_bancrofti_prjna275548,False
Wban_09786,wuchereria_bancrofti_prjna275548,False
Wban_09787,wuchereria_bancrofti_prjna275548,False
Wban_09788,wuchereria_bancrofti_prjna275548,False
Wban_09789,wuchereria_bancrofti_prjna275548,False
Wban_09790,wuchereria_bancrofti_prjna275548,False
Wban_09791,wuchereria_bancrofti_prjna275548,False
Wban_09792,wuchereria_bancrofti_prjna275548,False
Wban_09793,wuchereria_bancrofti_prjna275548,False
Wban_09794,wuchereria_bancrofti_prjna275548,False
Wban_09795,wuchereria_bancrofti_prjna275548,False
Wban_09796,wuchereria_bancrofti_prjna275548,False
Wban_09797,wuchereria_bancrofti_prjna275548,False
Wban_09798,wuchereria_bancrofti_prjna275548,False
Wban_09799,wuchereria_bancrofti_prjna275548,False
Wban_09800,wuchereria_bancrofti_prjna275548,False
Wban_09801,wuchereria_bancrofti_prjna275548,False
Wban_09802,wuchereria_bancrofti_prjna275548,False
Wban_09803,wuchereria_bancrofti_prjna275548,False
Wban_09804,wuchereria_bancrofti_prjna275548,False
Wban_09805,wuchereria_bancrofti_prjna275548,False
Wban_09806,wuchereria_bancrofti_prjna275548,False
Wban_09807,wuchereria_bancrofti_prjna275548,False
Wban_09808,wuchereria_bancrofti_prjna275548,False
Wban_09809,wuchereria_bancrofti_prjna275548,False
Wban_09810,wuchereria_bancrofti_prjna275548,False
Wban_09811,wuchereria_bancrofti_prjna275548,False
Wban_09812,wuchereria_bancrofti_prjna275548,False
Wban_09813,wuchereria_bancrofti_prjna275548,False
Wban_09814,wuchereria_bancrofti_prjna275548,False
Wban_09815,wuchereria_bancrofti_prjna275548,False
Wban_09816,wuchereria_bancrofti_prjna275548,False
Wban_09817,wuchereria_bancrofti_prjna275548,False
Wban_09818,wuchereria_bancrofti_prjna275548,False
Wban_09819,wuchereria_bancrofti_prjna275548,False
Wban_09820,wuchereria_bancrofti_prjna275548,False
Wban_09821,wuchereria_bancrofti_prjna275548,False
Wban_09822,wuchereria_bancrofti_prjna275548,False
Wban_09823,wuchereria_bancrofti_prjna275548,False
Wban_09824,wuchereria_bancrofti_prjna275548,False
Wban_09825,wuchereria_bancrofti_prjna275548,False
Wban_09826,wuchereria_bancrofti_prjna275548,False
Wban_09827,wuchereria_bancrofti_prjna275548,False
Wban_09828,wuchereria_bancrofti_prjna275548,False
Wban_09829,wuchereria_bancrofti_prjna275548,False
Wban_09830,wuchereria_bancrofti_prjna275548,False
Wban_09831,wuchereria_bancrofti_prjna275548,False
Wban_09832,wuchereria_bancrofti_prjna275548,False
Wban_09833,wuchereria_bancrofti_prjna275548,False
Wban_09834,wuchereria_bancrofti_prjna275548,False
Wban_09835,wuchereria_bancrofti_prjna275548,False
Wban_09836,wuchereria_bancrofti_prjna275548,False
Wban_09837,wuchereria_bancrofti_prjna275548,False
Wban_09838,wuchereria_bancrofti_prjna275548,False
Wban_09839,wuchereria_bancrofti_prjna275548,False
Wban_09840,wuchereria_bancrofti_prjna275548,False
Wban_09841,wuchereria_bancrofti_prjna275548,False
Wban_09842,wuchereria_bancrofti_prjna275548,False
Wban_09843,wuchereria_bancrofti_prjna275548,False
Wban_09844,wuchereria_bancrofti_prjna275548,False
Wban_09845,wuchereria_bancrofti_prjna275548,False
Wban_09846,wuchereria_bancrofti_prjna275548,False
Wban_09847,wuchereria_bancrofti_prjna275548,False
Wban_09848,wuchereria_bancrofti_prjna275548,False
Wban_09849,wuchereria_bancrofti_prjna275548,False
Wban_09850,wuchereria_bancrofti_prjna275548,False
Wban_09851,wuchereria_bancrofti_prjna275548,False
Wban_09852,wuchereria_bancrofti_prjna275548,False
Wban_09853,wuchereria_bancrofti_prjna275548,False
Wban_09854,wuchereria_bancrofti_prjna275548,False
Wban_09855,wuchereria_bancrofti_prjna275548,False
Wban_09856,wuchereria_bancrofti_prjna275548,False
Wban_09857,wuchereria_bancrofti_prjna275548,False
Wban_09858,wuchereria_bancrofti_prjna275548,False
Wban_09859,wuchereria_bancrofti_prjna275548,False
Wban_09860,wuchereria_bancrofti_prjna275548,False
Wban_09861,wuchereria_bancrofti_prjna275548,False
Wban_09862,wuchereria_bancrofti_prjna275548,False
Wban_09863,wuchereria_bancrofti_prjna275548,False
Wban_09864,wuchereria_bancrofti_prjna275548,False
Wban_09865,wuchereria_bancrofti_prjna275548,False
Wban_09866,wuchereria_bancrofti_prjna275548,False
Wban_09867,wuchereria_bancrofti_prjna275548,False
Wban_09868,wuchereria_bancrofti_prjna275548,False
Wban_09869,wuchereria_bancrofti_prjna275548,False
Wban_09870,wuchereria_bancrofti_prjna275548,False
Wban_09871,wuchereria_bancrofti_prjna275548,False
Wban_09872,wuchereria_bancrofti_prjna275548,False
Wban_09873,wuchereria_bancrofti_prjna275548,False
Wban_09874,wuchereria_bancrofti_prjna275548,False
Wban_09875,wuchereria_bancrofti_prjna275548,False
Wban_09876,wuchereria_bancrofti_prjna275548,False
Wban_09877,wuchereria_bancrofti_prjna275548,False
Wban_09878,wuchereria_bancrofti_prjna275548,False
Wban_09879,wuchereria_bancrofti_prjna275548,False
Wban_09880,wuchereria_bancrofti_prjna275548,False
Wban_09881,wuchereria_bancrofti_prjna275548,False
Wban_09882,wuchereria_bancrofti_prjna275548,False
Wban_09883,wuchereria_bancrofti_prjna275548,False
Wban_09884,wuchereria_bancrofti_prjna275548,False
Wban_09885,wuchereria_bancrofti_prjna275548,False
Wban_09886,wuchereria_bancrofti_prjna275548,False
Wban_09887,wuchereria_bancrofti_prjna275548,False
Wban_09888,wuchereria_bancrofti_prjna275548,False
Wban_09889,wuchereria_bancrofti_prjna275548,False
Wban_09890,wuchereria_bancrofti_prjna275548,False
Wban_09891,wuchereria_bancrofti_prjna275548,False
Wban_09892,wuchereria_bancrofti_prjna275548,False
Wban_09893,wuchereria_bancrofti_prjna275548,False
Wban_09894,wuchereria_bancrofti_prjna275548,False
Wban_09895,wuchereria_bancrofti_prjna275548,False
Wban_09896,wuchereria_bancrofti_prjna275548,False
Wban_09897,wuchereria_bancrofti_prjna275548,False
Wban_09898,wuchereria_bancrofti_prjna275548,False
Wban_09899,wuchereria_bancrofti_prjna275548,False
Wban_09900,wuchereria_bancrofti_prjna275548,False
Wban_09901,wuchereria_bancrofti_prjna275548,False
Wban_09902,wuchereria_bancrofti_prjna275548,False
Wban_09903,wuchereria_bancrofti_prjna275548,False
Wban_09904,wuchereria_bancrofti_prjna275548,False
Wban_09905,wuchereria_bancrofti_prjna275548,False
Wban_09906,wuchereria_bancrofti_prjna275548,False
Wban_09907,wuchereria_bancrofti_prjna275548,False
Wban_09908,wuchereria_bancrofti_prjna275548,False
Wban_09909,wuchereria_bancrofti_prjna275548,False
Wban_09910,wuchereria_bancrofti_prjna275548,False
Wban_09911,wuchereria_bancrofti_prjna275548,False
Wban_09912,wuchereria_bancrofti_prjna275548,False
Wban_09913,wuchereria_bancrofti_prjna275548,False
Wban_09914,wuchereria_bancrofti_prjna275548,False
Wban_09915,wuchereria_bancrofti_prjna275548,False
Wban_09916,wuchereria_bancrofti_prjna275548,False
Wban_09917,wuchereria_bancrofti_prjna275548,False
Wban_09918,wuchereria_bancrofti_prjna275548,False
Wban_09919,wuchereria_bancrofti_prjna275548,False
Wban_09920,wuchereria_bancrofti_prjna275548,False
Wban_09921,wuchereria_bancrofti_prjna275548,False
Wban_09922,wuchereria_bancrofti_prjna275548,False
Wban_09923,wuchereria_bancrofti_prjna275548,False
Wban_09924,wuchereria_bancrofti_prjna275548,False
Wban_09925,wuchereria_bancrofti_prjna275548,False
Wban_09926,wuchereria_bancrofti_prjna275548,False
Wban_09927,wuchereria_bancrofti_prjna275548,False
Wban_09928,wuchereria_bancrofti_prjna275548,False
Wban_09929,wuchereria_bancrofti_prjna275548,False
Wban_09930,wuchereria_bancrofti_prjna275548,False
Wban_09931,wuchereria_bancrofti_prjna275548,False
Wban_09932,wuchereria_bancrofti_prjna275548,False
Wban_09933,wuchereria_bancrofti_prjna275548,False
Wban_09934,wuchereria_bancrofti_prjna275548,False
Wban_09935,wuchereria_bancrofti_prjna275548,False
Wban_09936,wuchereria_bancrofti_prjna275548,False
Wban_09937,wuchereria_bancrofti_prjna275548,False
Wban_09938,wuchereria_bancrofti_prjna275548,False
Wban_09939,wuchereria_bancrofti_prjna275548,False
Wban_09940,wuchereria_bancrofti_prjna275548,False
Wban_09941,wuchereria_bancrofti_prjna275548,False
Wban_09942,wuchereria_bancrofti_prjna275548,False
Wban_09943,wuchereria_bancrofti_prjna275548,False
Wban_09944,wuchereria_bancrofti_prjna275548,False
Wban_09945,wuchereria_bancrofti_prjna275548,False
Wban_09946,wuchereria_bancrofti_prjna275548,False
Wban_09947,wuchereria_bancrofti_prjna275548,False
Wban_09948,wuchereria_bancrofti_prjna275548,False
Wban_09949,wuchereria_bancrofti_prjna275548,False
Wban_09950,wuchereria_bancrofti_prjna275548,False
Wban_09951,wuchereria_bancrofti_prjna275548,False
Wban_09952,wuchereria_bancrofti_prjna275548,False
Wban_09953,wuchereria_bancrofti_prjna275548,False
Wban_09954,wuchereria_bancrofti_prjna275548,False
Wban_09955,wuchereria_bancrofti_prjna275548,False
Wban_09956,wuchereria_bancrofti_prjna275548,False
Wban_09957,wuchereria_bancrofti_prjna275548,False
Wban_09958,wuchereria_bancrofti_prjna275548,False
Wban_09959,wuchereria_bancrofti_prjna275548,False
Wban_09960,wuchereria_bancrofti_prjna275548,False
Wban_09961,wuchereria_bancrofti_prjna275548,False
Wban_09962,wuchereria_bancrofti_prjna275548,False
Wban_09963,wuchereria_bancrofti_prjna275548,False
Wban_09964,wuchereria_bancrofti_prjna275548,False
Wban_09965,wuchereria_bancrofti_prjna275548,False
Wban_09966,wuchereria_bancrofti_prjna275548,False
Wban_09967,wuchereria_bancrofti_prjna275548,False
Wban_09968,wuchereria_bancrofti_prjna275548,False
Wban_09969,wuchereria_bancrofti_prjna275548,False
Wban_09970,wuchereria_bancrofti_prjna275548,False
Wban_09971,wuchereria_bancrofti_prjna275548,False
Wban_09972,wuchereria_bancrofti_prjna275548,False
Wban_09973,wuchereria_bancrofti_prjna275548,False
Wban_09974,wuchereria_bancrofti_prjna275548,False
Wban_09975,wuchereria_bancrofti_prjna275548,False
Wban_09976,wuchereria_bancrofti_prjna275548,False
Wban_09977,wuchereria_bancrofti_prjna275548,False
Wban_09978,wuchereria_bancrofti_prjna275548,False
Wban_09979,wuchereria_bancrofti_prjna275548,False
Wban_09980,wuchereria_bancrofti_prjna275548,False
Wban_09981,wuchereria_bancrofti_prjna275548,False
Wban_09982,wuchereria_bancrofti_prjna275548,False
Wban_09983,wuchereria_bancrofti_prjna275548,False
Wban_09984,wuchereria_bancrofti_prjna275548,False
Wban_09985,wuchereria_bancrofti_prjna275548,False
Wban_09986,wuchereria_bancrofti_prjna275548,False
Wban_09987,wuchereria_bancrofti_prjna275548,False
Wban_09988,wuchereria_bancrofti_prjna275548,False
Wban_09989,wuchereria_bancrofti_prjna275548,False
Wban_09990,wuchereria_bancrofti_prjna275548,False
Wban_09991,wuchereria_bancrofti_prjna275548,False
Wban_09992,wuchereria_bancrofti_prjna275548,False
Wban_09993,wuchereria_bancrofti_prjna275548,False
Wban_09994,wuchereria_bancrofti_prjna275548,False
Wban_09995,wuchereria_bancrofti_prjna275548,False
Wban_09996,wuchereria_bancrofti_prjna275548,False
Wban_09997,wuchereria_bancrofti_prjna275548,False
Wban_09998,wuchereria_bancrofti_prjna275548,False
Wban_09999,wuchereria_bancrofti_prjna275548,False
Wban_10000,wuchereria_bancrofti_prjna275548,False
Wban_10001,wuchereria_bancrofti_prjna275548,False
Wban_10002,wuchereria_bancrofti_prjna275548,False
Wban_10003,wuchereria_bancrofti_prjna275548,False
Wban_10004,wuchereria_bancrofti_prjna275548,False
Wban_10005,wuchereria_bancrofti_prjna275548,False
Wban_10006,wuchereria_bancrofti_prjna275548,False
Wban_10007,wuchereria_bancrofti_prjna275548,False
Wban_10008,wuchereria_bancrofti_prjna275548,False
Wban_10009,wuchereria_bancrofti_prjna275548,False
Wban_10010,wuchereria_bancrofti_prjna275548,False
Wban_10011,wuchereria_bancrofti_prjna275548,False
Wban_10012,wuchereria_bancrofti_prjna275548,False
Wban_10013,wuchereria_bancrofti_prjna275548,False
Wban_10014,wuchereria_bancrofti_prjna275548,False
Wban_10015,wuchereria_bancrofti_prjna275548,False
Wban_10016,wuchereria_bancrofti_prjna275548,False
Wban_10017,wuchereria_bancrofti_prjna275548,False
Wban_10018,wuchereria_bancrofti_prjna275548,False
Wban_10019,wuchereria_bancrofti_prjna275548,False
Wban_10020,wuchereria_bancrofti_prjna275548,False
Wban_10021,wuchereria_bancrofti_prjna275548,False
Wban_10022,wuchereria_bancrofti_prjna275548,False
Wban_10023,wuchereria_bancrofti_prjna275548,False
Wban_10024,wuchereria_bancrofti_prjna275548,False
Wban_10025,wuchereria_bancrofti_prjna275548,False
Wban_10026,wuchereria_bancrofti_prjna275548,False
Wban_10027,wuchereria_bancrofti_prjna275548,False
Wban_10028,wuchereria_bancrofti_prjna275548,False
Wban_10029,wuchereria_bancrofti_prjna275548,False
Wban_10030,wuchereria_bancrofti_prjna275548,False
Wban_10031,wuchereria_bancrofti_prjna275548,False
Wban_10032,wuchereria_bancrofti_prjna275548,False
Wban_10033,wuchereria_bancrofti_prjna275548,False
Wban_10034,wuchereria_bancrofti_prjna275548,False
Wban_10035,wuchereria_bancrofti_prjna275548,False
Wban_10036,wuchereria_bancrofti_prjna275548,False
Wban_10037,wuchereria_bancrofti_prjna275548,False
Wban_10038,wuchereria_bancrofti_prjna275548,False
Wban_10039,wuchereria_bancrofti_prjna275548,False
Wban_10040,wuchereria_bancrofti_prjna275548,False
Wban_10041,wuchereria_bancrofti_prjna275548,False
Wban_10042,wuchereria_bancrofti_prjna275548,False
Wban_10043,wuchereria_bancrofti_prjna275548,False
Wban_10044,wuchereria_bancrofti_prjna275548,False
Wban_10045,wuchereria_bancrofti_prjna275548,False
Wban_10046,wuchereria_bancrofti_prjna275548,False
Wban_10047,wuchereria_bancrofti_prjna275548,False
Wban_10048,wuchereria_bancrofti_prjna275548,False
Wban_10049,wuchereria_bancrofti_prjna275548,False
Wban_10050,wuchereria_bancrofti_prjna275548,False
Wban_10051,wuchereria_bancrofti_prjna275548,False
Wban_10052,wuchereria_bancrofti_prjna275548,False
Wban_10053,wuchereria_bancrofti_prjna275548,False
Wban_10054,wuchereria_bancrofti_prjna275548,False
Wban_10055,wuchereria_bancrofti_prjna275548,False
Wban_10056,wuchereria_bancrofti_prjna275548,False
Wban_10057,wuchereria_bancrofti_prjna275548,False
Wban_10058,wuchereria_bancrofti_prjna275548,False
Wban_10059,wuchereria_bancrofti_prjna275548,False
Wban_10060,wuchereria_bancrofti_prjna275548,False
Wban_10061,wuchereria_bancrofti_prjna275548,False
Wban_10062,wuchereria_bancrofti_prjna275548,False
Wban_10063,wuchereria_bancrofti_prjna275548,False
Wban_10064,wuchereria_bancrofti_prjna275548,False
Wban_10065,wuchereria_bancrofti_prjna275548,False
Wban_10066,wuchereria_bancrofti_prjna275548,False
Wban_10067,wuchereria_bancrofti_prjna275548,False
Wban_10068,wuchereria_bancrofti_prjna275548,False
Wban_10069,wuchereria_bancrofti_prjna275548,False
Wban_10070,wuchereria_bancrofti_prjna275548,False
Wban_10071,wuchereria_bancrofti_prjna275548,False
Wban_10072,wuchereria_bancrofti_prjna275548,False
Wban_10073,wuchereria_bancrofti_prjna275548,False
Wban_10074,wuchereria_bancrofti_prjna275548,False
Wban_10075,wuchereria_bancrofti_prjna275548,False
Wban_10076,wuchereria_bancrofti_prjna275548,False
Wban_10077,wuchereria_bancrofti_prjna275548,False
Wban_10078,wuchereria_bancrofti_prjna275548,False
Wban_10079,wuchereria_bancrofti_prjna275548,False
Wban_10080,wuchereria_bancrofti_prjna275548,False
Wban_10081,wuchereria_bancrofti_prjna275548,False
Wban_10082,wuchereria_bancrofti_prjna275548,False
Wban_10083,wuchereria_bancrofti_prjna275548,False
Wban_10084,wuchereria_bancrofti_prjna275548,False
Wban_10085,wuchereria_bancrofti_prjna275548,False
Wban_10086,wuchereria_bancrofti_prjna275548,False
Wban_10087,wuchereria_bancrofti_prjna275548,False
Wban_10088,wuchereria_bancrofti_prjna275548,False
Wban_10089,wuchereria_bancrofti_prjna275548,False
Wban_10090,wuchereria_bancrofti_prjna275548,False
Wban_10091,wuchereria_bancrofti_prjna275548,False
Wban_10092,wuchereria_bancrofti_prjna275548,False
Wban_10093,wuchereria_bancrofti_prjna275548,False
Wban_10094,wuchereria_bancrofti_prjna275548,False
Wban_10095,wuchereria_bancrofti_prjna275548,False
Wban_10096,wuchereria_bancrofti_prjna275548,False
Wban_10097,wuchereria_bancrofti_prjna275548,False
Wban_10098,wuchereria_bancrofti_prjna275548,False
Wban_10099,wuchereria_bancrofti_prjna275548,False
Wban_10100,wuchereria_bancrofti_prjna275548,False
Wban_10101,wuchereria_bancrofti_prjna275548,False
Wban_10102,wuchereria_bancrofti_prjna275548,False
Wban_10103,wuchereria_bancrofti_prjna275548,False
Wban_10104,wuchereria_bancrofti_prjna275548,False
Wban_10105,wuchereria_bancrofti_prjna275548,False
Wban_10106,wuchereria_bancrofti_prjna275548,False
Wban_10107,wuchereria_bancrofti_prjna275548,False
Wban_10108,wuchereria_bancrofti_prjna275548,False
Wban_10109,wuchereria_bancrofti_prjna275548,False
Wban_10110,wuchereria_bancrofti_prjna275548,False
Wban_10111,wuchereria_bancrofti_prjna275548,False
Wban_10112,wuchereria_bancrofti_prjna275548,False
Wban_10113,wuchereria_bancrofti_prjna275548,False
Wban_10114,wuchereria_bancrofti_prjna275548,False
Wban_10115,wuchereria_bancrofti_prjna275548,False
Wban_10116,wuchereria_bancrofti_prjna275548,False
Wban_10117,wuchereria_bancrofti_prjna275548,False
Wban_10118,wuchereria_bancrofti_prjna275548,False
Wban_10119,wuchereria_bancrofti_prjna275548,False
Wban_10120,wuchereria_bancrofti_prjna275548,False
Wban_10121,wuchereria_bancrofti_prjna275548,False
Wban_10122,wuchereria_bancrofti_prjna275548,False
Wban_10123,wuchereria_bancrofti_prjna275548,False
Wban_10124,wuchereria_bancrofti_prjna275548,False
Wban_10125,wuchereria_bancrofti_prjna275548,False
Wban_10126,wuchereria_bancrofti_prjna275548,False
Wban_10127,wuchereria_bancrofti_prjna275548,False
Wban_10128,wuchereria_bancrofti_prjna275548,False
Wban_10129,wuchereria_bancrofti_prjna275548,False
Wban_10130,wuchereria_bancrofti_prjna275548,False
Wban_10131,wuchereria_bancrofti_prjna275548,False
Wban_10132,wuchereria_bancrofti_prjna275548,False
Wban_10133,wuchereria_bancrofti_prjna275548,False
Wban_10134,wuchereria_bancrofti_prjna275548,False
Wban_10135,wuchereria_bancrofti_prjna275548,False
Wban_10136,wuchereria_bancrofti_prjna275548,False
Wban_10137,wuchereria_bancrofti_prjna275548,False
Wban_10138,wuchereria_bancrofti_prjna275548,False
Wban_10139,wuchereria_bancrofti_prjna275548,False
Wban_10140,wuchereria_bancrofti_prjna275548,False
Wban_10141,wuchereria_bancrofti_prjna275548,False
Wban_10142,wuchereria_bancrofti_prjna275548,False
Wban_10143,wuchereria_bancrofti_prjna275548,False
Wban_10144,wuchereria_bancrofti_prjna275548,False
Wban_10145,wuchereria_bancrofti_prjna275548,False
Wban_10146,wuchereria_bancrofti_prjna275548,False
Wban_10147,wuchereria_bancrofti_prjna275548,False
Wban_10148,wuchereria_bancrofti_prjna275548,False
Wban_10149,wuchereria_bancrofti_prjna275548,False
Wban_10150,wuchereria_bancrofti_prjna275548,False
Wban_10151,wuchereria_bancrofti_prjna275548,False
Wban_10152,wuchereria_bancrofti_prjna275548,False
Wban_10153,wuchereria_bancrofti_prjna275548,False
Wban_10154,wuchereria_bancrofti_prjna275548,False
Wban_10155,wuchereria_bancrofti_prjna275548,False
Wban_10156,wuchereria_bancrofti_prjna275548,False
Wban_10157,wuchereria_bancrofti_prjna275548,False
Wban_10158,wuchereria_bancrofti_prjna275548,False
Wban_10159,wuchereria_bancrofti_prjna275548,False
Wban_10160,wuchereria_bancrofti_prjna275548,False
Wban_10161,wuchereria_bancrofti_prjna275548,False
Wban_10162,wuchereria_bancrofti_prjna275548,False
Wban_10163,wuchereria_bancrofti_prjna275548,False
Wban_10164,wuchereria_bancrofti_prjna275548,False
Wban_10165,wuchereria_bancrofti_prjna275548,False
Wban_10166,wuchereria_bancrofti_prjna275548,False
Wban_10167,wuchereria_bancrofti_prjna275548,False
Wban_10168,wuchereria_bancrofti_prjna275548,False
Wban_10169,wuchereria_bancrofti_prjna275548,False
Wban_10170,wuchereria_bancrofti_prjna275548,False
Wban_10171,wuchereria_bancrofti_prjna275548,False
Wban_10172,wuchereria_bancrofti_prjna275548,False
Wban_10173,wuchereria_bancrofti_prjna275548,False
Wban_10174,wuchereria_bancrofti_prjna275548,False
Wban_10175,wuchereria_bancrofti_prjna275548,False
Wban_10176,wuchereria_bancrofti_prjna275548,False
Wban_10177,wuchereria_bancrofti_prjna275548,False
Wban_10178,wuchereria_bancrofti_prjna275548,False
Wban_10179,wuchereria_bancrofti_prjna275548,False
Wban_10180,wuchereria_bancrofti_prjna275548,False
Wban_10181,wuchereria_bancrofti_prjna275548,False
Wban_10182,wuchereria_bancrofti_prjna275548,False
Wban_10183,wuchereria_bancrofti_prjna275548,False
Wban_10184,wuchereria_bancrofti_prjna275548,False
Wban_10185,wuchereria_bancrofti_prjna275548,False
Wban_10186,wuchereria_bancrofti_prjna275548,False
Wban_10187,wuchereria_bancrofti_prjna275548,False
Wban_10188,wuchereria_bancrofti_prjna275548,False
Wban_10189,wuchereria_bancrofti_prjna275548,False
Wban_10190,wuchereria_bancrofti_prjna275548,False
Wban_10191,wuchereria_bancrofti_prjna275548,False
Wban_10192,wuchereria_bancrofti_prjna275548,False
Wban_10193,wuchereria_bancrofti_prjna275548,False
Wban_10194,wuchereria_bancrofti_prjna275548,False
Wban_10195,wuchereria_bancrofti_prjna275548,False
Wban_10196,wuchereria_bancrofti_prjna275548,False
Wban_10197,wuchereria_bancrofti_prjna275548,False
Wban_10198,wuchereria_bancrofti_prjna275548,False
Wban_10199,wuchereria_bancrofti_prjna275548,False
Wban_10200,wuchereria_bancrofti_prjna275548,False
Wban_10201,wuchereria_bancrofti_prjna275548,False
Wban_10202,wuchereria_bancrofti_prjna275548,False
Wban_10203,wuchereria_bancrofti_prjna275548,False
Wban_10204,wuchereria_bancrofti_prjna275548,False
Wban_10205,wuchereria_bancrofti_prjna275548,False
Wban_10206,wuchereria_bancrofti_prjna275548,False
Wban_10207,wuchereria_bancrofti_prjna275548,False
Wban_10208,wuchereria_bancrofti_prjna275548,False
Wban_10209,wuchereria_bancrofti_prjna275548,False
Wban_10210,wuchereria_bancrofti_prjna275548,False
Wban_10211,wuchereria_bancrofti_prjna275548,False
Wban_10212,wuchereria_bancrofti_prjna275548,False
Wban_10213,wuchereria_bancrofti_prjna275548,False
Wban_10214,wuchereria_bancrofti_prjna275548,False
Wban_10215,wuchereria_bancrofti_prjna275548,False
Wban_10216,wuchereria_bancrofti_prjna275548,False
Wban_10217,wuchereria_bancrofti_prjna275548,False
Wban_10218,wuchereria_bancrofti_prjna275548,False
Wban_10219,wuchereria_bancrofti_prjna275548,False
Wban_10220,wuchereria_bancrofti_prjna275548,False
Wban_10221,wuchereria_bancrofti_prjna275548,False
Wban_10222,wuchereria_bancrofti_prjna275548,False
Wban_10223,wuchereria_bancrofti_prjna275548,False
Wban_10224,wuchereria_bancrofti_prjna275548,False
Wban_10225,wuchereria_bancrofti_prjna275548,False
Wban_10226,wuchereria_bancrofti_prjna275548,False
Wban_10227,wuchereria_bancrofti_prjna275548,False
Wban_10228,wuchereria_bancrofti_prjna275548,False
Wban_10229,wuchereria_bancrofti_prjna275548,False
Wban_10230,wuchereria_bancrofti_prjna275548,False
Wban_10231,wuchereria_bancrofti_prjna275548,False
Wban_10232,wuchereria_bancrofti_prjna275548,False
Wban_10233,wuchereria_bancrofti_prjna275548,False
Wban_10234,wuchereria_bancrofti_prjna275548,False
Wban_10235,wuchereria_bancrofti_prjna275548,False
Wban_10236,wuchereria_bancrofti_prjna275548,False
Wban_10237,wuchereria_bancrofti_prjna275548,False
Wban_10238,wuchereria_bancrofti_prjna275548,False
Wban_10239,wuchereria_bancrofti_prjna275548,False
Wban_10240,wuchereria_bancrofti_prjna275548,False
Wban_10241,wuchereria_bancrofti_prjna275548,False
Wban_10242,wuchereria_bancrofti_prjna275548,False
Wban_10243,wuchereria_bancrofti_prjna275548,False
Wban_10244,wuchereria_bancrofti_prjna275548,False
Wban_10245,wuchereria_bancrofti_prjna275548,False
Wban_10246,wuchereria_bancrofti_prjna275548,False
Wban_10247,wuchereria_bancrofti_prjna275548,False
Wban_10248,wuchereria_bancrofti_prjna275548,False
Wban_10249,wuchereria_bancrofti_prjna275548,False
Wban_10250,wuchereria_bancrofti_prjna275548,False
Wban_10251,wuchereria_bancrofti_prjna275548,False
Wban_10252,wuchereria_bancrofti_prjna275548,False
Wban_10253,wuchereria_bancrofti_prjna275548,False
Wban_10254,wuchereria_bancrofti_prjna275548,False
Wban_10255,wuchereria_bancrofti_prjna275548,False
Wban_10256,wuchereria_bancrofti_prjna275548,False
Wban_10257,wuchereria_bancrofti_prjna275548,False
Wban_10258,wuchereria_bancrofti_prjna275548,False
Wban_10259,wuchereria_bancrofti_prjna275548,False
Wban_10260,wuchereria_bancrofti_prjna275548,False
Wban_10261,wuchereria_bancrofti_prjna275548,False
Wban_10262,wuchereria_bancrofti_prjna275548,False
Wban_10263,wuchereria_bancrofti_prjna275548,False
Wban_10264,wuchereria_bancrofti_prjna275548,False
Wban_10265,wuchereria_bancrofti_prjna275548,False
Wban_10266,wuchereria_bancrofti_prjna275548,False
Wban_10267,wuchereria_bancrofti_prjna275548,False
Wban_10268,wuchereria_bancrofti_prjna275548,False
Wban_10269,wuchereria_bancrofti_prjna275548,False
Wban_10270,wuchereria_bancrofti_prjna275548,False
Wban_10271,wuchereria_bancrofti_prjna275548,False
Wban_10272,wuchereria_bancrofti_prjna275548,False
Wban_10273,wuchereria_bancrofti_prjna275548,False
Wban_10274,wuchereria_bancrofti_prjna275548,False
Wban_10275,wuchereria_bancrofti_prjna275548,False
Wban_10276,wuchereria_bancrofti_prjna275548,False
Wban_10277,wuchereria_bancrofti_prjna275548,False
Wban_10278,wuchereria_bancrofti_prjna275548,False
Wban_10279,wuchereria_bancrofti_prjna275548,False
Wban_10280,wuchereria_bancrofti_prjna275548,False
Wban_10281,wuchereria_bancrofti_prjna275548,False
Wban_10282,wuchereria_bancrofti_prjna275548,False
Wban_10283,wuchereria_bancrofti_prjna275548,False
Wban_10284,wuchereria_bancrofti_prjna275548,False
Wban_10285,wuchereria_bancrofti_prjna275548,False
Wban_10286,wuchereria_bancrofti_prjna275548,False
Wban_10287,wuchereria_bancrofti_prjna275548,False
Wban_10288,wuchereria_bancrofti_prjna275548,False
Wban_10289,wuchereria_bancrofti_prjna275548,False
Wban_10290,wuchereria_bancrofti_prjna275548,False
Wban_10291,wuchereria_bancrofti_prjna275548,False
Wban_10292,wuchereria_bancrofti_prjna275548,False
Wban_10293,wuchereria_bancrofti_prjna275548,False
Wban_10294,wuchereria_bancrofti_prjna275548,False
Wban_10295,wuchereria_bancrofti_prjna275548,False
Wban_10296,wuchereria_bancrofti_prjna275548,False
Wban_10297,wuchereria_bancrofti_prjna275548,False
Wban_10298,wuchereria_bancrofti_prjna275548,False
Wban_10299,wuchereria_bancrofti_prjna275548,False
Wban_10300,wuchereria_bancrofti_prjna275548,False
Wban_10301,wuchereria_bancrofti_prjna275548,False
Wban_10302,wuchereria_bancrofti_prjna275548,False
Wban_10303,wuchereria_bancrofti_prjna275548,False
Wban_10304,wuchereria_bancrofti_prjna275548,False
Wban_10305,wuchereria_bancrofti_prjna275548,False
Wban_10306,wuchereria_bancrofti_prjna275548,False
Wban_10307,wuchereria_bancrofti_prjna275548,False
Wban_10308,wuchereria_bancrofti_prjna275548,False
Wban_10309,wuchereria_bancrofti_prjna275548,False
Wban_10310,wuchereria_bancrofti_prjna275548,False
Wban_10311,wuchereria_bancrofti_prjna275548,False
Wban_10312,wuchereria_bancrofti_prjna275548,False
Wban_10313,wuchereria_bancrofti_prjna275548,False
Wban_10314,wuchereria_bancrofti_prjna275548,False
Wban_10315,wuchereria_bancrofti_prjna275548,False
Wban_10316,wuchereria_bancrofti_prjna275548,False
Wban_10317,wuchereria_bancrofti_prjna275548,False
Wban_10318,wuchereria_bancrofti_prjna275548,False
Wban_10319,wuchereria_bancrofti_prjna275548,False
Wban_10320,wuchereria_bancrofti_prjna275548,False
Wban_10321,wuchereria_bancrofti_prjna275548,False
Wban_10322,wuchereria_bancrofti_prjna275548,False
Wban_10323,wuchereria_bancrofti_prjna275548,False
Wban_10324,wuchereria_bancrofti_prjna275548,False
Wban_10325,wuchereria_bancrofti_prjna275548,False
Wban_10326,wuchereria_bancrofti_prjna275548,False
Wban_10327,wuchereria_bancrofti_prjna275548,False
Wban_10328,wuchereria_bancrofti_prjna275548,False
Wban_10329,wuchereria_bancrofti_prjna275548,False
Wban_10330,wuchereria_bancrofti_prjna275548,False
Wban_10331,wuchereria_bancrofti_prjna275548,False
Wban_10332,wuchereria_bancrofti_prjna275548,False
Wban_10333,wuchereria_bancrofti_prjna275548,False
Wban_10334,wuchereria_bancrofti_prjna275548,False
Wban_10335,wuchereria_bancrofti_prjna275548,False
Wban_10336,wuchereria_bancrofti_prjna275548,False
Wban_10337,wuchereria_bancrofti_prjna275548,False
Wban_10338,wuchereria_bancrofti_prjna275548,False
Wban_10339,wuchereria_bancrofti_prjna275548,False
Wban_10340,wuchereria_bancrofti_prjna275548,False
Wban_10341,wuchereria_bancrofti_prjna275548,False
Wban_10342,wuchereria_bancrofti_prjna275548,False
Wban_10343,wuchereria_bancrofti_prjna275548,False
Wban_10344,wuchereria_bancrofti_prjna275548,False
Wban_10345,wuchereria_bancrofti_prjna275548,False
Wban_10346,wuchereria_bancrofti_prjna275548,False
Wban_10347,wuchereria_bancrofti_prjna275548,False
Wban_10348,wuchereria_bancrofti_prjna275548,False
Wban_10349,wuchereria_bancrofti_prjna275548,False
Wban_10350,wuchereria_bancrofti_prjna275548,False
Wban_10351,wuchereria_bancrofti_prjna275548,False
Wban_10352,wuchereria_bancrofti_prjna275548,False
Wban_10353,wuchereria_bancrofti_prjna275548,False
Wban_10354,wuchereria_bancrofti_prjna275548,False
Wban_10355,wuchereria_bancrofti_prjna275548,False
Wban_10356,wuchereria_bancrofti_prjna275548,False
Wban_10357,wuchereria_bancrofti_prjna275548,False
Wban_10358,wuchereria_bancrofti_prjna275548,False
Wban_10359,wuchereria_bancrofti_prjna275548,False
Wban_10360,wuchereria_bancrofti_prjna275548,False
Wban_10361,wuchereria_bancrofti_prjna275548,False
Wban_10362,wuchereria_bancrofti_prjna275548,False
Wban_10363,wuchereria_bancrofti_prjna275548,False
Wban_10364,wuchereria_bancrofti_prjna275548,False
Wban_10365,wuchereria_bancrofti_prjna275548,False
Wban_10366,wuchereria_bancrofti_prjna275548,False
Wban_10367,wuchereria_bancrofti_prjna275548,False
Wban_10368,wuchereria_bancrofti_prjna275548,False
Wban_10369,wuchereria_bancrofti_prjna275548,False
Wban_10370,wuchereria_bancrofti_prjna275548,False
Wban_10371,wuchereria_bancrofti_prjna275548,False
Wban_10372,wuchereria_bancrofti_prjna275548,False
Wban_10373,wuchereria_bancrofti_prjna275548,False
Wban_10374,wuchereria_bancrofti_prjna275548,False
Wban_10375,wuchereria_bancrofti_prjna275548,False
Wban_10376,wuchereria_bancrofti_prjna275548,False
Wban_10377,wuchereria_bancrofti_prjna275548,False
Wban_10378,wuchereria_bancrofti_prjna275548,False
Wban_10379,wuchereria_bancrofti_prjna275548,False
Wban_10380,wuchereria_bancrofti_prjna275548,False
Wban_10381,wuchereria_bancrofti_prjna275548,False
Wban_10382,wuchereria_bancrofti_prjna275548,False
Wban_10383,wuchereria_bancrofti_prjna275548,False
Wban_10384,wuchereria_bancrofti_prjna275548,False
Wban_10385,wuchereria_bancrofti_prjna275548,False
Wban_10386,wuchereria_bancrofti_prjna275548,False
Wban_10387,wuchereria_bancrofti_prjna275548,False
Wban_10388,wuchereria_bancrofti_prjna275548,False
Wban_10389,wuchereria_bancrofti_prjna275548,False
Wban_10390,wuchereria_bancrofti_prjna275548,False
Wban_10391,wuchereria_bancrofti_prjna275548,False
Wban_10392,wuchereria_bancrofti_prjna275548,False
Wban_10393,wuchereria_bancrofti_prjna275548,False
Wban_10394,wuchereria_bancrofti_prjna275548,False
Wban_10395,wuchereria_bancrofti_prjna275548,False
Wban_10396,wuchereria_bancrofti_prjna275548,False
Wban_10397,wuchereria_bancrofti_prjna275548,False
Wban_10398,wuchereria_bancrofti_prjna275548,False
Wban_10399,wuchereria_bancrofti_prjna275548,False
Wban_10400,wuchereria_bancrofti_prjna275548,False
Wban_10401,wuchereria_bancrofti_prjna275548,False
Wban_10402,wuchereria_bancrofti_prjna275548,False
Wban_10403,wuchereria_bancrofti_prjna275548,False
Wban_10404,wuchereria_bancrofti_prjna275548,False
Wban_10405,wuchereria_bancrofti_prjna275548,False
Wban_10406,wuchereria_bancrofti_prjna275548,False
Wban_10407,wuchereria_bancrofti_prjna275548,False
Wban_10408,wuchereria_bancrofti_prjna275548,False
Wban_10409,wuchereria_bancrofti_prjna275548,False
Wban_10410,wuchereria_bancrofti_prjna275548,False
Wban_10411,wuchereria_bancrofti_prjna275548,False
Wban_10412,wuchereria_bancrofti_prjna275548,False
Wban_10413,wuchereria_bancrofti_prjna275548,False
Wban_10414,wuchereria_bancrofti_prjna275548,False
Wban_10415,wuchereria_bancrofti_prjna275548,False
Wban_10416,wuchereria_bancrofti_prjna275548,False
Wban_10417,wuchereria_bancrofti_prjna275548,False
Wban_10418,wuchereria_bancrofti_prjna275548,False
Wban_10419,wuchereria_bancrofti_prjna275548,False
Wban_10420,wuchereria_bancrofti_prjna275548,False
Wban_10421,wuchereria_bancrofti_prjna275548,False
Wban_10422,wuchereria_bancrofti_prjna275548,False
Wban_10423,wuchereria_bancrofti_prjna275548,False
Wban_10424,wuchereria_bancrofti_prjna275548,False
Wban_10425,wuchereria_bancrofti_prjna275548,False
Wban_10426,wuchereria_bancrofti_prjna275548,False
Wban_10427,wuchereria_bancrofti_prjna275548,False
Wban_10428,wuchereria_bancrofti_prjna275548,False
Wban_10429,wuchereria_bancrofti_prjna275548,False
Wban_10430,wuchereria_bancrofti_prjna275548,False
Wban_10431,wuchereria_bancrofti_prjna275548,False
Wban_10432,wuchereria_bancrofti_prjna275548,False
Wban_10433,wuchereria_bancrofti_prjna275548,False
Wban_10434,wuchereria_bancrofti_prjna275548,False
Wban_10435,wuchereria_bancrofti_prjna275548,False
Wban_10436,wuchereria_bancrofti_prjna275548,False
Wban_10437,wuchereria_bancrofti_prjna275548,False
Wban_10438,wuchereria_bancrofti_prjna275548,False
Wban_10439,wuchereria_bancrofti_prjna275548,False
Wban_10440,wuchereria_bancrofti_prjna275548,False
Wban_10441,wuchereria_bancrofti_prjna275548,False
Wban_10442,wuchereria_bancrofti_prjna275548,False
Wban_10443,wuchereria_bancrofti_prjna275548,False
Wban_10444,wuchereria_bancrofti_prjna275548,False
Wban_10445,wuchereria_bancrofti_prjna275548,False
Wban_10446,wuchereria_bancrofti_prjna275548,False
Wban_10447,wuchereria_bancrofti_prjna275548,False
Wban_10448,wuchereria_bancrofti_prjna275548,False
Wban_10449,wuchereria_bancrofti_prjna275548,False
Wban_10450,wuchereria_bancrofti_prjna275548,False
Wban_10451,wuchereria_bancrofti_prjna275548,False
Wban_10452,wuchereria_bancrofti_prjna275548,False
Wban_10453,wuchereria_bancrofti_prjna275548,False
Wban_10454,wuchereria_bancrofti_prjna275548,False
Wban_10455,wuchereria_bancrofti_prjna275548,False
Wban_10456,wuchereria_bancrofti_prjna275548,False
Wban_10457,wuchereria_bancrofti_prjna275548,False
Wban_10458,wuchereria_bancrofti_prjna275548,False
Wban_10459,wuchereria_bancrofti_prjna275548,False
Wban_10460,wuchereria_bancrofti_prjna275548,False
Wban_10461,wuchereria_bancrofti_prjna275548,False
Wban_10462,wuchereria_bancrofti_prjna275548,False
Wban_10463,wuchereria_bancrofti_prjna275548,False
Wban_10464,wuchereria_bancrofti_prjna275548,False
Wban_10465,wuchereria_bancrofti_prjna275548,False
Wban_10466,wuchereria_bancrofti_prjna275548,False
Wban_10467,wuchereria_bancrofti_prjna275548,False
Wban_10468,wuchereria_bancrofti_prjna275548,False
Wban_10469,wuchereria_bancrofti_prjna275548,False
Wban_10470,wuchereria_bancrofti_prjna275548,False
Wban_10471,wuchereria_bancrofti_prjna275548,False
Wban_10472,wuchereria_bancrofti_prjna275548,False
Wban_10473,wuchereria_bancrofti_prjna275548,False
Wban_10474,wuchereria_bancrofti_prjna275548,False
Wban_10475,wuchereria_bancrofti_prjna275548,False
Wban_10476,wuchereria_bancrofti_prjna275548,False
Wban_10477,wuchereria_bancrofti_prjna275548,False
Wban_10478,wuchereria_bancrofti_prjna275548,False
Wban_10479,wuchereria_bancrofti_prjna275548,False
Wban_10480,wuchereria_bancrofti_prjna275548,False
Wban_10481,wuchereria_bancrofti_prjna275548,False
Wban_10482,wuchereria_bancrofti_prjna275548,False
Wban_10483,wuchereria_bancrofti_prjna275548,False
Wban_10484,wuchereria_bancrofti_prjna275548,False
Wban_10485,wuchereria_bancrofti_prjna275548,False
Wban_10486,wuchereria_bancrofti_prjna275548,False
Wban_10487,wuchereria_bancrofti_prjna275548,False
Wban_10488,wuchereria_bancrofti_prjna275548,False
Wban_10489,wuchereria_bancrofti_prjna275548,False
Wban_10490,wuchereria_bancrofti_prjna275548,False
Wban_10491,wuchereria_bancrofti_prjna275548,False
Wban_10492,wuchereria_bancrofti_prjna275548,False
Wban_10493,wuchereria_bancrofti_prjna275548,False
Wban_10494,wuchereria_bancrofti_prjna275548,False
Wban_10495,wuchereria_bancrofti_prjna275548,False
Wban_10496,wuchereria_bancrofti_prjna275548,False
Wban_10497,wuchereria_bancrofti_prjna275548,False
Wban_10498,wuchereria_bancrofti_prjna275548,False
Wban_10499,wuchereria_bancrofti_prjna275548,False
Wban_10500,wuchereria_bancrofti_prjna275548,False
Wban_10501,wuchereria_bancrofti_prjna275548,False
Wban_10502,wuchereria_bancrofti_prjna275548,False
Wban_10503,wuchereria_bancrofti_prjna275548,False
Wban_10504,wuchereria_bancrofti_prjna275548,False
Wban_10505,wuchereria_bancrofti_prjna275548,False
Wban_10506,wuchereria_bancrofti_prjna275548,False
Wban_10507,wuchereria_bancrofti_prjna275548,False
Wban_10508,wuchereria_bancrofti_prjna275548,False
Wban_10509,wuchereria_bancrofti_prjna275548,False
Wban_10510,wuchereria_bancrofti_prjna275548,False
Wban_10511,wuchereria_bancrofti_prjna275548,False
Wban_10512,wuchereria_bancrofti_prjna275548,False
Wban_10513,wuchereria_bancrofti_prjna275548,False
Wban_10514,wuchereria_bancrofti_prjna275548,False
Wban_10515,wuchereria_bancrofti_prjna275548,False
Wban_10516,wuchereria_bancrofti_prjna275548,False
Wban_10517,wuchereria_bancrofti_prjna275548,False
Wban_10518,wuchereria_bancrofti_prjna275548,False
Wban_10519,wuchereria_bancrofti_prjna275548,False
Wban_10520,wuchereria_bancrofti_prjna275548,False
Wban_10521,wuchereria_bancrofti_prjna275548,False
Wban_10522,wuchereria_bancrofti_prjna275548,False
Wban_10523,wuchereria_bancrofti_prjna275548,False
Wban_10524,wuchereria_bancrofti_prjna275548,False
Wban_10525,wuchereria_bancrofti_prjna275548,False
Wban_10526,wuchereria_bancrofti_prjna275548,False
Wban_10527,wuchereria_bancrofti_prjna275548,False
Wban_10528,wuchereria_bancrofti_prjna275548,False
Wban_10529,wuchereria_bancrofti_prjna275548,False
Wban_10530,wuchereria_bancrofti_prjna275548,False
Wban_10531,wuchereria_bancrofti_prjna275548,False
Wban_10532,wuchereria_bancrofti_prjna275548,False
Wban_10533,wuchereria_bancrofti_prjna275548,False
Wban_10534,wuchereria_bancrofti_prjna275548,False
Wban_10535,wuchereria_bancrofti_prjna275548,False
Wban_10536,wuchereria_bancrofti_prjna275548,False
Wban_10537,wuchereria_bancrofti_prjna275548,False
Wban_10538,wuchereria_bancrofti_prjna275548,False
Wban_10539,wuchereria_bancrofti_prjna275548,False
Wban_10540,wuchereria_bancrofti_prjna275548,False
Wban_10541,wuchereria_bancrofti_prjna275548,False
Wban_10542,wuchereria_bancrofti_prjna275548,False
Wban_10543,wuchereria_bancrofti_prjna275548,False
Wban_10544,wuchereria_bancrofti_prjna275548,False
Wban_10545,wuchereria_bancrofti_prjna275548,False
Wban_10546,wuchereria_bancrofti_prjna275548,False
Wban_10547,wuchereria_bancrofti_prjna275548,False
Wban_10548,wuchereria_bancrofti_prjna275548,False
Wban_10549,wuchereria_bancrofti_prjna275548,False
Wban_10550,wuchereria_bancrofti_prjna275548,False
Wban_10551,wuchereria_bancrofti_prjna275548,False
Wban_10552,wuchereria_bancrofti_prjna275548,False
Wban_10553,wuchereria_bancrofti_prjna275548,False
Wban_10554,wuchereria_bancrofti_prjna275548,False
Wban_10555,wuchereria_bancrofti_prjna275548,False
Wban_10556,wuchereria_bancrofti_prjna275548,False
Wban_10557,wuchereria_bancrofti_prjna275548,False
Wban_10558,wuchereria_bancrofti_prjna275548,False
Wban_10559,wuchereria_bancrofti_prjna275548,False
Wban_10560,wuchereria_bancrofti_prjna275548,False
Wban_10561,wuchereria_bancrofti_prjna275548,False
Wban_10562,wuchereria_bancrofti_prjna275548,False
Wban_10563,wuchereria_bancrofti_prjna275548,False
Wban_10564,wuchereria_bancrofti_prjna275548,False
Wban_10565,wuchereria_bancrofti_prjna275548,False
Wban_10566,wuchereria_bancrofti_prjna275548,False
Wban_10567,wuchereria_bancrofti_prjna275548,False
Wban_10568,wuchereria_bancrofti_prjna275548,False
Wban_10569,wuchereria_bancrofti_prjna275548,False
Wban_10570,wuchereria_bancrofti_prjna275548,False
Wban_10571,wuchereria_bancrofti_prjna275548,False
Wban_10572,wuchereria_bancrofti_prjna275548,False
Wban_10573,wuchereria_bancrofti_prjna275548,False
Wban_10574,wuchereria_bancrofti_prjna275548,False
Wban_10575,wuchereria_bancrofti_prjna275548,False
Wban_10576,wuchereria_bancrofti_prjna275548,False
Wban_10577,wuchereria_bancrofti_prjna275548,False
Wban_10578,wuchereria_bancrofti_prjna275548,False
Wban_10579,wuchereria_bancrofti_prjna275548,False
Wban_10580,wuchereria_bancrofti_prjna275548,False
Wban_10581,wuchereria_bancrofti_prjna275548,False
Wban_10582,wuchereria_bancrofti_prjna275548,False
Wban_10583,wuchereria_bancrofti_prjna275548,False
Wban_10584,wuchereria_bancrofti_prjna275548,False
Wban_10585,wuchereria_bancrofti_prjna275548,False
Wban_10586,wuchereria_bancrofti_prjna275548,False
Wban_10587,wuchereria_bancrofti_prjna275548,False
Wban_10588,wuchereria_bancrofti_prjna275548,False
Wban_10589,wuchereria_bancrofti_prjna275548,False
Wban_10590,wuchereria_bancrofti_prjna275548,False
Wban_10591,wuchereria_bancrofti_prjna275548,False
Wban_10592,wuchereria_bancrofti_prjna275548,False
Wban_10593,wuchereria_bancrofti_prjna275548,False
Wban_10594,wuchereria_bancrofti_prjna275548,False
Wban_10595,wuchereria_bancrofti_prjna275548,False
Wban_10596,wuchereria_bancrofti_prjna275548,False
Wban_10597,wuchereria_bancrofti_prjna275548,False
Wban_10598,wuchereria_bancrofti_prjna275548,False
Wban_10599,wuchereria_bancrofti_prjna275548,False
Wban_10600,wuchereria_bancrofti_prjna275548,False
Wban_10601,wuchereria_bancrofti_prjna275548,False
Wban_10602,wuchereria_bancrofti_prjna275548,False
Wban_10603,wuchereria_bancrofti_prjna275548,False
Wban_10604,wuchereria_bancrofti_prjna275548,False
Wban_10605,wuchereria_bancrofti_prjna275548,False
Wban_10606,wuchereria_bancrofti_prjna275548,False
Wban_10607,wuchereria_bancrofti_prjna275548,False
Wban_10608,wuchereria_bancrofti_prjna275548,False
Wban_10609,wuchereria_bancrofti_prjna275548,False
Wban_10610,wuchereria_bancrofti_prjna275548,False
Wban_10611,wuchereria_bancrofti_prjna275548,False
Wban_10612,wuchereria_bancrofti_prjna275548,False
Wban_10613,wuchereria_bancrofti_prjna275548,False
Wban_10614,wuchereria_bancrofti_prjna275548,False
Wban_10615,wuchereria_bancrofti_prjna275548,False
Wban_10616,wuchereria_bancrofti_prjna275548,False
Wban_10617,wuchereria_bancrofti_prjna275548,False
Wban_10618,wuchereria_bancrofti_prjna275548,False
Wban_10619,wuchereria_bancrofti_prjna275548,False
Wban_10620,wuchereria_bancrofti_prjna275548,False
Wban_10621,wuchereria_bancrofti_prjna275548,False
Wban_10622,wuchereria_bancrofti_prjna275548,False
Wban_10623,wuchereria_bancrofti_prjna275548,False
Wban_10624,wuchereria_bancrofti_prjna275548,False
Wban_10625,wuchereria_bancrofti_prjna275548,False
Wban_10626,wuchereria_bancrofti_prjna275548,False
Wban_10627,wuchereria_bancrofti_prjna275548,False
Wban_10628,wuchereria_bancrofti_prjna275548,False
Wban_10629,wuchereria_bancrofti_prjna275548,False
Wban_10630,wuchereria_bancrofti_prjna275548,False
Wban_10631,wuchereria_bancrofti_prjna275548,False
Wban_10632,wuchereria_bancrofti_prjna275548,False
Wban_10633,wuchereria_bancrofti_prjna275548,False
Wban_10634,wuchereria_bancrofti_prjna275548,False
Wban_10635,wuchereria_bancrofti_prjna275548,False
Wban_10636,wuchereria_bancrofti_prjna275548,False
Wban_10637,wuchereria_bancrofti_prjna275548,False
Wban_10638,wuchereria_bancrofti_prjna275548,False
Wban_10639,wuchereria_bancrofti_prjna275548,False
Wban_10640,wuchereria_bancrofti_prjna275548,False
Wban_10641,wuchereria_bancrofti_prjna275548,False
Wban_10642,wuchereria_bancrofti_prjna275548,False
Wban_10643,wuchereria_bancrofti_prjna275548,False
Wban_10644,wuchereria_bancrofti_prjna275548,False
Wban_10645,wuchereria_bancrofti_prjna275548,False
Wban_10646,wuchereria_bancrofti_prjna275548,False
Wban_10647,wuchereria_bancrofti_prjna275548,False
Wban_10648,wuchereria_bancrofti_prjna275548,False
Wban_10649,wuchereria_bancrofti_prjna275548,False
Wban_10650,wuchereria_bancrofti_prjna275548,False
Wban_10651,wuchereria_bancrofti_prjna275548,False
Wban_10652,wuchereria_bancrofti_prjna275548,False
Wban_10653,wuchereria_bancrofti_prjna275548,False
Wban_10654,wuchereria_bancrofti_prjna275548,False
Wban_10655,wuchereria_bancrofti_prjna275548,False
Wban_10656,wuchereria_bancrofti_prjna275548,False
Wban_10657,wuchereria_bancrofti_prjna275548,False
Wban_10658,wuchereria_bancrofti_prjna275548,False
Wban_10659,wuchereria_bancrofti_prjna275548,False
Wban_10660,wuchereria_bancrofti_prjna275548,False
Wban_10661,wuchereria_bancrofti_prjna275548,False
Wban_10662,wuchereria_bancrofti_prjna275548,False
Wban_10663,wuchereria_bancrofti_prjna275548,False
Wban_10664,wuchereria_bancrofti_prjna275548,False
Wban_10665,wuchereria_bancrofti_prjna275548,False
Wban_10666,wuchereria_bancrofti_prjna275548,False
Wban_10667,wuchereria_bancrofti_prjna275548,False
Wban_10668,wuchereria_bancrofti_prjna275548,False
Wban_10669,wuchereria_bancrofti_prjna275548,False
Wban_10670,wuchereria_bancrofti_prjna275548,False
Wban_10671,wuchereria_bancrofti_prjna275548,False
Wban_10672,wuchereria_bancrofti_prjna275548,False
Wban_10673,wuchereria_bancrofti_prjna275548,False
Wban_10674,wuchereria_bancrofti_prjna275548,False
Wban_10675,wuchereria_bancrofti_prjna275548,False
Wban_10676,wuchereria_bancrofti_prjna275548,False
Wban_10677,wuchereria_bancrofti_prjna275548,False
Wban_10678,wuchereria_bancrofti_prjna275548,False
Wban_10679,wuchereria_bancrofti_prjna275548,False
Wban_10680,wuchereria_bancrofti_prjna275548,False
Wban_10681,wuchereria_bancrofti_prjna275548,False
Wban_10682,wuchereria_bancrofti_prjna275548,False
Wban_10683,wuchereria_bancrofti_prjna275548,False
Wban_10684,wuchereria_bancrofti_prjna275548,False
Wban_10685,wuchereria_bancrofti_prjna275548,False
Wban_10686,wuchereria_bancrofti_prjna275548,False
Wban_10687,wuchereria_bancrofti_prjna275548,False
Wban_10688,wuchereria_bancrofti_prjna275548,False
Wban_10689,wuchereria_bancrofti_prjna275548,False
Wban_10690,wuchereria_bancrofti_prjna275548,False
Wban_10691,wuchereria_bancrofti_prjna275548,False
Wban_10692,wuchereria_bancrofti_prjna275548,False
Wban_10693,wuchereria_bancrofti_prjna275548,False
Wban_10694,wuchereria_bancrofti_prjna275548,False
Wban_10695,wuchereria_bancrofti_prjna275548,False
Wban_10696,wuchereria_bancrofti_prjna275548,False
Wban_10697,wuchereria_bancrofti_prjna275548,False
Wban_10698,wuchereria_bancrofti_prjna275548,False
Wban_10699,wuchereria_bancrofti_prjna275548,False
Wban_10700,wuchereria_bancrofti_prjna275548,False
Wban_10701,wuchereria_bancrofti_prjna275548,False
Wban_10702,wuchereria_bancrofti_prjna275548,False
Wban_10703,wuchereria_bancrofti_prjna275548,False
Wban_10704,wuchereria_bancrofti_prjna275548,False
Wban_10705,wuchereria_bancrofti_prjna275548,False
Wban_10706,wuchereria_bancrofti_prjna275548,False
Wban_10707,wuchereria_bancrofti_prjna275548,False
Wban_10708,wuchereria_bancrofti_prjna275548,False
Wban_10709,wuchereria_bancrofti_prjna275548,False
Wban_10710,wuchereria_bancrofti_prjna275548,False
Wban_10711,wuchereria_bancrofti_prjna275548,False
Wban_10712,wuchereria_bancrofti_prjna275548,False
Wban_10713,wuchereria_bancrofti_prjna275548,False
Wban_10714,wuchereria_bancrofti_prjna275548,False
Wban_10715,wuchereria_bancrofti_prjna275548,False
Wban_10716,wuchereria_bancrofti_prjna275548,False
Wban_10717,wuchereria_bancrofti_prjna275548,False
Wban_10718,wuchereria_bancrofti_prjna275548,False
Wban_10719,wuchereria_bancrofti_prjna275548,False
Wban_10720,wuchereria_bancrofti_prjna275548,False
Wban_10721,wuchereria_bancrofti_prjna275548,False
Wban_10722,wuchereria_bancrofti_prjna275548,False
Wban_10723,wuchereria_bancrofti_prjna275548,False
Wban_10724,wuchereria_bancrofti_prjna275548,False
Wban_10725,wuchereria_bancrofti_prjna275548,False
Wban_10726,wuchereria_bancrofti_prjna275548,False
Wban_10727,wuchereria_bancrofti_prjna275548,False
Wban_10728,wuchereria_bancrofti_prjna275548,False
Wban_10729,wuchereria_bancrofti_prjna275548,False
Wban_10730,wuchereria_bancrofti_prjna275548,False
Wban_10731,wuchereria_bancrofti_prjna275548,False
Wban_10732,wuchereria_bancrofti_prjna275548,False
Wban_10733,wuchereria_bancrofti_prjna275548,False
Wban_10734,wuchereria_bancrofti_prjna275548,False
Wban_10735,wuchereria_bancrofti_prjna275548,False
Wban_10736,wuchereria_bancrofti_prjna275548,False
Wban_10737,wuchereria_bancrofti_prjna275548,False
Wban_10738,wuchereria_bancrofti_prjna275548,False
Wban_10739,wuchereria_bancrofti_prjna275548,False
Wban_10740,wuchereria_bancrofti_prjna275548,False
Wban_10741,wuchereria_bancrofti_prjna275548,False
Wban_10742,wuchereria_bancrofti_prjna275548,False
Wban_10743,wuchereria_bancrofti_prjna275548,False
Wban_10744,wuchereria_bancrofti_prjna275548,False
Wban_10745,wuchereria_bancrofti_prjna275548,False
Wban_10746,wuchereria_bancrofti_prjna275548,False
Wban_10747,wuchereria_bancrofti_prjna275548,False
Wban_10748,wuchereria_bancrofti_prjna275548,False
Wban_10749,wuchereria_bancrofti_prjna275548,False
Wban_10750,wuchereria_bancrofti_prjna275548,False
Wban_10751,wuchereria_bancrofti_prjna275548,False
Wban_10752,wuchereria_bancrofti_prjna275548,False
Wban_10753,wuchereria_bancrofti_prjna275548,False
Wban_10754,wuchereria_bancrofti_prjna275548,False
Wban_10755,wuchereria_bancrofti_prjna275548,False
Wban_10756,wuchereria_bancrofti_prjna275548,False
Wban_10757,wuchereria_bancrofti_prjna275548,False
Wban_10758,wuchereria_bancrofti_prjna275548,False
Wban_10759,wuchereria_bancrofti_prjna275548,False
Wban_10760,wuchereria_bancrofti_prjna275548,False
Wban_10761,wuchereria_bancrofti_prjna275548,False
Wban_10762,wuchereria_bancrofti_prjna275548,False
Wban_10763,wuchereria_bancrofti_prjna275548,False
Wban_10764,wuchereria_bancrofti_prjna275548,False
Wban_10765,wuchereria_bancrofti_prjna275548,False
Wban_10766,wuchereria_bancrofti_prjna275548,False
Wban_10767,wuchereria_bancrofti_prjna275548,False
Wban_10768,wuchereria_bancrofti_prjna275548,False
Wban_10769,wuchereria_bancrofti_prjna275548,False
Wban_10770,wuchereria_bancrofti_prjna275548,False
Wban_10771,wuchereria_bancrofti_prjna275548,False
Wban_10772,wuchereria_bancrofti_prjna275548,False
Wban_10773,wuchereria_bancrofti_prjna275548,False
Wban_10774,wuchereria_bancrofti_prjna275548,False
Wban_10775,wuchereria_bancrofti_prjna275548,False
Wban_10776,wuchereria_bancrofti_prjna275548,False
Wban_10777,wuchereria_bancrofti_prjna275548,False
Wban_10778,wuchereria_bancrofti_prjna275548,False
Wban_10779,wuchereria_bancrofti_prjna275548,False
Wban_10780,wuchereria_bancrofti_prjna275548,False
Wban_10781,wuchereria_bancrofti_prjna275548,False
Wban_10782,wuchereria_bancrofti_prjna275548,False
Wban_10783,wuchereria_bancrofti_prjna275548,False
Wban_10784,wuchereria_bancrofti_prjna275548,False
Wban_10785,wuchereria_bancrofti_prjna275548,False
Wban_10786,wuchereria_bancrofti_prjna275548,False
Wban_10787,wuchereria_bancrofti_prjna275548,False
Wban_10788,wuchereria_bancrofti_prjna275548,False
Wban_10789,wuchereria_bancrofti_prjna275548,False
Wban_10790,wuchereria_bancrofti_prjna275548,False
Wban_10791,wuchereria_bancrofti_prjna275548,False
Wban_10792,wuchereria_bancrofti_prjna275548,False
Wban_10793,wuchereria_bancrofti_prjna275548,False
Wban_10794,wuchereria_bancrofti_prjna275548,False
Wban_10795,wuchereria_bancrofti_prjna275548,False
Wban_10796,wuchereria_bancrofti_prjna275548,False
Wban_10797,wuchereria_bancrofti_prjna275548,False
Wban_10798,wuchereria_bancrofti_prjna275548,False
Wban_10799,wuchereria_bancrofti_prjna275548,False
Wban_10800,wuchereria_bancrofti_prjna275548,False
Wban_10801,wuchereria_bancrofti_prjna275548,False
Wban_10802,wuchereria_bancrofti_prjna275548,False
Wban_10803,wuchereria_bancrofti_prjna275548,False
Wban_10804,wuchereria_bancrofti_prjna275548,False
Wban_10805,wuchereria_bancrofti_prjna275548,False
Wban_10806,wuchereria_bancrofti_prjna275548,False
Wban_10807,wuchereria_bancrofti_prjna275548,False
Wban_10808,wuchereria_bancrofti_prjna275548,False
Wban_10809,wuchereria_bancrofti_prjna275548,False
Wban_10810,wuchereria_bancrofti_prjna275548,False
Wban_10811,wuchereria_bancrofti_prjna275548,False
Wban_10812,wuchereria_bancrofti_prjna275548,False
Wban_10813,wuchereria_bancrofti_prjna275548,False
Wban_10814,wuchereria_bancrofti_prjna275548,False
Wban_10815,wuchereria_bancrofti_prjna275548,False
Wban_10816,wuchereria_bancrofti_prjna275548,False
Wban_10817,wuchereria_bancrofti_prjna275548,False
Wban_10818,wuchereria_bancrofti_prjna275548,False
Wban_10819,wuchereria_bancrofti_prjna275548,False
Wban_10820,wuchereria_bancrofti_prjna275548,False
Wban_10821,wuchereria_bancrofti_prjna275548,False
Wban_10822,wuchereria_bancrofti_prjna275548,False
Wban_10823,wuchereria_bancrofti_prjna275548,False
Wban_10824,wuchereria_bancrofti_prjna275548,False
Wban_10825,wuchereria_bancrofti_prjna275548,False
Wban_10826,wuchereria_bancrofti_prjna275548,False
Wban_10827,wuchereria_bancrofti_prjna275548,False
Wban_10828,wuchereria_bancrofti_prjna275548,False
Wban_10829,wuchereria_bancrofti_prjna275548,False
Wban_10830,wuchereria_bancrofti_prjna275548,False
Wban_10831,wuchereria_bancrofti_prjna275548,False
Wban_10832,wuchereria_bancrofti_prjna275548,False
Wban_10833,wuchereria_bancrofti_prjna275548,False
Wban_10834,wuchereria_bancrofti_prjna275548,False
Wban_10835,wuchereria_bancrofti_prjna275548,False
Wban_10836,wuchereria_bancrofti_prjna275548,False
Wban_10837,wuchereria_bancrofti_prjna275548,False
Wban_10838,wuchereria_bancrofti_prjna275548,False
Wban_10839,wuchereria_bancrofti_prjna275548,False
Wban_10840,wuchereria_bancrofti_prjna275548,False
Wban_10841,wuchereria_bancrofti_prjna275548,False
Wban_10842,wuchereria_bancrofti_prjna275548,False
Wban_10843,wuchereria_bancrofti_prjna275548,False
Wban_10844,wuchereria_bancrofti_prjna275548,False
Wban_10845,wuchereria_bancrofti_prjna275548,False
Wban_10846,wuchereria_bancrofti_prjna275548,False
Wban_10847,wuchereria_bancrofti_prjna275548,False
Wban_10848,wuchereria_bancrofti_prjna275548,False
Wban_10849,wuchereria_bancrofti_prjna275548,False
Wban_10850,wuchereria_bancrofti_prjna275548,False
Wban_10851,wuchereria_bancrofti_prjna275548,False
Wban_10852,wuchereria_bancrofti_prjna275548,False
Wban_10853,wuchereria_bancrofti_prjna275548,False
Wban_10854,wuchereria_bancrofti_prjna275548,False
Wban_10855,wuchereria_bancrofti_prjna275548,False
Wban_10856,wuchereria_bancrofti_prjna275548,False
Wban_10857,wuchereria_bancrofti_prjna275548,False
Wban_10858,wuchereria_bancrofti_prjna275548,False
Wban_10859,wuchereria_bancrofti_prjna275548,False
Wban_10860,wuchereria_bancrofti_prjna275548,False
Wban_10861,wuchereria_bancrofti_prjna275548,False
Wban_10862,wuchereria_bancrofti_prjna275548,False
Wban_10863,wuchereria_bancrofti_prjna275548,False
Wban_10864,wuchereria_bancrofti_prjna275548,False
Wban_10865,wuchereria_bancrofti_prjna275548,False
Wban_10866,wuchereria_bancrofti_prjna275548,False
Wban_10867,wuchereria_bancrofti_prjna275548,False
Wban_10868,wuchereria_bancrofti_prjna275548,False
Wban_10869,wuchereria_bancrofti_prjna275548,False
Wban_10870,wuchereria_bancrofti_prjna275548,False
Wban_10871,wuchereria_bancrofti_prjna275548,False
Wban_10872,wuchereria_bancrofti_prjna275548,False
Wban_10873,wuchereria_bancrofti_prjna275548,False
Wban_10874,wuchereria_bancrofti_prjna275548,False
Wban_10875,wuchereria_bancrofti_prjna275548,False
Wban_10876,wuchereria_bancrofti_prjna275548,False
Wban_10877,wuchereria_bancrofti_prjna275548,False
Wban_10878,wuchereria_bancrofti_prjna275548,False
Wban_10879,wuchereria_bancrofti_prjna275548,False
Wban_10880,wuchereria_bancrofti_prjna275548,False
Wban_10881,wuchereria_bancrofti_prjna275548,False
Wban_10882,wuchereria_bancrofti_prjna275548,False
Wban_10883,wuchereria_bancrofti_prjna275548,False
Wban_10884,wuchereria_bancrofti_prjna275548,False
Wban_10885,wuchereria_bancrofti_prjna275548,False
Wban_10886,wuchereria_bancrofti_prjna275548,False
Wban_10887,wuchereria_bancrofti_prjna275548,False
Wban_10888,wuchereria_bancrofti_prjna275548,False
Wban_10889,wuchereria_bancrofti_prjna275548,False
Wban_10890,wuchereria_bancrofti_prjna275548,False
Wban_10891,wuchereria_bancrofti_prjna275548,False
Wban_10892,wuchereria_bancrofti_prjna275548,False
Wban_10893,wuchereria_bancrofti_prjna275548,False
Wban_10894,wuchereria_bancrofti_prjna275548,False
Wban_10895,wuchereria_bancrofti_prjna275548,False
Wban_10896,wuchereria_bancrofti_prjna275548,False
Wban_10897,wuchereria_bancrofti_prjna275548,False
Wban_10898,wuchereria_bancrofti_prjna275548,False
Wban_10899,wuchereria_bancrofti_prjna275548,False
Wban_10900,wuchereria_bancrofti_prjna275548,False
Wban_10901,wuchereria_bancrofti_prjna275548,False
Wban_10902,wuchereria_bancrofti_prjna275548,False
Wban_10903,wuchereria_bancrofti_prjna275548,False
Wban_10904,wuchereria_bancrofti_prjna275548,False
Wban_10905,wuchereria_bancrofti_prjna275548,False
Wban_10906,wuchereria_bancrofti_prjna275548,False
Wban_10907,wuchereria_bancrofti_prjna275548,False
Wban_10908,wuchereria_bancrofti_prjna275548,False
Wban_10909,wuchereria_bancrofti_prjna275548,False
Wban_10910,wuchereria_bancrofti_prjna275548,False
Wban_10911,wuchereria_bancrofti_prjna275548,False
Wban_10912,wuchereria_bancrofti_prjna275548,False
Wban_10913,wuchereria_bancrofti_prjna275548,False
Wban_10914,wuchereria_bancrofti_prjna275548,False
Wban_10915,wuchereria_bancrofti_prjna275548,False
Wban_10916,wuchereria_bancrofti_prjna275548,False
Wban_10917,wuchereria_bancrofti_prjna275548,False
Wban_10918,wuchereria_bancrofti_prjna275548,False
Wban_10919,wuchereria_bancrofti_prjna275548,False
Wban_10920,wuchereria_bancrofti_prjna275548,False
Wban_10921,wuchereria_bancrofti_prjna275548,False
Wban_10922,wuchereria_bancrofti_prjna275548,False
Wban_10923,wuchereria_bancrofti_prjna275548,False
Wban_10924,wuchereria_bancrofti_prjna275548,False
Wban_10925,wuchereria_bancrofti_prjna275548,False
Wban_10926,wuchereria_bancrofti_prjna275548,False
Wban_10927,wuchereria_bancrofti_prjna275548,False
Wban_10928,wuchereria_bancrofti_prjna275548,False
Wban_10929,wuchereria_bancrofti_prjna275548,False
Wban_10930,wuchereria_bancrofti_prjna275548,False
Wban_10931,wuchereria_bancrofti_prjna275548,False
Wban_10932,wuchereria_bancrofti_prjna275548,False
Wban_10933,wuchereria_bancrofti_prjna275548,False
Wban_10934,wuchereria_bancrofti_prjna275548,False
Wban_10935,wuchereria_bancrofti_prjna275548,False
Wban_10936,wuchereria_bancrofti_prjna275548,False
Wban_10937,wuchereria_bancrofti_prjna275548,False
Wban_10938,wuchereria_bancrofti_prjna275548,False
Wban_10939,wuchereria_bancrofti_prjna275548,False
Wban_10940,wuchereria_bancrofti_prjna275548,False
Wban_10941,wuchereria_bancrofti_prjna275548,False
Wban_10942,wuchereria_bancrofti_prjna275548,False
Wban_10943,wuchereria_bancrofti_prjna275548,False
Wban_10944,wuchereria_bancrofti_prjna275548,False
Wban_10945,wuchereria_bancrofti_prjna275548,False
Wban_10946,wuchereria_bancrofti_prjna275548,False
Wban_10947,wuchereria_bancrofti_prjna275548,False
Wban_10948,wuchereria_bancrofti_prjna275548,False
Wban_10949,wuchereria_bancrofti_prjna275548,False
Wban_10950,wuchereria_bancrofti_prjna275548,False
Wban_10951,wuchereria_bancrofti_prjna275548,False
Wban_10952,wuchereria_bancrofti_prjna275548,False
Wban_10953,wuchereria_bancrofti_prjna275548,False
Wban_10954,wuchereria_bancrofti_prjna275548,False
Wban_10955,wuchereria_bancrofti_prjna275548,False
Wban_10956,wuchereria_bancrofti_prjna275548,False
Wban_10957,wuchereria_bancrofti_prjna275548,False
Wban_10958,wuchereria_bancrofti_prjna275548,False
Wban_10959,wuchereria_bancrofti_prjna275548,False
Wban_10960,wuchereria_bancrofti_prjna275548,False
Wban_10961,wuchereria_bancrofti_prjna275548,False
Wban_10962,wuchereria_bancrofti_prjna275548,False
Wban_10963,wuchereria_bancrofti_prjna275548,False
Wban_10964,wuchereria_bancrofti_prjna275548,False
Wban_10965,wuchereria_bancrofti_prjna275548,False
Wban_10966,wuchereria_bancrofti_prjna275548,False
Wban_10967,wuchereria_bancrofti_prjna275548,False
Wban_10968,wuchereria_bancrofti_prjna275548,False
Wban_10969,wuchereria_bancrofti_prjna275548,False
Wban_10970,wuchereria_bancrofti_prjna275548,False
Wban_10971,wuchereria_bancrofti_prjna275548,False
Wban_10972,wuchereria_bancrofti_prjna275548,False
Wban_10973,wuchereria_bancrofti_prjna275548,False
Wban_10974,wuchereria_bancrofti_prjna275548,False
Wban_10975,wuchereria_bancrofti_prjna275548,False
Wban_10976,wuchereria_bancrofti_prjna275548,False
Wban_10977,wuchereria_bancrofti_prjna275548,False
Wban_10978,wuchereria_bancrofti_prjna275548,False
Wban_10979,wuchereria_bancrofti_prjna275548,False
Wban_10980,wuchereria_bancrofti_prjna275548,False
Wban_10981,wuchereria_bancrofti_prjna275548,False
Wban_10982,wuchereria_bancrofti_prjna275548,False
Wban_10983,wuchereria_bancrofti_prjna275548,False
Wban_10984,wuchereria_bancrofti_prjna275548,False
Wban_10985,wuchereria_bancrofti_prjna275548,False
Wban_10986,wuchereria_bancrofti_prjna275548,False
Wban_10987,wuchereria_bancrofti_prjna275548,False
Wban_10988,wuchereria_bancrofti_prjna275548,False
Wban_10989,wuchereria_bancrofti_prjna275548,False
Wban_10990,wuchereria_bancrofti_prjna275548,False
Wban_10991,wuchereria_bancrofti_prjna275548,False
Wban_10992,wuchereria_bancrofti_prjna275548,False
Wban_10993,wuchereria_bancrofti_prjna275548,False
Wban_10994,wuchereria_bancrofti_prjna275548,False
Wban_10995,wuchereria_bancrofti_prjna275548,False
Wban_10996,wuchereria_bancrofti_prjna275548,False
Wban_10997,wuchereria_bancrofti_prjna275548,False
Wban_10998,wuchereria_bancrofti_prjna275548,False
Wban_10999,wuchereria_bancrofti_prjna275548,False
Wban_11000,wuchereria_bancrofti_prjna275548,False
Wban_11001,wuchereria_bancrofti_prjna275548,False
Wban_11002,wuchereria_bancrofti_prjna275548,False
Wban_11003,wuchereria_bancrofti_prjna275548,False
Wban_11004,wuchereria_bancrofti_prjna275548,False
Wban_11005,wuchereria_bancrofti_prjna275548,False
Wban_11006,wuchereria_bancrofti_prjna275548,False
Wban_11007,wuchereria_bancrofti_prjna275548,False
Wban_11008,wuchereria_bancrofti_prjna275548,False
Wban_11009,wuchereria_bancrofti_prjna275548,False
Wban_11010,wuchereria_bancrofti_prjna275548,False
Wban_11011,wuchereria_bancrofti_prjna275548,False
Wban_11012,wuchereria_bancrofti_prjna275548,False
Wban_11013,wuchereria_bancrofti_prjna275548,False
Wban_11014,wuchereria_bancrofti_prjna275548,False
Wban_11015,wuchereria_bancrofti_prjna275548,False
Wban_11016,wuchereria_bancrofti_prjna275548,False
Wban_11017,wuchereria_bancrofti_prjna275548,False
Wban_11018,wuchereria_bancrofti_prjna275548,False
Wban_11019,wuchereria_bancrofti_prjna275548,False
Wban_11020,wuchereria_bancrofti_prjna275548,False
Wban_11021,wuchereria_bancrofti_prjna275548,False
Wban_11022,wuchereria_bancrofti_prjna275548,False
Wban_11023,wuchereria_bancrofti_prjna275548,False
Wban_11024,wuchereria_bancrofti_prjna275548,False
Wban_11025,wuchereria_bancrofti_prjna275548,False
Wban_11026,wuchereria_bancrofti_prjna275548,False
Wban_11027,wuchereria_bancrofti_prjna275548,False
Wban_11028,wuchereria_bancrofti_prjna275548,False
Wban_11029,wuchereria_bancrofti_prjna275548,False
Wban_11030,wuchereria_bancrofti_prjna275548,False
Wban_11031,wuchereria_bancrofti_prjna275548,False
Wban_11032,wuchereria_bancrofti_prjna275548,False
Wban_11033,wuchereria_bancrofti_prjna275548,False
Wban_11034,wuchereria_bancrofti_prjna275548,False
Wban_11035,wuchereria_bancrofti_prjna275548,False
Wban_11036,wuchereria_bancrofti_prjna275548,False
Wban_11037,wuchereria_bancrofti_prjna275548,False
Wban_11038,wuchereria_bancrofti_prjna275548,False
Wban_11039,wuchereria_bancrofti_prjna275548,False
Wban_11040,wuchereria_bancrofti_prjna275548,False
Wban_11041,wuchereria_bancrofti_prjna275548,False
Wban_11042,wuchereria_bancrofti_prjna275548,False
Wban_11043,wuchereria_bancrofti_prjna275548,False
Wban_11044,wuchereria_bancrofti_prjna275548,False
Wban_11045,wuchereria_bancrofti_prjna275548,False
Wban_11046,wuchereria_bancrofti_prjna275548,False
Wban_11047,wuchereria_bancrofti_prjna275548,False
Wban_11048,wuchereria_bancrofti_prjna275548,False
Wban_11049,wuchereria_bancrofti_prjna275548,False
Wban_11050,wuchereria_bancrofti_prjna275548,False
Wban_11051,wuchereria_bancrofti_prjna275548,False
Wban_11052,wuchereria_bancrofti_prjna275548,False
Wban_11053,wuchereria_bancrofti_prjna275548,False
Wban_11054,wuchereria_bancrofti_prjna275548,False
Wban_11055,wuchereria_bancrofti_prjna275548,False
Wban_11056,wuchereria_bancrofti_prjna275548,False
Wban_11057,wuchereria_bancrofti_prjna275548,False
Wban_11058,wuchereria_bancrofti_prjna275548,False
Wban_11059,wuchereria_bancrofti_prjna275548,False
Wban_11060,wuchereria_bancrofti_prjna275548,False
Wban_11061,wuchereria_bancrofti_prjna275548,False
Wban_11062,wuchereria_bancrofti_prjna275548,False
Wban_11063,wuchereria_bancrofti_prjna275548,False
Wban_11064,wuchereria_bancrofti_prjna275548,False
Wban_11065,wuchereria_bancrofti_prjna275548,False
Wban_11066,wuchereria_bancrofti_prjna275548,False
Wban_11067,wuchereria_bancrofti_prjna275548,False
Wban_11068,wuchereria_bancrofti_prjna275548,False
Wban_11069,wuchereria_bancrofti_prjna275548,False
Wban_11070,wuchereria_bancrofti_prjna275548,False
Wban_11071,wuchereria_bancrofti_prjna275548,False
Wban_11072,wuchereria_bancrofti_prjna275548,False
Wban_11073,wuchereria_bancrofti_prjna275548,False
Wban_11074,wuchereria_bancrofti_prjna275548,False
Wban_11075,wuchereria_bancrofti_prjna275548,False
Wban_11076,wuchereria_bancrofti_prjna275548,False
Wban_11077,wuchereria_bancrofti_prjna275548,False
Wban_11078,wuchereria_bancrofti_prjna275548,False
Wban_11079,wuchereria_bancrofti_prjna275548,False
Wban_11080,wuchereria_bancrofti_prjna275548,False
Wban_11081,wuchereria_bancrofti_prjna275548,False
Wban_11082,wuchereria_bancrofti_prjna275548,False
Wban_11083,wuchereria_bancrofti_prjna275548,False
Wban_11084,wuchereria_bancrofti_prjna275548,False
Wban_11085,wuchereria_bancrofti_prjna275548,False
Wban_11086,wuchereria_bancrofti_prjna275548,False
Wban_11087,wuchereria_bancrofti_prjna275548,False
Wban_11088,wuchereria_bancrofti_prjna275548,False
Wban_11089,wuchereria_bancrofti_prjna275548,False
Wban_11090,wuchereria_bancrofti_prjna275548,False
Wban_11091,wuchereria_bancrofti_prjna275548,False
Wban_11092,wuchereria_bancrofti_prjna275548,False
Wban_11093,wuchereria_bancrofti_prjna275548,False
Wban_11094,wuchereria_bancrofti_prjna275548,False
Wban_11095,wuchereria_bancrofti_prjna275548,False
Wban_11096,wuchereria_bancrofti_prjna275548,False
Wban_11097,wuchereria_bancrofti_prjna275548,False
Wban_11098,wuchereria_bancrofti_prjna275548,False
Wban_11099,wuchereria_bancrofti_prjna275548,False
Wban_11100,wuchereria_bancrofti_prjna275548,False
Wban_11101,wuchereria_bancrofti_prjna275548,False
Wban_11102,wuchereria_bancrofti_prjna275548,False
Wban_11103,wuchereria_bancrofti_prjna275548,False
Wban_11104,wuchereria_bancrofti_prjna275548,False
Wban_11105,wuchereria_bancrofti_prjna275548,False
Wban_11106,wuchereria_bancrofti_prjna275548,False
Wban_11107,wuchereria_bancrofti_prjna275548,False
Wban_11108,wuchereria_bancrofti_prjna275548,False
Wban_11109,wuchereria_bancrofti_prjna275548,False
Wban_11110,wuchereria_bancrofti_prjna275548,False
Wban_11111,wuchereria_bancrofti_prjna275548,False
Wban_11112,wuchereria_bancrofti_prjna275548,False
Wban_11113,wuchereria_bancrofti_prjna275548,False
Wban_11114,wuchereria_bancrofti_prjna275548,False
Wban_11115,wuchereria_bancrofti_prjna275548,False
Wban_11116,wuchereria_bancrofti_prjna275548,False
Wban_11117,wuchereria_bancrofti_prjna275548,False
Wban_11118,wuchereria_bancrofti_prjna275548,False
Wban_11119,wuchereria_bancrofti_prjna275548,False
Wban_11120,wuchereria_bancrofti_prjna275548,False
Wban_11121,wuchereria_bancrofti_prjna275548,False
Wban_11122,wuchereria_bancrofti_prjna275548,False
Wban_11123,wuchereria_bancrofti_prjna275548,False
Wban_11124,wuchereria_bancrofti_prjna275548,False
Wban_11125,wuchereria_bancrofti_prjna275548,False
Wban_11126,wuchereria_bancrofti_prjna275548,False
Wban_11127,wuchereria_bancrofti_prjna275548,False
Wban_11128,wuchereria_bancrofti_prjna275548,False
Wban_11129,wuchereria_bancrofti_prjna275548,False
Wban_11130,wuchereria_bancrofti_prjna275548,False
Wban_11131,wuchereria_bancrofti_prjna275548,False
Wban_11132,wuchereria_bancrofti_prjna275548,False
Wban_11133,wuchereria_bancrofti_prjna275548,False
Wban_11134,wuchereria_bancrofti_prjna275548,False
Wban_11135,wuchereria_bancrofti_prjna275548,False
Wban_11136,wuchereria_bancrofti_prjna275548,False
Wban_11137,wuchereria_bancrofti_prjna275548,False
Wban_11138,wuchereria_bancrofti_prjna275548,False
Wban_11139,wuchereria_bancrofti_prjna275548,False
Wban_11140,wuchereria_bancrofti_prjna275548,False
Wban_11141,wuchereria_bancrofti_prjna275548,False
Wban_11142,wuchereria_bancrofti_prjna275548,False
Wban_11143,wuchereria_bancrofti_prjna275548,False
Wban_11144,wuchereria_bancrofti_prjna275548,False
Wban_11145,wuchereria_bancrofti_prjna275548,False
Wban_11146,wuchereria_bancrofti_prjna275548,False
Wban_11147,wuchereria_bancrofti_prjna275548,False
Wban_11148,wuchereria_bancrofti_prjna275548,False
Wban_11149,wuchereria_bancrofti_prjna275548,False
Wban_11150,wuchereria_bancrofti_prjna275548,False
Wban_11151,wuchereria_bancrofti_prjna275548,False
Wban_11152,wuchereria_bancrofti_prjna275548,False
Wban_11153,wuchereria_bancrofti_prjna275548,False
Wban_11154,wuchereria_bancrofti_prjna275548,False
Wban_11155,wuchereria_bancrofti_prjna275548,False
Wban_11156,wuchereria_bancrofti_prjna275548,False
Wban_11157,wuchereria_bancrofti_prjna275548,False
Wban_11158,wuchereria_bancrofti_prjna275548,False
Wban_11159,wuchereria_bancrofti_prjna275548,False
Wban_11160,wuchereria_bancrofti_prjna275548,False
Wban_11161,wuchereria_bancrofti_prjna275548,False
Wban_11162,wuchereria_bancrofti_prjna275548,False
Wban_11163,wuchereria_bancrofti_prjna275548,False
Wban_11164,wuchereria_bancrofti_prjna275548,False
Wban_11165,wuchereria_bancrofti_prjna275548,False
Wban_11166,wuchereria_bancrofti_prjna275548,False
