Gene stable ID	is_gpcr	is_gpcr_evidence
TTRE1	False	Encodes protein that lacks InterPro GPCR domains
TTRE10	False	Encodes protein that lacks InterPro GPCR domains
TTRE100	False	Encodes protein that lacks InterPro GPCR domains
TTRE1000	False	Encodes protein that lacks InterPro GPCR domains
TTRE10000	False	Encodes protein that lacks InterPro GPCR domains
TTRE10001	False	Encodes protein that lacks InterPro GPCR domains
TTRE10002	False	Encodes protein that lacks InterPro GPCR domains
TTRE10003	False	Encodes protein that lacks InterPro GPCR domains
TTRE10004	False	Encodes protein that lacks InterPro GPCR domains
TTRE10005	False	Encodes protein that lacks InterPro GPCR domains
TTRE10006	False	Encodes protein that lacks InterPro GPCR domains
TTRE10007	False	Encodes protein that lacks InterPro GPCR domains
TTRE10008	False	Encodes protein that lacks InterPro GPCR domains
TTRE10009	False	Encodes protein that lacks InterPro GPCR domains
TTRE1001	False	Encodes protein that lacks InterPro GPCR domains
TTRE10010	False	Encodes protein that lacks InterPro GPCR domains
TTRE10011	False	Encodes protein that lacks InterPro GPCR domains
TTRE10012	False	Encodes protein that lacks InterPro GPCR domains
TTRE10013	False	Encodes protein that lacks InterPro GPCR domains
TTRE10014	False	Encodes protein that lacks InterPro GPCR domains
TTRE10015	False	Encodes protein that lacks InterPro GPCR domains
TTRE10016	False	Encodes protein that lacks InterPro GPCR domains
TTRE10017	False	Encodes protein that lacks InterPro GPCR domains
TTRE10018	False	Encodes protein that lacks InterPro GPCR domains
TTRE10019	False	Encodes protein that lacks InterPro GPCR domains
TTRE1002	False	Encodes protein that lacks InterPro GPCR domains
TTRE10020	False	Encodes protein that lacks InterPro GPCR domains
TTRE10021	False	Encodes protein that lacks InterPro GPCR domains
TTRE10022	False	Encodes protein that lacks InterPro GPCR domains
TTRE10023	False	Encodes protein that lacks InterPro GPCR domains
TTRE10024	False	Encodes protein that lacks InterPro GPCR domains
TTRE10026	False	Encodes protein that lacks InterPro GPCR domains
TTRE10027	False	Encodes protein that lacks InterPro GPCR domains
TTRE10028	False	Encodes protein that lacks InterPro GPCR domains
TTRE10029	False	Encodes protein that lacks InterPro GPCR domains
TTRE1003	False	Encodes protein that lacks InterPro GPCR domains
TTRE10030	False	Encodes protein that lacks InterPro GPCR domains
TTRE10031	False	Encodes protein that lacks InterPro GPCR domains
TTRE10032	False	Encodes protein that lacks InterPro GPCR domains
TTRE10033	False	Encodes protein that lacks InterPro GPCR domains
TTRE10034	False	Encodes protein that lacks InterPro GPCR domains
TTRE10035	False	Encodes protein that lacks InterPro GPCR domains
TTRE10036	False	Encodes protein that lacks InterPro GPCR domains
TTRE10037	False	Encodes protein that lacks InterPro GPCR domains
TTRE10038	False	Encodes protein that lacks InterPro GPCR domains
TTRE10039	False	Encodes protein that lacks InterPro GPCR domains
TTRE1004	False	Encodes protein that lacks InterPro GPCR domains
TTRE10040	False	Encodes protein that lacks InterPro GPCR domains
TTRE10041	False	Encodes protein that lacks InterPro GPCR domains
TTRE10042	False	Encodes protein that lacks InterPro GPCR domains
TTRE10043	False	Encodes protein that lacks InterPro GPCR domains
TTRE10044	False	Encodes protein that lacks InterPro GPCR domains
TTRE10045	False	Encodes protein that lacks InterPro GPCR domains
TTRE10046	False	Encodes protein that lacks InterPro GPCR domains
TTRE10047	False	Encodes protein that lacks InterPro GPCR domains
TTRE10048	False	Encodes protein that lacks InterPro GPCR domains
TTRE10049	False	Encodes protein that lacks InterPro GPCR domains
TTRE1005	False	Encodes protein that lacks InterPro GPCR domains
TTRE10050	False	Encodes protein that lacks InterPro GPCR domains
TTRE10051	False	Encodes protein that lacks InterPro GPCR domains
TTRE10052	False	Encodes protein that lacks InterPro GPCR domains
TTRE10053	False	Encodes protein that lacks InterPro GPCR domains
TTRE10054	False	Encodes protein that lacks InterPro GPCR domains
TTRE10055	False	Encodes protein that lacks InterPro GPCR domains
TTRE10056	False	Encodes protein that lacks InterPro GPCR domains
TTRE10057	False	Encodes protein that lacks InterPro GPCR domains
TTRE10058	False	Encodes protein that lacks InterPro GPCR domains
TTRE10059	False	Encodes protein that lacks InterPro GPCR domains
TTRE1006	False	Encodes protein that lacks InterPro GPCR domains
TTRE10060	False	Encodes protein that lacks InterPro GPCR domains
TTRE10061	False	Encodes protein that lacks InterPro GPCR domains
TTRE10062	False	Encodes protein that lacks InterPro GPCR domains
TTRE10063	False	Encodes protein that lacks InterPro GPCR domains
TTRE10064	False	Encodes protein that lacks InterPro GPCR domains
TTRE10065	False	Encodes protein that lacks InterPro GPCR domains
TTRE10066	False	Encodes protein that lacks InterPro GPCR domains
TTRE10067	False	Encodes protein that lacks InterPro GPCR domains
TTRE10068	False	Encodes protein that lacks InterPro GPCR domains
TTRE10069	False	Encodes protein that lacks InterPro GPCR domains
TTRE1007	False	Encodes protein that lacks InterPro GPCR domains
TTRE10070	False	Encodes protein that lacks InterPro GPCR domains
TTRE10071	False	Encodes protein that lacks InterPro GPCR domains
TTRE10072	False	Encodes protein that lacks InterPro GPCR domains
TTRE10073	False	Encodes protein that lacks InterPro GPCR domains
TTRE10074	False	Encodes protein that lacks InterPro GPCR domains
TTRE10075	False	Encodes protein that lacks InterPro GPCR domains
TTRE10076	False	Encodes protein that lacks InterPro GPCR domains
TTRE10077	False	Encodes protein that lacks InterPro GPCR domains
TTRE10078	False	Encodes protein that lacks InterPro GPCR domains
TTRE10079	False	Encodes protein that lacks InterPro GPCR domains
TTRE1008	True	Encodes protein with InterPro domain(s): IPR017452 - GPCR, rhodopsin-like, 7TM; IPR019424 - Serpentine type 7TM GPCR chemoreceptor Srsx
TTRE10080	False	Encodes protein that lacks InterPro GPCR domains
TTRE10081	False	Encodes protein that lacks InterPro GPCR domains
TTRE10082	False	Encodes protein that lacks InterPro GPCR domains
TTRE10083	False	Encodes protein that lacks InterPro GPCR domains
TTRE10084	False	Encodes protein that lacks InterPro GPCR domains
TTRE10085	False	Encodes protein that lacks InterPro GPCR domains
TTRE10086	False	Encodes protein that lacks InterPro GPCR domains
TTRE10087	False	Encodes protein that lacks InterPro GPCR domains
TTRE10088	False	Encodes protein that lacks InterPro GPCR domains
TTRE10089	False	Encodes protein that lacks InterPro GPCR domains
TTRE1009	False	Encodes protein that lacks InterPro GPCR domains
TTRE10090	False	Encodes protein that lacks InterPro GPCR domains
TTRE10091	False	Encodes protein that lacks InterPro GPCR domains
TTRE10092	False	Encodes protein that lacks InterPro GPCR domains
TTRE10093	False	Encodes protein that lacks InterPro GPCR domains
TTRE10094	False	Encodes protein that lacks InterPro GPCR domains
TTRE10095	False	Encodes protein that lacks InterPro GPCR domains
TTRE10096	False	Encodes protein that lacks InterPro GPCR domains
TTRE10097	False	Encodes protein that lacks InterPro GPCR domains
TTRE10098	False	Encodes protein that lacks InterPro GPCR domains
TTRE10099	False	Encodes protein that lacks InterPro GPCR domains
TTRE101	False	Encodes protein that lacks InterPro GPCR domains
TTRE1010	False	Encodes protein that lacks InterPro GPCR domains
TTRE10100	False	Encodes protein that lacks InterPro GPCR domains
TTRE10101	False	Encodes protein that lacks InterPro GPCR domains
TTRE10102	False	Encodes protein that lacks InterPro GPCR domains
TTRE10103	False	Encodes protein that lacks InterPro GPCR domains
TTRE10104	False	Encodes protein that lacks InterPro GPCR domains
TTRE10105	False	Encodes protein that lacks InterPro GPCR domains
TTRE10106	False	Encodes protein that lacks InterPro GPCR domains
TTRE10107	False	Encodes protein that lacks InterPro GPCR domains
TTRE10108	False	Encodes protein that lacks InterPro GPCR domains
TTRE10109	False	Encodes protein that lacks InterPro GPCR domains
TTRE1011	False	Encodes protein that lacks InterPro GPCR domains
TTRE10110	False	Encodes protein that lacks InterPro GPCR domains
TTRE10111	False	Encodes protein that lacks InterPro GPCR domains
TTRE10112	False	Encodes protein that lacks InterPro GPCR domains
TTRE10113	False	Encodes protein that lacks InterPro GPCR domains
TTRE10114	False	Encodes protein that lacks InterPro GPCR domains
TTRE10115	False	Encodes protein that lacks InterPro GPCR domains
TTRE10116	False	Encodes protein that lacks InterPro GPCR domains
TTRE10117	False	Encodes protein that lacks InterPro GPCR domains
TTRE10118	False	Encodes protein that lacks InterPro GPCR domains
TTRE10119	False	Encodes protein that lacks InterPro GPCR domains
TTRE1012	False	Encodes protein that lacks InterPro GPCR domains
TTRE10120	False	Encodes protein that lacks InterPro GPCR domains
TTRE10121	False	Encodes protein that lacks InterPro GPCR domains
TTRE10122	False	Encodes protein that lacks InterPro GPCR domains
TTRE10123	False	Encodes protein that lacks InterPro GPCR domains
TTRE10124	False	Encodes protein that lacks InterPro GPCR domains
TTRE10125	False	Encodes protein that lacks InterPro GPCR domains
TTRE10126	False	Encodes protein that lacks InterPro GPCR domains
TTRE10127	False	Encodes protein that lacks InterPro GPCR domains
TTRE10128	False	Encodes protein that lacks InterPro GPCR domains
TTRE10129	False	Encodes protein that lacks InterPro GPCR domains
TTRE1013	False	Encodes protein that lacks InterPro GPCR domains
TTRE10130	False	Encodes protein that lacks InterPro GPCR domains
TTRE10131	False	Encodes protein that lacks InterPro GPCR domains
TTRE10132	False	Encodes protein that lacks InterPro GPCR domains
TTRE10133	False	Encodes protein that lacks InterPro GPCR domains
TTRE10134	False	Encodes protein that lacks InterPro GPCR domains
TTRE10135	False	Encodes protein that lacks InterPro GPCR domains
TTRE10136	False	Encodes protein that lacks InterPro GPCR domains
TTRE10137	False	Encodes protein that lacks InterPro GPCR domains
TTRE10138	False	Encodes protein that lacks InterPro GPCR domains
TTRE10139	False	Encodes protein that lacks InterPro GPCR domains
TTRE1014	False	Encodes protein that lacks InterPro GPCR domains
TTRE10140	False	Encodes protein that lacks InterPro GPCR domains
TTRE10141	False	Encodes protein that lacks InterPro GPCR domains
TTRE10142	False	Encodes protein that lacks InterPro GPCR domains
TTRE10143	False	Encodes protein that lacks InterPro GPCR domains
TTRE10144	False	Encodes protein that lacks InterPro GPCR domains
TTRE10145	False	Encodes protein that lacks InterPro GPCR domains
TTRE10146	False	Encodes protein that lacks InterPro GPCR domains
TTRE10147	False	Encodes protein that lacks InterPro GPCR domains
TTRE10148	False	Encodes protein that lacks InterPro GPCR domains
TTRE10149	False	Encodes protein that lacks InterPro GPCR domains
TTRE1015	False	Encodes protein that lacks InterPro GPCR domains
TTRE10150	False	Encodes protein that lacks InterPro GPCR domains
TTRE10151	False	Encodes protein that lacks InterPro GPCR domains
TTRE10152	False	Encodes protein that lacks InterPro GPCR domains
TTRE10153	False	Encodes protein that lacks InterPro GPCR domains
TTRE10154	False	Encodes protein that lacks InterPro GPCR domains
TTRE10155	False	Encodes protein that lacks InterPro GPCR domains
TTRE10156	False	Encodes protein that lacks InterPro GPCR domains
TTRE10157	False	Encodes protein that lacks InterPro GPCR domains
TTRE10158	False	Encodes protein that lacks InterPro GPCR domains
TTRE10159	False	Encodes protein that lacks InterPro GPCR domains
TTRE1016	False	Encodes protein that lacks InterPro GPCR domains
TTRE10160	False	Encodes protein that lacks InterPro GPCR domains
TTRE10161	False	Encodes protein that lacks InterPro GPCR domains
TTRE10162	False	Encodes protein that lacks InterPro GPCR domains
TTRE10163	False	Encodes protein that lacks InterPro GPCR domains
TTRE10164	False	Encodes protein that lacks InterPro GPCR domains
TTRE10165	False	Encodes protein that lacks InterPro GPCR domains
TTRE10166	False	Encodes protein that lacks InterPro GPCR domains
TTRE10167	False	Encodes protein that lacks InterPro GPCR domains
TTRE10168	False	Encodes protein that lacks InterPro GPCR domains
TTRE10169	False	Encodes protein that lacks InterPro GPCR domains
TTRE1017	False	Encodes protein that lacks InterPro GPCR domains
TTRE10170	False	Encodes protein that lacks InterPro GPCR domains
TTRE10171	True	Encodes protein with InterPro domain(s): IPR017452 - GPCR, rhodopsin-like, 7TM; IPR019427 - 7TM GPCR, serpentine receptor class w (Srw)
TTRE10172	False	Encodes protein that lacks InterPro GPCR domains
TTRE10173	False	Encodes protein that lacks InterPro GPCR domains
TTRE10174	False	Encodes protein that lacks InterPro GPCR domains
TTRE10175	False	Encodes protein that lacks InterPro GPCR domains
TTRE10176	False	Encodes protein that lacks InterPro GPCR domains
TTRE10177	False	Encodes protein that lacks InterPro GPCR domains
TTRE10178	False	Encodes protein that lacks InterPro GPCR domains
TTRE10179	False	Encodes protein that lacks InterPro GPCR domains
TTRE1018	False	Encodes protein that lacks InterPro GPCR domains
TTRE10180	False	Encodes protein that lacks InterPro GPCR domains
TTRE10181	False	Encodes protein that lacks InterPro GPCR domains
TTRE10182	False	Encodes protein that lacks InterPro GPCR domains
TTRE10183	False	Encodes protein that lacks InterPro GPCR domains
TTRE10184	False	Encodes protein that lacks InterPro GPCR domains
TTRE10185	False	Encodes protein that lacks InterPro GPCR domains
TTRE10186	False	Encodes protein that lacks InterPro GPCR domains
TTRE10187	False	Encodes protein that lacks InterPro GPCR domains
TTRE10189	False	Encodes protein that lacks InterPro GPCR domains
TTRE1019	False	Encodes protein that lacks InterPro GPCR domains
TTRE10190	False	Encodes protein that lacks InterPro GPCR domains
TTRE10191	False	Encodes protein that lacks InterPro GPCR domains
TTRE10192	False	Encodes protein that lacks InterPro GPCR domains
TTRE10193	False	Encodes protein that lacks InterPro GPCR domains
TTRE10194	False	Encodes protein that lacks InterPro GPCR domains
TTRE10195	False	Encodes protein that lacks InterPro GPCR domains
TTRE10196	False	Encodes protein that lacks InterPro GPCR domains
TTRE10197	False	Encodes protein that lacks InterPro GPCR domains
TTRE10198	False	Encodes protein that lacks InterPro GPCR domains
TTRE10199	False	Encodes protein that lacks InterPro GPCR domains
TTRE102	False	Encodes protein that lacks InterPro GPCR domains
TTRE1020	False	Encodes protein that lacks InterPro GPCR domains
TTRE10200	False	Encodes protein that lacks InterPro GPCR domains
TTRE10201	False	Encodes protein that lacks InterPro GPCR domains
TTRE10202	False	Encodes protein that lacks InterPro GPCR domains
TTRE10203	False	Encodes protein that lacks InterPro GPCR domains
TTRE10204	False	Encodes protein that lacks InterPro GPCR domains
TTRE10205	False	Encodes protein that lacks InterPro GPCR domains
TTRE10206	False	Encodes protein that lacks InterPro GPCR domains
TTRE10207	False	Encodes protein that lacks InterPro GPCR domains
TTRE10208	False	Encodes protein that lacks InterPro GPCR domains
TTRE10209	False	Encodes protein that lacks InterPro GPCR domains
TTRE1021	False	Encodes protein that lacks InterPro GPCR domains
TTRE10210	False	Encodes protein that lacks InterPro GPCR domains
TTRE10211	False	Encodes protein that lacks InterPro GPCR domains
TTRE10212	False	Encodes protein that lacks InterPro GPCR domains
TTRE10213	False	Encodes protein that lacks InterPro GPCR domains
TTRE10214	False	Encodes protein that lacks InterPro GPCR domains
TTRE10215	False	Encodes protein that lacks InterPro GPCR domains
TTRE10216	False	Encodes protein that lacks InterPro GPCR domains
TTRE10217	False	Encodes protein that lacks InterPro GPCR domains
TTRE10218	False	Encodes protein that lacks InterPro GPCR domains
TTRE10219	False	Encodes protein that lacks InterPro GPCR domains
TTRE1022	False	Encodes protein that lacks InterPro GPCR domains
TTRE10220	False	Encodes protein that lacks InterPro GPCR domains
TTRE10221	False	Encodes protein that lacks InterPro GPCR domains
TTRE10222	False	Encodes protein that lacks InterPro GPCR domains
TTRE10223	False	Encodes protein that lacks InterPro GPCR domains
TTRE10224	False	Encodes protein that lacks InterPro GPCR domains
TTRE10225	False	Encodes protein that lacks InterPro GPCR domains
TTRE10226	False	Encodes protein that lacks InterPro GPCR domains
TTRE10227	False	Encodes protein that lacks InterPro GPCR domains
TTRE10228	False	Encodes protein that lacks InterPro GPCR domains
TTRE10229	False	Encodes protein that lacks InterPro GPCR domains
TTRE1023	False	Encodes protein that lacks InterPro GPCR domains
TTRE10230	False	Encodes protein that lacks InterPro GPCR domains
TTRE10231	False	Encodes protein that lacks InterPro GPCR domains
TTRE10232	False	Encodes protein that lacks InterPro GPCR domains
TTRE10233	False	Encodes protein that lacks InterPro GPCR domains
TTRE10234	False	Encodes protein that lacks InterPro GPCR domains
TTRE10235	False	Encodes protein that lacks InterPro GPCR domains
TTRE10236	False	Encodes protein that lacks InterPro GPCR domains
TTRE10237	False	Encodes protein that lacks InterPro GPCR domains
TTRE10238	False	Encodes protein that lacks InterPro GPCR domains
TTRE10239	False	Encodes protein that lacks InterPro GPCR domains
TTRE1024	False	Encodes protein that lacks InterPro GPCR domains
TTRE10240	False	Encodes protein that lacks InterPro GPCR domains
TTRE10241	False	Encodes protein that lacks InterPro GPCR domains
TTRE10242	False	Encodes protein that lacks InterPro GPCR domains
TTRE10243	False	Encodes protein that lacks InterPro GPCR domains
TTRE10244	False	Encodes protein that lacks InterPro GPCR domains
TTRE10245	False	Encodes protein that lacks InterPro GPCR domains
TTRE10246	False	Encodes protein that lacks InterPro GPCR domains
TTRE10247	False	Encodes protein that lacks InterPro GPCR domains
TTRE10248	False	Encodes protein that lacks InterPro GPCR domains
TTRE10249	False	Encodes protein that lacks InterPro GPCR domains
TTRE1025	False	Encodes protein that lacks InterPro GPCR domains
TTRE10250	False	Encodes protein that lacks InterPro GPCR domains
TTRE10251	False	Encodes protein that lacks InterPro GPCR domains
TTRE10252	False	Encodes protein that lacks InterPro GPCR domains
TTRE10253	False	Encodes protein that lacks InterPro GPCR domains
TTRE10254	False	Encodes protein that lacks InterPro GPCR domains
TTRE10255	False	Encodes protein that lacks InterPro GPCR domains
TTRE10256	False	Encodes protein that lacks InterPro GPCR domains
TTRE10257	False	Encodes protein that lacks InterPro GPCR domains
TTRE10258	False	Encodes protein that lacks InterPro GPCR domains
TTRE10259	False	Encodes protein that lacks InterPro GPCR domains
TTRE1026	False	Encodes protein that lacks InterPro GPCR domains
TTRE10260	False	Encodes protein that lacks InterPro GPCR domains
TTRE10261	False	Encodes protein that lacks InterPro GPCR domains
TTRE10262	False	Encodes protein that lacks InterPro GPCR domains
TTRE10263	False	Encodes protein that lacks InterPro GPCR domains
TTRE10264	False	Encodes protein that lacks InterPro GPCR domains
TTRE10265	False	Encodes protein that lacks InterPro GPCR domains
TTRE10266	False	Encodes protein that lacks InterPro GPCR domains
TTRE10267	False	Encodes protein that lacks InterPro GPCR domains
TTRE10268	False	Encodes protein that lacks InterPro GPCR domains
TTRE10269	False	Encodes protein that lacks InterPro GPCR domains
TTRE1027	False	Encodes protein that lacks InterPro GPCR domains
TTRE10270	False	Encodes protein that lacks InterPro GPCR domains
TTRE10271	False	Encodes protein that lacks InterPro GPCR domains
TTRE10272	False	Encodes protein that lacks InterPro GPCR domains
TTRE10273	False	Encodes protein that lacks InterPro GPCR domains
TTRE10274	False	Encodes protein that lacks InterPro GPCR domains
TTRE10275	False	Encodes protein that lacks InterPro GPCR domains
TTRE10276	False	Encodes protein that lacks InterPro GPCR domains
TTRE10277	False	Encodes protein that lacks InterPro GPCR domains
TTRE10278	False	Encodes protein that lacks InterPro GPCR domains
TTRE10279	False	Encodes protein that lacks InterPro GPCR domains
TTRE1028	False	Encodes protein that lacks InterPro GPCR domains
TTRE10280	False	Encodes protein that lacks InterPro GPCR domains
TTRE10281	False	Encodes protein that lacks InterPro GPCR domains
TTRE10282	False	Encodes protein that lacks InterPro GPCR domains
TTRE10283	False	Encodes protein that lacks InterPro GPCR domains
TTRE10284	False	Encodes protein that lacks InterPro GPCR domains
TTRE10285	False	Encodes protein that lacks InterPro GPCR domains
TTRE10286	False	Encodes protein that lacks InterPro GPCR domains
TTRE10287	False	Encodes protein that lacks InterPro GPCR domains
TTRE10288	False	Encodes protein that lacks InterPro GPCR domains
TTRE10289	False	Encodes protein that lacks InterPro GPCR domains
TTRE1029	False	Encodes protein that lacks InterPro GPCR domains
TTRE10290	False	Encodes protein that lacks InterPro GPCR domains
TTRE10291	False	Encodes protein that lacks InterPro GPCR domains
TTRE10292	False	Encodes protein that lacks InterPro GPCR domains
TTRE10293	False	Encodes protein that lacks InterPro GPCR domains
TTRE10294	False	Encodes protein that lacks InterPro GPCR domains
TTRE10295	False	Encodes protein that lacks InterPro GPCR domains
TTRE10296	False	Encodes protein that lacks InterPro GPCR domains
TTRE10297	False	Encodes protein that lacks InterPro GPCR domains
TTRE10298	False	Encodes protein that lacks InterPro GPCR domains
TTRE10299	False	Encodes protein that lacks InterPro GPCR domains
TTRE103	False	Encodes protein that lacks InterPro GPCR domains
TTRE1030	False	Encodes protein that lacks InterPro GPCR domains
TTRE10300	True	Encodes protein with InterPro domain(s): IPR017452 - GPCR, rhodopsin-like, 7TM; IPR019427 - 7TM GPCR, serpentine receptor class w (Srw)
TTRE10301	False	Encodes protein that lacks InterPro GPCR domains
TTRE10302	False	Encodes protein that lacks InterPro GPCR domains
TTRE10303	False	Encodes protein that lacks InterPro GPCR domains
TTRE10304	False	Encodes protein that lacks InterPro GPCR domains
TTRE10305	False	Encodes protein that lacks InterPro GPCR domains
TTRE10306	False	Encodes protein that lacks InterPro GPCR domains
TTRE10307	False	Encodes protein that lacks InterPro GPCR domains
TTRE10308	False	Encodes protein that lacks InterPro GPCR domains
TTRE10309	False	Encodes protein that lacks InterPro GPCR domains
TTRE1031	False	Encodes protein that lacks InterPro GPCR domains
TTRE10310	False	Encodes protein that lacks InterPro GPCR domains
TTRE10311	False	Encodes protein that lacks InterPro GPCR domains
TTRE10312	False	Encodes protein that lacks InterPro GPCR domains
TTRE10313	False	Encodes protein that lacks InterPro GPCR domains
TTRE10314	False	Encodes protein that lacks InterPro GPCR domains
TTRE10315	False	Encodes protein that lacks InterPro GPCR domains
TTRE10316	False	Encodes protein that lacks InterPro GPCR domains
TTRE10317	False	Encodes protein that lacks InterPro GPCR domains
TTRE10318	False	Encodes protein that lacks InterPro GPCR domains
TTRE10319	False	Encodes protein that lacks InterPro GPCR domains
TTRE1032	False	Encodes protein that lacks InterPro GPCR domains
TTRE10320	False	Encodes protein that lacks InterPro GPCR domains
TTRE10321	False	Encodes protein that lacks InterPro GPCR domains
TTRE10322	False	Encodes protein that lacks InterPro GPCR domains
TTRE10323	False	Encodes protein that lacks InterPro GPCR domains
TTRE10324	False	Encodes protein that lacks InterPro GPCR domains
TTRE10325	False	Encodes protein that lacks InterPro GPCR domains
TTRE10326	False	Encodes protein that lacks InterPro GPCR domains
TTRE10327	False	Encodes protein that lacks InterPro GPCR domains
TTRE10328	False	Encodes protein that lacks InterPro GPCR domains
TTRE10329	False	Encodes protein that lacks InterPro GPCR domains
TTRE1033	False	Encodes protein that lacks InterPro GPCR domains
TTRE10330	False	Encodes protein that lacks InterPro GPCR domains
TTRE10331	False	Encodes protein that lacks InterPro GPCR domains
TTRE10332	False	Encodes protein that lacks InterPro GPCR domains
TTRE10333	False	Encodes protein that lacks InterPro GPCR domains
TTRE10334	False	Encodes protein that lacks InterPro GPCR domains
TTRE10335	False	Encodes protein that lacks InterPro GPCR domains
TTRE10336	False	Encodes protein that lacks InterPro GPCR domains
TTRE10337	False	Encodes protein that lacks InterPro GPCR domains
TTRE10338	False	Encodes protein that lacks InterPro GPCR domains
TTRE10339	False	Encodes protein that lacks InterPro GPCR domains
TTRE1034	False	Encodes protein that lacks InterPro GPCR domains
TTRE10340	False	Encodes protein that lacks InterPro GPCR domains
TTRE10341	False	Encodes protein that lacks InterPro GPCR domains
TTRE10342	False	Encodes protein that lacks InterPro GPCR domains
TTRE10343	False	Encodes protein that lacks InterPro GPCR domains
TTRE10344	False	Encodes protein that lacks InterPro GPCR domains
TTRE10345	False	Encodes protein that lacks InterPro GPCR domains
TTRE10346	False	Encodes protein that lacks InterPro GPCR domains
TTRE10347	False	Encodes protein that lacks InterPro GPCR domains
TTRE10348	False	Encodes protein that lacks InterPro GPCR domains
TTRE10349	False	Encodes protein that lacks InterPro GPCR domains
TTRE1035	False	Encodes protein that lacks InterPro GPCR domains
TTRE10350	False	Encodes protein that lacks InterPro GPCR domains
TTRE10351	False	Encodes protein that lacks InterPro GPCR domains
TTRE10352	False	Encodes protein that lacks InterPro GPCR domains
TTRE10353	False	Encodes protein that lacks InterPro GPCR domains
TTRE10354	False	Encodes protein that lacks InterPro GPCR domains
TTRE10355	False	Encodes protein that lacks InterPro GPCR domains
TTRE10356	False	Encodes protein that lacks InterPro GPCR domains
TTRE10357	False	Encodes protein that lacks InterPro GPCR domains
TTRE10358	False	Encodes protein that lacks InterPro GPCR domains
TTRE10359	False	Encodes protein that lacks InterPro GPCR domains
TTRE1036	False	Encodes protein that lacks InterPro GPCR domains
TTRE10360	False	Encodes protein that lacks InterPro GPCR domains
TTRE10361	False	Encodes protein that lacks InterPro GPCR domains
TTRE10362	False	Encodes protein that lacks InterPro GPCR domains
TTRE10363	False	Encodes protein that lacks InterPro GPCR domains
TTRE10364	False	Encodes protein that lacks InterPro GPCR domains
TTRE10365	False	Encodes protein that lacks InterPro GPCR domains
TTRE10366	False	Encodes protein that lacks InterPro GPCR domains
TTRE10367	False	Encodes protein that lacks InterPro GPCR domains
TTRE10368	False	Encodes protein that lacks InterPro GPCR domains
TTRE10369	False	Encodes protein that lacks InterPro GPCR domains
TTRE1037	False	Encodes protein that lacks InterPro GPCR domains
TTRE10370	False	Encodes protein that lacks InterPro GPCR domains
TTRE10371	False	Encodes protein that lacks InterPro GPCR domains
TTRE10372	False	Encodes protein that lacks InterPro GPCR domains
TTRE10373	False	Encodes protein that lacks InterPro GPCR domains
TTRE10374	False	Encodes protein that lacks InterPro GPCR domains
TTRE10375	False	Encodes protein that lacks InterPro GPCR domains
TTRE10376	False	Encodes protein that lacks InterPro GPCR domains
TTRE10377	False	Encodes protein that lacks InterPro GPCR domains
TTRE10378	False	Encodes protein that lacks InterPro GPCR domains
TTRE10379	False	Encodes protein that lacks InterPro GPCR domains
TTRE1038	False	Encodes protein that lacks InterPro GPCR domains
TTRE10380	False	Encodes protein that lacks InterPro GPCR domains
TTRE10381	False	Encodes protein that lacks InterPro GPCR domains
TTRE10382	False	Encodes protein that lacks InterPro GPCR domains
TTRE10383	False	Encodes protein that lacks InterPro GPCR domains
TTRE10384	False	Encodes protein that lacks InterPro GPCR domains
TTRE10385	False	Encodes protein that lacks InterPro GPCR domains
TTRE10386	False	Encodes protein that lacks InterPro GPCR domains
TTRE10387	False	Encodes protein that lacks InterPro GPCR domains
TTRE10388	False	Encodes protein that lacks InterPro GPCR domains
TTRE10389	False	Encodes protein that lacks InterPro GPCR domains
TTRE1039	False	Encodes protein that lacks InterPro GPCR domains
TTRE10390	False	Encodes protein that lacks InterPro GPCR domains
TTRE10391	False	Encodes protein that lacks InterPro GPCR domains
TTRE10392	False	Encodes protein that lacks InterPro GPCR domains
TTRE10393	False	Encodes protein that lacks InterPro GPCR domains
TTRE10394	False	Encodes protein that lacks InterPro GPCR domains
TTRE10396	False	Encodes protein that lacks InterPro GPCR domains
TTRE10397	False	Encodes protein that lacks InterPro GPCR domains
TTRE10398	False	Encodes protein that lacks InterPro GPCR domains
TTRE10399	False	Encodes protein that lacks InterPro GPCR domains
TTRE104	False	Encodes protein that lacks InterPro GPCR domains
TTRE1040	False	Encodes protein that lacks InterPro GPCR domains
TTRE10400	False	Encodes protein that lacks InterPro GPCR domains
TTRE10401	False	Encodes protein that lacks InterPro GPCR domains
TTRE10402	False	Encodes protein that lacks InterPro GPCR domains
TTRE10403	False	Encodes protein that lacks InterPro GPCR domains
TTRE10404	False	Encodes protein that lacks InterPro GPCR domains
TTRE10405	False	Encodes protein that lacks InterPro GPCR domains
TTRE10406	False	Encodes protein that lacks InterPro GPCR domains
TTRE10407	False	Encodes protein that lacks InterPro GPCR domains
TTRE10408	False	Encodes protein that lacks InterPro GPCR domains
TTRE10409	False	Encodes protein that lacks InterPro GPCR domains
TTRE1041	False	Encodes protein that lacks InterPro GPCR domains
TTRE10410	False	Encodes protein that lacks InterPro GPCR domains
TTRE10411	False	Encodes protein that lacks InterPro GPCR domains
TTRE10412	False	Encodes protein that lacks InterPro GPCR domains
TTRE10413	False	Encodes protein that lacks InterPro GPCR domains
TTRE10414	False	Encodes protein that lacks InterPro GPCR domains
TTRE10415	False	Encodes protein that lacks InterPro GPCR domains
TTRE10416	False	Encodes protein that lacks InterPro GPCR domains
TTRE10417	False	Encodes protein that lacks InterPro GPCR domains
TTRE10418	False	Encodes protein that lacks InterPro GPCR domains
TTRE10419	False	Encodes protein that lacks InterPro GPCR domains
TTRE1042	False	Encodes protein that lacks InterPro GPCR domains
TTRE10420	False	Encodes protein that lacks InterPro GPCR domains
TTRE10421	False	Encodes protein that lacks InterPro GPCR domains
TTRE10422	False	Encodes protein that lacks InterPro GPCR domains
TTRE10423	False	Encodes protein that lacks InterPro GPCR domains
TTRE10424	False	Encodes protein that lacks InterPro GPCR domains
TTRE10425	False	Encodes protein that lacks InterPro GPCR domains
TTRE10426	False	Encodes protein that lacks InterPro GPCR domains
TTRE10427	False	Encodes protein that lacks InterPro GPCR domains
TTRE10428	False	Encodes protein that lacks InterPro GPCR domains
TTRE10429	False	Encodes protein that lacks InterPro GPCR domains
TTRE1043	False	Encodes protein that lacks InterPro GPCR domains
TTRE10430	False	Encodes protein that lacks InterPro GPCR domains
TTRE10431	False	Encodes protein that lacks InterPro GPCR domains
TTRE10432	False	Encodes protein that lacks InterPro GPCR domains
TTRE10433	False	Encodes protein that lacks InterPro GPCR domains
TTRE10434	False	Encodes protein that lacks InterPro GPCR domains
TTRE10435	False	Encodes protein that lacks InterPro GPCR domains
TTRE10436	False	Encodes protein that lacks InterPro GPCR domains
TTRE10437	False	Encodes protein that lacks InterPro GPCR domains
TTRE10438	False	Encodes protein that lacks InterPro GPCR domains
TTRE10439	False	Encodes protein that lacks InterPro GPCR domains
TTRE1044	False	Encodes protein that lacks InterPro GPCR domains
TTRE10440	False	Encodes protein that lacks InterPro GPCR domains
TTRE10441	False	Encodes protein that lacks InterPro GPCR domains
TTRE10442	False	Encodes protein that lacks InterPro GPCR domains
TTRE10443	False	Encodes protein that lacks InterPro GPCR domains
TTRE10444	False	Encodes protein that lacks InterPro GPCR domains
TTRE10445	False	Encodes protein that lacks InterPro GPCR domains
TTRE10446	False	Encodes protein that lacks InterPro GPCR domains
TTRE10447	False	Encodes protein that lacks InterPro GPCR domains
TTRE10448	False	Encodes protein that lacks InterPro GPCR domains
TTRE10449	False	Encodes protein that lacks InterPro GPCR domains
TTRE1045	False	Encodes protein that lacks InterPro GPCR domains
TTRE10450	False	Encodes protein that lacks InterPro GPCR domains
TTRE10451	False	Encodes protein that lacks InterPro GPCR domains
TTRE10452	False	Encodes protein that lacks InterPro GPCR domains
TTRE10453	False	Encodes protein that lacks InterPro GPCR domains
TTRE10454	False	Encodes protein that lacks InterPro GPCR domains
TTRE10455	False	Encodes protein that lacks InterPro GPCR domains
TTRE10456	False	Encodes protein that lacks InterPro GPCR domains
TTRE10457	False	Encodes protein that lacks InterPro GPCR domains
TTRE10458	False	Encodes protein that lacks InterPro GPCR domains
TTRE10459	False	Encodes protein that lacks InterPro GPCR domains
TTRE1046	False	Encodes protein that lacks InterPro GPCR domains
TTRE10460	False	Encodes protein that lacks InterPro GPCR domains
TTRE10461	False	Encodes protein that lacks InterPro GPCR domains
TTRE10462	False	Encodes protein that lacks InterPro GPCR domains
TTRE10463	False	Encodes protein that lacks InterPro GPCR domains
TTRE10464	False	Encodes protein that lacks InterPro GPCR domains
TTRE10465	False	Encodes protein that lacks InterPro GPCR domains
TTRE10466	False	Encodes protein that lacks InterPro GPCR domains
TTRE10467	False	Encodes protein that lacks InterPro GPCR domains
TTRE10468	False	Encodes protein that lacks InterPro GPCR domains
TTRE10469	False	Encodes protein that lacks InterPro GPCR domains
TTRE1047	False	Encodes protein that lacks InterPro GPCR domains
TTRE10470	False	Encodes protein that lacks InterPro GPCR domains
TTRE10471	False	Encodes protein that lacks InterPro GPCR domains
TTRE10472	False	Encodes protein that lacks InterPro GPCR domains
TTRE10473	False	Encodes protein that lacks InterPro GPCR domains
TTRE10474	False	Encodes protein that lacks InterPro GPCR domains
TTRE10475	False	Encodes protein that lacks InterPro GPCR domains
TTRE10476	False	Encodes protein that lacks InterPro GPCR domains
TTRE10477	False	Encodes protein that lacks InterPro GPCR domains
TTRE10478	False	Encodes protein that lacks InterPro GPCR domains
TTRE10479	False	Encodes protein that lacks InterPro GPCR domains
TTRE1048	False	Encodes protein that lacks InterPro GPCR domains
TTRE10480	False	Encodes protein that lacks InterPro GPCR domains
TTRE10481	False	Encodes protein that lacks InterPro GPCR domains
TTRE10482	False	Encodes protein that lacks InterPro GPCR domains
TTRE10483	False	Encodes protein that lacks InterPro GPCR domains
TTRE10484	False	Encodes protein that lacks InterPro GPCR domains
TTRE10485	False	Encodes protein that lacks InterPro GPCR domains
TTRE10486	False	Encodes protein that lacks InterPro GPCR domains
TTRE10487	False	Encodes protein that lacks InterPro GPCR domains
TTRE10488	False	Encodes protein that lacks InterPro GPCR domains
TTRE10489	False	Encodes protein that lacks InterPro GPCR domains
TTRE1049	False	Encodes protein that lacks InterPro GPCR domains
TTRE10490	False	Encodes protein that lacks InterPro GPCR domains
TTRE10491	False	Encodes protein that lacks InterPro GPCR domains
TTRE10492	False	Encodes protein that lacks InterPro GPCR domains
TTRE10493	False	Encodes protein that lacks InterPro GPCR domains
TTRE10494	False	Encodes protein that lacks InterPro GPCR domains
TTRE10495	False	Encodes protein that lacks InterPro GPCR domains
TTRE10496	False	Encodes protein that lacks InterPro GPCR domains
TTRE10497	False	Encodes protein that lacks InterPro GPCR domains
TTRE10498	False	Encodes protein that lacks InterPro GPCR domains
TTRE10499	False	Encodes protein that lacks InterPro GPCR domains
TTRE105	False	Encodes protein that lacks InterPro GPCR domains
TTRE1050	False	Encodes protein that lacks InterPro GPCR domains
TTRE10500	False	Encodes protein that lacks InterPro GPCR domains
TTRE10501	False	Encodes protein that lacks InterPro GPCR domains
TTRE10502	False	Encodes protein that lacks InterPro GPCR domains
TTRE10503	False	Encodes protein that lacks InterPro GPCR domains
TTRE10504	False	Encodes protein that lacks InterPro GPCR domains
TTRE10505	False	Encodes protein that lacks InterPro GPCR domains
TTRE10506	False	Encodes protein that lacks InterPro GPCR domains
TTRE10507	False	Encodes protein that lacks InterPro GPCR domains
TTRE10508	False	Encodes protein that lacks InterPro GPCR domains
TTRE10509	False	Encodes protein that lacks InterPro GPCR domains
TTRE1051	False	Encodes protein that lacks InterPro GPCR domains
TTRE10510	False	Encodes protein that lacks InterPro GPCR domains
TTRE10511	False	Encodes protein that lacks InterPro GPCR domains
TTRE10512	False	Encodes protein that lacks InterPro GPCR domains
TTRE10513	False	Encodes protein that lacks InterPro GPCR domains
TTRE10514	False	Encodes protein that lacks InterPro GPCR domains
TTRE10515	False	Encodes protein that lacks InterPro GPCR domains
TTRE10516	False	Encodes protein that lacks InterPro GPCR domains
TTRE10517	False	Encodes protein that lacks InterPro GPCR domains
TTRE10518	False	Encodes protein that lacks InterPro GPCR domains
TTRE10519	False	Encodes protein that lacks InterPro GPCR domains
TTRE1052	False	Encodes protein that lacks InterPro GPCR domains
TTRE10520	False	Encodes protein that lacks InterPro GPCR domains
TTRE10521	False	Encodes protein that lacks InterPro GPCR domains
TTRE10522	False	Encodes protein that lacks InterPro GPCR domains
TTRE10523	False	Encodes protein that lacks InterPro GPCR domains
TTRE10524	False	Encodes protein that lacks InterPro GPCR domains
TTRE10525	False	Encodes protein that lacks InterPro GPCR domains
TTRE10526	False	Encodes protein that lacks InterPro GPCR domains
TTRE10527	False	Encodes protein that lacks InterPro GPCR domains
TTRE10528	False	Encodes protein that lacks InterPro GPCR domains
TTRE10529	False	Encodes protein that lacks InterPro GPCR domains
TTRE1053	False	Encodes protein that lacks InterPro GPCR domains
TTRE10530	False	Encodes protein that lacks InterPro GPCR domains
TTRE10531	False	Encodes protein that lacks InterPro GPCR domains
TTRE10532	False	Encodes protein that lacks InterPro GPCR domains
TTRE10533	False	Encodes protein that lacks InterPro GPCR domains
TTRE10534	False	Encodes protein that lacks InterPro GPCR domains
TTRE10535	False	Encodes protein that lacks InterPro GPCR domains
TTRE10536	False	Encodes protein that lacks InterPro GPCR domains
TTRE10537	False	Encodes protein that lacks InterPro GPCR domains
TTRE10538	False	Encodes protein that lacks InterPro GPCR domains
TTRE10539	False	Encodes protein that lacks InterPro GPCR domains
TTRE1054	False	Encodes protein that lacks InterPro GPCR domains
TTRE10540	False	Encodes protein that lacks InterPro GPCR domains
TTRE10541	False	Encodes protein that lacks InterPro GPCR domains
TTRE10542	False	Encodes protein that lacks InterPro GPCR domains
TTRE10543	False	Encodes protein that lacks InterPro GPCR domains
TTRE10544	False	Encodes protein that lacks InterPro GPCR domains
TTRE10545	False	Encodes protein that lacks InterPro GPCR domains
TTRE10546	False	Encodes protein that lacks InterPro GPCR domains
TTRE10547	False	Encodes protein that lacks InterPro GPCR domains
TTRE10548	False	Encodes protein that lacks InterPro GPCR domains
TTRE10549	False	Encodes protein that lacks InterPro GPCR domains
TTRE1055	False	Encodes protein that lacks InterPro GPCR domains
TTRE10550	False	Encodes protein that lacks InterPro GPCR domains
TTRE10551	False	Encodes protein that lacks InterPro GPCR domains
TTRE10552	False	Encodes protein that lacks InterPro GPCR domains
TTRE10553	False	Encodes protein that lacks InterPro GPCR domains
TTRE10554	False	Encodes protein that lacks InterPro GPCR domains
TTRE10555	False	Encodes protein that lacks InterPro GPCR domains
TTRE10556	False	Encodes protein that lacks InterPro GPCR domains
TTRE10557	False	Encodes protein that lacks InterPro GPCR domains
TTRE10558	False	Encodes protein that lacks InterPro GPCR domains
TTRE10559	False	Encodes protein that lacks InterPro GPCR domains
TTRE1056	False	Encodes protein that lacks InterPro GPCR domains
TTRE10560	False	Encodes protein that lacks InterPro GPCR domains
TTRE10561	False	Encodes protein that lacks InterPro GPCR domains
TTRE10562	False	Encodes protein that lacks InterPro GPCR domains
TTRE10563	False	Encodes protein that lacks InterPro GPCR domains
TTRE10564	False	Encodes protein that lacks InterPro GPCR domains
TTRE10565	False	Encodes protein that lacks InterPro GPCR domains
TTRE10566	False	Encodes protein that lacks InterPro GPCR domains
TTRE10567	False	Encodes protein that lacks InterPro GPCR domains
TTRE10568	False	Encodes protein that lacks InterPro GPCR domains
TTRE10569	False	Encodes protein that lacks InterPro GPCR domains
TTRE1057	False	Encodes protein that lacks InterPro GPCR domains
TTRE10570	False	Encodes protein that lacks InterPro GPCR domains
TTRE10571	False	Encodes protein that lacks InterPro GPCR domains
TTRE10572	False	Encodes protein that lacks InterPro GPCR domains
TTRE10573	False	Encodes protein that lacks InterPro GPCR domains
TTRE10574	False	Encodes protein that lacks InterPro GPCR domains
TTRE10575	False	Encodes protein that lacks InterPro GPCR domains
TTRE10576	False	Encodes protein that lacks InterPro GPCR domains
TTRE10577	False	Encodes protein that lacks InterPro GPCR domains
TTRE10578	False	Encodes protein that lacks InterPro GPCR domains
TTRE10579	False	Encodes protein that lacks InterPro GPCR domains
TTRE1058	False	Encodes protein that lacks InterPro GPCR domains
TTRE10580	False	Encodes protein that lacks InterPro GPCR domains
TTRE10581	False	Encodes protein that lacks InterPro GPCR domains
TTRE10583	False	Encodes protein that lacks InterPro GPCR domains
TTRE10584	False	Encodes protein that lacks InterPro GPCR domains
TTRE10585	False	Encodes protein that lacks InterPro GPCR domains
TTRE10586	False	Encodes protein that lacks InterPro GPCR domains
TTRE10587	False	Encodes protein that lacks InterPro GPCR domains
TTRE10588	False	Encodes protein that lacks InterPro GPCR domains
TTRE10589	False	Encodes protein that lacks InterPro GPCR domains
TTRE1059	False	Encodes protein that lacks InterPro GPCR domains
TTRE10590	False	Encodes protein that lacks InterPro GPCR domains
TTRE10591	False	Encodes protein that lacks InterPro GPCR domains
TTRE10592	False	Encodes protein that lacks InterPro GPCR domains
TTRE10593	False	Encodes protein that lacks InterPro GPCR domains
TTRE10594	False	Encodes protein that lacks InterPro GPCR domains
TTRE10595	False	Encodes protein that lacks InterPro GPCR domains
TTRE10596	False	Encodes protein that lacks InterPro GPCR domains
TTRE10597	False	Encodes protein that lacks InterPro GPCR domains
TTRE10598	False	Encodes protein that lacks InterPro GPCR domains
TTRE10599	False	Encodes protein that lacks InterPro GPCR domains
TTRE106	False	Encodes protein that lacks InterPro GPCR domains
TTRE1060	False	Encodes protein that lacks InterPro GPCR domains
TTRE10600	False	Encodes protein that lacks InterPro GPCR domains
TTRE10601	False	Encodes protein that lacks InterPro GPCR domains
TTRE10602	False	Encodes protein that lacks InterPro GPCR domains
TTRE10603	False	Encodes protein that lacks InterPro GPCR domains
TTRE10604	False	Encodes protein that lacks InterPro GPCR domains
TTRE10605	False	Encodes protein that lacks InterPro GPCR domains
TTRE10606	False	Encodes protein that lacks InterPro GPCR domains
TTRE10607	False	Encodes protein that lacks InterPro GPCR domains
TTRE10608	False	Encodes protein that lacks InterPro GPCR domains
TTRE10609	False	Encodes protein that lacks InterPro GPCR domains
TTRE1061	False	Encodes protein that lacks InterPro GPCR domains
TTRE10610	False	Encodes protein that lacks InterPro GPCR domains
TTRE10611	False	Encodes protein that lacks InterPro GPCR domains
TTRE10612	False	Encodes protein that lacks InterPro GPCR domains
TTRE10613	False	Encodes protein that lacks InterPro GPCR domains
TTRE10614	False	Encodes protein that lacks InterPro GPCR domains
TTRE10615	False	Encodes protein that lacks InterPro GPCR domains
TTRE10616	False	Encodes protein that lacks InterPro GPCR domains
TTRE10617	False	Encodes protein that lacks InterPro GPCR domains
TTRE10618	False	Encodes protein that lacks InterPro GPCR domains
TTRE10619	False	Encodes protein that lacks InterPro GPCR domains
TTRE1062	False	Encodes protein that lacks InterPro GPCR domains
TTRE10620	False	Encodes protein that lacks InterPro GPCR domains
TTRE10621	False	Encodes protein that lacks InterPro GPCR domains
TTRE10622	False	Encodes protein that lacks InterPro GPCR domains
TTRE10623	False	Encodes protein that lacks InterPro GPCR domains
TTRE10624	False	Encodes protein that lacks InterPro GPCR domains
TTRE10625	False	Encodes protein that lacks InterPro GPCR domains
TTRE10626	False	Encodes protein that lacks InterPro GPCR domains
TTRE10627	False	Encodes protein that lacks InterPro GPCR domains
TTRE10628	False	Encodes protein that lacks InterPro GPCR domains
TTRE10629	False	Encodes protein that lacks InterPro GPCR domains
TTRE1063	False	Encodes protein that lacks InterPro GPCR domains
TTRE10630	False	Encodes protein that lacks InterPro GPCR domains
TTRE10631	False	Encodes protein that lacks InterPro GPCR domains
TTRE10632	False	Encodes protein that lacks InterPro GPCR domains
TTRE10633	False	Encodes protein that lacks InterPro GPCR domains
TTRE10634	False	Encodes protein that lacks InterPro GPCR domains
TTRE10635	False	Encodes protein that lacks InterPro GPCR domains
TTRE10636	False	Encodes protein that lacks InterPro GPCR domains
TTRE10637	False	Encodes protein that lacks InterPro GPCR domains
TTRE10638	False	Encodes protein that lacks InterPro GPCR domains
TTRE10639	False	Encodes protein that lacks InterPro GPCR domains
TTRE1064	False	Encodes protein that lacks InterPro GPCR domains
TTRE10640	False	Encodes protein that lacks InterPro GPCR domains
TTRE10641	False	Encodes protein that lacks InterPro GPCR domains
TTRE10642	False	Encodes protein that lacks InterPro GPCR domains
TTRE10643	False	Encodes protein that lacks InterPro GPCR domains
TTRE10644	False	Encodes protein that lacks InterPro GPCR domains
TTRE10645	False	Encodes protein that lacks InterPro GPCR domains
TTRE10646	False	Encodes protein that lacks InterPro GPCR domains
TTRE10647	False	Encodes protein that lacks InterPro GPCR domains
TTRE10648	False	Encodes protein that lacks InterPro GPCR domains
TTRE10649	False	Encodes protein that lacks InterPro GPCR domains
TTRE1065	False	Encodes protein that lacks InterPro GPCR domains
TTRE10650	False	Encodes protein that lacks InterPro GPCR domains
TTRE10651	False	Encodes protein that lacks InterPro GPCR domains
TTRE10652	False	Encodes protein that lacks InterPro GPCR domains
TTRE10653	False	Encodes protein that lacks InterPro GPCR domains
TTRE10654	False	Encodes protein that lacks InterPro GPCR domains
TTRE10655	False	Encodes protein that lacks InterPro GPCR domains
TTRE10656	False	Encodes protein that lacks InterPro GPCR domains
TTRE10657	False	Encodes protein that lacks InterPro GPCR domains
TTRE10658	False	Encodes protein that lacks InterPro GPCR domains
TTRE10659	False	Encodes protein that lacks InterPro GPCR domains
TTRE1066	False	Encodes protein that lacks InterPro GPCR domains
TTRE10660	False	Encodes protein that lacks InterPro GPCR domains
TTRE10661	False	Encodes protein that lacks InterPro GPCR domains
TTRE10662	False	Encodes protein that lacks InterPro GPCR domains
TTRE10663	False	Encodes protein that lacks InterPro GPCR domains
TTRE10664	False	Encodes protein that lacks InterPro GPCR domains
TTRE10665	False	Encodes protein that lacks InterPro GPCR domains
TTRE10666	False	Encodes protein that lacks InterPro GPCR domains
TTRE10667	False	Encodes protein that lacks InterPro GPCR domains
TTRE10668	False	Encodes protein that lacks InterPro GPCR domains
TTRE10669	False	Encodes protein that lacks InterPro GPCR domains
TTRE1067	False	Encodes protein that lacks InterPro GPCR domains
TTRE10670	False	Encodes protein that lacks InterPro GPCR domains
TTRE10671	False	Encodes protein that lacks InterPro GPCR domains
TTRE10672	False	Encodes protein that lacks InterPro GPCR domains
TTRE10673	False	Encodes protein that lacks InterPro GPCR domains
TTRE10674	False	Encodes protein that lacks InterPro GPCR domains
TTRE10675	False	Encodes protein that lacks InterPro GPCR domains
TTRE10676	False	Encodes protein that lacks InterPro GPCR domains
TTRE10677	False	Encodes protein that lacks InterPro GPCR domains
TTRE10678	False	Encodes protein that lacks InterPro GPCR domains
TTRE10679	False	Encodes protein that lacks InterPro GPCR domains
TTRE1068	False	Encodes protein that lacks InterPro GPCR domains
TTRE10680	False	Encodes protein that lacks InterPro GPCR domains
TTRE10681	False	Encodes protein that lacks InterPro GPCR domains
TTRE10682	False	Encodes protein that lacks InterPro GPCR domains
TTRE10683	False	Encodes protein that lacks InterPro GPCR domains
TTRE10684	False	Encodes protein that lacks InterPro GPCR domains
TTRE10685	False	Encodes protein that lacks InterPro GPCR domains
TTRE10686	False	Encodes protein that lacks InterPro GPCR domains
TTRE10687	False	Encodes protein that lacks InterPro GPCR domains
TTRE10688	False	Encodes protein that lacks InterPro GPCR domains
TTRE10689	False	Encodes protein that lacks InterPro GPCR domains
TTRE1069	False	Encodes protein that lacks InterPro GPCR domains
TTRE10690	False	Encodes protein that lacks InterPro GPCR domains
TTRE10691	False	Encodes protein that lacks InterPro GPCR domains
TTRE10692	False	Encodes protein that lacks InterPro GPCR domains
TTRE10693	False	Encodes protein that lacks InterPro GPCR domains
TTRE10694	False	Encodes protein that lacks InterPro GPCR domains
TTRE10695	False	Encodes protein that lacks InterPro GPCR domains
TTRE10696	False	Encodes protein that lacks InterPro GPCR domains
TTRE10697	False	Encodes protein that lacks InterPro GPCR domains
TTRE10698	False	Encodes protein that lacks InterPro GPCR domains
TTRE10699	False	Encodes protein that lacks InterPro GPCR domains
TTRE107	False	Encodes protein that lacks InterPro GPCR domains
TTRE1070	False	Encodes protein that lacks InterPro GPCR domains
TTRE10700	False	Encodes protein that lacks InterPro GPCR domains
TTRE10701	False	Encodes protein that lacks InterPro GPCR domains
TTRE10702	False	Encodes protein that lacks InterPro GPCR domains
TTRE10703	False	Encodes protein that lacks InterPro GPCR domains
TTRE10704	False	Encodes protein that lacks InterPro GPCR domains
TTRE10705	False	Encodes protein that lacks InterPro GPCR domains
TTRE10706	False	Encodes protein that lacks InterPro GPCR domains
TTRE10707	False	Encodes protein that lacks InterPro GPCR domains
TTRE10708	False	Encodes protein that lacks InterPro GPCR domains
TTRE10709	False	Encodes protein that lacks InterPro GPCR domains
TTRE1071	False	Encodes protein that lacks InterPro GPCR domains
TTRE10710	False	Encodes protein that lacks InterPro GPCR domains
TTRE10711	False	Encodes protein that lacks InterPro GPCR domains
TTRE10712	False	Encodes protein that lacks InterPro GPCR domains
TTRE10714	False	Encodes protein that lacks InterPro GPCR domains
TTRE10715	False	Encodes protein that lacks InterPro GPCR domains
TTRE10716	False	Encodes protein that lacks InterPro GPCR domains
TTRE10717	False	Encodes protein that lacks InterPro GPCR domains
TTRE10718	False	Encodes protein that lacks InterPro GPCR domains
TTRE10719	False	Encodes protein that lacks InterPro GPCR domains
TTRE1072	False	Encodes protein that lacks InterPro GPCR domains
TTRE10720	False	Encodes protein that lacks InterPro GPCR domains
TTRE10721	False	Encodes protein that lacks InterPro GPCR domains
TTRE10722	False	Encodes protein that lacks InterPro GPCR domains
TTRE10723	False	Encodes protein that lacks InterPro GPCR domains
TTRE10724	False	Encodes protein that lacks InterPro GPCR domains
TTRE10725	False	Encodes protein that lacks InterPro GPCR domains
TTRE10726	False	Encodes protein that lacks InterPro GPCR domains
TTRE10727	False	Encodes protein that lacks InterPro GPCR domains
TTRE10728	False	Encodes protein that lacks InterPro GPCR domains
TTRE10729	False	Encodes protein that lacks InterPro GPCR domains
TTRE1073	False	Encodes protein that lacks InterPro GPCR domains
TTRE10730	False	Encodes protein that lacks InterPro GPCR domains
TTRE10731	False	Encodes protein that lacks InterPro GPCR domains
TTRE10732	False	Encodes protein that lacks InterPro GPCR domains
TTRE10733	False	Encodes protein that lacks InterPro GPCR domains
TTRE10734	False	Encodes protein that lacks InterPro GPCR domains
TTRE10735	False	Encodes protein that lacks InterPro GPCR domains
TTRE10736	False	Encodes protein that lacks InterPro GPCR domains
TTRE10737	False	Encodes protein that lacks InterPro GPCR domains
TTRE10738	False	Encodes protein that lacks InterPro GPCR domains
TTRE10739	False	Encodes protein that lacks InterPro GPCR domains
TTRE1074	False	Encodes protein that lacks InterPro GPCR domains
TTRE10740	False	Encodes protein that lacks InterPro GPCR domains
TTRE10741	False	Encodes protein that lacks InterPro GPCR domains
TTRE10742	False	Encodes protein that lacks InterPro GPCR domains
TTRE10743	False	Encodes protein that lacks InterPro GPCR domains
TTRE10744	False	Encodes protein that lacks InterPro GPCR domains
TTRE10745	False	Encodes protein that lacks InterPro GPCR domains
TTRE10746	False	Encodes protein that lacks InterPro GPCR domains
TTRE10747	False	Encodes protein that lacks InterPro GPCR domains
TTRE10748	False	Encodes protein that lacks InterPro GPCR domains
TTRE10749	False	Encodes protein that lacks InterPro GPCR domains
TTRE1075	False	Encodes protein that lacks InterPro GPCR domains
TTRE10750	False	Encodes protein that lacks InterPro GPCR domains
TTRE10751	False	Encodes protein that lacks InterPro GPCR domains
TTRE10752	False	Encodes protein that lacks InterPro GPCR domains
TTRE10753	False	Encodes protein that lacks InterPro GPCR domains
TTRE10754	False	Encodes protein that lacks InterPro GPCR domains
TTRE10755	False	Encodes protein that lacks InterPro GPCR domains
TTRE10756	False	Encodes protein that lacks InterPro GPCR domains
TTRE10757	False	Encodes protein that lacks InterPro GPCR domains
TTRE10758	False	Encodes protein that lacks InterPro GPCR domains
TTRE10759	False	Encodes protein that lacks InterPro GPCR domains
TTRE1076	False	Encodes protein that lacks InterPro GPCR domains
TTRE10760	False	Encodes protein that lacks InterPro GPCR domains
TTRE10761	False	Encodes protein that lacks InterPro GPCR domains
TTRE10762	False	Encodes protein that lacks InterPro GPCR domains
TTRE10763	False	Encodes protein that lacks InterPro GPCR domains
TTRE10764	False	Encodes protein that lacks InterPro GPCR domains
TTRE10765	False	Encodes protein that lacks InterPro GPCR domains
TTRE10766	False	Encodes protein that lacks InterPro GPCR domains
TTRE10767	False	Encodes protein that lacks InterPro GPCR domains
TTRE10768	False	Encodes protein that lacks InterPro GPCR domains
TTRE10769	False	Encodes protein that lacks InterPro GPCR domains
TTRE1077	False	Encodes protein that lacks InterPro GPCR domains
TTRE10770	False	Encodes protein that lacks InterPro GPCR domains
TTRE10771	False	Encodes protein that lacks InterPro GPCR domains
TTRE10772	False	Encodes protein that lacks InterPro GPCR domains
TTRE10773	False	Encodes protein that lacks InterPro GPCR domains
TTRE10774	False	Encodes protein that lacks InterPro GPCR domains
TTRE10775	False	Encodes protein that lacks InterPro GPCR domains
TTRE10776	False	Encodes protein that lacks InterPro GPCR domains
TTRE10777	False	Encodes protein that lacks InterPro GPCR domains
TTRE10778	False	Encodes protein that lacks InterPro GPCR domains
TTRE10779	False	Encodes protein that lacks InterPro GPCR domains
TTRE1078	False	Encodes protein that lacks InterPro GPCR domains
TTRE10780	False	Encodes protein that lacks InterPro GPCR domains
TTRE10781	False	Encodes protein that lacks InterPro GPCR domains
TTRE10782	False	Encodes protein that lacks InterPro GPCR domains
TTRE10783	False	Encodes protein that lacks InterPro GPCR domains
TTRE10784	False	Encodes protein that lacks InterPro GPCR domains
TTRE10785	False	Encodes protein that lacks InterPro GPCR domains
TTRE10786	False	Encodes protein that lacks InterPro GPCR domains
TTRE10787	False	Encodes protein that lacks InterPro GPCR domains
TTRE10788	False	Encodes protein that lacks InterPro GPCR domains
TTRE10789	False	Encodes protein that lacks InterPro GPCR domains
TTRE1079	False	Encodes protein that lacks InterPro GPCR domains
TTRE10790	False	Encodes protein that lacks InterPro GPCR domains
TTRE10791	False	Encodes protein that lacks InterPro GPCR domains
TTRE10792	False	Encodes protein that lacks InterPro GPCR domains
TTRE10793	False	Encodes protein that lacks InterPro GPCR domains
TTRE10794	False	Encodes protein that lacks InterPro GPCR domains
TTRE10795	False	Encodes protein that lacks InterPro GPCR domains
TTRE10796	False	Encodes protein that lacks InterPro GPCR domains
TTRE10797	False	Encodes protein that lacks InterPro GPCR domains
TTRE10798	False	Encodes protein that lacks InterPro GPCR domains
TTRE10799	False	Encodes protein that lacks InterPro GPCR domains
TTRE108	False	Encodes protein that lacks InterPro GPCR domains
TTRE1080	False	Encodes protein that lacks InterPro GPCR domains
TTRE10800	False	Encodes protein that lacks InterPro GPCR domains
TTRE10801	False	Encodes protein that lacks InterPro GPCR domains
TTRE10802	False	Encodes protein that lacks InterPro GPCR domains
TTRE10803	False	Encodes protein that lacks InterPro GPCR domains
TTRE10804	False	Encodes protein that lacks InterPro GPCR domains
TTRE10805	False	Encodes protein that lacks InterPro GPCR domains
TTRE10806	False	Encodes protein that lacks InterPro GPCR domains
TTRE10807	False	Encodes protein that lacks InterPro GPCR domains
TTRE10808	False	Encodes protein that lacks InterPro GPCR domains
TTRE10809	False	Encodes protein that lacks InterPro GPCR domains
TTRE1081	False	Encodes protein that lacks InterPro GPCR domains
TTRE10810	False	Encodes protein that lacks InterPro GPCR domains
TTRE10811	False	Encodes protein that lacks InterPro GPCR domains
TTRE10812	False	Encodes protein that lacks InterPro GPCR domains
TTRE10813	False	Encodes protein that lacks InterPro GPCR domains
TTRE10814	False	Encodes protein that lacks InterPro GPCR domains
TTRE10815	False	Encodes protein that lacks InterPro GPCR domains
TTRE10816	False	Encodes protein that lacks InterPro GPCR domains
TTRE10817	False	Encodes protein that lacks InterPro GPCR domains
TTRE10818	False	Encodes protein that lacks InterPro GPCR domains
TTRE10819	False	Encodes protein that lacks InterPro GPCR domains
TTRE1082	False	Encodes protein that lacks InterPro GPCR domains
TTRE10820	False	Encodes protein that lacks InterPro GPCR domains
TTRE10821	False	Encodes protein that lacks InterPro GPCR domains
TTRE10822	False	Encodes protein that lacks InterPro GPCR domains
TTRE10823	False	Encodes protein that lacks InterPro GPCR domains
TTRE10824	False	Encodes protein that lacks InterPro GPCR domains
TTRE10825	False	Encodes protein that lacks InterPro GPCR domains
TTRE10826	False	Encodes protein that lacks InterPro GPCR domains
TTRE10827	False	Encodes protein that lacks InterPro GPCR domains
TTRE10828	False	Encodes protein that lacks InterPro GPCR domains
TTRE10829	False	Encodes protein that lacks InterPro GPCR domains
TTRE1083	False	Encodes protein that lacks InterPro GPCR domains
TTRE10830	False	Encodes protein that lacks InterPro GPCR domains
TTRE10831	False	Encodes protein that lacks InterPro GPCR domains
TTRE10832	False	Encodes protein that lacks InterPro GPCR domains
TTRE10833	False	Encodes protein that lacks InterPro GPCR domains
TTRE10834	False	Encodes protein that lacks InterPro GPCR domains
TTRE10835	False	Encodes protein that lacks InterPro GPCR domains
TTRE10836	False	Encodes protein that lacks InterPro GPCR domains
TTRE10837	False	Encodes protein that lacks InterPro GPCR domains
TTRE10838	False	Encodes protein that lacks InterPro GPCR domains
TTRE10839	False	Encodes protein that lacks InterPro GPCR domains
TTRE1084	False	Encodes protein that lacks InterPro GPCR domains
TTRE10840	False	Encodes protein that lacks InterPro GPCR domains
TTRE10841	False	Encodes protein that lacks InterPro GPCR domains
TTRE10842	False	Encodes protein that lacks InterPro GPCR domains
TTRE10843	False	Encodes protein that lacks InterPro GPCR domains
TTRE10844	False	Encodes protein that lacks InterPro GPCR domains
TTRE10845	False	Encodes protein that lacks InterPro GPCR domains
TTRE10846	False	Encodes protein that lacks InterPro GPCR domains
TTRE10847	False	Encodes protein that lacks InterPro GPCR domains
TTRE10848	False	Encodes protein that lacks InterPro GPCR domains
TTRE10849	False	Encodes protein that lacks InterPro GPCR domains
TTRE1085	False	Encodes protein that lacks InterPro GPCR domains
TTRE10850	False	Encodes protein that lacks InterPro GPCR domains
TTRE10851	False	Encodes protein that lacks InterPro GPCR domains
TTRE10852	False	Encodes protein that lacks InterPro GPCR domains
TTRE10853	False	Encodes protein that lacks InterPro GPCR domains
TTRE10854	False	Encodes protein that lacks InterPro GPCR domains
TTRE10855	False	Encodes protein that lacks InterPro GPCR domains
TTRE10856	False	Encodes protein that lacks InterPro GPCR domains
TTRE10857	False	Encodes protein that lacks InterPro GPCR domains
TTRE10858	False	Encodes protein that lacks InterPro GPCR domains
TTRE10859	False	Encodes protein that lacks InterPro GPCR domains
TTRE1086	False	Encodes protein that lacks InterPro GPCR domains
TTRE10860	False	Encodes protein that lacks InterPro GPCR domains
TTRE10861	False	Encodes protein that lacks InterPro GPCR domains
TTRE10862	False	Encodes protein that lacks InterPro GPCR domains
TTRE10863	False	Encodes protein that lacks InterPro GPCR domains
TTRE10864	False	Encodes protein that lacks InterPro GPCR domains
TTRE10865	False	Encodes protein that lacks InterPro GPCR domains
TTRE10866	False	Encodes protein that lacks InterPro GPCR domains
TTRE10867	False	Encodes protein that lacks InterPro GPCR domains
TTRE10868	False	Encodes protein that lacks InterPro GPCR domains
TTRE10869	False	Encodes protein that lacks InterPro GPCR domains
TTRE1087	False	Encodes protein that lacks InterPro GPCR domains
TTRE10870	False	Encodes protein that lacks InterPro GPCR domains
TTRE10871	False	Encodes protein that lacks InterPro GPCR domains
TTRE10872	False	Encodes protein that lacks InterPro GPCR domains
TTRE10873	False	Encodes protein that lacks InterPro GPCR domains
TTRE10874	False	Encodes protein that lacks InterPro GPCR domains
TTRE10875	False	Encodes protein that lacks InterPro GPCR domains
TTRE10876	False	Encodes protein that lacks InterPro GPCR domains
TTRE10877	False	Encodes protein that lacks InterPro GPCR domains
TTRE10878	False	Encodes protein that lacks InterPro GPCR domains
TTRE10879	False	Encodes protein that lacks InterPro GPCR domains
TTRE1088	True	Encodes protein with InterPro domain(s): IPR017452 - GPCR, rhodopsin-like, 7TM; IPR019430 - 7TM GPCR, serpentine receptor class x (Srx)
TTRE10880	False	Encodes protein that lacks InterPro GPCR domains
TTRE10881	False	Encodes protein that lacks InterPro GPCR domains
TTRE10882	False	Encodes protein that lacks InterPro GPCR domains
TTRE10883	False	Encodes protein that lacks InterPro GPCR domains
TTRE10884	False	Encodes protein that lacks InterPro GPCR domains
TTRE10885	False	Encodes protein that lacks InterPro GPCR domains
TTRE10886	False	Encodes protein that lacks InterPro GPCR domains
TTRE10887	False	Encodes protein that lacks InterPro GPCR domains
TTRE10888	False	Encodes protein that lacks InterPro GPCR domains
TTRE10889	False	Encodes protein that lacks InterPro GPCR domains
TTRE1089	False	Encodes protein that lacks InterPro GPCR domains
TTRE10890	False	Encodes protein that lacks InterPro GPCR domains
TTRE10891	False	Encodes protein that lacks InterPro GPCR domains
TTRE10892	False	Encodes protein that lacks InterPro GPCR domains
TTRE10893	False	Encodes protein that lacks InterPro GPCR domains
TTRE10894	False	Encodes protein that lacks InterPro GPCR domains
TTRE10895	False	Encodes protein that lacks InterPro GPCR domains
TTRE10896	False	Encodes protein that lacks InterPro GPCR domains
TTRE10897	False	Encodes protein that lacks InterPro GPCR domains
TTRE10898	False	Encodes protein that lacks InterPro GPCR domains
TTRE10899	False	Encodes protein that lacks InterPro GPCR domains
TTRE109	False	Encodes protein that lacks InterPro GPCR domains
TTRE1090	False	Encodes protein that lacks InterPro GPCR domains
TTRE10900	False	Encodes protein that lacks InterPro GPCR domains
TTRE10901	False	Encodes protein that lacks InterPro GPCR domains
TTRE10902	False	Encodes protein that lacks InterPro GPCR domains
TTRE10903	False	Encodes protein that lacks InterPro GPCR domains
TTRE10904	False	Encodes protein that lacks InterPro GPCR domains
TTRE10905	False	Encodes protein that lacks InterPro GPCR domains
TTRE10906	False	Encodes protein that lacks InterPro GPCR domains
TTRE10907	False	Encodes protein that lacks InterPro GPCR domains
TTRE10908	False	Encodes protein that lacks InterPro GPCR domains
TTRE10909	False	Encodes protein that lacks InterPro GPCR domains
TTRE1091	False	Encodes protein that lacks InterPro GPCR domains
TTRE10910	False	Encodes protein that lacks InterPro GPCR domains
TTRE10911	False	Encodes protein that lacks InterPro GPCR domains
TTRE10912	False	Encodes protein that lacks InterPro GPCR domains
TTRE10913	False	Encodes protein that lacks InterPro GPCR domains
TTRE10914	False	Encodes protein that lacks InterPro GPCR domains
TTRE10915	False	Encodes protein that lacks InterPro GPCR domains
TTRE10916	False	Encodes protein that lacks InterPro GPCR domains
TTRE10917	False	Encodes protein that lacks InterPro GPCR domains
TTRE10918	False	Encodes protein that lacks InterPro GPCR domains
TTRE10919	False	Encodes protein that lacks InterPro GPCR domains
TTRE1092	False	Encodes protein that lacks InterPro GPCR domains
TTRE10920	False	Encodes protein that lacks InterPro GPCR domains
TTRE10921	False	Encodes protein that lacks InterPro GPCR domains
TTRE10922	False	Encodes protein that lacks InterPro GPCR domains
TTRE10923	False	Encodes protein that lacks InterPro GPCR domains
TTRE10924	False	Encodes protein that lacks InterPro GPCR domains
TTRE10925	False	Encodes protein that lacks InterPro GPCR domains
TTRE10926	False	Encodes protein that lacks InterPro GPCR domains
TTRE10927	False	Encodes protein that lacks InterPro GPCR domains
TTRE10928	False	Encodes protein that lacks InterPro GPCR domains
TTRE10929	False	Encodes protein that lacks InterPro GPCR domains
TTRE1093	False	Encodes protein that lacks InterPro GPCR domains
TTRE10930	False	Encodes protein that lacks InterPro GPCR domains
TTRE10931	False	Encodes protein that lacks InterPro GPCR domains
TTRE10932	False	Encodes protein that lacks InterPro GPCR domains
TTRE10933	False	Encodes protein that lacks InterPro GPCR domains
TTRE10934	False	Encodes protein that lacks InterPro GPCR domains
TTRE10935	False	Encodes protein that lacks InterPro GPCR domains
TTRE10936	False	Encodes protein that lacks InterPro GPCR domains
TTRE10937	False	Encodes protein that lacks InterPro GPCR domains
TTRE10938	False	Encodes protein that lacks InterPro GPCR domains
TTRE10939	False	Encodes protein that lacks InterPro GPCR domains
TTRE1094	False	Encodes protein that lacks InterPro GPCR domains
TTRE10940	False	Encodes protein that lacks InterPro GPCR domains
TTRE10941	False	Encodes protein that lacks InterPro GPCR domains
TTRE10942	False	Encodes protein that lacks InterPro GPCR domains
TTRE10943	False	Encodes protein that lacks InterPro GPCR domains
TTRE10944	False	Encodes protein that lacks InterPro GPCR domains
TTRE10945	False	Encodes protein that lacks InterPro GPCR domains
TTRE10946	False	Encodes protein that lacks InterPro GPCR domains
TTRE10947	False	Encodes protein that lacks InterPro GPCR domains
TTRE10949	False	Encodes protein that lacks InterPro GPCR domains
TTRE1095	False	Encodes protein that lacks InterPro GPCR domains
TTRE10950	False	Encodes protein that lacks InterPro GPCR domains
TTRE10951	False	Encodes protein that lacks InterPro GPCR domains
TTRE10952	False	Encodes protein that lacks InterPro GPCR domains
TTRE10953	False	Encodes protein that lacks InterPro GPCR domains
TTRE10954	False	Encodes protein that lacks InterPro GPCR domains
TTRE10955	False	Encodes protein that lacks InterPro GPCR domains
TTRE10956	False	Encodes protein that lacks InterPro GPCR domains
TTRE10957	False	Encodes protein that lacks InterPro GPCR domains
TTRE10958	False	Encodes protein that lacks InterPro GPCR domains
TTRE10959	False	Encodes protein that lacks InterPro GPCR domains
TTRE1096	False	Encodes protein that lacks InterPro GPCR domains
TTRE10960	False	Encodes protein that lacks InterPro GPCR domains
TTRE10961	False	Encodes protein that lacks InterPro GPCR domains
TTRE10962	False	Encodes protein that lacks InterPro GPCR domains
TTRE10963	False	Encodes protein that lacks InterPro GPCR domains
TTRE10964	False	Encodes protein that lacks InterPro GPCR domains
TTRE10965	False	Encodes protein that lacks InterPro GPCR domains
TTRE10966	False	Encodes protein that lacks InterPro GPCR domains
TTRE10967	False	Encodes protein that lacks InterPro GPCR domains
TTRE10968	False	Encodes protein that lacks InterPro GPCR domains
TTRE10969	False	Encodes protein that lacks InterPro GPCR domains
TTRE1097	False	Encodes protein that lacks InterPro GPCR domains
TTRE10970	False	Encodes protein that lacks InterPro GPCR domains
TTRE10971	False	Encodes protein that lacks InterPro GPCR domains
TTRE10972	False	Encodes protein that lacks InterPro GPCR domains
TTRE10973	False	Encodes protein that lacks InterPro GPCR domains
TTRE10974	False	Encodes protein that lacks InterPro GPCR domains
TTRE10975	False	Encodes protein that lacks InterPro GPCR domains
TTRE10976	False	Encodes protein that lacks InterPro GPCR domains
TTRE10977	False	Encodes protein that lacks InterPro GPCR domains
TTRE10978	False	Encodes protein that lacks InterPro GPCR domains
TTRE10979	False	Encodes protein that lacks InterPro GPCR domains
TTRE1098	False	Encodes protein that lacks InterPro GPCR domains
TTRE10980	False	Encodes protein that lacks InterPro GPCR domains
TTRE10981	False	Encodes protein that lacks InterPro GPCR domains
TTRE10982	False	Encodes protein that lacks InterPro GPCR domains
TTRE10983	False	Encodes protein that lacks InterPro GPCR domains
TTRE10984	False	Encodes protein that lacks InterPro GPCR domains
TTRE10985	False	Encodes protein that lacks InterPro GPCR domains
TTRE10986	False	Encodes protein that lacks InterPro GPCR domains
TTRE10987	False	Encodes protein that lacks InterPro GPCR domains
TTRE10988	False	Encodes protein that lacks InterPro GPCR domains
TTRE10989	False	Encodes protein that lacks InterPro GPCR domains
TTRE1099	False	Encodes protein that lacks InterPro GPCR domains
TTRE10990	False	Encodes protein that lacks InterPro GPCR domains
TTRE10991	False	Encodes protein that lacks InterPro GPCR domains
TTRE10992	False	Encodes protein that lacks InterPro GPCR domains
TTRE10993	False	Encodes protein that lacks InterPro GPCR domains
TTRE10994	False	Encodes protein that lacks InterPro GPCR domains
TTRE10995	False	Encodes protein that lacks InterPro GPCR domains
TTRE10996	False	Encodes protein that lacks InterPro GPCR domains
TTRE10997	False	Encodes protein that lacks InterPro GPCR domains
TTRE10998	False	Encodes protein that lacks InterPro GPCR domains
TTRE10999	False	Encodes protein that lacks InterPro GPCR domains
TTRE11	False	Encodes protein that lacks InterPro GPCR domains
TTRE110	False	Encodes protein that lacks InterPro GPCR domains
TTRE1100	False	Encodes protein that lacks InterPro GPCR domains
TTRE11000	False	Encodes protein that lacks InterPro GPCR domains
TTRE11001	False	Encodes protein that lacks InterPro GPCR domains
TTRE11002	False	Encodes protein that lacks InterPro GPCR domains
TTRE11003	False	Encodes protein that lacks InterPro GPCR domains
TTRE11004	False	Encodes protein that lacks InterPro GPCR domains
TTRE11005	False	Encodes protein that lacks InterPro GPCR domains
TTRE11006	False	Encodes protein that lacks InterPro GPCR domains
TTRE11007	False	Encodes protein that lacks InterPro GPCR domains
TTRE11008	False	Encodes protein that lacks InterPro GPCR domains
TTRE11009	False	Encodes protein that lacks InterPro GPCR domains
TTRE1101	False	Encodes protein that lacks InterPro GPCR domains
TTRE11010	False	Encodes protein that lacks InterPro GPCR domains
TTRE11011	False	Encodes protein that lacks InterPro GPCR domains
TTRE11012	False	Encodes protein that lacks InterPro GPCR domains
TTRE11013	False	Encodes protein that lacks InterPro GPCR domains
TTRE11014	False	Encodes protein that lacks InterPro GPCR domains
TTRE11015	False	Encodes protein that lacks InterPro GPCR domains
TTRE11016	False	Encodes protein that lacks InterPro GPCR domains
TTRE11017	False	Encodes protein that lacks InterPro GPCR domains
TTRE11018	False	Encodes protein that lacks InterPro GPCR domains
TTRE11019	False	Encodes protein that lacks InterPro GPCR domains
TTRE1102	False	Encodes protein that lacks InterPro GPCR domains
TTRE11020	False	Encodes protein that lacks InterPro GPCR domains
TTRE11021	False	Encodes protein that lacks InterPro GPCR domains
TTRE11022	False	Encodes protein that lacks InterPro GPCR domains
TTRE11023	False	Encodes protein that lacks InterPro GPCR domains
TTRE11024	False	Encodes protein that lacks InterPro GPCR domains
TTRE11025	False	Encodes protein that lacks InterPro GPCR domains
TTRE11026	False	Encodes protein that lacks InterPro GPCR domains
TTRE11027	False	Encodes protein that lacks InterPro GPCR domains
TTRE11028	False	Encodes protein that lacks InterPro GPCR domains
TTRE11029	False	Encodes protein that lacks InterPro GPCR domains
TTRE1103	False	Encodes protein that lacks InterPro GPCR domains
TTRE11030	False	Encodes protein that lacks InterPro GPCR domains
TTRE11031	False	Encodes protein that lacks InterPro GPCR domains
TTRE11032	False	Encodes protein that lacks InterPro GPCR domains
TTRE11033	False	Encodes protein that lacks InterPro GPCR domains
TTRE11034	False	Encodes protein that lacks InterPro GPCR domains
TTRE11035	False	Encodes protein that lacks InterPro GPCR domains
TTRE11036	False	Encodes protein that lacks InterPro GPCR domains
TTRE11037	False	Encodes protein that lacks InterPro GPCR domains
TTRE11038	False	Encodes protein that lacks InterPro GPCR domains
TTRE11039	False	Encodes protein that lacks InterPro GPCR domains
TTRE1104	False	Encodes protein that lacks InterPro GPCR domains
TTRE11040	False	Encodes protein that lacks InterPro GPCR domains
TTRE11041	False	Encodes protein that lacks InterPro GPCR domains
TTRE11042	False	Encodes protein that lacks InterPro GPCR domains
TTRE11043	False	Encodes protein that lacks InterPro GPCR domains
TTRE11044	False	Encodes protein that lacks InterPro GPCR domains
TTRE11045	False	Encodes protein that lacks InterPro GPCR domains
TTRE11046	False	Encodes protein that lacks InterPro GPCR domains
TTRE11047	False	Encodes protein that lacks InterPro GPCR domains
TTRE11048	False	Encodes protein that lacks InterPro GPCR domains
TTRE11049	False	Encodes protein that lacks InterPro GPCR domains
TTRE1105	False	Encodes protein that lacks InterPro GPCR domains
TTRE11050	False	Encodes protein that lacks InterPro GPCR domains
TTRE11051	False	Encodes protein that lacks InterPro GPCR domains
TTRE11052	False	Encodes protein that lacks InterPro GPCR domains
TTRE11053	False	Encodes protein that lacks InterPro GPCR domains
TTRE11054	False	Encodes protein that lacks InterPro GPCR domains
TTRE11055	False	Encodes protein that lacks InterPro GPCR domains
TTRE11056	False	Encodes protein that lacks InterPro GPCR domains
TTRE11057	False	Encodes protein that lacks InterPro GPCR domains
TTRE11058	False	Encodes protein that lacks InterPro GPCR domains
TTRE11059	False	Encodes protein that lacks InterPro GPCR domains
TTRE1106	False	Encodes protein that lacks InterPro GPCR domains
TTRE11060	False	Encodes protein that lacks InterPro GPCR domains
TTRE11061	False	Encodes protein that lacks InterPro GPCR domains
TTRE11062	False	Encodes protein that lacks InterPro GPCR domains
TTRE11063	False	Encodes protein that lacks InterPro GPCR domains
TTRE11064	False	Encodes protein that lacks InterPro GPCR domains
TTRE11065	False	Encodes protein that lacks InterPro GPCR domains
TTRE11066	False	Encodes protein that lacks InterPro GPCR domains
TTRE11067	False	Encodes protein that lacks InterPro GPCR domains
TTRE11068	False	Encodes protein that lacks InterPro GPCR domains
TTRE11069	False	Encodes protein that lacks InterPro GPCR domains
TTRE1107	False	Encodes protein that lacks InterPro GPCR domains
TTRE11070	False	Encodes protein that lacks InterPro GPCR domains
TTRE11071	False	Encodes protein that lacks InterPro GPCR domains
TTRE11072	False	Encodes protein that lacks InterPro GPCR domains
TTRE11073	False	Encodes protein that lacks InterPro GPCR domains
TTRE11074	False	Encodes protein that lacks InterPro GPCR domains
TTRE11075	False	Encodes protein that lacks InterPro GPCR domains
TTRE11076	False	Encodes protein that lacks InterPro GPCR domains
TTRE11077	False	Encodes protein that lacks InterPro GPCR domains
TTRE11078	False	Encodes protein that lacks InterPro GPCR domains
TTRE11079	False	Encodes protein that lacks InterPro GPCR domains
TTRE1108	False	Encodes protein that lacks InterPro GPCR domains
TTRE11080	False	Encodes protein that lacks InterPro GPCR domains
TTRE11081	False	Encodes protein that lacks InterPro GPCR domains
TTRE11082	False	Encodes protein that lacks InterPro GPCR domains
TTRE11083	False	Encodes protein that lacks InterPro GPCR domains
TTRE11084	False	Encodes protein that lacks InterPro GPCR domains
TTRE11085	False	Encodes protein that lacks InterPro GPCR domains
TTRE11086	False	Encodes protein that lacks InterPro GPCR domains
TTRE11087	False	Encodes protein that lacks InterPro GPCR domains
TTRE11088	False	Encodes protein that lacks InterPro GPCR domains
TTRE11089	False	Encodes protein that lacks InterPro GPCR domains
TTRE1109	False	Encodes protein that lacks InterPro GPCR domains
TTRE11090	False	Encodes protein that lacks InterPro GPCR domains
TTRE11091	False	Encodes protein that lacks InterPro GPCR domains
TTRE11092	False	Encodes protein that lacks InterPro GPCR domains
TTRE11093	False	Encodes protein that lacks InterPro GPCR domains
TTRE11094	False	Encodes protein that lacks InterPro GPCR domains
TTRE11095	False	Encodes protein that lacks InterPro GPCR domains
TTRE11096	False	Encodes protein that lacks InterPro GPCR domains
TTRE11097	False	Encodes protein that lacks InterPro GPCR domains
TTRE11098	False	Encodes protein that lacks InterPro GPCR domains
TTRE11099	False	Encodes protein that lacks InterPro GPCR domains
TTRE111	False	Encodes protein that lacks InterPro GPCR domains
TTRE1110	False	Encodes protein that lacks InterPro GPCR domains
TTRE11100	False	Encodes protein that lacks InterPro GPCR domains
TTRE11101	False	Encodes protein that lacks InterPro GPCR domains
TTRE11102	False	Encodes protein that lacks InterPro GPCR domains
TTRE11103	False	Encodes protein that lacks InterPro GPCR domains
TTRE11104	False	Encodes protein that lacks InterPro GPCR domains
TTRE11105	False	Encodes protein that lacks InterPro GPCR domains
TTRE11106	True	Encodes protein with InterPro domain(s): IPR017452 - GPCR, rhodopsin-like, 7TM
TTRE11107	False	Encodes protein that lacks InterPro GPCR domains
TTRE11108	False	Encodes protein that lacks InterPro GPCR domains
TTRE11109	False	Encodes protein that lacks InterPro GPCR domains
TTRE1111	False	Encodes protein that lacks InterPro GPCR domains
TTRE11110	False	Encodes protein that lacks InterPro GPCR domains
TTRE11111	False	Encodes protein that lacks InterPro GPCR domains
TTRE11112	False	Encodes protein that lacks InterPro GPCR domains
TTRE11113	False	Encodes protein that lacks InterPro GPCR domains
TTRE11114	False	Encodes protein that lacks InterPro GPCR domains
TTRE11115	False	Encodes protein that lacks InterPro GPCR domains
TTRE11116	False	Encodes protein that lacks InterPro GPCR domains
TTRE11117	False	Encodes protein that lacks InterPro GPCR domains
TTRE11118	False	Encodes protein that lacks InterPro GPCR domains
TTRE11119	False	Encodes protein that lacks InterPro GPCR domains
TTRE1112	False	Encodes protein that lacks InterPro GPCR domains
TTRE11120	False	Encodes protein that lacks InterPro GPCR domains
TTRE11121	False	Encodes protein that lacks InterPro GPCR domains
TTRE11122	False	Encodes protein that lacks InterPro GPCR domains
TTRE11123	False	Encodes protein that lacks InterPro GPCR domains
TTRE11124	False	Encodes protein that lacks InterPro GPCR domains
TTRE11125	False	Encodes protein that lacks InterPro GPCR domains
TTRE11126	False	Encodes protein that lacks InterPro GPCR domains
TTRE11127	False	Encodes protein that lacks InterPro GPCR domains
TTRE11128	False	Encodes protein that lacks InterPro GPCR domains
TTRE11129	False	Encodes protein that lacks InterPro GPCR domains
TTRE1113	False	Encodes protein that lacks InterPro GPCR domains
TTRE11130	False	Encodes protein that lacks InterPro GPCR domains
TTRE11131	False	Encodes protein that lacks InterPro GPCR domains
TTRE11132	False	Encodes protein that lacks InterPro GPCR domains
TTRE11133	False	Encodes protein that lacks InterPro GPCR domains
TTRE11134	False	Encodes protein that lacks InterPro GPCR domains
TTRE11135	False	Encodes protein that lacks InterPro GPCR domains
TTRE11136	False	Encodes protein that lacks InterPro GPCR domains
TTRE11137	False	Encodes protein that lacks InterPro GPCR domains
TTRE11138	False	Encodes protein that lacks InterPro GPCR domains
TTRE11139	False	Encodes protein that lacks InterPro GPCR domains
TTRE1114	False	Encodes protein that lacks InterPro GPCR domains
TTRE11140	False	Encodes protein that lacks InterPro GPCR domains
TTRE11141	False	Encodes protein that lacks InterPro GPCR domains
TTRE11142	False	Encodes protein that lacks InterPro GPCR domains
TTRE11143	False	Encodes protein that lacks InterPro GPCR domains
TTRE11144	False	Encodes protein that lacks InterPro GPCR domains
TTRE11145	False	Encodes protein that lacks InterPro GPCR domains
TTRE11146	False	Encodes protein that lacks InterPro GPCR domains
TTRE11147	False	Encodes protein that lacks InterPro GPCR domains
TTRE11148	False	Encodes protein that lacks InterPro GPCR domains
TTRE11149	False	Encodes protein that lacks InterPro GPCR domains
TTRE1115	False	Encodes protein that lacks InterPro GPCR domains
TTRE11150	False	Encodes protein that lacks InterPro GPCR domains
TTRE11151	False	Encodes protein that lacks InterPro GPCR domains
TTRE11152	False	Encodes protein that lacks InterPro GPCR domains
TTRE11153	False	Encodes protein that lacks InterPro GPCR domains
TTRE11154	False	Encodes protein that lacks InterPro GPCR domains
TTRE11156	False	Encodes protein that lacks InterPro GPCR domains
TTRE11157	False	Encodes protein that lacks InterPro GPCR domains
TTRE11158	False	Encodes protein that lacks InterPro GPCR domains
TTRE11159	False	Encodes protein that lacks InterPro GPCR domains
TTRE1116	False	Encodes protein that lacks InterPro GPCR domains
TTRE11161	False	Encodes protein that lacks InterPro GPCR domains
TTRE11162	False	Encodes protein that lacks InterPro GPCR domains
TTRE11163	False	Encodes protein that lacks InterPro GPCR domains
TTRE11164	False	Encodes protein that lacks InterPro GPCR domains
TTRE11165	False	Encodes protein that lacks InterPro GPCR domains
TTRE11166	False	Encodes protein that lacks InterPro GPCR domains
TTRE11167	False	Encodes protein that lacks InterPro GPCR domains
TTRE11168	False	Encodes protein that lacks InterPro GPCR domains
TTRE11169	False	Encodes protein that lacks InterPro GPCR domains
TTRE1117	False	Encodes protein that lacks InterPro GPCR domains
TTRE11170	False	Encodes protein that lacks InterPro GPCR domains
TTRE11171	False	Encodes protein that lacks InterPro GPCR domains
TTRE11172	False	Encodes protein that lacks InterPro GPCR domains
TTRE11173	False	Encodes protein that lacks InterPro GPCR domains
TTRE11174	False	Encodes protein that lacks InterPro GPCR domains
TTRE11175	False	Encodes protein that lacks InterPro GPCR domains
TTRE11176	False	Encodes protein that lacks InterPro GPCR domains
TTRE11177	False	Encodes protein that lacks InterPro GPCR domains
TTRE11178	False	Encodes protein that lacks InterPro GPCR domains
TTRE11179	False	Encodes protein that lacks InterPro GPCR domains
TTRE1118	True	Encodes protein with InterPro domain(s): IPR017981 - GPCR, family 2-like, 7TM
TTRE11180	False	Encodes protein that lacks InterPro GPCR domains
TTRE11181	False	Encodes protein that lacks InterPro GPCR domains
TTRE11182	False	Encodes protein that lacks InterPro GPCR domains
TTRE11183	False	Encodes protein that lacks InterPro GPCR domains
TTRE11184	False	Encodes protein that lacks InterPro GPCR domains
TTRE11185	False	Encodes protein that lacks InterPro GPCR domains
TTRE11186	False	Encodes protein that lacks InterPro GPCR domains
TTRE11187	False	Encodes protein that lacks InterPro GPCR domains
TTRE11188	False	Encodes protein that lacks InterPro GPCR domains
TTRE11189	False	Encodes protein that lacks InterPro GPCR domains
TTRE1119	False	Encodes protein that lacks InterPro GPCR domains
TTRE11190	False	Encodes protein that lacks InterPro GPCR domains
TTRE11191	False	Encodes protein that lacks InterPro GPCR domains
TTRE11192	False	Encodes protein that lacks InterPro GPCR domains
TTRE11193	False	Encodes protein that lacks InterPro GPCR domains
TTRE11194	False	Encodes protein that lacks InterPro GPCR domains
TTRE11195	False	Encodes protein that lacks InterPro GPCR domains
TTRE11196	False	Encodes protein that lacks InterPro GPCR domains
TTRE11197	False	Encodes protein that lacks InterPro GPCR domains
TTRE11198	False	Encodes protein that lacks InterPro GPCR domains
TTRE112	False	Encodes protein that lacks InterPro GPCR domains
TTRE1120	False	Encodes protein that lacks InterPro GPCR domains
TTRE11200	False	Encodes protein that lacks InterPro GPCR domains
TTRE11201	False	Encodes protein that lacks InterPro GPCR domains
TTRE11202	False	Encodes protein that lacks InterPro GPCR domains
TTRE11203	False	Encodes protein that lacks InterPro GPCR domains
TTRE11204	False	Encodes protein that lacks InterPro GPCR domains
TTRE11205	False	Encodes protein that lacks InterPro GPCR domains
TTRE11206	False	Encodes protein that lacks InterPro GPCR domains
TTRE11207	False	Encodes protein that lacks InterPro GPCR domains
TTRE11208	False	Encodes protein that lacks InterPro GPCR domains
TTRE11209	False	Encodes protein that lacks InterPro GPCR domains
TTRE1121	False	Encodes protein that lacks InterPro GPCR domains
TTRE11210	False	Encodes protein that lacks InterPro GPCR domains
TTRE11211	False	Encodes protein that lacks InterPro GPCR domains
TTRE11212	False	Encodes protein that lacks InterPro GPCR domains
TTRE11213	False	Encodes protein that lacks InterPro GPCR domains
TTRE11214	False	Encodes protein that lacks InterPro GPCR domains
TTRE11215	False	Encodes protein that lacks InterPro GPCR domains
TTRE11216	False	Encodes protein that lacks InterPro GPCR domains
TTRE11217	False	Encodes protein that lacks InterPro GPCR domains
TTRE11218	False	Encodes protein that lacks InterPro GPCR domains
TTRE11219	False	Encodes protein that lacks InterPro GPCR domains
TTRE1122	True	Encodes protein with InterPro domain(s): IPR017452 - GPCR, rhodopsin-like, 7TM
TTRE11221	False	Encodes protein that lacks InterPro GPCR domains
TTRE11222	False	Encodes protein that lacks InterPro GPCR domains
TTRE11223	False	Encodes protein that lacks InterPro GPCR domains
TTRE11224	False	Encodes protein that lacks InterPro GPCR domains
TTRE11225	False	Encodes protein that lacks InterPro GPCR domains
TTRE11226	False	Encodes protein that lacks InterPro GPCR domains
TTRE11227	False	Encodes protein that lacks InterPro GPCR domains
TTRE11228	False	Encodes protein that lacks InterPro GPCR domains
TTRE11229	False	Encodes protein that lacks InterPro GPCR domains
TTRE1123	False	Encodes protein that lacks InterPro GPCR domains
TTRE11230	False	Encodes protein that lacks InterPro GPCR domains
TTRE11231	False	Encodes protein that lacks InterPro GPCR domains
TTRE11232	False	Encodes protein that lacks InterPro GPCR domains
TTRE11233	False	Encodes protein that lacks InterPro GPCR domains
TTRE11234	False	Encodes protein that lacks InterPro GPCR domains
TTRE11235	False	Encodes protein that lacks InterPro GPCR domains
TTRE11236	False	Encodes protein that lacks InterPro GPCR domains
TTRE11237	False	Encodes protein that lacks InterPro GPCR domains
TTRE11238	False	Encodes protein that lacks InterPro GPCR domains
TTRE11239	False	Encodes protein that lacks InterPro GPCR domains
TTRE1124	False	Encodes protein that lacks InterPro GPCR domains
TTRE11240	False	Encodes protein that lacks InterPro GPCR domains
TTRE11241	False	Encodes protein that lacks InterPro GPCR domains
TTRE11242	False	Encodes protein that lacks InterPro GPCR domains
TTRE11243	False	Encodes protein that lacks InterPro GPCR domains
TTRE11244	False	Encodes protein that lacks InterPro GPCR domains
TTRE11245	False	Encodes protein that lacks InterPro GPCR domains
TTRE11246	False	Encodes protein that lacks InterPro GPCR domains
TTRE11247	False	Encodes protein that lacks InterPro GPCR domains
TTRE11248	False	Encodes protein that lacks InterPro GPCR domains
TTRE11249	False	Encodes protein that lacks InterPro GPCR domains
TTRE1125	False	Encodes protein that lacks InterPro GPCR domains
TTRE11250	False	Encodes protein that lacks InterPro GPCR domains
TTRE11251	False	Encodes protein that lacks InterPro GPCR domains
TTRE11252	False	Encodes protein that lacks InterPro GPCR domains
TTRE11253	False	Encodes protein that lacks InterPro GPCR domains
TTRE11254	False	Encodes protein that lacks InterPro GPCR domains
TTRE11255	False	Encodes protein that lacks InterPro GPCR domains
TTRE11256	False	Encodes protein that lacks InterPro GPCR domains
TTRE11257	False	Encodes protein that lacks InterPro GPCR domains
TTRE11258	False	Encodes protein that lacks InterPro GPCR domains
TTRE11259	False	Encodes protein that lacks InterPro GPCR domains
TTRE1126	False	Encodes protein that lacks InterPro GPCR domains
TTRE11260	False	Encodes protein that lacks InterPro GPCR domains
TTRE11261	False	Encodes protein that lacks InterPro GPCR domains
TTRE11262	False	Encodes protein that lacks InterPro GPCR domains
TTRE11263	False	Encodes protein that lacks InterPro GPCR domains
TTRE11264	False	Encodes protein that lacks InterPro GPCR domains
TTRE11265	False	Encodes protein that lacks InterPro GPCR domains
TTRE11266	False	Encodes protein that lacks InterPro GPCR domains
TTRE11267	False	Encodes protein that lacks InterPro GPCR domains
TTRE11268	False	Encodes protein that lacks InterPro GPCR domains
TTRE11269	False	Encodes protein that lacks InterPro GPCR domains
TTRE11270	False	Encodes protein that lacks InterPro GPCR domains
TTRE11271	False	Encodes protein that lacks InterPro GPCR domains
TTRE11272	False	Encodes protein that lacks InterPro GPCR domains
TTRE11273	False	Encodes protein that lacks InterPro GPCR domains
TTRE11274	False	Encodes protein that lacks InterPro GPCR domains
TTRE11275	False	Encodes protein that lacks InterPro GPCR domains
TTRE11276	False	Encodes protein that lacks InterPro GPCR domains
TTRE11277	False	Encodes protein that lacks InterPro GPCR domains
TTRE11278	False	Encodes protein that lacks InterPro GPCR domains
TTRE11279	False	Encodes protein that lacks InterPro GPCR domains
TTRE1128	False	Encodes protein that lacks InterPro GPCR domains
TTRE11280	False	Encodes protein that lacks InterPro GPCR domains
TTRE11281	False	Encodes protein that lacks InterPro GPCR domains
TTRE11282	False	Encodes protein that lacks InterPro GPCR domains
TTRE11283	False	Encodes protein that lacks InterPro GPCR domains
TTRE11284	False	Encodes protein that lacks InterPro GPCR domains
TTRE11285	False	Encodes protein that lacks InterPro GPCR domains
TTRE11286	False	Encodes protein that lacks InterPro GPCR domains
TTRE11287	False	Encodes protein that lacks InterPro GPCR domains
TTRE11288	False	Encodes protein that lacks InterPro GPCR domains
TTRE11289	False	Encodes protein that lacks InterPro GPCR domains
TTRE1129	False	Encodes protein that lacks InterPro GPCR domains
TTRE11290	False	Encodes protein that lacks InterPro GPCR domains
TTRE11291	False	Encodes protein that lacks InterPro GPCR domains
TTRE11292	False	Encodes protein that lacks InterPro GPCR domains
TTRE11293	False	Encodes protein that lacks InterPro GPCR domains
TTRE11294	False	Encodes protein that lacks InterPro GPCR domains
TTRE11295	False	Encodes protein that lacks InterPro GPCR domains
TTRE11296	False	Encodes protein that lacks InterPro GPCR domains
TTRE11297	False	Encodes protein that lacks InterPro GPCR domains
TTRE11298	False	Encodes protein that lacks InterPro GPCR domains
TTRE11299	False	Encodes protein that lacks InterPro GPCR domains
TTRE113	False	Encodes protein that lacks InterPro GPCR domains
TTRE1130	False	Encodes protein that lacks InterPro GPCR domains
TTRE11300	False	Encodes protein that lacks InterPro GPCR domains
TTRE11301	False	Encodes protein that lacks InterPro GPCR domains
TTRE11302	False	Encodes protein that lacks InterPro GPCR domains
TTRE11303	False	Encodes protein that lacks InterPro GPCR domains
TTRE11304	False	Encodes protein that lacks InterPro GPCR domains
TTRE11305	False	Encodes protein that lacks InterPro GPCR domains
TTRE11306	False	Encodes protein that lacks InterPro GPCR domains
TTRE11307	False	Encodes protein that lacks InterPro GPCR domains
TTRE11308	False	Encodes protein that lacks InterPro GPCR domains
TTRE11309	False	Encodes protein that lacks InterPro GPCR domains
TTRE1131	False	Encodes protein that lacks InterPro GPCR domains
TTRE11310	False	Encodes protein that lacks InterPro GPCR domains
TTRE11311	False	Encodes protein that lacks InterPro GPCR domains
TTRE11312	False	Encodes protein that lacks InterPro GPCR domains
TTRE11313	False	Encodes protein that lacks InterPro GPCR domains
TTRE11314	False	Encodes protein that lacks InterPro GPCR domains
TTRE11315	False	Encodes protein that lacks InterPro GPCR domains
TTRE11316	False	Encodes protein that lacks InterPro GPCR domains
TTRE11317	False	Encodes protein that lacks InterPro GPCR domains
TTRE11318	False	Encodes protein that lacks InterPro GPCR domains
TTRE11319	False	Encodes protein that lacks InterPro GPCR domains
TTRE1132	False	Encodes protein that lacks InterPro GPCR domains
TTRE11320	False	Encodes protein that lacks InterPro GPCR domains
TTRE11321	False	Encodes protein that lacks InterPro GPCR domains
TTRE11322	False	Encodes protein that lacks InterPro GPCR domains
TTRE11323	False	Encodes protein that lacks InterPro GPCR domains
TTRE11324	False	Encodes protein that lacks InterPro GPCR domains
TTRE11325	False	Encodes protein that lacks InterPro GPCR domains
TTRE11326	False	Encodes protein that lacks InterPro GPCR domains
TTRE11327	False	Encodes protein that lacks InterPro GPCR domains
TTRE11328	False	Encodes protein that lacks InterPro GPCR domains
TTRE11329	False	Encodes protein that lacks InterPro GPCR domains
TTRE1133	False	Encodes protein that lacks InterPro GPCR domains
TTRE11330	False	Encodes protein that lacks InterPro GPCR domains
TTRE11331	False	Encodes protein that lacks InterPro GPCR domains
TTRE11332	False	Encodes protein that lacks InterPro GPCR domains
TTRE11333	False	Encodes protein that lacks InterPro GPCR domains
TTRE11334	False	Encodes protein that lacks InterPro GPCR domains
TTRE11335	False	Encodes protein that lacks InterPro GPCR domains
TTRE11336	False	Encodes protein that lacks InterPro GPCR domains
TTRE11337	False	Encodes protein that lacks InterPro GPCR domains
TTRE11338	False	Encodes protein that lacks InterPro GPCR domains
TTRE11339	False	Encodes protein that lacks InterPro GPCR domains
TTRE1134	False	Encodes protein that lacks InterPro GPCR domains
TTRE11340	False	Encodes protein that lacks InterPro GPCR domains
TTRE11341	False	Encodes protein that lacks InterPro GPCR domains
TTRE11342	False	Encodes protein that lacks InterPro GPCR domains
TTRE11343	False	Encodes protein that lacks InterPro GPCR domains
TTRE11344	False	Encodes protein that lacks InterPro GPCR domains
TTRE11345	False	Encodes protein that lacks InterPro GPCR domains
TTRE11346	False	Encodes protein that lacks InterPro GPCR domains
TTRE11347	False	Encodes protein that lacks InterPro GPCR domains
TTRE11348	False	Encodes protein that lacks InterPro GPCR domains
TTRE11349	False	Encodes protein that lacks InterPro GPCR domains
TTRE1135	False	Encodes protein that lacks InterPro GPCR domains
TTRE11350	False	Encodes protein that lacks InterPro GPCR domains
TTRE11351	False	Encodes protein that lacks InterPro GPCR domains
TTRE11352	False	Encodes protein that lacks InterPro GPCR domains
TTRE11353	False	Encodes protein that lacks InterPro GPCR domains
TTRE11354	False	Encodes protein that lacks InterPro GPCR domains
TTRE11355	False	Encodes protein that lacks InterPro GPCR domains
TTRE11356	False	Encodes protein that lacks InterPro GPCR domains
TTRE11357	False	Encodes protein that lacks InterPro GPCR domains
TTRE11358	False	Encodes protein that lacks InterPro GPCR domains
TTRE11359	False	Encodes protein that lacks InterPro GPCR domains
TTRE1136	False	Encodes protein that lacks InterPro GPCR domains
TTRE11360	False	Encodes protein that lacks InterPro GPCR domains
TTRE11361	False	Encodes protein that lacks InterPro GPCR domains
TTRE11362	False	Encodes protein that lacks InterPro GPCR domains
TTRE11363	False	Encodes protein that lacks InterPro GPCR domains
TTRE11364	False	Encodes protein that lacks InterPro GPCR domains
TTRE11365	False	Encodes protein that lacks InterPro GPCR domains
TTRE11366	False	Encodes protein that lacks InterPro GPCR domains
TTRE11367	False	Encodes protein that lacks InterPro GPCR domains
TTRE11368	False	Encodes protein that lacks InterPro GPCR domains
TTRE11369	False	Encodes protein that lacks InterPro GPCR domains
TTRE1137	False	Encodes protein that lacks InterPro GPCR domains
TTRE11370	False	Encodes protein that lacks InterPro GPCR domains
TTRE11371	False	Encodes protein that lacks InterPro GPCR domains
TTRE11372	False	Encodes protein that lacks InterPro GPCR domains
TTRE11373	False	Encodes protein that lacks InterPro GPCR domains
TTRE11374	False	Encodes protein that lacks InterPro GPCR domains
TTRE11375	False	Encodes protein that lacks InterPro GPCR domains
TTRE11376	False	Encodes protein that lacks InterPro GPCR domains
TTRE11377	False	Encodes protein that lacks InterPro GPCR domains
TTRE11378	False	Encodes protein that lacks InterPro GPCR domains
TTRE11379	False	Encodes protein that lacks InterPro GPCR domains
TTRE1138	False	Encodes protein that lacks InterPro GPCR domains
TTRE11380	False	Encodes protein that lacks InterPro GPCR domains
TTRE11381	False	Encodes protein that lacks InterPro GPCR domains
TTRE11382	False	Encodes protein that lacks InterPro GPCR domains
TTRE11383	False	Encodes protein that lacks InterPro GPCR domains
TTRE11384	False	Encodes protein that lacks InterPro GPCR domains
TTRE11385	False	Encodes protein that lacks InterPro GPCR domains
TTRE11386	False	Encodes protein that lacks InterPro GPCR domains
TTRE11387	False	Encodes protein that lacks InterPro GPCR domains
TTRE11388	False	Encodes protein that lacks InterPro GPCR domains
TTRE11389	False	Encodes protein that lacks InterPro GPCR domains
TTRE1139	False	Encodes protein that lacks InterPro GPCR domains
TTRE11390	False	Encodes protein that lacks InterPro GPCR domains
TTRE11391	False	Encodes protein that lacks InterPro GPCR domains
TTRE11392	False	Encodes protein that lacks InterPro GPCR domains
TTRE11393	False	Encodes protein that lacks InterPro GPCR domains
TTRE11394	False	Encodes protein that lacks InterPro GPCR domains
TTRE11395	False	Encodes protein that lacks InterPro GPCR domains
TTRE11396	False	Encodes protein that lacks InterPro GPCR domains
TTRE11397	False	Encodes protein that lacks InterPro GPCR domains
TTRE11398	False	Encodes protein that lacks InterPro GPCR domains
TTRE11399	False	Encodes protein that lacks InterPro GPCR domains
TTRE114	False	Encodes protein that lacks InterPro GPCR domains
TTRE1140	False	Encodes protein that lacks InterPro GPCR domains
TTRE11400	False	Encodes protein that lacks InterPro GPCR domains
TTRE11401	False	Encodes protein that lacks InterPro GPCR domains
TTRE11402	False	Encodes protein that lacks InterPro GPCR domains
TTRE11403	False	Encodes protein that lacks InterPro GPCR domains
TTRE11404	False	Encodes protein that lacks InterPro GPCR domains
TTRE11405	False	Encodes protein that lacks InterPro GPCR domains
TTRE11406	False	Encodes protein that lacks InterPro GPCR domains
TTRE11407	False	Encodes protein that lacks InterPro GPCR domains
TTRE11408	False	Encodes protein that lacks InterPro GPCR domains
TTRE11409	False	Encodes protein that lacks InterPro GPCR domains
TTRE1141	False	Encodes protein that lacks InterPro GPCR domains
TTRE11410	False	Encodes protein that lacks InterPro GPCR domains
TTRE11411	False	Encodes protein that lacks InterPro GPCR domains
TTRE11412	False	Encodes protein that lacks InterPro GPCR domains
TTRE11413	False	Encodes protein that lacks InterPro GPCR domains
TTRE11414	False	Encodes protein that lacks InterPro GPCR domains
TTRE11415	False	Encodes protein that lacks InterPro GPCR domains
TTRE11416	False	Encodes protein that lacks InterPro GPCR domains
TTRE11417	False	Encodes protein that lacks InterPro GPCR domains
TTRE11418	False	Encodes protein that lacks InterPro GPCR domains
TTRE11419	False	Encodes protein that lacks InterPro GPCR domains
TTRE1142	False	Encodes protein that lacks InterPro GPCR domains
TTRE11420	False	Encodes protein that lacks InterPro GPCR domains
TTRE11421	False	Encodes protein that lacks InterPro GPCR domains
TTRE11422	False	Encodes protein that lacks InterPro GPCR domains
TTRE11423	False	Encodes protein that lacks InterPro GPCR domains
TTRE11424	False	Encodes protein that lacks InterPro GPCR domains
TTRE11425	False	Encodes protein that lacks InterPro GPCR domains
TTRE11426	False	Encodes protein that lacks InterPro GPCR domains
TTRE11427	False	Encodes protein that lacks InterPro GPCR domains
TTRE11428	False	Encodes protein that lacks InterPro GPCR domains
TTRE11429	False	Encodes protein that lacks InterPro GPCR domains
TTRE1143	False	Encodes protein that lacks InterPro GPCR domains
TTRE11430	False	Encodes protein that lacks InterPro GPCR domains
TTRE11431	False	Encodes protein that lacks InterPro GPCR domains
TTRE11432	False	Encodes protein that lacks InterPro GPCR domains
TTRE11433	False	Encodes protein that lacks InterPro GPCR domains
TTRE11434	False	Encodes protein that lacks InterPro GPCR domains
TTRE11435	False	Encodes protein that lacks InterPro GPCR domains
TTRE11436	False	Encodes protein that lacks InterPro GPCR domains
TTRE11437	False	Encodes protein that lacks InterPro GPCR domains
TTRE11438	False	Encodes protein that lacks InterPro GPCR domains
TTRE11439	True	Encodes protein with InterPro domain(s): IPR017452 - GPCR, rhodopsin-like, 7TM
TTRE1144	False	Encodes protein that lacks InterPro GPCR domains
TTRE11440	False	Encodes protein that lacks InterPro GPCR domains
TTRE11441	False	Encodes protein that lacks InterPro GPCR domains
TTRE11442	False	Encodes protein that lacks InterPro GPCR domains
TTRE11443	False	Encodes protein that lacks InterPro GPCR domains
TTRE11444	False	Encodes protein that lacks InterPro GPCR domains
TTRE11445	False	Encodes protein that lacks InterPro GPCR domains
TTRE11446	False	Encodes protein that lacks InterPro GPCR domains
TTRE11447	False	Encodes protein that lacks InterPro GPCR domains
TTRE11448	False	Encodes protein that lacks InterPro GPCR domains
TTRE11449	False	Encodes protein that lacks InterPro GPCR domains
TTRE1145	False	Encodes protein that lacks InterPro GPCR domains
TTRE11450	False	Encodes protein that lacks InterPro GPCR domains
TTRE11451	False	Encodes protein that lacks InterPro GPCR domains
TTRE11452	False	Encodes protein that lacks InterPro GPCR domains
TTRE11453	False	Encodes protein that lacks InterPro GPCR domains
TTRE11454	False	Encodes protein that lacks InterPro GPCR domains
TTRE11455	False	Encodes protein that lacks InterPro GPCR domains
TTRE11456	False	Encodes protein that lacks InterPro GPCR domains
TTRE11457	False	Encodes protein that lacks InterPro GPCR domains
TTRE11458	False	Encodes protein that lacks InterPro GPCR domains
TTRE11459	False	Encodes protein that lacks InterPro GPCR domains
TTRE1146	False	Encodes protein that lacks InterPro GPCR domains
TTRE11460	False	Encodes protein that lacks InterPro GPCR domains
TTRE11461	False	Encodes protein that lacks InterPro GPCR domains
TTRE11462	False	Encodes protein that lacks InterPro GPCR domains
TTRE11463	False	Encodes protein that lacks InterPro GPCR domains
TTRE11464	False	Encodes protein that lacks InterPro GPCR domains
TTRE11465	False	Encodes protein that lacks InterPro GPCR domains
TTRE11466	False	Encodes protein that lacks InterPro GPCR domains
TTRE11467	False	Encodes protein that lacks InterPro GPCR domains
TTRE11468	False	Encodes protein that lacks InterPro GPCR domains
TTRE11469	False	Encodes protein that lacks InterPro GPCR domains
TTRE1147	False	Encodes protein that lacks InterPro GPCR domains
TTRE11470	False	Encodes protein that lacks InterPro GPCR domains
TTRE11471	False	Encodes protein that lacks InterPro GPCR domains
TTRE11472	False	Encodes protein that lacks InterPro GPCR domains
TTRE11473	False	Encodes protein that lacks InterPro GPCR domains
TTRE11474	False	Encodes protein that lacks InterPro GPCR domains
TTRE11475	False	Encodes protein that lacks InterPro GPCR domains
TTRE11476	False	Encodes protein that lacks InterPro GPCR domains
TTRE11477	True	Encodes protein with InterPro domain(s): IPR019426 - 7TM GPCR, serpentine receptor class v (Srv)
TTRE11478	False	Encodes protein that lacks InterPro GPCR domains
TTRE11479	False	Encodes protein that lacks InterPro GPCR domains
TTRE1148	False	Encodes protein that lacks InterPro GPCR domains
TTRE11480	False	Encodes protein that lacks InterPro GPCR domains
TTRE11481	False	Encodes protein that lacks InterPro GPCR domains
TTRE11482	False	Encodes protein that lacks InterPro GPCR domains
TTRE11483	False	Encodes protein that lacks InterPro GPCR domains
TTRE11484	False	Encodes protein that lacks InterPro GPCR domains
TTRE11485	False	Encodes protein that lacks InterPro GPCR domains
TTRE11486	False	Encodes protein that lacks InterPro GPCR domains
TTRE11487	False	Encodes protein that lacks InterPro GPCR domains
TTRE11488	False	Encodes protein that lacks InterPro GPCR domains
TTRE11489	False	Encodes protein that lacks InterPro GPCR domains
TTRE1149	False	Encodes protein that lacks InterPro GPCR domains
TTRE11490	False	Encodes protein that lacks InterPro GPCR domains
TTRE11491	False	Encodes protein that lacks InterPro GPCR domains
TTRE11492	False	Encodes protein that lacks InterPro GPCR domains
TTRE11493	False	Encodes protein that lacks InterPro GPCR domains
TTRE11494	False	Encodes protein that lacks InterPro GPCR domains
TTRE11495	False	Encodes protein that lacks InterPro GPCR domains
TTRE11496	False	Encodes protein that lacks InterPro GPCR domains
TTRE11497	False	Encodes protein that lacks InterPro GPCR domains
TTRE11498	False	Encodes protein that lacks InterPro GPCR domains
TTRE11499	False	Encodes protein that lacks InterPro GPCR domains
TTRE115	False	Encodes protein that lacks InterPro GPCR domains
TTRE1150	False	Encodes protein that lacks InterPro GPCR domains
TTRE11500	False	Encodes protein that lacks InterPro GPCR domains
TTRE11501	False	Encodes protein that lacks InterPro GPCR domains
TTRE11502	False	Encodes protein that lacks InterPro GPCR domains
TTRE11503	False	Encodes protein that lacks InterPro GPCR domains
TTRE11504	False	Encodes protein that lacks InterPro GPCR domains
TTRE11505	False	Encodes protein that lacks InterPro GPCR domains
TTRE11506	False	Encodes protein that lacks InterPro GPCR domains
TTRE11507	False	Encodes protein that lacks InterPro GPCR domains
TTRE11508	False	Encodes protein that lacks InterPro GPCR domains
TTRE11509	False	Encodes protein that lacks InterPro GPCR domains
TTRE1151	False	Encodes protein that lacks InterPro GPCR domains
TTRE11510	False	Encodes protein that lacks InterPro GPCR domains
TTRE11511	False	Encodes protein that lacks InterPro GPCR domains
TTRE11512	False	Encodes protein that lacks InterPro GPCR domains
TTRE11513	False	Encodes protein that lacks InterPro GPCR domains
TTRE11514	False	Encodes protein that lacks InterPro GPCR domains
TTRE11515	False	Encodes protein that lacks InterPro GPCR domains
TTRE11516	False	Encodes protein that lacks InterPro GPCR domains
TTRE11517	False	Encodes protein that lacks InterPro GPCR domains
TTRE11518	False	Encodes protein that lacks InterPro GPCR domains
TTRE11519	False	Encodes protein that lacks InterPro GPCR domains
TTRE1152	False	Encodes protein that lacks InterPro GPCR domains
TTRE11520	False	Encodes protein that lacks InterPro GPCR domains
TTRE11521	False	Encodes protein that lacks InterPro GPCR domains
TTRE11522	False	Encodes protein that lacks InterPro GPCR domains
TTRE11523	False	Encodes protein that lacks InterPro GPCR domains
TTRE11524	False	Encodes protein that lacks InterPro GPCR domains
TTRE11525	False	Encodes protein that lacks InterPro GPCR domains
TTRE11526	False	Encodes protein that lacks InterPro GPCR domains
TTRE11527	False	Encodes protein that lacks InterPro GPCR domains
TTRE11528	False	Encodes protein that lacks InterPro GPCR domains
TTRE11529	False	Encodes protein that lacks InterPro GPCR domains
TTRE1153	False	Encodes protein that lacks InterPro GPCR domains
TTRE11530	False	Encodes protein that lacks InterPro GPCR domains
TTRE11531	False	Encodes protein that lacks InterPro GPCR domains
TTRE11532	False	Encodes protein that lacks InterPro GPCR domains
TTRE11533	False	Encodes protein that lacks InterPro GPCR domains
TTRE11534	False	Encodes protein that lacks InterPro GPCR domains
TTRE11535	False	Encodes protein that lacks InterPro GPCR domains
TTRE11536	False	Encodes protein that lacks InterPro GPCR domains
TTRE11537	False	Encodes protein that lacks InterPro GPCR domains
TTRE11538	False	Encodes protein that lacks InterPro GPCR domains
TTRE11539	False	Encodes protein that lacks InterPro GPCR domains
TTRE1154	False	Encodes protein that lacks InterPro GPCR domains
TTRE11540	False	Encodes protein that lacks InterPro GPCR domains
TTRE11541	False	Encodes protein that lacks InterPro GPCR domains
TTRE11542	False	Encodes protein that lacks InterPro GPCR domains
TTRE11543	False	Encodes protein that lacks InterPro GPCR domains
TTRE11544	False	Encodes protein that lacks InterPro GPCR domains
TTRE11545	False	Encodes protein that lacks InterPro GPCR domains
TTRE11546	False	Encodes protein that lacks InterPro GPCR domains
TTRE11547	False	Encodes protein that lacks InterPro GPCR domains
TTRE11548	False	Encodes protein that lacks InterPro GPCR domains
TTRE11549	False	Encodes protein that lacks InterPro GPCR domains
TTRE1155	False	Encodes protein that lacks InterPro GPCR domains
TTRE11550	False	Encodes protein that lacks InterPro GPCR domains
TTRE11551	False	Encodes protein that lacks InterPro GPCR domains
TTRE11552	False	Encodes protein that lacks InterPro GPCR domains
TTRE11553	False	Encodes protein that lacks InterPro GPCR domains
TTRE11554	False	Encodes protein that lacks InterPro GPCR domains
TTRE11555	False	Encodes protein that lacks InterPro GPCR domains
TTRE11556	False	Encodes protein that lacks InterPro GPCR domains
TTRE11557	False	Encodes protein that lacks InterPro GPCR domains
TTRE11558	False	Encodes protein that lacks InterPro GPCR domains
TTRE11559	False	Encodes protein that lacks InterPro GPCR domains
TTRE1156	False	Encodes protein that lacks InterPro GPCR domains
TTRE11560	False	Encodes protein that lacks InterPro GPCR domains
TTRE11561	False	Encodes protein that lacks InterPro GPCR domains
TTRE11562	False	Encodes protein that lacks InterPro GPCR domains
TTRE11563	False	Encodes protein that lacks InterPro GPCR domains
TTRE11564	False	Encodes protein that lacks InterPro GPCR domains
TTRE11565	False	Encodes protein that lacks InterPro GPCR domains
TTRE11566	False	Encodes protein that lacks InterPro GPCR domains
TTRE11567	False	Encodes protein that lacks InterPro GPCR domains
TTRE11568	False	Encodes protein that lacks InterPro GPCR domains
TTRE11569	False	Encodes protein that lacks InterPro GPCR domains
TTRE1157	False	Encodes protein that lacks InterPro GPCR domains
TTRE11570	False	Encodes protein that lacks InterPro GPCR domains
TTRE11571	False	Encodes protein that lacks InterPro GPCR domains
TTRE11572	False	Encodes protein that lacks InterPro GPCR domains
TTRE11573	False	Encodes protein that lacks InterPro GPCR domains
TTRE11574	False	Encodes protein that lacks InterPro GPCR domains
TTRE11575	False	Encodes protein that lacks InterPro GPCR domains
TTRE11576	False	Encodes protein that lacks InterPro GPCR domains
TTRE11577	False	Encodes protein that lacks InterPro GPCR domains
TTRE11578	False	Encodes protein that lacks InterPro GPCR domains
TTRE11579	False	Encodes protein that lacks InterPro GPCR domains
TTRE1158	False	Encodes protein that lacks InterPro GPCR domains
TTRE11580	False	Encodes protein that lacks InterPro GPCR domains
TTRE11581	False	Encodes protein that lacks InterPro GPCR domains
TTRE11582	False	Encodes protein that lacks InterPro GPCR domains
TTRE11583	False	Encodes protein that lacks InterPro GPCR domains
TTRE11584	False	Encodes protein that lacks InterPro GPCR domains
TTRE11585	False	Encodes protein that lacks InterPro GPCR domains
TTRE11586	False	Encodes protein that lacks InterPro GPCR domains
TTRE11587	False	Encodes protein that lacks InterPro GPCR domains
TTRE11588	False	Encodes protein that lacks InterPro GPCR domains
TTRE11589	False	Encodes protein that lacks InterPro GPCR domains
TTRE1159	False	Encodes protein that lacks InterPro GPCR domains
TTRE11590	False	Encodes protein that lacks InterPro GPCR domains
TTRE11591	False	Encodes protein that lacks InterPro GPCR domains
TTRE11592	False	Encodes protein that lacks InterPro GPCR domains
TTRE11593	False	Encodes protein that lacks InterPro GPCR domains
TTRE11594	False	Encodes protein that lacks InterPro GPCR domains
TTRE11595	False	Encodes protein that lacks InterPro GPCR domains
TTRE11596	False	Encodes protein that lacks InterPro GPCR domains
TTRE11597	False	Encodes protein that lacks InterPro GPCR domains
TTRE11598	False	Encodes protein that lacks InterPro GPCR domains
TTRE11599	False	Encodes protein that lacks InterPro GPCR domains
TTRE116	False	Encodes protein that lacks InterPro GPCR domains
TTRE1160	False	Encodes protein that lacks InterPro GPCR domains
TTRE11600	False	Encodes protein that lacks InterPro GPCR domains
TTRE11601	False	Encodes protein that lacks InterPro GPCR domains
TTRE11602	False	Encodes protein that lacks InterPro GPCR domains
TTRE11603	False	Encodes protein that lacks InterPro GPCR domains
TTRE11604	False	Encodes protein that lacks InterPro GPCR domains
TTRE11605	False	Encodes protein that lacks InterPro GPCR domains
TTRE11606	False	Encodes protein that lacks InterPro GPCR domains
TTRE11607	False	Encodes protein that lacks InterPro GPCR domains
TTRE11608	False	Encodes protein that lacks InterPro GPCR domains
TTRE11609	False	Encodes protein that lacks InterPro GPCR domains
TTRE1161	False	Encodes protein that lacks InterPro GPCR domains
TTRE11610	False	Encodes protein that lacks InterPro GPCR domains
TTRE11611	False	Encodes protein that lacks InterPro GPCR domains
TTRE11612	False	Encodes protein that lacks InterPro GPCR domains
TTRE11613	False	Encodes protein that lacks InterPro GPCR domains
TTRE11614	False	Encodes protein that lacks InterPro GPCR domains
TTRE11615	False	Encodes protein that lacks InterPro GPCR domains
TTRE11616	False	Encodes protein that lacks InterPro GPCR domains
TTRE11617	False	Encodes protein that lacks InterPro GPCR domains
TTRE11618	False	Encodes protein that lacks InterPro GPCR domains
TTRE11619	False	Encodes protein that lacks InterPro GPCR domains
TTRE1162	False	Encodes protein that lacks InterPro GPCR domains
TTRE11620	False	Encodes protein that lacks InterPro GPCR domains
TTRE11621	False	Encodes protein that lacks InterPro GPCR domains
TTRE11622	False	Encodes protein that lacks InterPro GPCR domains
TTRE11623	False	Encodes protein that lacks InterPro GPCR domains
TTRE11624	False	Encodes protein that lacks InterPro GPCR domains
TTRE11625	False	Encodes protein that lacks InterPro GPCR domains
TTRE11626	False	Encodes protein that lacks InterPro GPCR domains
TTRE11627	False	Encodes protein that lacks InterPro GPCR domains
TTRE11628	False	Encodes protein that lacks InterPro GPCR domains
TTRE11629	False	Encodes protein that lacks InterPro GPCR domains
TTRE1163	False	Encodes protein that lacks InterPro GPCR domains
TTRE11630	False	Encodes protein that lacks InterPro GPCR domains
TTRE11631	False	Encodes protein that lacks InterPro GPCR domains
TTRE11632	False	Encodes protein that lacks InterPro GPCR domains
TTRE11633	False	Encodes protein that lacks InterPro GPCR domains
TTRE11634	False	Encodes protein that lacks InterPro GPCR domains
TTRE11635	False	Encodes protein that lacks InterPro GPCR domains
TTRE11636	False	Encodes protein that lacks InterPro GPCR domains
TTRE11637	False	Encodes protein that lacks InterPro GPCR domains
TTRE11638	False	Encodes protein that lacks InterPro GPCR domains
TTRE11639	False	Encodes protein that lacks InterPro GPCR domains
TTRE1164	False	Encodes protein that lacks InterPro GPCR domains
TTRE11640	False	Encodes protein that lacks InterPro GPCR domains
TTRE11641	False	Encodes protein that lacks InterPro GPCR domains
TTRE11642	False	Encodes protein that lacks InterPro GPCR domains
TTRE11643	False	Encodes protein that lacks InterPro GPCR domains
TTRE11644	False	Encodes protein that lacks InterPro GPCR domains
TTRE11645	False	Encodes protein that lacks InterPro GPCR domains
TTRE11646	False	Encodes protein that lacks InterPro GPCR domains
TTRE11647	False	Encodes protein that lacks InterPro GPCR domains
TTRE11648	False	Encodes protein that lacks InterPro GPCR domains
TTRE11649	False	Encodes protein that lacks InterPro GPCR domains
TTRE1165	False	Encodes protein that lacks InterPro GPCR domains
TTRE11650	False	Encodes protein that lacks InterPro GPCR domains
TTRE11651	False	Encodes protein that lacks InterPro GPCR domains
TTRE11652	False	Encodes protein that lacks InterPro GPCR domains
TTRE11653	False	Encodes protein that lacks InterPro GPCR domains
TTRE11654	False	Encodes protein that lacks InterPro GPCR domains
TTRE11655	False	Encodes protein that lacks InterPro GPCR domains
TTRE11656	False	Encodes protein that lacks InterPro GPCR domains
TTRE11657	False	Encodes protein that lacks InterPro GPCR domains
TTRE11658	False	Encodes protein that lacks InterPro GPCR domains
TTRE11659	False	Encodes protein that lacks InterPro GPCR domains
TTRE1166	False	Encodes protein that lacks InterPro GPCR domains
TTRE11660	False	Encodes protein that lacks InterPro GPCR domains
TTRE11661	False	Encodes protein that lacks InterPro GPCR domains
TTRE11662	False	Encodes protein that lacks InterPro GPCR domains
TTRE11663	False	Encodes protein that lacks InterPro GPCR domains
TTRE11664	False	Encodes protein that lacks InterPro GPCR domains
TTRE11665	False	Encodes protein that lacks InterPro GPCR domains
TTRE11666	False	Encodes protein that lacks InterPro GPCR domains
TTRE11667	False	Encodes protein that lacks InterPro GPCR domains
TTRE11668	False	Encodes protein that lacks InterPro GPCR domains
TTRE11669	False	Encodes protein that lacks InterPro GPCR domains
TTRE1167	True	Encodes protein with InterPro domain(s): IPR017452 - GPCR, rhodopsin-like, 7TM
TTRE11670	False	Encodes protein that lacks InterPro GPCR domains
TTRE11671	False	Encodes protein that lacks InterPro GPCR domains
TTRE11672	False	Encodes protein that lacks InterPro GPCR domains
TTRE11673	False	Encodes protein that lacks InterPro GPCR domains
TTRE11674	False	Encodes protein that lacks InterPro GPCR domains
TTRE11675	False	Encodes protein that lacks InterPro GPCR domains
TTRE11676	False	Encodes protein that lacks InterPro GPCR domains
TTRE11677	False	Encodes protein that lacks InterPro GPCR domains
TTRE11678	False	Encodes protein that lacks InterPro GPCR domains
TTRE11679	False	Encodes protein that lacks InterPro GPCR domains
TTRE1168	False	Encodes protein that lacks InterPro GPCR domains
TTRE11680	False	Encodes protein that lacks InterPro GPCR domains
TTRE11681	False	Encodes protein that lacks InterPro GPCR domains
TTRE11682	False	Encodes protein that lacks InterPro GPCR domains
TTRE11683	False	Encodes protein that lacks InterPro GPCR domains
TTRE11684	False	Encodes protein that lacks InterPro GPCR domains
TTRE11685	False	Encodes protein that lacks InterPro GPCR domains
TTRE11686	False	Encodes protein that lacks InterPro GPCR domains
TTRE11687	False	Encodes protein that lacks InterPro GPCR domains
TTRE11688	False	Encodes protein that lacks InterPro GPCR domains
TTRE11689	False	Encodes protein that lacks InterPro GPCR domains
TTRE1169	False	Encodes protein that lacks InterPro GPCR domains
TTRE11690	False	Encodes protein that lacks InterPro GPCR domains
TTRE11691	False	Encodes protein that lacks InterPro GPCR domains
TTRE11692	False	Encodes protein that lacks InterPro GPCR domains
TTRE11693	False	Encodes protein that lacks InterPro GPCR domains
TTRE11694	False	Encodes protein that lacks InterPro GPCR domains
TTRE11695	False	Encodes protein that lacks InterPro GPCR domains
TTRE11696	False	Encodes protein that lacks InterPro GPCR domains
TTRE11697	False	Encodes protein that lacks InterPro GPCR domains
TTRE11698	False	Encodes protein that lacks InterPro GPCR domains
TTRE11699	False	Encodes protein that lacks InterPro GPCR domains
TTRE117	False	Encodes protein that lacks InterPro GPCR domains
TTRE1170	False	Encodes protein that lacks InterPro GPCR domains
TTRE11700	False	Encodes protein that lacks InterPro GPCR domains
TTRE11701	False	Encodes protein that lacks InterPro GPCR domains
TTRE11702	False	Encodes protein that lacks InterPro GPCR domains
TTRE11703	False	Encodes protein that lacks InterPro GPCR domains
TTRE11705	False	Encodes protein that lacks InterPro GPCR domains
TTRE11706	False	Encodes protein that lacks InterPro GPCR domains
TTRE11707	False	Encodes protein that lacks InterPro GPCR domains
TTRE11708	False	Encodes protein that lacks InterPro GPCR domains
TTRE11709	False	Encodes protein that lacks InterPro GPCR domains
TTRE1171	False	Encodes protein that lacks InterPro GPCR domains
TTRE11710	False	Encodes protein that lacks InterPro GPCR domains
TTRE11711	False	Encodes protein that lacks InterPro GPCR domains
TTRE11712	False	Encodes protein that lacks InterPro GPCR domains
TTRE11713	False	Encodes protein that lacks InterPro GPCR domains
TTRE11714	False	Encodes protein that lacks InterPro GPCR domains
TTRE11715	False	Encodes protein that lacks InterPro GPCR domains
TTRE11716	False	Encodes protein that lacks InterPro GPCR domains
TTRE11717	False	Encodes protein that lacks InterPro GPCR domains
TTRE11718	False	Encodes protein that lacks InterPro GPCR domains
TTRE11719	False	Encodes protein that lacks InterPro GPCR domains
TTRE1172	False	Encodes protein that lacks InterPro GPCR domains
TTRE11720	False	Encodes protein that lacks InterPro GPCR domains
TTRE11721	False	Encodes protein that lacks InterPro GPCR domains
TTRE11722	False	Encodes protein that lacks InterPro GPCR domains
TTRE11723	False	Encodes protein that lacks InterPro GPCR domains
TTRE11724	False	Encodes protein that lacks InterPro GPCR domains
TTRE11725	False	Encodes protein that lacks InterPro GPCR domains
TTRE11726	False	Encodes protein that lacks InterPro GPCR domains
TTRE11727	False	Encodes protein that lacks InterPro GPCR domains
TTRE11728	False	Encodes protein that lacks InterPro GPCR domains
TTRE11729	False	Encodes protein that lacks InterPro GPCR domains
TTRE1173	False	Encodes protein that lacks InterPro GPCR domains
TTRE11730	False	Encodes protein that lacks InterPro GPCR domains
TTRE11731	False	Encodes protein that lacks InterPro GPCR domains
TTRE11732	False	Encodes protein that lacks InterPro GPCR domains
TTRE11733	False	Encodes protein that lacks InterPro GPCR domains
TTRE11734	False	Encodes protein that lacks InterPro GPCR domains
TTRE11735	False	Encodes protein that lacks InterPro GPCR domains
TTRE11736	False	Encodes protein that lacks InterPro GPCR domains
TTRE11737	False	Encodes protein that lacks InterPro GPCR domains
TTRE11738	False	Encodes protein that lacks InterPro GPCR domains
TTRE11739	False	Encodes protein that lacks InterPro GPCR domains
TTRE1174	False	Encodes protein that lacks InterPro GPCR domains
TTRE11740	False	Encodes protein that lacks InterPro GPCR domains
TTRE11741	False	Encodes protein that lacks InterPro GPCR domains
TTRE11742	False	Encodes protein that lacks InterPro GPCR domains
TTRE11743	False	Encodes protein that lacks InterPro GPCR domains
TTRE11744	False	Encodes protein that lacks InterPro GPCR domains
TTRE11745	False	Encodes protein that lacks InterPro GPCR domains
TTRE11746	False	Encodes protein that lacks InterPro GPCR domains
TTRE11747	False	Encodes protein that lacks InterPro GPCR domains
TTRE11748	False	Encodes protein that lacks InterPro GPCR domains
TTRE11749	False	Encodes protein that lacks InterPro GPCR domains
TTRE1175	False	Encodes protein that lacks InterPro GPCR domains
TTRE11750	False	Encodes protein that lacks InterPro GPCR domains
TTRE11751	False	Encodes protein that lacks InterPro GPCR domains
TTRE11752	False	Encodes protein that lacks InterPro GPCR domains
TTRE11753	False	Encodes protein that lacks InterPro GPCR domains
TTRE11754	False	Encodes protein that lacks InterPro GPCR domains
TTRE11755	False	Encodes protein that lacks InterPro GPCR domains
TTRE11756	False	Encodes protein that lacks InterPro GPCR domains
TTRE11757	False	Encodes protein that lacks InterPro GPCR domains
TTRE11758	False	Encodes protein that lacks InterPro GPCR domains
TTRE11759	False	Encodes protein that lacks InterPro GPCR domains
TTRE1176	False	Encodes protein that lacks InterPro GPCR domains
TTRE11760	False	Encodes protein that lacks InterPro GPCR domains
TTRE11761	False	Encodes protein that lacks InterPro GPCR domains
TTRE11762	False	Encodes protein that lacks InterPro GPCR domains
TTRE11763	False	Encodes protein that lacks InterPro GPCR domains
TTRE11764	False	Encodes protein that lacks InterPro GPCR domains
TTRE11765	False	Encodes protein that lacks InterPro GPCR domains
TTRE11766	False	Encodes protein that lacks InterPro GPCR domains
TTRE11767	False	Encodes protein that lacks InterPro GPCR domains
TTRE11768	False	Encodes protein that lacks InterPro GPCR domains
TTRE11769	False	Encodes protein that lacks InterPro GPCR domains
TTRE1177	False	Encodes protein that lacks InterPro GPCR domains
TTRE11770	False	Encodes protein that lacks InterPro GPCR domains
TTRE11771	False	Encodes protein that lacks InterPro GPCR domains
TTRE11772	False	Encodes protein that lacks InterPro GPCR domains
TTRE11773	False	Encodes protein that lacks InterPro GPCR domains
TTRE11774	False	Encodes protein that lacks InterPro GPCR domains
TTRE11775	False	Encodes protein that lacks InterPro GPCR domains
TTRE11776	False	Encodes protein that lacks InterPro GPCR domains
TTRE11777	False	Encodes protein that lacks InterPro GPCR domains
TTRE11778	False	Encodes protein that lacks InterPro GPCR domains
TTRE11779	False	Encodes protein that lacks InterPro GPCR domains
TTRE1178	False	Encodes protein that lacks InterPro GPCR domains
TTRE11780	False	Encodes protein that lacks InterPro GPCR domains
TTRE11781	False	Encodes protein that lacks InterPro GPCR domains
TTRE11782	False	Encodes protein that lacks InterPro GPCR domains
TTRE11783	False	Encodes protein that lacks InterPro GPCR domains
TTRE11784	False	Encodes protein that lacks InterPro GPCR domains
TTRE11785	False	Encodes protein that lacks InterPro GPCR domains
TTRE11786	False	Encodes protein that lacks InterPro GPCR domains
TTRE11787	False	Encodes protein that lacks InterPro GPCR domains
TTRE11788	False	Encodes protein that lacks InterPro GPCR domains
TTRE11789	False	Encodes protein that lacks InterPro GPCR domains
TTRE1179	False	Encodes protein that lacks InterPro GPCR domains
TTRE11790	False	Encodes protein that lacks InterPro GPCR domains
TTRE11791	False	Encodes protein that lacks InterPro GPCR domains
TTRE11792	False	Encodes protein that lacks InterPro GPCR domains
TTRE11793	False	Encodes protein that lacks InterPro GPCR domains
TTRE11794	False	Encodes protein that lacks InterPro GPCR domains
TTRE11795	False	Encodes protein that lacks InterPro GPCR domains
TTRE11796	False	Encodes protein that lacks InterPro GPCR domains
TTRE11797	False	Encodes protein that lacks InterPro GPCR domains
TTRE11798	False	Encodes protein that lacks InterPro GPCR domains
TTRE11799	False	Encodes protein that lacks InterPro GPCR domains
TTRE118	False	Encodes protein that lacks InterPro GPCR domains
TTRE1180	False	Encodes protein that lacks InterPro GPCR domains
TTRE11800	False	Encodes protein that lacks InterPro GPCR domains
TTRE11801	False	Encodes protein that lacks InterPro GPCR domains
TTRE11802	False	Encodes protein that lacks InterPro GPCR domains
TTRE11803	False	Encodes protein that lacks InterPro GPCR domains
TTRE11804	False	Encodes protein that lacks InterPro GPCR domains
TTRE11805	False	Encodes protein that lacks InterPro GPCR domains
TTRE11806	False	Encodes protein that lacks InterPro GPCR domains
TTRE11807	False	Encodes protein that lacks InterPro GPCR domains
TTRE11808	False	Encodes protein that lacks InterPro GPCR domains
TTRE11809	False	Encodes protein that lacks InterPro GPCR domains
TTRE1181	False	Encodes protein that lacks InterPro GPCR domains
TTRE11810	False	Encodes protein that lacks InterPro GPCR domains
TTRE11811	False	Encodes protein that lacks InterPro GPCR domains
TTRE11812	False	Encodes protein that lacks InterPro GPCR domains
TTRE11813	False	Encodes protein that lacks InterPro GPCR domains
TTRE11814	False	Encodes protein that lacks InterPro GPCR domains
TTRE11815	False	Encodes protein that lacks InterPro GPCR domains
TTRE11816	False	Encodes protein that lacks InterPro GPCR domains
TTRE11817	False	Encodes protein that lacks InterPro GPCR domains
TTRE11818	False	Encodes protein that lacks InterPro GPCR domains
TTRE11819	False	Encodes protein that lacks InterPro GPCR domains
TTRE1182	False	Encodes protein that lacks InterPro GPCR domains
TTRE11820	False	Encodes protein that lacks InterPro GPCR domains
TTRE11821	False	Encodes protein that lacks InterPro GPCR domains
TTRE11822	False	Encodes protein that lacks InterPro GPCR domains
TTRE11823	False	Encodes protein that lacks InterPro GPCR domains
TTRE11824	False	Encodes protein that lacks InterPro GPCR domains
TTRE11825	False	Encodes protein that lacks InterPro GPCR domains
TTRE11826	False	Encodes protein that lacks InterPro GPCR domains
TTRE11827	False	Encodes protein that lacks InterPro GPCR domains
TTRE11828	False	Encodes protein that lacks InterPro GPCR domains
TTRE11829	False	Encodes protein that lacks InterPro GPCR domains
TTRE1183	False	Encodes protein that lacks InterPro GPCR domains
TTRE11830	False	Encodes protein that lacks InterPro GPCR domains
TTRE11831	False	Encodes protein that lacks InterPro GPCR domains
TTRE11832	False	Encodes protein that lacks InterPro GPCR domains
TTRE11833	False	Encodes protein that lacks InterPro GPCR domains
TTRE11834	False	Encodes protein that lacks InterPro GPCR domains
TTRE11835	False	Encodes protein that lacks InterPro GPCR domains
TTRE11836	False	Encodes protein that lacks InterPro GPCR domains
TTRE11837	True	Encodes protein with InterPro domain(s): IPR017452 - GPCR, rhodopsin-like, 7TM
TTRE11838	False	Encodes protein that lacks InterPro GPCR domains
TTRE11839	False	Encodes protein that lacks InterPro GPCR domains
TTRE1184	False	Encodes protein that lacks InterPro GPCR domains
TTRE11840	False	Encodes protein that lacks InterPro GPCR domains
TTRE11841	False	Encodes protein that lacks InterPro GPCR domains
TTRE11842	False	Encodes protein that lacks InterPro GPCR domains
TTRE11843	False	Encodes protein that lacks InterPro GPCR domains
TTRE11844	False	Encodes protein that lacks InterPro GPCR domains
TTRE11845	False	Encodes protein that lacks InterPro GPCR domains
TTRE11846	False	Encodes protein that lacks InterPro GPCR domains
TTRE11847	False	Encodes protein that lacks InterPro GPCR domains
TTRE11848	False	Encodes protein that lacks InterPro GPCR domains
TTRE11849	False	Encodes protein that lacks InterPro GPCR domains
TTRE1185	False	Encodes protein that lacks InterPro GPCR domains
TTRE11850	False	Encodes protein that lacks InterPro GPCR domains
TTRE11851	False	Encodes protein that lacks InterPro GPCR domains
TTRE11852	False	Encodes protein that lacks InterPro GPCR domains
TTRE11853	False	Encodes protein that lacks InterPro GPCR domains
TTRE11854	False	Encodes protein that lacks InterPro GPCR domains
TTRE11855	False	Encodes protein that lacks InterPro GPCR domains
TTRE11856	False	Encodes protein that lacks InterPro GPCR domains
TTRE11857	False	Encodes protein that lacks InterPro GPCR domains
TTRE11858	False	Encodes protein that lacks InterPro GPCR domains
TTRE11859	False	Encodes protein that lacks InterPro GPCR domains
TTRE1186	False	Encodes protein that lacks InterPro GPCR domains
TTRE11860	False	Encodes protein that lacks InterPro GPCR domains
TTRE11861	False	Encodes protein that lacks InterPro GPCR domains
TTRE11862	False	Encodes protein that lacks InterPro GPCR domains
TTRE11863	False	Encodes protein that lacks InterPro GPCR domains
TTRE11864	False	Encodes protein that lacks InterPro GPCR domains
TTRE11865	False	Encodes protein that lacks InterPro GPCR domains
TTRE11866	False	Encodes protein that lacks InterPro GPCR domains
TTRE11867	False	Encodes protein that lacks InterPro GPCR domains
TTRE11868	False	Encodes protein that lacks InterPro GPCR domains
TTRE11869	False	Encodes protein that lacks InterPro GPCR domains
TTRE1187	False	Encodes protein that lacks InterPro GPCR domains
TTRE11870	False	Encodes protein that lacks InterPro GPCR domains
TTRE11871	False	Encodes protein that lacks InterPro GPCR domains
TTRE11872	False	Encodes protein that lacks InterPro GPCR domains
TTRE11873	False	Encodes protein that lacks InterPro GPCR domains
TTRE11874	False	Encodes protein that lacks InterPro GPCR domains
TTRE11875	False	Encodes protein that lacks InterPro GPCR domains
TTRE11876	False	Encodes protein that lacks InterPro GPCR domains
TTRE11877	False	Encodes protein that lacks InterPro GPCR domains
TTRE11878	False	Encodes protein that lacks InterPro GPCR domains
TTRE11879	False	Encodes protein that lacks InterPro GPCR domains
TTRE1188	False	Encodes protein that lacks InterPro GPCR domains
TTRE11880	False	Encodes protein that lacks InterPro GPCR domains
TTRE11881	False	Encodes protein that lacks InterPro GPCR domains
TTRE11882	False	Encodes protein that lacks InterPro GPCR domains
TTRE11883	False	Encodes protein that lacks InterPro GPCR domains
TTRE11884	False	Encodes protein that lacks InterPro GPCR domains
TTRE11885	False	Encodes protein that lacks InterPro GPCR domains
TTRE11886	False	Encodes protein that lacks InterPro GPCR domains
TTRE11887	False	Encodes protein that lacks InterPro GPCR domains
TTRE11888	False	Encodes protein that lacks InterPro GPCR domains
TTRE11889	False	Encodes protein that lacks InterPro GPCR domains
TTRE1189	False	Encodes protein that lacks InterPro GPCR domains
TTRE11890	False	Encodes protein that lacks InterPro GPCR domains
TTRE11891	False	Encodes protein that lacks InterPro GPCR domains
TTRE11892	False	Encodes protein that lacks InterPro GPCR domains
TTRE11893	False	Encodes protein that lacks InterPro GPCR domains
TTRE11894	False	Encodes protein that lacks InterPro GPCR domains
TTRE11895	False	Encodes protein that lacks InterPro GPCR domains
TTRE11896	False	Encodes protein that lacks InterPro GPCR domains
TTRE11897	False	Encodes protein that lacks InterPro GPCR domains
TTRE11898	False	Encodes protein that lacks InterPro GPCR domains
TTRE11899	False	Encodes protein that lacks InterPro GPCR domains
TTRE119	False	Encodes protein that lacks InterPro GPCR domains
TTRE1190	False	Encodes protein that lacks InterPro GPCR domains
TTRE11900	False	Encodes protein that lacks InterPro GPCR domains
TTRE11901	False	Encodes protein that lacks InterPro GPCR domains
TTRE11902	False	Encodes protein that lacks InterPro GPCR domains
TTRE11903	False	Encodes protein that lacks InterPro GPCR domains
TTRE11904	False	Encodes protein that lacks InterPro GPCR domains
TTRE11905	False	Encodes protein that lacks InterPro GPCR domains
TTRE11906	False	Encodes protein that lacks InterPro GPCR domains
TTRE11907	False	Encodes protein that lacks InterPro GPCR domains
TTRE11908	False	Encodes protein that lacks InterPro GPCR domains
TTRE11909	False	Encodes protein that lacks InterPro GPCR domains
TTRE1191	False	Encodes protein that lacks InterPro GPCR domains
TTRE11910	False	Encodes protein that lacks InterPro GPCR domains
TTRE11911	False	Encodes protein that lacks InterPro GPCR domains
TTRE11912	False	Encodes protein that lacks InterPro GPCR domains
TTRE11913	False	Encodes protein that lacks InterPro GPCR domains
TTRE11914	False	Encodes protein that lacks InterPro GPCR domains
TTRE11915	False	Encodes protein that lacks InterPro GPCR domains
TTRE11916	False	Encodes protein that lacks InterPro GPCR domains
TTRE11917	False	Encodes protein that lacks InterPro GPCR domains
TTRE11918	False	Encodes protein that lacks InterPro GPCR domains
TTRE11919	False	Encodes protein that lacks InterPro GPCR domains
TTRE1192	False	Encodes protein that lacks InterPro GPCR domains
TTRE11920	False	Encodes protein that lacks InterPro GPCR domains
TTRE11921	False	Encodes protein that lacks InterPro GPCR domains
TTRE11922	False	Encodes protein that lacks InterPro GPCR domains
TTRE11923	False	Encodes protein that lacks InterPro GPCR domains
TTRE11924	False	Encodes protein that lacks InterPro GPCR domains
TTRE11925	False	Encodes protein that lacks InterPro GPCR domains
TTRE11926	False	Encodes protein that lacks InterPro GPCR domains
TTRE11927	False	Encodes protein that lacks InterPro GPCR domains
TTRE11928	False	Encodes protein that lacks InterPro GPCR domains
TTRE11929	False	Encodes protein that lacks InterPro GPCR domains
TTRE1193	False	Encodes protein that lacks InterPro GPCR domains
TTRE11930	False	Encodes protein that lacks InterPro GPCR domains
TTRE11931	False	Encodes protein that lacks InterPro GPCR domains
TTRE11932	False	Encodes protein that lacks InterPro GPCR domains
TTRE11933	False	Encodes protein that lacks InterPro GPCR domains
TTRE11934	False	Encodes protein that lacks InterPro GPCR domains
TTRE11935	False	Encodes protein that lacks InterPro GPCR domains
TTRE11936	False	Encodes protein that lacks InterPro GPCR domains
TTRE11937	False	Encodes protein that lacks InterPro GPCR domains
TTRE11938	False	Encodes protein that lacks InterPro GPCR domains
TTRE11939	False	Encodes protein that lacks InterPro GPCR domains
TTRE1194	False	Encodes protein that lacks InterPro GPCR domains
TTRE11940	False	Encodes protein that lacks InterPro GPCR domains
TTRE11941	False	Encodes protein that lacks InterPro GPCR domains
TTRE11942	False	Encodes protein that lacks InterPro GPCR domains
TTRE11943	False	Encodes protein that lacks InterPro GPCR domains
TTRE11944	False	Encodes protein that lacks InterPro GPCR domains
TTRE11945	False	Encodes protein that lacks InterPro GPCR domains
TTRE11946	False	Encodes protein that lacks InterPro GPCR domains
TTRE11947	False	Encodes protein that lacks InterPro GPCR domains
TTRE11948	False	Encodes protein that lacks InterPro GPCR domains
TTRE11949	False	Encodes protein that lacks InterPro GPCR domains
TTRE1195	False	Encodes protein that lacks InterPro GPCR domains
TTRE11950	False	Encodes protein that lacks InterPro GPCR domains
TTRE11951	False	Encodes protein that lacks InterPro GPCR domains
TTRE11952	False	Encodes protein that lacks InterPro GPCR domains
TTRE11953	False	Encodes protein that lacks InterPro GPCR domains
TTRE11954	False	Encodes protein that lacks InterPro GPCR domains
TTRE11955	False	Encodes protein that lacks InterPro GPCR domains
TTRE11956	False	Encodes protein that lacks InterPro GPCR domains
TTRE11957	False	Encodes protein that lacks InterPro GPCR domains
TTRE11958	False	Encodes protein that lacks InterPro GPCR domains
TTRE11959	False	Encodes protein that lacks InterPro GPCR domains
TTRE1196	False	Encodes protein that lacks InterPro GPCR domains
TTRE11960	False	Encodes protein that lacks InterPro GPCR domains
TTRE11961	False	Encodes protein that lacks InterPro GPCR domains
TTRE11962	False	Encodes protein that lacks InterPro GPCR domains
TTRE11963	False	Encodes protein that lacks InterPro GPCR domains
TTRE11964	False	Encodes protein that lacks InterPro GPCR domains
TTRE11965	False	Encodes protein that lacks InterPro GPCR domains
TTRE11966	False	Encodes protein that lacks InterPro GPCR domains
TTRE11967	False	Encodes protein that lacks InterPro GPCR domains
TTRE11968	False	Encodes protein that lacks InterPro GPCR domains
TTRE11969	False	Encodes protein that lacks InterPro GPCR domains
TTRE1197	False	Encodes protein that lacks InterPro GPCR domains
TTRE11970	False	Encodes protein that lacks InterPro GPCR domains
TTRE11971	False	Encodes protein that lacks InterPro GPCR domains
TTRE11972	False	Encodes protein that lacks InterPro GPCR domains
TTRE11973	False	Encodes protein that lacks InterPro GPCR domains
TTRE11974	False	Encodes protein that lacks InterPro GPCR domains
TTRE11975	False	Encodes protein that lacks InterPro GPCR domains
TTRE11976	False	Encodes protein that lacks InterPro GPCR domains
TTRE11977	False	Encodes protein that lacks InterPro GPCR domains
TTRE11978	False	Encodes protein that lacks InterPro GPCR domains
TTRE11979	False	Encodes protein that lacks InterPro GPCR domains
TTRE1198	False	Encodes protein that lacks InterPro GPCR domains
TTRE11980	False	Encodes protein that lacks InterPro GPCR domains
TTRE11981	False	Encodes protein that lacks InterPro GPCR domains
TTRE11982	False	Encodes protein that lacks InterPro GPCR domains
TTRE11983	False	Encodes protein that lacks InterPro GPCR domains
TTRE11984	False	Encodes protein that lacks InterPro GPCR domains
TTRE11985	False	Encodes protein that lacks InterPro GPCR domains
TTRE11986	False	Encodes protein that lacks InterPro GPCR domains
TTRE11987	False	Encodes protein that lacks InterPro GPCR domains
TTRE11988	False	Encodes protein that lacks InterPro GPCR domains
TTRE11989	False	Encodes protein that lacks InterPro GPCR domains
TTRE1199	False	Encodes protein that lacks InterPro GPCR domains
TTRE11990	False	Encodes protein that lacks InterPro GPCR domains
TTRE11991	False	Encodes protein that lacks InterPro GPCR domains
TTRE11992	False	Encodes protein that lacks InterPro GPCR domains
TTRE11993	False	Encodes protein that lacks InterPro GPCR domains
TTRE11994	False	Encodes protein that lacks InterPro GPCR domains
TTRE11995	False	Encodes protein that lacks InterPro GPCR domains
TTRE11996	False	Encodes protein that lacks InterPro GPCR domains
TTRE11997	False	Encodes protein that lacks InterPro GPCR domains
TTRE11998	False	Encodes protein that lacks InterPro GPCR domains
TTRE11999	False	Encodes protein that lacks InterPro GPCR domains
TTRE12	False	Encodes protein that lacks InterPro GPCR domains
TTRE120	False	Encodes protein that lacks InterPro GPCR domains
TTRE1200	False	Encodes protein that lacks InterPro GPCR domains
TTRE12000	False	Encodes protein that lacks InterPro GPCR domains
TTRE12001	False	Encodes protein that lacks InterPro GPCR domains
TTRE12002	False	Encodes protein that lacks InterPro GPCR domains
TTRE12003	False	Encodes protein that lacks InterPro GPCR domains
TTRE12004	False	Encodes protein that lacks InterPro GPCR domains
TTRE12005	False	Encodes protein that lacks InterPro GPCR domains
TTRE12006	False	Encodes protein that lacks InterPro GPCR domains
TTRE12007	False	Encodes protein that lacks InterPro GPCR domains
TTRE12008	False	Encodes protein that lacks InterPro GPCR domains
TTRE12009	False	Encodes protein that lacks InterPro GPCR domains
TTRE1201	False	Encodes protein that lacks InterPro GPCR domains
TTRE12010	False	Encodes protein that lacks InterPro GPCR domains
TTRE12011	False	Encodes protein that lacks InterPro GPCR domains
TTRE12012	False	Encodes protein that lacks InterPro GPCR domains
TTRE12013	False	Encodes protein that lacks InterPro GPCR domains
TTRE12014	False	Encodes protein that lacks InterPro GPCR domains
TTRE12015	False	Encodes protein that lacks InterPro GPCR domains
TTRE12016	False	Encodes protein that lacks InterPro GPCR domains
TTRE12017	False	Encodes protein that lacks InterPro GPCR domains
TTRE12018	False	Encodes protein that lacks InterPro GPCR domains
TTRE12019	False	Encodes protein that lacks InterPro GPCR domains
TTRE1202	False	Encodes protein that lacks InterPro GPCR domains
TTRE12020	False	Encodes protein that lacks InterPro GPCR domains
TTRE12021	False	Encodes protein that lacks InterPro GPCR domains
TTRE12022	False	Encodes protein that lacks InterPro GPCR domains
TTRE12023	False	Encodes protein that lacks InterPro GPCR domains
TTRE12024	False	Encodes protein that lacks InterPro GPCR domains
TTRE12025	False	Encodes protein that lacks InterPro GPCR domains
TTRE12026	False	Encodes protein that lacks InterPro GPCR domains
TTRE12027	False	Encodes protein that lacks InterPro GPCR domains
TTRE12028	False	Encodes protein that lacks InterPro GPCR domains
TTRE12029	False	Encodes protein that lacks InterPro GPCR domains
TTRE1203	False	Encodes protein that lacks InterPro GPCR domains
TTRE12030	False	Encodes protein that lacks InterPro GPCR domains
TTRE12031	False	Encodes protein that lacks InterPro GPCR domains
TTRE12032	False	Encodes protein that lacks InterPro GPCR domains
TTRE12033	False	Encodes protein that lacks InterPro GPCR domains
TTRE12034	False	Encodes protein that lacks InterPro GPCR domains
TTRE12035	False	Encodes protein that lacks InterPro GPCR domains
TTRE12036	False	Encodes protein that lacks InterPro GPCR domains
TTRE12037	False	Encodes protein that lacks InterPro GPCR domains
TTRE12038	False	Encodes protein that lacks InterPro GPCR domains
TTRE12039	False	Encodes protein that lacks InterPro GPCR domains
TTRE1204	False	Encodes protein that lacks InterPro GPCR domains
TTRE12040	False	Encodes protein that lacks InterPro GPCR domains
TTRE12041	False	Encodes protein that lacks InterPro GPCR domains
TTRE12042	False	Encodes protein that lacks InterPro GPCR domains
TTRE12043	False	Encodes protein that lacks InterPro GPCR domains
TTRE12044	False	Encodes protein that lacks InterPro GPCR domains
TTRE12045	False	Encodes protein that lacks InterPro GPCR domains
TTRE12046	False	Encodes protein that lacks InterPro GPCR domains
TTRE12047	False	Encodes protein that lacks InterPro GPCR domains
TTRE12048	False	Encodes protein that lacks InterPro GPCR domains
TTRE12049	False	Encodes protein that lacks InterPro GPCR domains
TTRE1205	False	Encodes protein that lacks InterPro GPCR domains
TTRE12050	False	Encodes protein that lacks InterPro GPCR domains
TTRE12051	False	Encodes protein that lacks InterPro GPCR domains
TTRE12052	False	Encodes protein that lacks InterPro GPCR domains
TTRE12053	False	Encodes protein that lacks InterPro GPCR domains
TTRE12054	False	Encodes protein that lacks InterPro GPCR domains
TTRE12055	False	Encodes protein that lacks InterPro GPCR domains
TTRE12056	False	Encodes protein that lacks InterPro GPCR domains
TTRE12057	False	Encodes protein that lacks InterPro GPCR domains
TTRE12058	False	Encodes protein that lacks InterPro GPCR domains
TTRE12059	False	Encodes protein that lacks InterPro GPCR domains
TTRE1206	False	Encodes protein that lacks InterPro GPCR domains
TTRE12060	False	Encodes protein that lacks InterPro GPCR domains
TTRE12061	False	Encodes protein that lacks InterPro GPCR domains
TTRE12062	False	Encodes protein that lacks InterPro GPCR domains
TTRE12063	False	Encodes protein that lacks InterPro GPCR domains
TTRE12064	False	Encodes protein that lacks InterPro GPCR domains
TTRE12065	False	Encodes protein that lacks InterPro GPCR domains
TTRE12066	False	Encodes protein that lacks InterPro GPCR domains
TTRE12067	False	Encodes protein that lacks InterPro GPCR domains
TTRE12068	False	Encodes protein that lacks InterPro GPCR domains
TTRE12069	False	Encodes protein that lacks InterPro GPCR domains
TTRE1207	False	Encodes protein that lacks InterPro GPCR domains
TTRE12070	False	Encodes protein that lacks InterPro GPCR domains
TTRE12071	False	Encodes protein that lacks InterPro GPCR domains
TTRE12072	False	Encodes protein that lacks InterPro GPCR domains
TTRE12073	False	Encodes protein that lacks InterPro GPCR domains
TTRE12074	False	Encodes protein that lacks InterPro GPCR domains
TTRE12075	False	Encodes protein that lacks InterPro GPCR domains
TTRE12076	False	Encodes protein that lacks InterPro GPCR domains
TTRE12077	False	Encodes protein that lacks InterPro GPCR domains
TTRE12078	False	Encodes protein that lacks InterPro GPCR domains
TTRE12079	False	Encodes protein that lacks InterPro GPCR domains
TTRE1208	False	Encodes protein that lacks InterPro GPCR domains
TTRE12080	False	Encodes protein that lacks InterPro GPCR domains
TTRE12081	False	Encodes protein that lacks InterPro GPCR domains
TTRE12082	False	Encodes protein that lacks InterPro GPCR domains
TTRE12083	False	Encodes protein that lacks InterPro GPCR domains
TTRE12084	False	Encodes protein that lacks InterPro GPCR domains
TTRE12085	False	Encodes protein that lacks InterPro GPCR domains
TTRE12086	False	Encodes protein that lacks InterPro GPCR domains
TTRE12087	False	Encodes protein that lacks InterPro GPCR domains
TTRE12088	False	Encodes protein that lacks InterPro GPCR domains
TTRE12089	False	Encodes protein that lacks InterPro GPCR domains
TTRE1209	False	Encodes protein that lacks InterPro GPCR domains
TTRE12090	False	Encodes protein that lacks InterPro GPCR domains
TTRE12091	False	Encodes protein that lacks InterPro GPCR domains
TTRE12092	False	Encodes protein that lacks InterPro GPCR domains
TTRE12093	False	Encodes protein that lacks InterPro GPCR domains
TTRE12094	False	Encodes protein that lacks InterPro GPCR domains
TTRE12095	False	Encodes protein that lacks InterPro GPCR domains
TTRE12096	False	Encodes protein that lacks InterPro GPCR domains
TTRE12097	False	Encodes protein that lacks InterPro GPCR domains
TTRE12098	False	Encodes protein that lacks InterPro GPCR domains
TTRE12099	False	Encodes protein that lacks InterPro GPCR domains
TTRE121	False	Encodes protein that lacks InterPro GPCR domains
TTRE1210	False	Encodes protein that lacks InterPro GPCR domains
TTRE12100	False	Encodes protein that lacks InterPro GPCR domains
TTRE12101	False	Encodes protein that lacks InterPro GPCR domains
TTRE12102	False	Encodes protein that lacks InterPro GPCR domains
TTRE12103	False	Encodes protein that lacks InterPro GPCR domains
TTRE12104	False	Encodes protein that lacks InterPro GPCR domains
TTRE12105	False	Encodes protein that lacks InterPro GPCR domains
TTRE12106	False	Encodes protein that lacks InterPro GPCR domains
TTRE12107	False	Encodes protein that lacks InterPro GPCR domains
TTRE12108	False	Encodes protein that lacks InterPro GPCR domains
TTRE12109	False	Encodes protein that lacks InterPro GPCR domains
TTRE1211	False	Encodes protein that lacks InterPro GPCR domains
TTRE12110	False	Encodes protein that lacks InterPro GPCR domains
TTRE12111	False	Encodes protein that lacks InterPro GPCR domains
TTRE12112	False	Encodes protein that lacks InterPro GPCR domains
TTRE12113	False	Encodes protein that lacks InterPro GPCR domains
TTRE12114	False	Encodes protein that lacks InterPro GPCR domains
TTRE12115	False	Encodes protein that lacks InterPro GPCR domains
TTRE12116	False	Encodes protein that lacks InterPro GPCR domains
TTRE12117	False	Encodes protein that lacks InterPro GPCR domains
TTRE12118	False	Encodes protein that lacks InterPro GPCR domains
TTRE12119	False	Encodes protein that lacks InterPro GPCR domains
TTRE1212	False	Encodes protein that lacks InterPro GPCR domains
TTRE12120	False	Encodes protein that lacks InterPro GPCR domains
TTRE12121	False	Encodes protein that lacks InterPro GPCR domains
TTRE12122	False	Encodes protein that lacks InterPro GPCR domains
TTRE12123	False	Encodes protein that lacks InterPro GPCR domains
TTRE12124	False	Encodes protein that lacks InterPro GPCR domains
TTRE12125	True	Encodes protein with InterPro domain(s): IPR017452 - GPCR, rhodopsin-like, 7TM
TTRE12126	False	Encodes protein that lacks InterPro GPCR domains
TTRE12127	False	Encodes protein that lacks InterPro GPCR domains
TTRE12128	False	Encodes protein that lacks InterPro GPCR domains
TTRE12129	False	Encodes protein that lacks InterPro GPCR domains
TTRE1213	False	Encodes protein that lacks InterPro GPCR domains
TTRE12130	False	Encodes protein that lacks InterPro GPCR domains
TTRE12131	False	Encodes protein that lacks InterPro GPCR domains
TTRE12132	False	Encodes protein that lacks InterPro GPCR domains
TTRE12133	False	Encodes protein that lacks InterPro GPCR domains
TTRE12134	False	Encodes protein that lacks InterPro GPCR domains
TTRE12135	False	Encodes protein that lacks InterPro GPCR domains
TTRE12136	False	Encodes protein that lacks InterPro GPCR domains
TTRE12137	False	Encodes protein that lacks InterPro GPCR domains
TTRE12138	False	Encodes protein that lacks InterPro GPCR domains
TTRE12139	False	Encodes protein that lacks InterPro GPCR domains
TTRE1214	False	Encodes protein that lacks InterPro GPCR domains
TTRE12140	False	Encodes protein that lacks InterPro GPCR domains
TTRE12141	False	Encodes protein that lacks InterPro GPCR domains
TTRE12142	False	Encodes protein that lacks InterPro GPCR domains
TTRE12143	False	Encodes protein that lacks InterPro GPCR domains
TTRE12144	False	Encodes protein that lacks InterPro GPCR domains
TTRE12145	False	Encodes protein that lacks InterPro GPCR domains
TTRE12146	False	Encodes protein that lacks InterPro GPCR domains
TTRE12147	False	Encodes protein that lacks InterPro GPCR domains
TTRE12148	False	Encodes protein that lacks InterPro GPCR domains
TTRE12149	False	Encodes protein that lacks InterPro GPCR domains
TTRE1215	False	Encodes protein that lacks InterPro GPCR domains
TTRE12150	False	Encodes protein that lacks InterPro GPCR domains
TTRE12151	False	Encodes protein that lacks InterPro GPCR domains
TTRE12152	False	Encodes protein that lacks InterPro GPCR domains
TTRE12153	False	Encodes protein that lacks InterPro GPCR domains
TTRE12154	False	Encodes protein that lacks InterPro GPCR domains
TTRE12155	False	Encodes protein that lacks InterPro GPCR domains
TTRE12156	False	Encodes protein that lacks InterPro GPCR domains
TTRE12157	False	Encodes protein that lacks InterPro GPCR domains
TTRE12158	False	Encodes protein that lacks InterPro GPCR domains
TTRE12159	False	Encodes protein that lacks InterPro GPCR domains
TTRE1216	False	Encodes protein that lacks InterPro GPCR domains
TTRE12160	False	Encodes protein that lacks InterPro GPCR domains
TTRE12161	False	Encodes protein that lacks InterPro GPCR domains
TTRE12162	False	Encodes protein that lacks InterPro GPCR domains
TTRE12163	False	Encodes protein that lacks InterPro GPCR domains
TTRE12164	False	Encodes protein that lacks InterPro GPCR domains
TTRE12165	False	Encodes protein that lacks InterPro GPCR domains
TTRE12166	False	Encodes protein that lacks InterPro GPCR domains
TTRE12167	False	Encodes protein that lacks InterPro GPCR domains
TTRE12168	False	Encodes protein that lacks InterPro GPCR domains
TTRE12169	False	Encodes protein that lacks InterPro GPCR domains
TTRE1217	False	Encodes protein that lacks InterPro GPCR domains
TTRE12170	False	Encodes protein that lacks InterPro GPCR domains
TTRE12171	False	Encodes protein that lacks InterPro GPCR domains
TTRE12172	False	Encodes protein that lacks InterPro GPCR domains
TTRE12173	False	Encodes protein that lacks InterPro GPCR domains
TTRE12174	False	Encodes protein that lacks InterPro GPCR domains
TTRE12175	False	Encodes protein that lacks InterPro GPCR domains
TTRE12176	False	Encodes protein that lacks InterPro GPCR domains
TTRE12177	False	Encodes protein that lacks InterPro GPCR domains
TTRE12178	False	Encodes protein that lacks InterPro GPCR domains
TTRE12179	True	Encodes protein with InterPro domain(s): IPR019408 - 7TM GPCR, serpentine receptor class ab (Srab)
TTRE1218	False	Encodes protein that lacks InterPro GPCR domains
TTRE12180	False	Encodes protein that lacks InterPro GPCR domains
TTRE12181	False	Encodes protein that lacks InterPro GPCR domains
TTRE12182	False	Encodes protein that lacks InterPro GPCR domains
TTRE12183	False	Encodes protein that lacks InterPro GPCR domains
TTRE12184	False	Encodes protein that lacks InterPro GPCR domains
TTRE12185	False	Encodes protein that lacks InterPro GPCR domains
TTRE12186	False	Encodes protein that lacks InterPro GPCR domains
TTRE12187	False	Encodes protein that lacks InterPro GPCR domains
TTRE12188	False	Encodes protein that lacks InterPro GPCR domains
TTRE12189	False	Encodes protein that lacks InterPro GPCR domains
TTRE1219	False	Encodes protein that lacks InterPro GPCR domains
TTRE12190	False	Encodes protein that lacks InterPro GPCR domains
TTRE12191	False	Encodes protein that lacks InterPro GPCR domains
TTRE12192	False	Encodes protein that lacks InterPro GPCR domains
TTRE12193	False	Encodes protein that lacks InterPro GPCR domains
TTRE12194	False	Encodes protein that lacks InterPro GPCR domains
TTRE12195	False	Encodes protein that lacks InterPro GPCR domains
TTRE12196	False	Encodes protein that lacks InterPro GPCR domains
TTRE12197	False	Encodes protein that lacks InterPro GPCR domains
TTRE12198	False	Encodes protein that lacks InterPro GPCR domains
TTRE12199	False	Encodes protein that lacks InterPro GPCR domains
TTRE122	False	Encodes protein that lacks InterPro GPCR domains
TTRE1220	False	Encodes protein that lacks InterPro GPCR domains
TTRE12200	False	Encodes protein that lacks InterPro GPCR domains
TTRE12201	False	Encodes protein that lacks InterPro GPCR domains
TTRE12202	False	Encodes protein that lacks InterPro GPCR domains
TTRE12203	False	Encodes protein that lacks InterPro GPCR domains
TTRE12204	False	Encodes protein that lacks InterPro GPCR domains
TTRE12205	False	Encodes protein that lacks InterPro GPCR domains
TTRE12206	False	Encodes protein that lacks InterPro GPCR domains
TTRE12207	False	Encodes protein that lacks InterPro GPCR domains
TTRE12208	False	Encodes protein that lacks InterPro GPCR domains
TTRE12209	False	Encodes protein that lacks InterPro GPCR domains
TTRE1221	False	Encodes protein that lacks InterPro GPCR domains
TTRE12210	False	Encodes protein that lacks InterPro GPCR domains
TTRE12211	False	Encodes protein that lacks InterPro GPCR domains
TTRE12212	False	Encodes protein that lacks InterPro GPCR domains
TTRE12213	False	Encodes protein that lacks InterPro GPCR domains
TTRE12214	False	Encodes protein that lacks InterPro GPCR domains
TTRE12215	False	Encodes protein that lacks InterPro GPCR domains
TTRE12216	False	Encodes protein that lacks InterPro GPCR domains
TTRE12217	False	Encodes protein that lacks InterPro GPCR domains
TTRE12218	False	Encodes protein that lacks InterPro GPCR domains
TTRE12219	False	Encodes protein that lacks InterPro GPCR domains
TTRE1222	False	Encodes protein that lacks InterPro GPCR domains
TTRE12220	False	Encodes protein that lacks InterPro GPCR domains
TTRE12221	False	Encodes protein that lacks InterPro GPCR domains
TTRE12222	False	Encodes protein that lacks InterPro GPCR domains
TTRE12223	False	Encodes protein that lacks InterPro GPCR domains
TTRE12224	False	Encodes protein that lacks InterPro GPCR domains
TTRE12225	False	Encodes protein that lacks InterPro GPCR domains
TTRE12226	False	Encodes protein that lacks InterPro GPCR domains
TTRE12227	False	Encodes protein that lacks InterPro GPCR domains
TTRE12228	False	Encodes protein that lacks InterPro GPCR domains
TTRE12229	False	Encodes protein that lacks InterPro GPCR domains
TTRE1223	False	Encodes protein that lacks InterPro GPCR domains
TTRE12230	False	Encodes protein that lacks InterPro GPCR domains
TTRE12231	False	Encodes protein that lacks InterPro GPCR domains
TTRE12232	False	Encodes protein that lacks InterPro GPCR domains
TTRE12233	False	Encodes protein that lacks InterPro GPCR domains
TTRE12234	False	Encodes protein that lacks InterPro GPCR domains
TTRE12235	False	Encodes protein that lacks InterPro GPCR domains
TTRE12236	False	Encodes protein that lacks InterPro GPCR domains
TTRE12237	False	Encodes protein that lacks InterPro GPCR domains
TTRE12238	False	Encodes protein that lacks InterPro GPCR domains
TTRE12239	False	Encodes protein that lacks InterPro GPCR domains
TTRE1224	False	Encodes protein that lacks InterPro GPCR domains
TTRE12240	False	Encodes protein that lacks InterPro GPCR domains
TTRE12241	False	Encodes protein that lacks InterPro GPCR domains
TTRE12242	False	Encodes protein that lacks InterPro GPCR domains
TTRE12243	False	Encodes protein that lacks InterPro GPCR domains
TTRE12244	False	Encodes protein that lacks InterPro GPCR domains
TTRE12245	False	Encodes protein that lacks InterPro GPCR domains
TTRE12246	False	Encodes protein that lacks InterPro GPCR domains
TTRE12247	False	Encodes protein that lacks InterPro GPCR domains
TTRE12248	False	Encodes protein that lacks InterPro GPCR domains
TTRE12249	False	Encodes protein that lacks InterPro GPCR domains
TTRE1225	False	Encodes protein that lacks InterPro GPCR domains
TTRE12250	False	Encodes protein that lacks InterPro GPCR domains
TTRE12251	False	Encodes protein that lacks InterPro GPCR domains
TTRE12252	False	Encodes protein that lacks InterPro GPCR domains
TTRE12253	False	Encodes protein that lacks InterPro GPCR domains
TTRE12254	False	Encodes protein that lacks InterPro GPCR domains
TTRE12255	False	Encodes protein that lacks InterPro GPCR domains
TTRE12256	False	Encodes protein that lacks InterPro GPCR domains
TTRE12257	False	Encodes protein that lacks InterPro GPCR domains
TTRE12258	False	Encodes protein that lacks InterPro GPCR domains
TTRE12259	False	Encodes protein that lacks InterPro GPCR domains
TTRE1226	False	Encodes protein that lacks InterPro GPCR domains
TTRE12260	False	Encodes protein that lacks InterPro GPCR domains
TTRE12261	False	Encodes protein that lacks InterPro GPCR domains
TTRE12262	False	Encodes protein that lacks InterPro GPCR domains
TTRE12263	False	Encodes protein that lacks InterPro GPCR domains
TTRE12264	False	Encodes protein that lacks InterPro GPCR domains
TTRE12265	False	Encodes protein that lacks InterPro GPCR domains
TTRE12266	False	Encodes protein that lacks InterPro GPCR domains
TTRE12267	False	Encodes protein that lacks InterPro GPCR domains
TTRE12268	False	Encodes protein that lacks InterPro GPCR domains
TTRE12269	False	Encodes protein that lacks InterPro GPCR domains
TTRE1227	False	Encodes protein that lacks InterPro GPCR domains
TTRE12270	False	Encodes protein that lacks InterPro GPCR domains
TTRE12271	False	Encodes protein that lacks InterPro GPCR domains
TTRE12272	False	Encodes protein that lacks InterPro GPCR domains
TTRE12273	False	Encodes protein that lacks InterPro GPCR domains
TTRE12274	False	Encodes protein that lacks InterPro GPCR domains
TTRE12275	False	Encodes protein that lacks InterPro GPCR domains
TTRE12276	False	Encodes protein that lacks InterPro GPCR domains
TTRE12277	False	Encodes protein that lacks InterPro GPCR domains
TTRE12278	False	Encodes protein that lacks InterPro GPCR domains
TTRE12279	False	Encodes protein that lacks InterPro GPCR domains
TTRE1228	False	Encodes protein that lacks InterPro GPCR domains
TTRE12280	False	Encodes protein that lacks InterPro GPCR domains
TTRE12281	False	Encodes protein that lacks InterPro GPCR domains
TTRE12282	False	Encodes protein that lacks InterPro GPCR domains
TTRE12283	False	Encodes protein that lacks InterPro GPCR domains
TTRE12284	False	Encodes protein that lacks InterPro GPCR domains
TTRE12285	False	Encodes protein that lacks InterPro GPCR domains
TTRE12286	False	Encodes protein that lacks InterPro GPCR domains
TTRE12287	False	Encodes protein that lacks InterPro GPCR domains
TTRE12288	False	Encodes protein that lacks InterPro GPCR domains
TTRE12289	False	Encodes protein that lacks InterPro GPCR domains
TTRE1229	False	Encodes protein that lacks InterPro GPCR domains
TTRE12290	False	Encodes protein that lacks InterPro GPCR domains
TTRE12291	False	Encodes protein that lacks InterPro GPCR domains
TTRE12292	False	Encodes protein that lacks InterPro GPCR domains
TTRE12293	False	Encodes protein that lacks InterPro GPCR domains
TTRE12294	False	Encodes protein that lacks InterPro GPCR domains
TTRE12295	False	Encodes protein that lacks InterPro GPCR domains
TTRE12296	False	Encodes protein that lacks InterPro GPCR domains
TTRE12297	False	Encodes protein that lacks InterPro GPCR domains
TTRE12298	False	Encodes protein that lacks InterPro GPCR domains
TTRE12299	False	Encodes protein that lacks InterPro GPCR domains
TTRE123	False	Encodes protein that lacks InterPro GPCR domains
TTRE1230	False	Encodes protein that lacks InterPro GPCR domains
TTRE12300	False	Encodes protein that lacks InterPro GPCR domains
TTRE12301	False	Encodes protein that lacks InterPro GPCR domains
TTRE12302	False	Encodes protein that lacks InterPro GPCR domains
TTRE12303	False	Encodes protein that lacks InterPro GPCR domains
TTRE12304	False	Encodes protein that lacks InterPro GPCR domains
TTRE12305	False	Encodes protein that lacks InterPro GPCR domains
TTRE12306	False	Encodes protein that lacks InterPro GPCR domains
TTRE12307	False	Encodes protein that lacks InterPro GPCR domains
TTRE12308	False	Encodes protein that lacks InterPro GPCR domains
TTRE12309	False	Encodes protein that lacks InterPro GPCR domains
TTRE1231	False	Encodes protein that lacks InterPro GPCR domains
TTRE12310	False	Encodes protein that lacks InterPro GPCR domains
TTRE12311	False	Encodes protein that lacks InterPro GPCR domains
TTRE12312	False	Encodes protein that lacks InterPro GPCR domains
TTRE12313	False	Encodes protein that lacks InterPro GPCR domains
TTRE12314	False	Encodes protein that lacks InterPro GPCR domains
TTRE12315	False	Encodes protein that lacks InterPro GPCR domains
TTRE12316	False	Encodes protein that lacks InterPro GPCR domains
TTRE12317	False	Encodes protein that lacks InterPro GPCR domains
TTRE12318	False	Encodes protein that lacks InterPro GPCR domains
TTRE12319	False	Encodes protein that lacks InterPro GPCR domains
TTRE1232	False	Encodes protein that lacks InterPro GPCR domains
TTRE12320	False	Encodes protein that lacks InterPro GPCR domains
TTRE12321	False	Encodes protein that lacks InterPro GPCR domains
TTRE12322	False	Encodes protein that lacks InterPro GPCR domains
TTRE12323	False	Encodes protein that lacks InterPro GPCR domains
TTRE12324	False	Encodes protein that lacks InterPro GPCR domains
TTRE12325	False	Encodes protein that lacks InterPro GPCR domains
TTRE12326	False	Encodes protein that lacks InterPro GPCR domains
TTRE12327	False	Encodes protein that lacks InterPro GPCR domains
TTRE12328	False	Encodes protein that lacks InterPro GPCR domains
TTRE12329	False	Encodes protein that lacks InterPro GPCR domains
TTRE1233	False	Encodes protein that lacks InterPro GPCR domains
TTRE12330	False	Encodes protein that lacks InterPro GPCR domains
TTRE12331	False	Encodes protein that lacks InterPro GPCR domains
TTRE12332	False	Encodes protein that lacks InterPro GPCR domains
TTRE12333	False	Encodes protein that lacks InterPro GPCR domains
TTRE12334	False	Encodes protein that lacks InterPro GPCR domains
TTRE12335	False	Encodes protein that lacks InterPro GPCR domains
TTRE12336	False	Encodes protein that lacks InterPro GPCR domains
TTRE12337	False	Encodes protein that lacks InterPro GPCR domains
TTRE12338	False	Encodes protein that lacks InterPro GPCR domains
TTRE12339	False	Encodes protein that lacks InterPro GPCR domains
TTRE1234	False	Encodes protein that lacks InterPro GPCR domains
TTRE12340	False	Encodes protein that lacks InterPro GPCR domains
TTRE12341	False	Encodes protein that lacks InterPro GPCR domains
TTRE12342	False	Encodes protein that lacks InterPro GPCR domains
TTRE12343	False	Encodes protein that lacks InterPro GPCR domains
TTRE12344	False	Encodes protein that lacks InterPro GPCR domains
TTRE12345	False	Encodes protein that lacks InterPro GPCR domains
TTRE12346	False	Encodes protein that lacks InterPro GPCR domains
TTRE12347	False	Encodes protein that lacks InterPro GPCR domains
TTRE12348	False	Encodes protein that lacks InterPro GPCR domains
TTRE12349	False	Encodes protein that lacks InterPro GPCR domains
TTRE1235	False	Encodes protein that lacks InterPro GPCR domains
TTRE12350	False	Encodes protein that lacks InterPro GPCR domains
TTRE12351	False	Encodes protein that lacks InterPro GPCR domains
TTRE12352	False	Encodes protein that lacks InterPro GPCR domains
TTRE12353	False	Encodes protein that lacks InterPro GPCR domains
TTRE12354	False	Encodes protein that lacks InterPro GPCR domains
TTRE12355	False	Encodes protein that lacks InterPro GPCR domains
TTRE12356	False	Encodes protein that lacks InterPro GPCR domains
TTRE12357	False	Encodes protein that lacks InterPro GPCR domains
TTRE12358	False	Encodes protein that lacks InterPro GPCR domains
TTRE12359	False	Encodes protein that lacks InterPro GPCR domains
TTRE1236	False	Encodes protein that lacks InterPro GPCR domains
TTRE12360	False	Encodes protein that lacks InterPro GPCR domains
TTRE12361	False	Encodes protein that lacks InterPro GPCR domains
TTRE12362	False	Encodes protein that lacks InterPro GPCR domains
TTRE12363	False	Encodes protein that lacks InterPro GPCR domains
TTRE12364	False	Encodes protein that lacks InterPro GPCR domains
TTRE12365	False	Encodes protein that lacks InterPro GPCR domains
TTRE12366	False	Encodes protein that lacks InterPro GPCR domains
TTRE12367	False	Encodes protein that lacks InterPro GPCR domains
TTRE12368	False	Encodes protein that lacks InterPro GPCR domains
TTRE12369	False	Encodes protein that lacks InterPro GPCR domains
TTRE1237	False	Encodes protein that lacks InterPro GPCR domains
TTRE12370	False	Encodes protein that lacks InterPro GPCR domains
TTRE12371	False	Encodes protein that lacks InterPro GPCR domains
TTRE12372	False	Encodes protein that lacks InterPro GPCR domains
TTRE12373	False	Encodes protein that lacks InterPro GPCR domains
TTRE12374	False	Encodes protein that lacks InterPro GPCR domains
TTRE12375	True	Encodes protein with InterPro domain(s): IPR017452 - GPCR, rhodopsin-like, 7TM
TTRE12376	False	Encodes protein that lacks InterPro GPCR domains
TTRE12377	False	Encodes protein that lacks InterPro GPCR domains
TTRE12378	False	Encodes protein that lacks InterPro GPCR domains
TTRE12379	False	Encodes protein that lacks InterPro GPCR domains
TTRE1238	False	Encodes protein that lacks InterPro GPCR domains
TTRE12380	False	Encodes protein that lacks InterPro GPCR domains
TTRE12381	False	Encodes protein that lacks InterPro GPCR domains
TTRE12382	False	Encodes protein that lacks InterPro GPCR domains
TTRE12383	False	Encodes protein that lacks InterPro GPCR domains
TTRE12384	False	Encodes protein that lacks InterPro GPCR domains
TTRE12385	False	Encodes protein that lacks InterPro GPCR domains
TTRE12386	False	Encodes protein that lacks InterPro GPCR domains
TTRE12387	False	Encodes protein that lacks InterPro GPCR domains
TTRE12388	False	Encodes protein that lacks InterPro GPCR domains
TTRE12389	False	Encodes protein that lacks InterPro GPCR domains
TTRE1239	False	Encodes protein that lacks InterPro GPCR domains
TTRE12390	False	Encodes protein that lacks InterPro GPCR domains
TTRE12391	False	Encodes protein that lacks InterPro GPCR domains
TTRE12392	False	Encodes protein that lacks InterPro GPCR domains
TTRE12393	False	Encodes protein that lacks InterPro GPCR domains
TTRE12394	False	Encodes protein that lacks InterPro GPCR domains
TTRE12395	False	Encodes protein that lacks InterPro GPCR domains
TTRE12396	False	Encodes protein that lacks InterPro GPCR domains
TTRE12397	False	Encodes protein that lacks InterPro GPCR domains
TTRE12398	False	Encodes protein that lacks InterPro GPCR domains
TTRE12399	False	Encodes protein that lacks InterPro GPCR domains
TTRE124	False	Encodes protein that lacks InterPro GPCR domains
TTRE1240	False	Encodes protein that lacks InterPro GPCR domains
TTRE12400	False	Encodes protein that lacks InterPro GPCR domains
TTRE12401	False	Encodes protein that lacks InterPro GPCR domains
TTRE12402	False	Encodes protein that lacks InterPro GPCR domains
TTRE12403	False	Encodes protein that lacks InterPro GPCR domains
TTRE12404	False	Encodes protein that lacks InterPro GPCR domains
TTRE12405	False	Encodes protein that lacks InterPro GPCR domains
TTRE12406	False	Encodes protein that lacks InterPro GPCR domains
TTRE12407	False	Encodes protein that lacks InterPro GPCR domains
TTRE12408	False	Encodes protein that lacks InterPro GPCR domains
TTRE12409	False	Encodes protein that lacks InterPro GPCR domains
TTRE1241	False	Encodes protein that lacks InterPro GPCR domains
TTRE12410	False	Encodes protein that lacks InterPro GPCR domains
TTRE12411	False	Encodes protein that lacks InterPro GPCR domains
TTRE12412	True	Encodes protein with InterPro domain(s): IPR017452 - GPCR, rhodopsin-like, 7TM; IPR019427 - 7TM GPCR, serpentine receptor class w (Srw)
TTRE12413	False	Encodes protein that lacks InterPro GPCR domains
TTRE12414	False	Encodes protein that lacks InterPro GPCR domains
TTRE12415	False	Encodes protein that lacks InterPro GPCR domains
TTRE12416	False	Encodes protein that lacks InterPro GPCR domains
TTRE12417	False	Encodes protein that lacks InterPro GPCR domains
TTRE12418	False	Encodes protein that lacks InterPro GPCR domains
TTRE12419	False	Encodes protein that lacks InterPro GPCR domains
TTRE1242	False	Encodes protein that lacks InterPro GPCR domains
TTRE12420	False	Encodes protein that lacks InterPro GPCR domains
TTRE12421	False	Encodes protein that lacks InterPro GPCR domains
TTRE12422	False	Encodes protein that lacks InterPro GPCR domains
TTRE12423	False	Encodes protein that lacks InterPro GPCR domains
TTRE12424	False	Encodes protein that lacks InterPro GPCR domains
TTRE12425	False	Encodes protein that lacks InterPro GPCR domains
TTRE12426	False	Encodes protein that lacks InterPro GPCR domains
TTRE12427	False	Encodes protein that lacks InterPro GPCR domains
TTRE12428	False	Encodes protein that lacks InterPro GPCR domains
TTRE12429	False	Encodes protein that lacks InterPro GPCR domains
TTRE1243	False	Encodes protein that lacks InterPro GPCR domains
TTRE12430	False	Encodes protein that lacks InterPro GPCR domains
TTRE12431	False	Encodes protein that lacks InterPro GPCR domains
TTRE12432	False	Encodes protein that lacks InterPro GPCR domains
TTRE12433	False	Encodes protein that lacks InterPro GPCR domains
TTRE12434	False	Encodes protein that lacks InterPro GPCR domains
TTRE12435	False	Encodes protein that lacks InterPro GPCR domains
TTRE12436	False	Encodes protein that lacks InterPro GPCR domains
TTRE12437	False	Encodes protein that lacks InterPro GPCR domains
TTRE12438	False	Encodes protein that lacks InterPro GPCR domains
TTRE12439	False	Encodes protein that lacks InterPro GPCR domains
TTRE1244	False	Encodes protein that lacks InterPro GPCR domains
TTRE12440	False	Encodes protein that lacks InterPro GPCR domains
TTRE12441	False	Encodes protein that lacks InterPro GPCR domains
TTRE12442	False	Encodes protein that lacks InterPro GPCR domains
TTRE12443	False	Encodes protein that lacks InterPro GPCR domains
TTRE12444	False	Encodes protein that lacks InterPro GPCR domains
TTRE12445	False	Encodes protein that lacks InterPro GPCR domains
TTRE12446	False	Encodes protein that lacks InterPro GPCR domains
TTRE12447	False	Encodes protein that lacks InterPro GPCR domains
TTRE12448	False	Encodes protein that lacks InterPro GPCR domains
TTRE12449	False	Encodes protein that lacks InterPro GPCR domains
TTRE1245	False	Encodes protein that lacks InterPro GPCR domains
TTRE12450	False	Encodes protein that lacks InterPro GPCR domains
TTRE12451	False	Encodes protein that lacks InterPro GPCR domains
TTRE12452	False	Encodes protein that lacks InterPro GPCR domains
TTRE12453	False	Encodes protein that lacks InterPro GPCR domains
TTRE12454	False	Encodes protein that lacks InterPro GPCR domains
TTRE12455	False	Encodes protein that lacks InterPro GPCR domains
TTRE12456	False	Encodes protein that lacks InterPro GPCR domains
TTRE12457	False	Encodes protein that lacks InterPro GPCR domains
TTRE12458	False	Encodes protein that lacks InterPro GPCR domains
TTRE12459	False	Encodes protein that lacks InterPro GPCR domains
TTRE1246	False	Encodes protein that lacks InterPro GPCR domains
TTRE12460	False	Encodes protein that lacks InterPro GPCR domains
TTRE12461	False	Encodes protein that lacks InterPro GPCR domains
TTRE12462	False	Encodes protein that lacks InterPro GPCR domains
TTRE12463	False	Encodes protein that lacks InterPro GPCR domains
TTRE12464	False	Encodes protein that lacks InterPro GPCR domains
TTRE12465	False	Encodes protein that lacks InterPro GPCR domains
TTRE12466	False	Encodes protein that lacks InterPro GPCR domains
TTRE12467	False	Encodes protein that lacks InterPro GPCR domains
TTRE12468	False	Encodes protein that lacks InterPro GPCR domains
TTRE12469	False	Encodes protein that lacks InterPro GPCR domains
TTRE1247	False	Encodes protein that lacks InterPro GPCR domains
TTRE12470	False	Encodes protein that lacks InterPro GPCR domains
TTRE12471	False	Encodes protein that lacks InterPro GPCR domains
TTRE12472	False	Encodes protein that lacks InterPro GPCR domains
TTRE12473	False	Encodes protein that lacks InterPro GPCR domains
TTRE12474	False	Encodes protein that lacks InterPro GPCR domains
TTRE12475	False	Encodes protein that lacks InterPro GPCR domains
TTRE12476	False	Encodes protein that lacks InterPro GPCR domains
TTRE12477	False	Encodes protein that lacks InterPro GPCR domains
TTRE12478	False	Encodes protein that lacks InterPro GPCR domains
TTRE12479	False	Encodes protein that lacks InterPro GPCR domains
TTRE1248	False	Encodes protein that lacks InterPro GPCR domains
TTRE12480	False	Encodes protein that lacks InterPro GPCR domains
TTRE12481	False	Encodes protein that lacks InterPro GPCR domains
TTRE12482	False	Encodes protein that lacks InterPro GPCR domains
TTRE12483	False	Encodes protein that lacks InterPro GPCR domains
TTRE12484	False	Encodes protein that lacks InterPro GPCR domains
TTRE12485	False	Encodes protein that lacks InterPro GPCR domains
TTRE12486	False	Encodes protein that lacks InterPro GPCR domains
TTRE12487	False	Encodes protein that lacks InterPro GPCR domains
TTRE12488	False	Encodes protein that lacks InterPro GPCR domains
TTRE12489	False	Encodes protein that lacks InterPro GPCR domains
TTRE1249	False	Encodes protein that lacks InterPro GPCR domains
TTRE12490	False	Encodes protein that lacks InterPro GPCR domains
TTRE12491	False	Encodes protein that lacks InterPro GPCR domains
TTRE12492	False	Encodes protein that lacks InterPro GPCR domains
TTRE12493	False	Encodes protein that lacks InterPro GPCR domains
TTRE12494	False	Encodes protein that lacks InterPro GPCR domains
TTRE12495	False	Encodes protein that lacks InterPro GPCR domains
TTRE12496	False	Encodes protein that lacks InterPro GPCR domains
TTRE12497	False	Encodes protein that lacks InterPro GPCR domains
TTRE12498	False	Encodes protein that lacks InterPro GPCR domains
TTRE12499	False	Encodes protein that lacks InterPro GPCR domains
TTRE125	False	Encodes protein that lacks InterPro GPCR domains
TTRE1250	False	Encodes protein that lacks InterPro GPCR domains
TTRE12500	False	Encodes protein that lacks InterPro GPCR domains
TTRE12501	False	Encodes protein that lacks InterPro GPCR domains
TTRE12502	False	Encodes protein that lacks InterPro GPCR domains
TTRE12503	False	Encodes protein that lacks InterPro GPCR domains
TTRE12504	False	Encodes protein that lacks InterPro GPCR domains
TTRE12505	False	Encodes protein that lacks InterPro GPCR domains
TTRE12506	False	Encodes protein that lacks InterPro GPCR domains
TTRE12507	False	Encodes protein that lacks InterPro GPCR domains
TTRE12508	False	Encodes protein that lacks InterPro GPCR domains
TTRE12509	False	Encodes protein that lacks InterPro GPCR domains
TTRE1251	False	Encodes protein that lacks InterPro GPCR domains
TTRE12510	False	Encodes protein that lacks InterPro GPCR domains
TTRE12511	False	Encodes protein that lacks InterPro GPCR domains
TTRE12512	False	Encodes protein that lacks InterPro GPCR domains
TTRE12513	False	Encodes protein that lacks InterPro GPCR domains
TTRE12514	False	Encodes protein that lacks InterPro GPCR domains
TTRE12515	False	Encodes protein that lacks InterPro GPCR domains
TTRE12516	False	Encodes protein that lacks InterPro GPCR domains
TTRE12517	False	Encodes protein that lacks InterPro GPCR domains
TTRE12518	False	Encodes protein that lacks InterPro GPCR domains
TTRE12519	False	Encodes protein that lacks InterPro GPCR domains
TTRE1252	False	Encodes protein that lacks InterPro GPCR domains
TTRE12520	False	Encodes protein that lacks InterPro GPCR domains
TTRE12521	False	Encodes protein that lacks InterPro GPCR domains
TTRE12522	False	Encodes protein that lacks InterPro GPCR domains
TTRE12523	False	Encodes protein that lacks InterPro GPCR domains
TTRE12524	False	Encodes protein that lacks InterPro GPCR domains
TTRE12525	False	Encodes protein that lacks InterPro GPCR domains
TTRE12526	False	Encodes protein that lacks InterPro GPCR domains
TTRE12527	False	Encodes protein that lacks InterPro GPCR domains
TTRE12528	False	Encodes protein that lacks InterPro GPCR domains
TTRE12529	False	Encodes protein that lacks InterPro GPCR domains
TTRE1253	False	Encodes protein that lacks InterPro GPCR domains
TTRE12530	False	Encodes protein that lacks InterPro GPCR domains
TTRE12531	False	Encodes protein that lacks InterPro GPCR domains
TTRE12532	False	Encodes protein that lacks InterPro GPCR domains
TTRE12533	False	Encodes protein that lacks InterPro GPCR domains
TTRE12534	False	Encodes protein that lacks InterPro GPCR domains
TTRE12535	False	Encodes protein that lacks InterPro GPCR domains
TTRE12536	False	Encodes protein that lacks InterPro GPCR domains
TTRE12537	False	Encodes protein that lacks InterPro GPCR domains
TTRE12538	False	Encodes protein that lacks InterPro GPCR domains
TTRE12539	False	Encodes protein that lacks InterPro GPCR domains
TTRE1254	False	Encodes protein that lacks InterPro GPCR domains
TTRE12540	False	Encodes protein that lacks InterPro GPCR domains
TTRE12541	False	Encodes protein that lacks InterPro GPCR domains
TTRE12542	False	Encodes protein that lacks InterPro GPCR domains
TTRE12543	False	Encodes protein that lacks InterPro GPCR domains
TTRE12544	False	Encodes protein that lacks InterPro GPCR domains
TTRE12545	False	Encodes protein that lacks InterPro GPCR domains
TTRE12546	False	Encodes protein that lacks InterPro GPCR domains
TTRE12547	False	Encodes protein that lacks InterPro GPCR domains
TTRE12548	False	Encodes protein that lacks InterPro GPCR domains
TTRE12549	False	Encodes protein that lacks InterPro GPCR domains
TTRE1255	False	Encodes protein that lacks InterPro GPCR domains
TTRE12550	False	Encodes protein that lacks InterPro GPCR domains
TTRE12551	False	Encodes protein that lacks InterPro GPCR domains
TTRE12552	False	Encodes protein that lacks InterPro GPCR domains
TTRE12553	False	Encodes protein that lacks InterPro GPCR domains
TTRE12554	False	Encodes protein that lacks InterPro GPCR domains
TTRE12555	False	Encodes protein that lacks InterPro GPCR domains
TTRE12556	False	Encodes protein that lacks InterPro GPCR domains
TTRE12557	False	Encodes protein that lacks InterPro GPCR domains
TTRE12558	False	Encodes protein that lacks InterPro GPCR domains
TTRE12559	False	Encodes protein that lacks InterPro GPCR domains
TTRE1256	False	Encodes protein that lacks InterPro GPCR domains
TTRE12560	False	Encodes protein that lacks InterPro GPCR domains
TTRE12561	False	Encodes protein that lacks InterPro GPCR domains
TTRE12562	False	Encodes protein that lacks InterPro GPCR domains
TTRE12563	False	Encodes protein that lacks InterPro GPCR domains
TTRE12564	False	Encodes protein that lacks InterPro GPCR domains
TTRE12565	False	Encodes protein that lacks InterPro GPCR domains
TTRE12566	False	Encodes protein that lacks InterPro GPCR domains
TTRE12567	False	Encodes protein that lacks InterPro GPCR domains
TTRE12568	False	Encodes protein that lacks InterPro GPCR domains
TTRE12569	False	Encodes protein that lacks InterPro GPCR domains
TTRE1257	False	Encodes protein that lacks InterPro GPCR domains
TTRE12570	False	Encodes protein that lacks InterPro GPCR domains
TTRE12571	False	Encodes protein that lacks InterPro GPCR domains
TTRE12572	False	Encodes protein that lacks InterPro GPCR domains
TTRE12573	False	Encodes protein that lacks InterPro GPCR domains
TTRE12574	False	Encodes protein that lacks InterPro GPCR domains
TTRE12575	False	Encodes protein that lacks InterPro GPCR domains
TTRE12576	False	Encodes protein that lacks InterPro GPCR domains
TTRE12577	False	Encodes protein that lacks InterPro GPCR domains
TTRE12578	False	Encodes protein that lacks InterPro GPCR domains
TTRE12579	False	Encodes protein that lacks InterPro GPCR domains
TTRE1258	False	Encodes protein that lacks InterPro GPCR domains
TTRE12580	False	Encodes protein that lacks InterPro GPCR domains
TTRE12581	False	Encodes protein that lacks InterPro GPCR domains
TTRE12582	False	Encodes protein that lacks InterPro GPCR domains
TTRE12583	False	Encodes protein that lacks InterPro GPCR domains
TTRE12584	False	Encodes protein that lacks InterPro GPCR domains
TTRE12585	False	Encodes protein that lacks InterPro GPCR domains
TTRE12586	False	Encodes protein that lacks InterPro GPCR domains
TTRE12587	False	Encodes protein that lacks InterPro GPCR domains
TTRE12588	False	Encodes protein that lacks InterPro GPCR domains
TTRE12589	False	Encodes protein that lacks InterPro GPCR domains
TTRE1259	False	Encodes protein that lacks InterPro GPCR domains
TTRE12590	False	Encodes protein that lacks InterPro GPCR domains
TTRE12591	False	Encodes protein that lacks InterPro GPCR domains
TTRE12592	False	Encodes protein that lacks InterPro GPCR domains
TTRE12593	False	Encodes protein that lacks InterPro GPCR domains
TTRE12594	False	Encodes protein that lacks InterPro GPCR domains
TTRE12595	False	Encodes protein that lacks InterPro GPCR domains
TTRE12596	False	Encodes protein that lacks InterPro GPCR domains
TTRE12597	False	Encodes protein that lacks InterPro GPCR domains
TTRE12598	False	Encodes protein that lacks InterPro GPCR domains
TTRE12599	False	Encodes protein that lacks InterPro GPCR domains
TTRE126	False	Encodes protein that lacks InterPro GPCR domains
TTRE1260	False	Encodes protein that lacks InterPro GPCR domains
TTRE12600	False	Encodes protein that lacks InterPro GPCR domains
TTRE12601	False	Encodes protein that lacks InterPro GPCR domains
TTRE12602	False	Encodes protein that lacks InterPro GPCR domains
TTRE12603	False	Encodes protein that lacks InterPro GPCR domains
TTRE12604	False	Encodes protein that lacks InterPro GPCR domains
TTRE12605	False	Encodes protein that lacks InterPro GPCR domains
TTRE12606	False	Encodes protein that lacks InterPro GPCR domains
TTRE12607	False	Encodes protein that lacks InterPro GPCR domains
TTRE12608	False	Encodes protein that lacks InterPro GPCR domains
TTRE12609	False	Encodes protein that lacks InterPro GPCR domains
TTRE1261	False	Encodes protein that lacks InterPro GPCR domains
TTRE12610	False	Encodes protein that lacks InterPro GPCR domains
TTRE12611	False	Encodes protein that lacks InterPro GPCR domains
TTRE12612	False	Encodes protein that lacks InterPro GPCR domains
TTRE12613	False	Encodes protein that lacks InterPro GPCR domains
TTRE12614	False	Encodes protein that lacks InterPro GPCR domains
TTRE12615	False	Encodes protein that lacks InterPro GPCR domains
TTRE12616	False	Encodes protein that lacks InterPro GPCR domains
TTRE12617	False	Encodes protein that lacks InterPro GPCR domains
TTRE12618	False	Encodes protein that lacks InterPro GPCR domains
TTRE12619	False	Encodes protein that lacks InterPro GPCR domains
TTRE1262	False	Encodes protein that lacks InterPro GPCR domains
TTRE12620	False	Encodes protein that lacks InterPro GPCR domains
TTRE12621	False	Encodes protein that lacks InterPro GPCR domains
TTRE12622	False	Encodes protein that lacks InterPro GPCR domains
TTRE12623	False	Encodes protein that lacks InterPro GPCR domains
TTRE12624	False	Encodes protein that lacks InterPro GPCR domains
TTRE12625	False	Encodes protein that lacks InterPro GPCR domains
TTRE12626	False	Encodes protein that lacks InterPro GPCR domains
TTRE12627	False	Encodes protein that lacks InterPro GPCR domains
TTRE12628	False	Encodes protein that lacks InterPro GPCR domains
TTRE12629	False	Encodes protein that lacks InterPro GPCR domains
TTRE1263	False	Encodes protein that lacks InterPro GPCR domains
TTRE12630	False	Encodes protein that lacks InterPro GPCR domains
TTRE12631	False	Encodes protein that lacks InterPro GPCR domains
TTRE12632	False	Encodes protein that lacks InterPro GPCR domains
TTRE12633	False	Encodes protein that lacks InterPro GPCR domains
TTRE12634	False	Encodes protein that lacks InterPro GPCR domains
TTRE12635	False	Encodes protein that lacks InterPro GPCR domains
TTRE12636	False	Encodes protein that lacks InterPro GPCR domains
TTRE12637	False	Encodes protein that lacks InterPro GPCR domains
TTRE12638	False	Encodes protein that lacks InterPro GPCR domains
TTRE12639	False	Encodes protein that lacks InterPro GPCR domains
TTRE1264	False	Encodes protein that lacks InterPro GPCR domains
TTRE12640	False	Encodes protein that lacks InterPro GPCR domains
TTRE12641	False	Encodes protein that lacks InterPro GPCR domains
TTRE12642	False	Encodes protein that lacks InterPro GPCR domains
TTRE12643	False	Encodes protein that lacks InterPro GPCR domains
TTRE12644	False	Encodes protein that lacks InterPro GPCR domains
TTRE12645	False	Encodes protein that lacks InterPro GPCR domains
TTRE12646	False	Encodes protein that lacks InterPro GPCR domains
TTRE12647	False	Encodes protein that lacks InterPro GPCR domains
TTRE12648	False	Encodes protein that lacks InterPro GPCR domains
TTRE12649	False	Encodes protein that lacks InterPro GPCR domains
TTRE1265	False	Encodes protein that lacks InterPro GPCR domains
TTRE12650	False	Encodes protein that lacks InterPro GPCR domains
TTRE12651	False	Encodes protein that lacks InterPro GPCR domains
TTRE12652	False	Encodes protein that lacks InterPro GPCR domains
TTRE12653	False	Encodes protein that lacks InterPro GPCR domains
TTRE12654	False	Encodes protein that lacks InterPro GPCR domains
TTRE12655	False	Encodes protein that lacks InterPro GPCR domains
TTRE12656	False	Encodes protein that lacks InterPro GPCR domains
TTRE12657	False	Encodes protein that lacks InterPro GPCR domains
TTRE12658	False	Encodes protein that lacks InterPro GPCR domains
TTRE12659	False	Encodes protein that lacks InterPro GPCR domains
TTRE1266	False	Encodes protein that lacks InterPro GPCR domains
TTRE12660	False	Encodes protein that lacks InterPro GPCR domains
TTRE12662	False	Encodes protein that lacks InterPro GPCR domains
TTRE12663	False	Encodes protein that lacks InterPro GPCR domains
TTRE12664	False	Encodes protein that lacks InterPro GPCR domains
TTRE12665	False	Encodes protein that lacks InterPro GPCR domains
TTRE12666	False	Encodes protein that lacks InterPro GPCR domains
TTRE12667	False	Encodes protein that lacks InterPro GPCR domains
TTRE12668	False	Encodes protein that lacks InterPro GPCR domains
TTRE12669	False	Encodes protein that lacks InterPro GPCR domains
TTRE1267	False	Encodes protein that lacks InterPro GPCR domains
TTRE12670	False	Encodes protein that lacks InterPro GPCR domains
TTRE12671	False	Encodes protein that lacks InterPro GPCR domains
TTRE1268	False	Encodes protein that lacks InterPro GPCR domains
TTRE1269	False	Encodes protein that lacks InterPro GPCR domains
TTRE127	False	Encodes protein that lacks InterPro GPCR domains
TTRE1270	False	Encodes protein that lacks InterPro GPCR domains
TTRE1271	False	Encodes protein that lacks InterPro GPCR domains
TTRE1272	False	Encodes protein that lacks InterPro GPCR domains
TTRE1273	False	Encodes protein that lacks InterPro GPCR domains
TTRE1274	False	Encodes protein that lacks InterPro GPCR domains
TTRE1275	False	Encodes protein that lacks InterPro GPCR domains
TTRE1276	False	Encodes protein that lacks InterPro GPCR domains
TTRE1277	False	Encodes protein that lacks InterPro GPCR domains
TTRE1278	False	Encodes protein that lacks InterPro GPCR domains
TTRE1279	False	Encodes protein that lacks InterPro GPCR domains
TTRE128	False	Encodes protein that lacks InterPro GPCR domains
TTRE1280	False	Encodes protein that lacks InterPro GPCR domains
TTRE1281	False	Encodes protein that lacks InterPro GPCR domains
TTRE1282	False	Encodes protein that lacks InterPro GPCR domains
TTRE1283	False	Encodes protein that lacks InterPro GPCR domains
TTRE1284	False	Encodes protein that lacks InterPro GPCR domains
TTRE1285	False	Encodes protein that lacks InterPro GPCR domains
TTRE1286	False	Encodes protein that lacks InterPro GPCR domains
TTRE1287	False	Encodes protein that lacks InterPro GPCR domains
TTRE1288	False	Encodes protein that lacks InterPro GPCR domains
TTRE1289	False	Encodes protein that lacks InterPro GPCR domains
TTRE129	False	Encodes protein that lacks InterPro GPCR domains
TTRE1290	False	Encodes protein that lacks InterPro GPCR domains
TTRE1291	False	Encodes protein that lacks InterPro GPCR domains
TTRE1292	False	Encodes protein that lacks InterPro GPCR domains
TTRE1293	False	Encodes protein that lacks InterPro GPCR domains
TTRE1294	False	Encodes protein that lacks InterPro GPCR domains
TTRE1295	False	Encodes protein that lacks InterPro GPCR domains
TTRE1296	False	Encodes protein that lacks InterPro GPCR domains
TTRE1297	False	Encodes protein that lacks InterPro GPCR domains
TTRE1298	False	Encodes protein that lacks InterPro GPCR domains
TTRE1299	False	Encodes protein that lacks InterPro GPCR domains
TTRE13	False	Encodes protein that lacks InterPro GPCR domains
TTRE130	False	Encodes protein that lacks InterPro GPCR domains
TTRE1300	False	Encodes protein that lacks InterPro GPCR domains
TTRE1301	False	Encodes protein that lacks InterPro GPCR domains
TTRE1302	False	Encodes protein that lacks InterPro GPCR domains
TTRE1303	False	Encodes protein that lacks InterPro GPCR domains
TTRE1304	False	Encodes protein that lacks InterPro GPCR domains
TTRE1305	False	Encodes protein that lacks InterPro GPCR domains
TTRE1306	False	Encodes protein that lacks InterPro GPCR domains
TTRE1307	False	Encodes protein that lacks InterPro GPCR domains
TTRE1308	False	Encodes protein that lacks InterPro GPCR domains
TTRE1309	False	Encodes protein that lacks InterPro GPCR domains
TTRE131	False	Encodes protein that lacks InterPro GPCR domains
TTRE1310	False	Encodes protein that lacks InterPro GPCR domains
TTRE1311	False	Encodes protein that lacks InterPro GPCR domains
TTRE1312	False	Encodes protein that lacks InterPro GPCR domains
TTRE1313	False	Encodes protein that lacks InterPro GPCR domains
TTRE1314	False	Encodes protein that lacks InterPro GPCR domains
TTRE1315	False	Encodes protein that lacks InterPro GPCR domains
TTRE1316	False	Encodes protein that lacks InterPro GPCR domains
TTRE1317	False	Encodes protein that lacks InterPro GPCR domains
TTRE1318	False	Encodes protein that lacks InterPro GPCR domains
TTRE1319	False	Encodes protein that lacks InterPro GPCR domains
TTRE132	False	Encodes protein that lacks InterPro GPCR domains
TTRE1320	False	Encodes protein that lacks InterPro GPCR domains
TTRE1321	False	Encodes protein that lacks InterPro GPCR domains
TTRE1322	False	Encodes protein that lacks InterPro GPCR domains
TTRE1323	False	Encodes protein that lacks InterPro GPCR domains
TTRE1324	False	Encodes protein that lacks InterPro GPCR domains
TTRE1325	False	Encodes protein that lacks InterPro GPCR domains
TTRE1326	False	Encodes protein that lacks InterPro GPCR domains
TTRE1327	False	Encodes protein that lacks InterPro GPCR domains
TTRE1328	False	Encodes protein that lacks InterPro GPCR domains
TTRE1329	True	Encodes protein with InterPro domain(s): IPR017452 - GPCR, rhodopsin-like, 7TM
TTRE133	False	Encodes protein that lacks InterPro GPCR domains
TTRE1330	False	Encodes protein that lacks InterPro GPCR domains
TTRE1331	False	Encodes protein that lacks InterPro GPCR domains
TTRE1332	False	Encodes protein that lacks InterPro GPCR domains
TTRE1333	False	Encodes protein that lacks InterPro GPCR domains
TTRE1334	False	Encodes protein that lacks InterPro GPCR domains
TTRE1335	False	Encodes protein that lacks InterPro GPCR domains
TTRE1336	False	Encodes protein that lacks InterPro GPCR domains
TTRE1337	False	Encodes protein that lacks InterPro GPCR domains
TTRE1338	False	Encodes protein that lacks InterPro GPCR domains
TTRE1339	False	Encodes protein that lacks InterPro GPCR domains
TTRE134	False	Encodes protein that lacks InterPro GPCR domains
TTRE1340	False	Encodes protein that lacks InterPro GPCR domains
TTRE1341	False	Encodes protein that lacks InterPro GPCR domains
TTRE1342	False	Encodes protein that lacks InterPro GPCR domains
TTRE1343	False	Encodes protein that lacks InterPro GPCR domains
TTRE1344	False	Encodes protein that lacks InterPro GPCR domains
TTRE1345	False	Encodes protein that lacks InterPro GPCR domains
TTRE1346	False	Encodes protein that lacks InterPro GPCR domains
TTRE1347	False	Encodes protein that lacks InterPro GPCR domains
TTRE1348	False	Encodes protein that lacks InterPro GPCR domains
TTRE1349	False	Encodes protein that lacks InterPro GPCR domains
TTRE135	False	Encodes protein that lacks InterPro GPCR domains
TTRE1350	False	Encodes protein that lacks InterPro GPCR domains
TTRE1351	False	Encodes protein that lacks InterPro GPCR domains
TTRE1352	False	Encodes protein that lacks InterPro GPCR domains
TTRE1353	False	Encodes protein that lacks InterPro GPCR domains
TTRE1354	False	Encodes protein that lacks InterPro GPCR domains
TTRE1355	False	Encodes protein that lacks InterPro GPCR domains
TTRE1356	False	Encodes protein that lacks InterPro GPCR domains
TTRE1357	False	Encodes protein that lacks InterPro GPCR domains
TTRE1358	False	Encodes protein that lacks InterPro GPCR domains
TTRE1359	False	Encodes protein that lacks InterPro GPCR domains
TTRE136	False	Encodes protein that lacks InterPro GPCR domains
TTRE1360	False	Encodes protein that lacks InterPro GPCR domains
TTRE1361	False	Encodes protein that lacks InterPro GPCR domains
TTRE1362	False	Encodes protein that lacks InterPro GPCR domains
TTRE1363	False	Encodes protein that lacks InterPro GPCR domains
TTRE1364	False	Encodes protein that lacks InterPro GPCR domains
TTRE1365	False	Encodes protein that lacks InterPro GPCR domains
TTRE1366	False	Encodes protein that lacks InterPro GPCR domains
TTRE1367	False	Encodes protein that lacks InterPro GPCR domains
TTRE1368	False	Encodes protein that lacks InterPro GPCR domains
TTRE1369	False	Encodes protein that lacks InterPro GPCR domains
TTRE137	False	Encodes protein that lacks InterPro GPCR domains
TTRE1370	False	Encodes protein that lacks InterPro GPCR domains
TTRE1371	False	Encodes protein that lacks InterPro GPCR domains
TTRE1372	False	Encodes protein that lacks InterPro GPCR domains
TTRE1373	False	Encodes protein that lacks InterPro GPCR domains
TTRE1374	False	Encodes protein that lacks InterPro GPCR domains
TTRE1375	False	Encodes protein that lacks InterPro GPCR domains
TTRE1376	False	Encodes protein that lacks InterPro GPCR domains
TTRE1377	False	Encodes protein that lacks InterPro GPCR domains
TTRE1378	False	Encodes protein that lacks InterPro GPCR domains
TTRE1379	False	Encodes protein that lacks InterPro GPCR domains
TTRE138	False	Encodes protein that lacks InterPro GPCR domains
TTRE1380	False	Encodes protein that lacks InterPro GPCR domains
TTRE1381	False	Encodes protein that lacks InterPro GPCR domains
TTRE1382	False	Encodes protein that lacks InterPro GPCR domains
TTRE1383	False	Encodes protein that lacks InterPro GPCR domains
TTRE1384	False	Encodes protein that lacks InterPro GPCR domains
TTRE1385	False	Encodes protein that lacks InterPro GPCR domains
TTRE1386	False	Encodes protein that lacks InterPro GPCR domains
TTRE1387	False	Encodes protein that lacks InterPro GPCR domains
TTRE1388	False	Encodes protein that lacks InterPro GPCR domains
TTRE1389	False	Encodes protein that lacks InterPro GPCR domains
TTRE139	False	Encodes protein that lacks InterPro GPCR domains
TTRE1390	False	Encodes protein that lacks InterPro GPCR domains
TTRE1391	False	Encodes protein that lacks InterPro GPCR domains
TTRE1392	False	Encodes protein that lacks InterPro GPCR domains
TTRE1393	False	Encodes protein that lacks InterPro GPCR domains
TTRE1394	False	Encodes protein that lacks InterPro GPCR domains
TTRE1395	False	Encodes protein that lacks InterPro GPCR domains
TTRE1396	False	Encodes protein that lacks InterPro GPCR domains
TTRE1397	False	Encodes protein that lacks InterPro GPCR domains
TTRE1398	False	Encodes protein that lacks InterPro GPCR domains
TTRE1399	False	Encodes protein that lacks InterPro GPCR domains
TTRE14	False	Encodes protein that lacks InterPro GPCR domains
TTRE140	False	Encodes protein that lacks InterPro GPCR domains
TTRE1400	False	Encodes protein that lacks InterPro GPCR domains
TTRE1401	False	Encodes protein that lacks InterPro GPCR domains
TTRE1402	False	Encodes protein that lacks InterPro GPCR domains
TTRE1403	False	Encodes protein that lacks InterPro GPCR domains
TTRE1404	True	Encodes protein with InterPro domain(s): IPR017452 - GPCR, rhodopsin-like, 7TM
TTRE1405	False	Encodes protein that lacks InterPro GPCR domains
TTRE1406	False	Encodes protein that lacks InterPro GPCR domains
TTRE1407	False	Encodes protein that lacks InterPro GPCR domains
TTRE1408	False	Encodes protein that lacks InterPro GPCR domains
TTRE1409	False	Encodes protein that lacks InterPro GPCR domains
TTRE141	False	Encodes protein that lacks InterPro GPCR domains
TTRE1410	False	Encodes protein that lacks InterPro GPCR domains
TTRE1411	False	Encodes protein that lacks InterPro GPCR domains
TTRE1412	False	Encodes protein that lacks InterPro GPCR domains
TTRE1413	False	Encodes protein that lacks InterPro GPCR domains
TTRE1414	False	Encodes protein that lacks InterPro GPCR domains
TTRE1415	False	Encodes protein that lacks InterPro GPCR domains
TTRE1416	False	Encodes protein that lacks InterPro GPCR domains
TTRE1417	False	Encodes protein that lacks InterPro GPCR domains
TTRE1418	False	Encodes protein that lacks InterPro GPCR domains
TTRE1419	False	Encodes protein that lacks InterPro GPCR domains
TTRE142	False	Encodes protein that lacks InterPro GPCR domains
TTRE1420	False	Encodes protein that lacks InterPro GPCR domains
TTRE1421	False	Encodes protein that lacks InterPro GPCR domains
TTRE1422	False	Encodes protein that lacks InterPro GPCR domains
TTRE1423	False	Encodes protein that lacks InterPro GPCR domains
TTRE1424	False	Encodes protein that lacks InterPro GPCR domains
TTRE1425	False	Encodes protein that lacks InterPro GPCR domains
TTRE1426	False	Encodes protein that lacks InterPro GPCR domains
TTRE1427	False	Encodes protein that lacks InterPro GPCR domains
TTRE1428	False	Encodes protein that lacks InterPro GPCR domains
TTRE1429	False	Encodes protein that lacks InterPro GPCR domains
TTRE143	False	Encodes protein that lacks InterPro GPCR domains
TTRE1430	False	Encodes protein that lacks InterPro GPCR domains
TTRE1431	False	Encodes protein that lacks InterPro GPCR domains
TTRE1432	False	Encodes protein that lacks InterPro GPCR domains
TTRE1433	False	Encodes protein that lacks InterPro GPCR domains
TTRE1434	False	Encodes protein that lacks InterPro GPCR domains
TTRE1435	False	Encodes protein that lacks InterPro GPCR domains
TTRE1436	False	Encodes protein that lacks InterPro GPCR domains
TTRE1437	False	Encodes protein that lacks InterPro GPCR domains
TTRE1438	False	Encodes protein that lacks InterPro GPCR domains
TTRE1439	False	Encodes protein that lacks InterPro GPCR domains
TTRE144	False	Encodes protein that lacks InterPro GPCR domains
TTRE1440	False	Encodes protein that lacks InterPro GPCR domains
TTRE1441	False	Encodes protein that lacks InterPro GPCR domains
TTRE1442	False	Encodes protein that lacks InterPro GPCR domains
TTRE1443	False	Encodes protein that lacks InterPro GPCR domains
TTRE1444	False	Encodes protein that lacks InterPro GPCR domains
TTRE1445	False	Encodes protein that lacks InterPro GPCR domains
TTRE1446	False	Encodes protein that lacks InterPro GPCR domains
TTRE1447	False	Encodes protein that lacks InterPro GPCR domains
TTRE1448	False	Encodes protein that lacks InterPro GPCR domains
TTRE1449	False	Encodes protein that lacks InterPro GPCR domains
TTRE145	False	Encodes protein that lacks InterPro GPCR domains
TTRE1450	False	Encodes protein that lacks InterPro GPCR domains
TTRE1451	False	Encodes protein that lacks InterPro GPCR domains
TTRE1452	False	Encodes protein that lacks InterPro GPCR domains
TTRE1453	False	Encodes protein that lacks InterPro GPCR domains
TTRE1454	False	Encodes protein that lacks InterPro GPCR domains
TTRE1455	False	Encodes protein that lacks InterPro GPCR domains
TTRE1456	False	Encodes protein that lacks InterPro GPCR domains
TTRE1457	False	Encodes protein that lacks InterPro GPCR domains
TTRE1458	False	Encodes protein that lacks InterPro GPCR domains
TTRE1459	False	Encodes protein that lacks InterPro GPCR domains
TTRE146	False	Encodes protein that lacks InterPro GPCR domains
TTRE1460	False	Encodes protein that lacks InterPro GPCR domains
TTRE1461	False	Encodes protein that lacks InterPro GPCR domains
TTRE1462	False	Encodes protein that lacks InterPro GPCR domains
TTRE1463	False	Encodes protein that lacks InterPro GPCR domains
TTRE1464	False	Encodes protein that lacks InterPro GPCR domains
TTRE1465	False	Encodes protein that lacks InterPro GPCR domains
TTRE1466	False	Encodes protein that lacks InterPro GPCR domains
TTRE1467	False	Encodes protein that lacks InterPro GPCR domains
TTRE1468	False	Encodes protein that lacks InterPro GPCR domains
TTRE1469	False	Encodes protein that lacks InterPro GPCR domains
TTRE147	False	Encodes protein that lacks InterPro GPCR domains
TTRE1470	False	Encodes protein that lacks InterPro GPCR domains
TTRE1471	False	Encodes protein that lacks InterPro GPCR domains
TTRE1472	False	Encodes protein that lacks InterPro GPCR domains
TTRE1473	False	Encodes protein that lacks InterPro GPCR domains
TTRE1474	False	Encodes protein that lacks InterPro GPCR domains
TTRE1475	False	Encodes protein that lacks InterPro GPCR domains
TTRE1476	False	Encodes protein that lacks InterPro GPCR domains
TTRE1477	False	Encodes protein that lacks InterPro GPCR domains
TTRE1478	False	Encodes protein that lacks InterPro GPCR domains
TTRE1479	False	Encodes protein that lacks InterPro GPCR domains
TTRE148	False	Encodes protein that lacks InterPro GPCR domains
TTRE1480	False	Encodes protein that lacks InterPro GPCR domains
TTRE1481	False	Encodes protein that lacks InterPro GPCR domains
TTRE1482	False	Encodes protein that lacks InterPro GPCR domains
TTRE1483	False	Encodes protein that lacks InterPro GPCR domains
TTRE1484	False	Encodes protein that lacks InterPro GPCR domains
TTRE1485	False	Encodes protein that lacks InterPro GPCR domains
TTRE1486	False	Encodes protein that lacks InterPro GPCR domains
TTRE1487	False	Encodes protein that lacks InterPro GPCR domains
TTRE1488	False	Encodes protein that lacks InterPro GPCR domains
TTRE1489	False	Encodes protein that lacks InterPro GPCR domains
TTRE149	False	Encodes protein that lacks InterPro GPCR domains
TTRE1490	False	Encodes protein that lacks InterPro GPCR domains
TTRE1491	False	Encodes protein that lacks InterPro GPCR domains
TTRE1492	False	Encodes protein that lacks InterPro GPCR domains
TTRE1493	False	Encodes protein that lacks InterPro GPCR domains
TTRE1494	False	Encodes protein that lacks InterPro GPCR domains
TTRE1495	False	Encodes protein that lacks InterPro GPCR domains
TTRE1496	False	Encodes protein that lacks InterPro GPCR domains
TTRE1497	False	Encodes protein that lacks InterPro GPCR domains
TTRE1498	False	Encodes protein that lacks InterPro GPCR domains
TTRE1499	False	Encodes protein that lacks InterPro GPCR domains
TTRE15	False	Encodes protein that lacks InterPro GPCR domains
TTRE150	False	Encodes protein that lacks InterPro GPCR domains
TTRE1500	False	Encodes protein that lacks InterPro GPCR domains
TTRE1501	False	Encodes protein that lacks InterPro GPCR domains
TTRE1502	False	Encodes protein that lacks InterPro GPCR domains
TTRE1503	False	Encodes protein that lacks InterPro GPCR domains
TTRE1504	False	Encodes protein that lacks InterPro GPCR domains
TTRE1506	False	Encodes protein that lacks InterPro GPCR domains
TTRE1507	False	Encodes protein that lacks InterPro GPCR domains
TTRE1508	False	Encodes protein that lacks InterPro GPCR domains
TTRE1509	False	Encodes protein that lacks InterPro GPCR domains
TTRE151	False	Encodes protein that lacks InterPro GPCR domains
TTRE1510	False	Encodes protein that lacks InterPro GPCR domains
TTRE1511	False	Encodes protein that lacks InterPro GPCR domains
TTRE1512	False	Encodes protein that lacks InterPro GPCR domains
TTRE1513	False	Encodes protein that lacks InterPro GPCR domains
TTRE1514	False	Encodes protein that lacks InterPro GPCR domains
TTRE1515	False	Encodes protein that lacks InterPro GPCR domains
TTRE1516	False	Encodes protein that lacks InterPro GPCR domains
TTRE1517	False	Encodes protein that lacks InterPro GPCR domains
TTRE1518	False	Encodes protein that lacks InterPro GPCR domains
TTRE1519	False	Encodes protein that lacks InterPro GPCR domains
TTRE152	False	Encodes protein that lacks InterPro GPCR domains
TTRE1520	False	Encodes protein that lacks InterPro GPCR domains
TTRE1521	False	Encodes protein that lacks InterPro GPCR domains
TTRE1522	False	Encodes protein that lacks InterPro GPCR domains
TTRE1523	False	Encodes protein that lacks InterPro GPCR domains
TTRE1524	False	Encodes protein that lacks InterPro GPCR domains
TTRE1525	False	Encodes protein that lacks InterPro GPCR domains
TTRE1526	False	Encodes protein that lacks InterPro GPCR domains
TTRE1527	False	Encodes protein that lacks InterPro GPCR domains
TTRE1528	False	Encodes protein that lacks InterPro GPCR domains
TTRE1529	False	Encodes protein that lacks InterPro GPCR domains
TTRE153	False	Encodes protein that lacks InterPro GPCR domains
TTRE1530	False	Encodes protein that lacks InterPro GPCR domains
TTRE1531	False	Encodes protein that lacks InterPro GPCR domains
TTRE1532	False	Encodes protein that lacks InterPro GPCR domains
TTRE1533	False	Encodes protein that lacks InterPro GPCR domains
TTRE1534	False	Encodes protein that lacks InterPro GPCR domains
TTRE1535	False	Encodes protein that lacks InterPro GPCR domains
TTRE1536	False	Encodes protein that lacks InterPro GPCR domains
TTRE1537	False	Encodes protein that lacks InterPro GPCR domains
TTRE1538	False	Encodes protein that lacks InterPro GPCR domains
TTRE1539	False	Encodes protein that lacks InterPro GPCR domains
TTRE154	False	Encodes protein that lacks InterPro GPCR domains
TTRE1540	False	Encodes protein that lacks InterPro GPCR domains
TTRE1541	False	Encodes protein that lacks InterPro GPCR domains
TTRE1542	False	Encodes protein that lacks InterPro GPCR domains
TTRE1543	False	Encodes protein that lacks InterPro GPCR domains
TTRE1544	False	Encodes protein that lacks InterPro GPCR domains
TTRE1545	False	Encodes protein that lacks InterPro GPCR domains
TTRE1546	False	Encodes protein that lacks InterPro GPCR domains
TTRE1547	False	Encodes protein that lacks InterPro GPCR domains
TTRE1548	False	Encodes protein that lacks InterPro GPCR domains
TTRE1549	False	Encodes protein that lacks InterPro GPCR domains
TTRE155	False	Encodes protein that lacks InterPro GPCR domains
TTRE1550	False	Encodes protein that lacks InterPro GPCR domains
TTRE1551	False	Encodes protein that lacks InterPro GPCR domains
TTRE1552	False	Encodes protein that lacks InterPro GPCR domains
TTRE1553	False	Encodes protein that lacks InterPro GPCR domains
TTRE1554	False	Encodes protein that lacks InterPro GPCR domains
TTRE1555	False	Encodes protein that lacks InterPro GPCR domains
TTRE1556	False	Encodes protein that lacks InterPro GPCR domains
TTRE1557	False	Encodes protein that lacks InterPro GPCR domains
TTRE1558	False	Encodes protein that lacks InterPro GPCR domains
TTRE1559	False	Encodes protein that lacks InterPro GPCR domains
TTRE156	False	Encodes protein that lacks InterPro GPCR domains
TTRE1560	False	Encodes protein that lacks InterPro GPCR domains
TTRE1561	False	Encodes protein that lacks InterPro GPCR domains
TTRE1562	False	Encodes protein that lacks InterPro GPCR domains
TTRE1563	False	Encodes protein that lacks InterPro GPCR domains
TTRE1564	False	Encodes protein that lacks InterPro GPCR domains
TTRE1565	False	Encodes protein that lacks InterPro GPCR domains
TTRE1566	False	Encodes protein that lacks InterPro GPCR domains
TTRE1567	False	Encodes protein that lacks InterPro GPCR domains
TTRE1568	False	Encodes protein that lacks InterPro GPCR domains
TTRE1569	False	Encodes protein that lacks InterPro GPCR domains
TTRE157	False	Encodes protein that lacks InterPro GPCR domains
TTRE1570	False	Encodes protein that lacks InterPro GPCR domains
TTRE1571	False	Encodes protein that lacks InterPro GPCR domains
TTRE1572	False	Encodes protein that lacks InterPro GPCR domains
TTRE1573	False	Encodes protein that lacks InterPro GPCR domains
TTRE1574	False	Encodes protein that lacks InterPro GPCR domains
TTRE1575	False	Encodes protein that lacks InterPro GPCR domains
TTRE1576	False	Encodes protein that lacks InterPro GPCR domains
TTRE1577	False	Encodes protein that lacks InterPro GPCR domains
TTRE1578	False	Encodes protein that lacks InterPro GPCR domains
TTRE1579	False	Encodes protein that lacks InterPro GPCR domains
TTRE158	False	Encodes protein that lacks InterPro GPCR domains
TTRE1580	False	Encodes protein that lacks InterPro GPCR domains
TTRE1581	False	Encodes protein that lacks InterPro GPCR domains
TTRE1582	False	Encodes protein that lacks InterPro GPCR domains
TTRE1583	False	Encodes protein that lacks InterPro GPCR domains
TTRE1584	False	Encodes protein that lacks InterPro GPCR domains
TTRE1585	False	Encodes protein that lacks InterPro GPCR domains
TTRE1586	False	Encodes protein that lacks InterPro GPCR domains
TTRE1587	False	Encodes protein that lacks InterPro GPCR domains
TTRE1588	False	Encodes protein that lacks InterPro GPCR domains
TTRE1589	False	Encodes protein that lacks InterPro GPCR domains
TTRE159	False	Encodes protein that lacks InterPro GPCR domains
TTRE1590	False	Encodes protein that lacks InterPro GPCR domains
TTRE1591	False	Encodes protein that lacks InterPro GPCR domains
TTRE1592	False	Encodes protein that lacks InterPro GPCR domains
TTRE1593	False	Encodes protein that lacks InterPro GPCR domains
TTRE1594	False	Encodes protein that lacks InterPro GPCR domains
TTRE1595	False	Encodes protein that lacks InterPro GPCR domains
TTRE1596	False	Encodes protein that lacks InterPro GPCR domains
TTRE1597	False	Encodes protein that lacks InterPro GPCR domains
TTRE1598	False	Encodes protein that lacks InterPro GPCR domains
TTRE1599	False	Encodes protein that lacks InterPro GPCR domains
TTRE16	False	Encodes protein that lacks InterPro GPCR domains
TTRE160	False	Encodes protein that lacks InterPro GPCR domains
TTRE1600	False	Encodes protein that lacks InterPro GPCR domains
TTRE1601	False	Encodes protein that lacks InterPro GPCR domains
TTRE1602	False	Encodes protein that lacks InterPro GPCR domains
TTRE1603	False	Encodes protein that lacks InterPro GPCR domains
TTRE1604	False	Encodes protein that lacks InterPro GPCR domains
TTRE1605	False	Encodes protein that lacks InterPro GPCR domains
TTRE1606	False	Encodes protein that lacks InterPro GPCR domains
TTRE1607	False	Encodes protein that lacks InterPro GPCR domains
TTRE1608	False	Encodes protein that lacks InterPro GPCR domains
TTRE1609	False	Encodes protein that lacks InterPro GPCR domains
TTRE161	False	Encodes protein that lacks InterPro GPCR domains
TTRE1610	False	Encodes protein that lacks InterPro GPCR domains
TTRE1611	False	Encodes protein that lacks InterPro GPCR domains
TTRE1612	False	Encodes protein that lacks InterPro GPCR domains
TTRE1613	False	Encodes protein that lacks InterPro GPCR domains
TTRE1614	False	Encodes protein that lacks InterPro GPCR domains
TTRE1615	False	Encodes protein that lacks InterPro GPCR domains
TTRE1616	False	Encodes protein that lacks InterPro GPCR domains
TTRE1617	False	Encodes protein that lacks InterPro GPCR domains
TTRE1618	False	Encodes protein that lacks InterPro GPCR domains
TTRE1619	False	Encodes protein that lacks InterPro GPCR domains
TTRE162	False	Encodes protein that lacks InterPro GPCR domains
TTRE1620	False	Encodes protein that lacks InterPro GPCR domains
TTRE1621	False	Encodes protein that lacks InterPro GPCR domains
TTRE1622	False	Encodes protein that lacks InterPro GPCR domains
TTRE1623	False	Encodes protein that lacks InterPro GPCR domains
TTRE1624	False	Encodes protein that lacks InterPro GPCR domains
TTRE1625	False	Encodes protein that lacks InterPro GPCR domains
TTRE1626	False	Encodes protein that lacks InterPro GPCR domains
TTRE1627	False	Encodes protein that lacks InterPro GPCR domains
TTRE1629	False	Encodes protein that lacks InterPro GPCR domains
TTRE163	False	Encodes protein that lacks InterPro GPCR domains
TTRE1630	False	Encodes protein that lacks InterPro GPCR domains
TTRE1631	False	Encodes protein that lacks InterPro GPCR domains
TTRE1632	False	Encodes protein that lacks InterPro GPCR domains
TTRE1633	False	Encodes protein that lacks InterPro GPCR domains
TTRE1634	False	Encodes protein that lacks InterPro GPCR domains
TTRE1635	False	Encodes protein that lacks InterPro GPCR domains
TTRE1636	False	Encodes protein that lacks InterPro GPCR domains
TTRE1637	False	Encodes protein that lacks InterPro GPCR domains
TTRE1638	False	Encodes protein that lacks InterPro GPCR domains
TTRE1639	False	Encodes protein that lacks InterPro GPCR domains
TTRE164	False	Encodes protein that lacks InterPro GPCR domains
TTRE1640	False	Encodes protein that lacks InterPro GPCR domains
TTRE1641	False	Encodes protein that lacks InterPro GPCR domains
TTRE1642	False	Encodes protein that lacks InterPro GPCR domains
TTRE1643	False	Encodes protein that lacks InterPro GPCR domains
TTRE1644	False	Encodes protein that lacks InterPro GPCR domains
TTRE1645	False	Encodes protein that lacks InterPro GPCR domains
TTRE1646	False	Encodes protein that lacks InterPro GPCR domains
TTRE1647	False	Encodes protein that lacks InterPro GPCR domains
TTRE1648	False	Encodes protein that lacks InterPro GPCR domains
TTRE1649	False	Encodes protein that lacks InterPro GPCR domains
TTRE165	False	Encodes protein that lacks InterPro GPCR domains
TTRE1650	False	Encodes protein that lacks InterPro GPCR domains
TTRE1651	False	Encodes protein that lacks InterPro GPCR domains
TTRE1652	False	Encodes protein that lacks InterPro GPCR domains
TTRE1653	False	Encodes protein that lacks InterPro GPCR domains
TTRE1654	False	Encodes protein that lacks InterPro GPCR domains
TTRE1655	False	Encodes protein that lacks InterPro GPCR domains
TTRE1656	False	Encodes protein that lacks InterPro GPCR domains
TTRE1657	False	Encodes protein that lacks InterPro GPCR domains
TTRE1658	False	Encodes protein that lacks InterPro GPCR domains
TTRE1659	False	Encodes protein that lacks InterPro GPCR domains
TTRE166	False	Encodes protein that lacks InterPro GPCR domains
TTRE1660	False	Encodes protein that lacks InterPro GPCR domains
TTRE1661	False	Encodes protein that lacks InterPro GPCR domains
TTRE1662	False	Encodes protein that lacks InterPro GPCR domains
TTRE1663	False	Encodes protein that lacks InterPro GPCR domains
TTRE1664	False	Encodes protein that lacks InterPro GPCR domains
TTRE1665	False	Encodes protein that lacks InterPro GPCR domains
TTRE1666	False	Encodes protein that lacks InterPro GPCR domains
TTRE1667	False	Encodes protein that lacks InterPro GPCR domains
TTRE1668	False	Encodes protein that lacks InterPro GPCR domains
TTRE1669	False	Encodes protein that lacks InterPro GPCR domains
TTRE167	False	Encodes protein that lacks InterPro GPCR domains
TTRE1670	False	Encodes protein that lacks InterPro GPCR domains
TTRE1671	False	Encodes protein that lacks InterPro GPCR domains
TTRE1672	False	Encodes protein that lacks InterPro GPCR domains
TTRE1673	False	Encodes protein that lacks InterPro GPCR domains
TTRE1674	False	Encodes protein that lacks InterPro GPCR domains
TTRE1675	False	Encodes protein that lacks InterPro GPCR domains
TTRE1676	False	Encodes protein that lacks InterPro GPCR domains
TTRE1677	False	Encodes protein that lacks InterPro GPCR domains
TTRE1678	False	Encodes protein that lacks InterPro GPCR domains
TTRE1679	False	Encodes protein that lacks InterPro GPCR domains
TTRE168	False	Encodes protein that lacks InterPro GPCR domains
TTRE1680	False	Encodes protein that lacks InterPro GPCR domains
TTRE1681	False	Encodes protein that lacks InterPro GPCR domains
TTRE1683	False	Encodes protein that lacks InterPro GPCR domains
TTRE1684	False	Encodes protein that lacks InterPro GPCR domains
TTRE1685	False	Encodes protein that lacks InterPro GPCR domains
TTRE1686	False	Encodes protein that lacks InterPro GPCR domains
TTRE1687	False	Encodes protein that lacks InterPro GPCR domains
TTRE1688	False	Encodes protein that lacks InterPro GPCR domains
TTRE1689	False	Encodes protein that lacks InterPro GPCR domains
TTRE169	False	Encodes protein that lacks InterPro GPCR domains
TTRE1690	False	Encodes protein that lacks InterPro GPCR domains
TTRE1691	False	Encodes protein that lacks InterPro GPCR domains
TTRE1692	False	Encodes protein that lacks InterPro GPCR domains
TTRE1693	False	Encodes protein that lacks InterPro GPCR domains
TTRE1694	False	Encodes protein that lacks InterPro GPCR domains
TTRE1695	False	Encodes protein that lacks InterPro GPCR domains
TTRE1696	False	Encodes protein that lacks InterPro GPCR domains
TTRE1697	False	Encodes protein that lacks InterPro GPCR domains
TTRE1698	False	Encodes protein that lacks InterPro GPCR domains
TTRE1699	False	Encodes protein that lacks InterPro GPCR domains
TTRE17	False	Encodes protein that lacks InterPro GPCR domains
TTRE170	False	Encodes protein that lacks InterPro GPCR domains
TTRE1700	False	Encodes protein that lacks InterPro GPCR domains
TTRE1701	False	Encodes protein that lacks InterPro GPCR domains
TTRE1702	False	Encodes protein that lacks InterPro GPCR domains
TTRE1703	False	Encodes protein that lacks InterPro GPCR domains
TTRE1704	False	Encodes protein that lacks InterPro GPCR domains
TTRE1705	False	Encodes protein that lacks InterPro GPCR domains
TTRE1706	False	Encodes protein that lacks InterPro GPCR domains
TTRE1707	False	Encodes protein that lacks InterPro GPCR domains
TTRE1708	False	Encodes protein that lacks InterPro GPCR domains
TTRE1709	False	Encodes protein that lacks InterPro GPCR domains
TTRE171	False	Encodes protein that lacks InterPro GPCR domains
TTRE1710	False	Encodes protein that lacks InterPro GPCR domains
TTRE1711	False	Encodes protein that lacks InterPro GPCR domains
TTRE1712	False	Encodes protein that lacks InterPro GPCR domains
TTRE1713	False	Encodes protein that lacks InterPro GPCR domains
TTRE1714	False	Encodes protein that lacks InterPro GPCR domains
TTRE1715	False	Encodes protein that lacks InterPro GPCR domains
TTRE1716	False	Encodes protein that lacks InterPro GPCR domains
TTRE1717	False	Encodes protein that lacks InterPro GPCR domains
TTRE1718	False	Encodes protein that lacks InterPro GPCR domains
TTRE1719	False	Encodes protein that lacks InterPro GPCR domains
TTRE172	False	Encodes protein that lacks InterPro GPCR domains
TTRE1720	False	Encodes protein that lacks InterPro GPCR domains
TTRE1721	False	Encodes protein that lacks InterPro GPCR domains
TTRE1722	False	Encodes protein that lacks InterPro GPCR domains
TTRE1723	False	Encodes protein that lacks InterPro GPCR domains
TTRE1724	False	Encodes protein that lacks InterPro GPCR domains
TTRE1725	False	Encodes protein that lacks InterPro GPCR domains
TTRE1726	False	Encodes protein that lacks InterPro GPCR domains
TTRE1727	False	Encodes protein that lacks InterPro GPCR domains
TTRE1728	False	Encodes protein that lacks InterPro GPCR domains
TTRE1729	False	Encodes protein that lacks InterPro GPCR domains
TTRE173	False	Encodes protein that lacks InterPro GPCR domains
TTRE1730	False	Encodes protein that lacks InterPro GPCR domains
TTRE1731	False	Encodes protein that lacks InterPro GPCR domains
TTRE1732	False	Encodes protein that lacks InterPro GPCR domains
TTRE1733	False	Encodes protein that lacks InterPro GPCR domains
TTRE1734	False	Encodes protein that lacks InterPro GPCR domains
TTRE1735	False	Encodes protein that lacks InterPro GPCR domains
TTRE1736	False	Encodes protein that lacks InterPro GPCR domains
TTRE1737	False	Encodes protein that lacks InterPro GPCR domains
TTRE1738	False	Encodes protein that lacks InterPro GPCR domains
TTRE1739	False	Encodes protein that lacks InterPro GPCR domains
TTRE174	False	Encodes protein that lacks InterPro GPCR domains
TTRE1740	False	Encodes protein that lacks InterPro GPCR domains
TTRE1741	False	Encodes protein that lacks InterPro GPCR domains
TTRE1742	False	Encodes protein that lacks InterPro GPCR domains
TTRE1743	False	Encodes protein that lacks InterPro GPCR domains
TTRE1744	False	Encodes protein that lacks InterPro GPCR domains
TTRE1745	False	Encodes protein that lacks InterPro GPCR domains
TTRE1746	False	Encodes protein that lacks InterPro GPCR domains
TTRE1747	False	Encodes protein that lacks InterPro GPCR domains
TTRE1748	False	Encodes protein that lacks InterPro GPCR domains
TTRE1749	False	Encodes protein that lacks InterPro GPCR domains
TTRE175	False	Encodes protein that lacks InterPro GPCR domains
TTRE1750	False	Encodes protein that lacks InterPro GPCR domains
TTRE1751	False	Encodes protein that lacks InterPro GPCR domains
TTRE1752	False	Encodes protein that lacks InterPro GPCR domains
TTRE1753	False	Encodes protein that lacks InterPro GPCR domains
TTRE1754	False	Encodes protein that lacks InterPro GPCR domains
TTRE1755	False	Encodes protein that lacks InterPro GPCR domains
TTRE1756	False	Encodes protein that lacks InterPro GPCR domains
TTRE1757	False	Encodes protein that lacks InterPro GPCR domains
TTRE1758	False	Encodes protein that lacks InterPro GPCR domains
TTRE1759	False	Encodes protein that lacks InterPro GPCR domains
TTRE176	False	Encodes protein that lacks InterPro GPCR domains
TTRE1760	False	Encodes protein that lacks InterPro GPCR domains
TTRE1761	False	Encodes protein that lacks InterPro GPCR domains
TTRE1762	False	Encodes protein that lacks InterPro GPCR domains
TTRE1763	False	Encodes protein that lacks InterPro GPCR domains
TTRE1764	False	Encodes protein that lacks InterPro GPCR domains
TTRE1765	False	Encodes protein that lacks InterPro GPCR domains
TTRE1766	False	Encodes protein that lacks InterPro GPCR domains
TTRE1767	False	Encodes protein that lacks InterPro GPCR domains
TTRE1768	False	Encodes protein that lacks InterPro GPCR domains
TTRE1769	False	Encodes protein that lacks InterPro GPCR domains
TTRE177	False	Encodes protein that lacks InterPro GPCR domains
TTRE1770	False	Encodes protein that lacks InterPro GPCR domains
TTRE1771	False	Encodes protein that lacks InterPro GPCR domains
TTRE1772	False	Encodes protein that lacks InterPro GPCR domains
TTRE1773	False	Encodes protein that lacks InterPro GPCR domains
TTRE1774	False	Encodes protein that lacks InterPro GPCR domains
TTRE1775	False	Encodes protein that lacks InterPro GPCR domains
TTRE1776	False	Encodes protein that lacks InterPro GPCR domains
TTRE1777	False	Encodes protein that lacks InterPro GPCR domains
TTRE1778	False	Encodes protein that lacks InterPro GPCR domains
TTRE1779	False	Encodes protein that lacks InterPro GPCR domains
TTRE178	False	Encodes protein that lacks InterPro GPCR domains
TTRE1780	False	Encodes protein that lacks InterPro GPCR domains
TTRE1781	False	Encodes protein that lacks InterPro GPCR domains
TTRE1782	False	Encodes protein that lacks InterPro GPCR domains
TTRE1783	False	Encodes protein that lacks InterPro GPCR domains
TTRE1784	False	Encodes protein that lacks InterPro GPCR domains
TTRE1785	False	Encodes protein that lacks InterPro GPCR domains
TTRE1786	False	Encodes protein that lacks InterPro GPCR domains
TTRE1787	False	Encodes protein that lacks InterPro GPCR domains
TTRE1788	False	Encodes protein that lacks InterPro GPCR domains
TTRE1789	False	Encodes protein that lacks InterPro GPCR domains
TTRE179	False	Encodes protein that lacks InterPro GPCR domains
TTRE1790	False	Encodes protein that lacks InterPro GPCR domains
TTRE1791	False	Encodes protein that lacks InterPro GPCR domains
TTRE1792	False	Encodes protein that lacks InterPro GPCR domains
TTRE1793	False	Encodes protein that lacks InterPro GPCR domains
TTRE1794	False	Encodes protein that lacks InterPro GPCR domains
TTRE1795	False	Encodes protein that lacks InterPro GPCR domains
TTRE1796	False	Encodes protein that lacks InterPro GPCR domains
TTRE1797	False	Encodes protein that lacks InterPro GPCR domains
TTRE1798	False	Encodes protein that lacks InterPro GPCR domains
TTRE1799	False	Encodes protein that lacks InterPro GPCR domains
TTRE18	False	Encodes protein that lacks InterPro GPCR domains
TTRE180	False	Encodes protein that lacks InterPro GPCR domains
TTRE1800	False	Encodes protein that lacks InterPro GPCR domains
TTRE1801	False	Encodes protein that lacks InterPro GPCR domains
TTRE1802	False	Encodes protein that lacks InterPro GPCR domains
TTRE1803	False	Encodes protein that lacks InterPro GPCR domains
TTRE1804	False	Encodes protein that lacks InterPro GPCR domains
TTRE1805	False	Encodes protein that lacks InterPro GPCR domains
TTRE1806	False	Encodes protein that lacks InterPro GPCR domains
TTRE1807	False	Encodes protein that lacks InterPro GPCR domains
TTRE1808	False	Encodes protein that lacks InterPro GPCR domains
TTRE1809	False	Encodes protein that lacks InterPro GPCR domains
TTRE181	False	Encodes protein that lacks InterPro GPCR domains
TTRE1810	False	Encodes protein that lacks InterPro GPCR domains
TTRE1811	False	Encodes protein that lacks InterPro GPCR domains
TTRE1812	False	Encodes protein that lacks InterPro GPCR domains
TTRE1813	False	Encodes protein that lacks InterPro GPCR domains
TTRE1814	False	Encodes protein that lacks InterPro GPCR domains
TTRE1815	False	Encodes protein that lacks InterPro GPCR domains
TTRE1816	False	Encodes protein that lacks InterPro GPCR domains
TTRE1817	False	Encodes protein that lacks InterPro GPCR domains
TTRE1818	False	Encodes protein that lacks InterPro GPCR domains
TTRE1819	False	Encodes protein that lacks InterPro GPCR domains
TTRE182	False	Encodes protein that lacks InterPro GPCR domains
TTRE1820	False	Encodes protein that lacks InterPro GPCR domains
TTRE1821	False	Encodes protein that lacks InterPro GPCR domains
TTRE1822	False	Encodes protein that lacks InterPro GPCR domains
TTRE1823	False	Encodes protein that lacks InterPro GPCR domains
TTRE1824	False	Encodes protein that lacks InterPro GPCR domains
TTRE1825	False	Encodes protein that lacks InterPro GPCR domains
TTRE1826	False	Encodes protein that lacks InterPro GPCR domains
TTRE1827	False	Encodes protein that lacks InterPro GPCR domains
TTRE1828	False	Encodes protein that lacks InterPro GPCR domains
TTRE1829	False	Encodes protein that lacks InterPro GPCR domains
TTRE183	False	Encodes protein that lacks InterPro GPCR domains
TTRE1830	False	Encodes protein that lacks InterPro GPCR domains
TTRE1831	False	Encodes protein that lacks InterPro GPCR domains
TTRE1832	False	Encodes protein that lacks InterPro GPCR domains
TTRE1833	False	Encodes protein that lacks InterPro GPCR domains
TTRE1834	False	Encodes protein that lacks InterPro GPCR domains
TTRE1835	False	Encodes protein that lacks InterPro GPCR domains
TTRE1836	False	Encodes protein that lacks InterPro GPCR domains
TTRE1837	False	Encodes protein that lacks InterPro GPCR domains
TTRE1838	False	Encodes protein that lacks InterPro GPCR domains
TTRE1839	False	Encodes protein that lacks InterPro GPCR domains
TTRE184	False	Encodes protein that lacks InterPro GPCR domains
TTRE1840	False	Encodes protein that lacks InterPro GPCR domains
TTRE1841	False	Encodes protein that lacks InterPro GPCR domains
TTRE1842	False	Encodes protein that lacks InterPro GPCR domains
TTRE1843	False	Encodes protein that lacks InterPro GPCR domains
TTRE1844	False	Encodes protein that lacks InterPro GPCR domains
TTRE1845	False	Encodes protein that lacks InterPro GPCR domains
TTRE1846	False	Encodes protein that lacks InterPro GPCR domains
TTRE1847	False	Encodes protein that lacks InterPro GPCR domains
TTRE1848	False	Encodes protein that lacks InterPro GPCR domains
TTRE1849	False	Encodes protein that lacks InterPro GPCR domains
TTRE185	False	Encodes protein that lacks InterPro GPCR domains
TTRE1850	False	Encodes protein that lacks InterPro GPCR domains
TTRE1851	False	Encodes protein that lacks InterPro GPCR domains
TTRE1852	False	Encodes protein that lacks InterPro GPCR domains
TTRE1853	False	Encodes protein that lacks InterPro GPCR domains
TTRE1854	False	Encodes protein that lacks InterPro GPCR domains
TTRE1855	False	Encodes protein that lacks InterPro GPCR domains
TTRE1856	False	Encodes protein that lacks InterPro GPCR domains
TTRE1857	False	Encodes protein that lacks InterPro GPCR domains
TTRE1858	False	Encodes protein that lacks InterPro GPCR domains
TTRE1859	False	Encodes protein that lacks InterPro GPCR domains
TTRE186	False	Encodes protein that lacks InterPro GPCR domains
TTRE1860	False	Encodes protein that lacks InterPro GPCR domains
TTRE1861	False	Encodes protein that lacks InterPro GPCR domains
TTRE1862	False	Encodes protein that lacks InterPro GPCR domains
TTRE1863	False	Encodes protein that lacks InterPro GPCR domains
TTRE1864	False	Encodes protein that lacks InterPro GPCR domains
TTRE1865	False	Encodes protein that lacks InterPro GPCR domains
TTRE1866	False	Encodes protein that lacks InterPro GPCR domains
TTRE1867	False	Encodes protein that lacks InterPro GPCR domains
TTRE1868	False	Encodes protein that lacks InterPro GPCR domains
TTRE1869	False	Encodes protein that lacks InterPro GPCR domains
TTRE187	False	Encodes protein that lacks InterPro GPCR domains
TTRE1870	False	Encodes protein that lacks InterPro GPCR domains
TTRE1871	False	Encodes protein that lacks InterPro GPCR domains
TTRE1872	False	Encodes protein that lacks InterPro GPCR domains
TTRE1873	False	Encodes protein that lacks InterPro GPCR domains
TTRE1874	False	Encodes protein that lacks InterPro GPCR domains
TTRE1875	False	Encodes protein that lacks InterPro GPCR domains
TTRE1876	False	Encodes protein that lacks InterPro GPCR domains
TTRE1877	False	Encodes protein that lacks InterPro GPCR domains
TTRE1878	False	Encodes protein that lacks InterPro GPCR domains
TTRE1879	False	Encodes protein that lacks InterPro GPCR domains
TTRE188	False	Encodes protein that lacks InterPro GPCR domains
TTRE1880	False	Encodes protein that lacks InterPro GPCR domains
TTRE1881	False	Encodes protein that lacks InterPro GPCR domains
TTRE1882	False	Encodes protein that lacks InterPro GPCR domains
TTRE1883	False	Encodes protein that lacks InterPro GPCR domains
TTRE1884	False	Encodes protein that lacks InterPro GPCR domains
TTRE1885	False	Encodes protein that lacks InterPro GPCR domains
TTRE1886	False	Encodes protein that lacks InterPro GPCR domains
TTRE1887	False	Encodes protein that lacks InterPro GPCR domains
TTRE1888	False	Encodes protein that lacks InterPro GPCR domains
TTRE1889	False	Encodes protein that lacks InterPro GPCR domains
TTRE189	False	Encodes protein that lacks InterPro GPCR domains
TTRE1890	False	Encodes protein that lacks InterPro GPCR domains
TTRE1891	False	Encodes protein that lacks InterPro GPCR domains
TTRE1892	False	Encodes protein that lacks InterPro GPCR domains
TTRE1893	False	Encodes protein that lacks InterPro GPCR domains
TTRE1894	False	Encodes protein that lacks InterPro GPCR domains
TTRE1895	False	Encodes protein that lacks InterPro GPCR domains
TTRE1896	False	Encodes protein that lacks InterPro GPCR domains
TTRE1897	False	Encodes protein that lacks InterPro GPCR domains
TTRE1898	False	Encodes protein that lacks InterPro GPCR domains
TTRE1899	False	Encodes protein that lacks InterPro GPCR domains
TTRE19	False	Encodes protein that lacks InterPro GPCR domains
TTRE190	False	Encodes protein that lacks InterPro GPCR domains
TTRE1900	False	Encodes protein that lacks InterPro GPCR domains
TTRE1901	False	Encodes protein that lacks InterPro GPCR domains
TTRE1902	False	Encodes protein that lacks InterPro GPCR domains
TTRE1903	False	Encodes protein that lacks InterPro GPCR domains
TTRE1904	False	Encodes protein that lacks InterPro GPCR domains
TTRE1905	False	Encodes protein that lacks InterPro GPCR domains
TTRE1906	False	Encodes protein that lacks InterPro GPCR domains
TTRE1907	False	Encodes protein that lacks InterPro GPCR domains
TTRE1908	False	Encodes protein that lacks InterPro GPCR domains
TTRE1909	False	Encodes protein that lacks InterPro GPCR domains
TTRE191	False	Encodes protein that lacks InterPro GPCR domains
TTRE1910	False	Encodes protein that lacks InterPro GPCR domains
TTRE1911	False	Encodes protein that lacks InterPro GPCR domains
TTRE1912	False	Encodes protein that lacks InterPro GPCR domains
TTRE1913	False	Encodes protein that lacks InterPro GPCR domains
TTRE1914	False	Encodes protein that lacks InterPro GPCR domains
TTRE1915	False	Encodes protein that lacks InterPro GPCR domains
TTRE1916	False	Encodes protein that lacks InterPro GPCR domains
TTRE1917	False	Encodes protein that lacks InterPro GPCR domains
TTRE1918	False	Encodes protein that lacks InterPro GPCR domains
TTRE1919	False	Encodes protein that lacks InterPro GPCR domains
TTRE192	False	Encodes protein that lacks InterPro GPCR domains
TTRE1920	False	Encodes protein that lacks InterPro GPCR domains
TTRE1921	False	Encodes protein that lacks InterPro GPCR domains
TTRE1922	False	Encodes protein that lacks InterPro GPCR domains
TTRE1923	False	Encodes protein that lacks InterPro GPCR domains
TTRE1924	False	Encodes protein that lacks InterPro GPCR domains
TTRE1925	False	Encodes protein that lacks InterPro GPCR domains
TTRE1926	False	Encodes protein that lacks InterPro GPCR domains
TTRE1927	False	Encodes protein that lacks InterPro GPCR domains
TTRE1928	False	Encodes protein that lacks InterPro GPCR domains
TTRE1929	False	Encodes protein that lacks InterPro GPCR domains
TTRE193	False	Encodes protein that lacks InterPro GPCR domains
TTRE1930	False	Encodes protein that lacks InterPro GPCR domains
TTRE1931	False	Encodes protein that lacks InterPro GPCR domains
TTRE1932	False	Encodes protein that lacks InterPro GPCR domains
TTRE1933	False	Encodes protein that lacks InterPro GPCR domains
TTRE1934	False	Encodes protein that lacks InterPro GPCR domains
TTRE1935	False	Encodes protein that lacks InterPro GPCR domains
TTRE1936	False	Encodes protein that lacks InterPro GPCR domains
TTRE1937	False	Encodes protein that lacks InterPro GPCR domains
TTRE1938	False	Encodes protein that lacks InterPro GPCR domains
TTRE1939	False	Encodes protein that lacks InterPro GPCR domains
TTRE194	False	Encodes protein that lacks InterPro GPCR domains
TTRE1940	False	Encodes protein that lacks InterPro GPCR domains
TTRE1941	False	Encodes protein that lacks InterPro GPCR domains
TTRE1942	False	Encodes protein that lacks InterPro GPCR domains
TTRE1943	False	Encodes protein that lacks InterPro GPCR domains
TTRE1944	False	Encodes protein that lacks InterPro GPCR domains
TTRE1945	False	Encodes protein that lacks InterPro GPCR domains
TTRE1946	False	Encodes protein that lacks InterPro GPCR domains
TTRE1947	False	Encodes protein that lacks InterPro GPCR domains
TTRE1948	False	Encodes protein that lacks InterPro GPCR domains
TTRE1949	False	Encodes protein that lacks InterPro GPCR domains
TTRE195	False	Encodes protein that lacks InterPro GPCR domains
TTRE1950	False	Encodes protein that lacks InterPro GPCR domains
TTRE1951	False	Encodes protein that lacks InterPro GPCR domains
TTRE1952	False	Encodes protein that lacks InterPro GPCR domains
TTRE1953	False	Encodes protein that lacks InterPro GPCR domains
TTRE1954	False	Encodes protein that lacks InterPro GPCR domains
TTRE1955	False	Encodes protein that lacks InterPro GPCR domains
TTRE1956	False	Encodes protein that lacks InterPro GPCR domains
TTRE1957	False	Encodes protein that lacks InterPro GPCR domains
TTRE1958	False	Encodes protein that lacks InterPro GPCR domains
TTRE1959	False	Encodes protein that lacks InterPro GPCR domains
TTRE196	False	Encodes protein that lacks InterPro GPCR domains
TTRE1960	False	Encodes protein that lacks InterPro GPCR domains
TTRE1961	False	Encodes protein that lacks InterPro GPCR domains
TTRE1962	False	Encodes protein that lacks InterPro GPCR domains
TTRE1963	False	Encodes protein that lacks InterPro GPCR domains
TTRE1964	False	Encodes protein that lacks InterPro GPCR domains
TTRE1965	False	Encodes protein that lacks InterPro GPCR domains
TTRE1966	False	Encodes protein that lacks InterPro GPCR domains
TTRE1967	False	Encodes protein that lacks InterPro GPCR domains
TTRE1968	False	Encodes protein that lacks InterPro GPCR domains
TTRE1969	False	Encodes protein that lacks InterPro GPCR domains
TTRE197	False	Encodes protein that lacks InterPro GPCR domains
TTRE1970	False	Encodes protein that lacks InterPro GPCR domains
TTRE1971	False	Encodes protein that lacks InterPro GPCR domains
TTRE1972	False	Encodes protein that lacks InterPro GPCR domains
TTRE1973	False	Encodes protein that lacks InterPro GPCR domains
TTRE1974	False	Encodes protein that lacks InterPro GPCR domains
TTRE1975	False	Encodes protein that lacks InterPro GPCR domains
TTRE1976	False	Encodes protein that lacks InterPro GPCR domains
TTRE1977	False	Encodes protein that lacks InterPro GPCR domains
TTRE1978	False	Encodes protein that lacks InterPro GPCR domains
TTRE1979	False	Encodes protein that lacks InterPro GPCR domains
TTRE198	False	Encodes protein that lacks InterPro GPCR domains
TTRE1980	False	Encodes protein that lacks InterPro GPCR domains
TTRE1981	False	Encodes protein that lacks InterPro GPCR domains
TTRE1982	False	Encodes protein that lacks InterPro GPCR domains
TTRE1983	False	Encodes protein that lacks InterPro GPCR domains
TTRE1984	False	Encodes protein that lacks InterPro GPCR domains
TTRE1985	False	Encodes protein that lacks InterPro GPCR domains
TTRE1986	False	Encodes protein that lacks InterPro GPCR domains
TTRE1987	False	Encodes protein that lacks InterPro GPCR domains
TTRE1988	False	Encodes protein that lacks InterPro GPCR domains
TTRE1989	False	Encodes protein that lacks InterPro GPCR domains
TTRE199	False	Encodes protein that lacks InterPro GPCR domains
TTRE1990	False	Encodes protein that lacks InterPro GPCR domains
TTRE1991	False	Encodes protein that lacks InterPro GPCR domains
TTRE1992	False	Encodes protein that lacks InterPro GPCR domains
TTRE1993	False	Encodes protein that lacks InterPro GPCR domains
TTRE1994	False	Encodes protein that lacks InterPro GPCR domains
TTRE1995	False	Encodes protein that lacks InterPro GPCR domains
TTRE1996	False	Encodes protein that lacks InterPro GPCR domains
TTRE1997	False	Encodes protein that lacks InterPro GPCR domains
TTRE1998	False	Encodes protein that lacks InterPro GPCR domains
TTRE1999	False	Encodes protein that lacks InterPro GPCR domains
TTRE2	False	Encodes protein that lacks InterPro GPCR domains
TTRE20	False	Encodes protein that lacks InterPro GPCR domains
TTRE200	False	Encodes protein that lacks InterPro GPCR domains
TTRE2000	False	Encodes protein that lacks InterPro GPCR domains
TTRE2001	False	Encodes protein that lacks InterPro GPCR domains
TTRE2002	False	Encodes protein that lacks InterPro GPCR domains
TTRE2003	False	Encodes protein that lacks InterPro GPCR domains
TTRE2004	False	Encodes protein that lacks InterPro GPCR domains
TTRE2005	False	Encodes protein that lacks InterPro GPCR domains
TTRE2006	False	Encodes protein that lacks InterPro GPCR domains
TTRE2007	False	Encodes protein that lacks InterPro GPCR domains
TTRE2008	False	Encodes protein that lacks InterPro GPCR domains
TTRE2009	False	Encodes protein that lacks InterPro GPCR domains
TTRE201	False	Encodes protein that lacks InterPro GPCR domains
TTRE2010	False	Encodes protein that lacks InterPro GPCR domains
TTRE2011	False	Encodes protein that lacks InterPro GPCR domains
TTRE2012	False	Encodes protein that lacks InterPro GPCR domains
TTRE2013	False	Encodes protein that lacks InterPro GPCR domains
TTRE2014	False	Encodes protein that lacks InterPro GPCR domains
TTRE2015	False	Encodes protein that lacks InterPro GPCR domains
TTRE2016	False	Encodes protein that lacks InterPro GPCR domains
TTRE2017	True	Encodes protein with InterPro domain(s): IPR000162 - GPCR, family 3, metabotropic glutamate receptor; IPR000337 - GPCR, family 3; IPR011500 - GPCR, family 3, nine cysteines domain; IPR017978 - GPCR family 3, C-terminal; IPR017979 - GPCR, family 3, conserved site; IPR038550 - GPCR, family 3, nine cysteines domain superfamily
TTRE2018	False	Encodes protein that lacks InterPro GPCR domains
TTRE2019	False	Encodes protein that lacks InterPro GPCR domains
TTRE202	False	Encodes protein that lacks InterPro GPCR domains
TTRE2020	False	Encodes protein that lacks InterPro GPCR domains
TTRE2021	False	Encodes protein that lacks InterPro GPCR domains
TTRE2022	False	Encodes protein that lacks InterPro GPCR domains
TTRE2023	False	Encodes protein that lacks InterPro GPCR domains
TTRE2024	False	Encodes protein that lacks InterPro GPCR domains
TTRE2025	False	Encodes protein that lacks InterPro GPCR domains
TTRE2026	False	Encodes protein that lacks InterPro GPCR domains
TTRE2027	False	Encodes protein that lacks InterPro GPCR domains
TTRE2028	False	Encodes protein that lacks InterPro GPCR domains
TTRE2029	False	Encodes protein that lacks InterPro GPCR domains
TTRE203	False	Encodes protein that lacks InterPro GPCR domains
TTRE2030	False	Encodes protein that lacks InterPro GPCR domains
TTRE2031	False	Encodes protein that lacks InterPro GPCR domains
TTRE2032	False	Encodes protein that lacks InterPro GPCR domains
TTRE2033	False	Encodes protein that lacks InterPro GPCR domains
TTRE2034	False	Encodes protein that lacks InterPro GPCR domains
TTRE2035	False	Encodes protein that lacks InterPro GPCR domains
TTRE2036	False	Encodes protein that lacks InterPro GPCR domains
TTRE2037	False	Encodes protein that lacks InterPro GPCR domains
TTRE2038	False	Encodes protein that lacks InterPro GPCR domains
TTRE2039	False	Encodes protein that lacks InterPro GPCR domains
TTRE204	False	Encodes protein that lacks InterPro GPCR domains
TTRE2040	False	Encodes protein that lacks InterPro GPCR domains
TTRE2041	False	Encodes protein that lacks InterPro GPCR domains
TTRE2042	False	Encodes protein that lacks InterPro GPCR domains
TTRE2043	False	Encodes protein that lacks InterPro GPCR domains
TTRE2044	False	Encodes protein that lacks InterPro GPCR domains
TTRE2045	False	Encodes protein that lacks InterPro GPCR domains
TTRE2046	False	Encodes protein that lacks InterPro GPCR domains
TTRE2047	False	Encodes protein that lacks InterPro GPCR domains
TTRE2048	False	Encodes protein that lacks InterPro GPCR domains
TTRE2049	False	Encodes protein that lacks InterPro GPCR domains
TTRE205	False	Encodes protein that lacks InterPro GPCR domains
TTRE2050	False	Encodes protein that lacks InterPro GPCR domains
TTRE2051	False	Encodes protein that lacks InterPro GPCR domains
TTRE2052	False	Encodes protein that lacks InterPro GPCR domains
TTRE2053	False	Encodes protein that lacks InterPro GPCR domains
TTRE2054	False	Encodes protein that lacks InterPro GPCR domains
TTRE2055	False	Encodes protein that lacks InterPro GPCR domains
TTRE2056	False	Encodes protein that lacks InterPro GPCR domains
TTRE2057	False	Encodes protein that lacks InterPro GPCR domains
TTRE2058	False	Encodes protein that lacks InterPro GPCR domains
TTRE2059	False	Encodes protein that lacks InterPro GPCR domains
TTRE206	False	Encodes protein that lacks InterPro GPCR domains
TTRE2060	False	Encodes protein that lacks InterPro GPCR domains
TTRE2061	False	Encodes protein that lacks InterPro GPCR domains
TTRE2062	False	Encodes protein that lacks InterPro GPCR domains
TTRE2063	False	Encodes protein that lacks InterPro GPCR domains
TTRE2064	False	Encodes protein that lacks InterPro GPCR domains
TTRE2065	False	Encodes protein that lacks InterPro GPCR domains
TTRE2066	False	Encodes protein that lacks InterPro GPCR domains
TTRE2067	False	Encodes protein that lacks InterPro GPCR domains
TTRE2068	False	Encodes protein that lacks InterPro GPCR domains
TTRE2069	False	Encodes protein that lacks InterPro GPCR domains
TTRE207	False	Encodes protein that lacks InterPro GPCR domains
TTRE2070	False	Encodes protein that lacks InterPro GPCR domains
TTRE2071	False	Encodes protein that lacks InterPro GPCR domains
TTRE2072	False	Encodes protein that lacks InterPro GPCR domains
TTRE2073	False	Encodes protein that lacks InterPro GPCR domains
TTRE2074	True	Encodes protein with InterPro domain(s): IPR000832 - GPCR, family 2, secretin-like; IPR001879 - GPCR, family 2, extracellular hormone receptor domain; IPR017981 - GPCR, family 2-like, 7TM; IPR036445 - GPCR family 2, extracellular hormone receptor domain superfamily
TTRE2075	False	Encodes protein that lacks InterPro GPCR domains
TTRE2076	False	Encodes protein that lacks InterPro GPCR domains
TTRE2077	False	Encodes protein that lacks InterPro GPCR domains
TTRE2078	False	Encodes protein that lacks InterPro GPCR domains
TTRE2079	False	Encodes protein that lacks InterPro GPCR domains
TTRE208	False	Encodes protein that lacks InterPro GPCR domains
TTRE2080	False	Encodes protein that lacks InterPro GPCR domains
TTRE2081	False	Encodes protein that lacks InterPro GPCR domains
TTRE2082	False	Encodes protein that lacks InterPro GPCR domains
TTRE2083	False	Encodes protein that lacks InterPro GPCR domains
TTRE2084	False	Encodes protein that lacks InterPro GPCR domains
TTRE2085	False	Encodes protein that lacks InterPro GPCR domains
TTRE2086	False	Encodes protein that lacks InterPro GPCR domains
TTRE2087	False	Encodes protein that lacks InterPro GPCR domains
TTRE2088	False	Encodes protein that lacks InterPro GPCR domains
TTRE2089	False	Encodes protein that lacks InterPro GPCR domains
TTRE209	False	Encodes protein that lacks InterPro GPCR domains
TTRE2090	False	Encodes protein that lacks InterPro GPCR domains
TTRE2091	False	Encodes protein that lacks InterPro GPCR domains
TTRE2092	False	Encodes protein that lacks InterPro GPCR domains
TTRE2093	False	Encodes protein that lacks InterPro GPCR domains
TTRE2094	False	Encodes protein that lacks InterPro GPCR domains
TTRE2095	False	Encodes protein that lacks InterPro GPCR domains
TTRE2096	False	Encodes protein that lacks InterPro GPCR domains
TTRE2097	False	Encodes protein that lacks InterPro GPCR domains
TTRE2098	False	Encodes protein that lacks InterPro GPCR domains
TTRE2099	False	Encodes protein that lacks InterPro GPCR domains
TTRE21	False	Encodes protein that lacks InterPro GPCR domains
TTRE210	False	Encodes protein that lacks InterPro GPCR domains
TTRE2100	False	Encodes protein that lacks InterPro GPCR domains
TTRE2101	False	Encodes protein that lacks InterPro GPCR domains
TTRE2102	False	Encodes protein that lacks InterPro GPCR domains
TTRE2103	False	Encodes protein that lacks InterPro GPCR domains
TTRE2104	False	Encodes protein that lacks InterPro GPCR domains
TTRE2105	False	Encodes protein that lacks InterPro GPCR domains
TTRE2106	False	Encodes protein that lacks InterPro GPCR domains
TTRE2107	False	Encodes protein that lacks InterPro GPCR domains
TTRE2108	False	Encodes protein that lacks InterPro GPCR domains
TTRE2109	False	Encodes protein that lacks InterPro GPCR domains
TTRE211	False	Encodes protein that lacks InterPro GPCR domains
TTRE2110	False	Encodes protein that lacks InterPro GPCR domains
TTRE2111	False	Encodes protein that lacks InterPro GPCR domains
TTRE2112	False	Encodes protein that lacks InterPro GPCR domains
TTRE2113	False	Encodes protein that lacks InterPro GPCR domains
TTRE2114	False	Encodes protein that lacks InterPro GPCR domains
TTRE2115	False	Encodes protein that lacks InterPro GPCR domains
TTRE2116	False	Encodes protein that lacks InterPro GPCR domains
TTRE2117	False	Encodes protein that lacks InterPro GPCR domains
TTRE2118	False	Encodes protein that lacks InterPro GPCR domains
TTRE2119	False	Encodes protein that lacks InterPro GPCR domains
TTRE212	False	Encodes protein that lacks InterPro GPCR domains
TTRE2120	False	Encodes protein that lacks InterPro GPCR domains
TTRE2121	False	Encodes protein that lacks InterPro GPCR domains
TTRE2122	False	Encodes protein that lacks InterPro GPCR domains
TTRE2123	False	Encodes protein that lacks InterPro GPCR domains
TTRE2124	False	Encodes protein that lacks InterPro GPCR domains
TTRE2125	False	Encodes protein that lacks InterPro GPCR domains
TTRE2126	False	Encodes protein that lacks InterPro GPCR domains
TTRE2127	False	Encodes protein that lacks InterPro GPCR domains
TTRE2128	False	Encodes protein that lacks InterPro GPCR domains
TTRE2129	False	Encodes protein that lacks InterPro GPCR domains
TTRE213	False	Encodes protein that lacks InterPro GPCR domains
TTRE2130	False	Encodes protein that lacks InterPro GPCR domains
TTRE2131	False	Encodes protein that lacks InterPro GPCR domains
TTRE2132	False	Encodes protein that lacks InterPro GPCR domains
TTRE2133	False	Encodes protein that lacks InterPro GPCR domains
TTRE2134	False	Encodes protein that lacks InterPro GPCR domains
TTRE2135	False	Encodes protein that lacks InterPro GPCR domains
TTRE2136	False	Encodes protein that lacks InterPro GPCR domains
TTRE2137	False	Encodes protein that lacks InterPro GPCR domains
TTRE2138	False	Encodes protein that lacks InterPro GPCR domains
TTRE2139	False	Encodes protein that lacks InterPro GPCR domains
TTRE214	False	Encodes protein that lacks InterPro GPCR domains
TTRE2140	False	Encodes protein that lacks InterPro GPCR domains
TTRE2141	False	Encodes protein that lacks InterPro GPCR domains
TTRE2142	False	Encodes protein that lacks InterPro GPCR domains
TTRE2143	False	Encodes protein that lacks InterPro GPCR domains
TTRE2144	False	Encodes protein that lacks InterPro GPCR domains
TTRE2145	False	Encodes protein that lacks InterPro GPCR domains
TTRE2146	False	Encodes protein that lacks InterPro GPCR domains
TTRE2147	False	Encodes protein that lacks InterPro GPCR domains
TTRE2148	False	Encodes protein that lacks InterPro GPCR domains
TTRE2149	False	Encodes protein that lacks InterPro GPCR domains
TTRE215	False	Encodes protein that lacks InterPro GPCR domains
TTRE2150	False	Encodes protein that lacks InterPro GPCR domains
TTRE2151	False	Encodes protein that lacks InterPro GPCR domains
TTRE2152	False	Encodes protein that lacks InterPro GPCR domains
TTRE2153	False	Encodes protein that lacks InterPro GPCR domains
TTRE2154	False	Encodes protein that lacks InterPro GPCR domains
TTRE2155	False	Encodes protein that lacks InterPro GPCR domains
TTRE2156	False	Encodes protein that lacks InterPro GPCR domains
TTRE2157	False	Encodes protein that lacks InterPro GPCR domains
TTRE2158	False	Encodes protein that lacks InterPro GPCR domains
TTRE2159	False	Encodes protein that lacks InterPro GPCR domains
TTRE216	False	Encodes protein that lacks InterPro GPCR domains
TTRE2160	False	Encodes protein that lacks InterPro GPCR domains
TTRE2161	False	Encodes protein that lacks InterPro GPCR domains
TTRE2162	False	Encodes protein that lacks InterPro GPCR domains
TTRE2163	False	Encodes protein that lacks InterPro GPCR domains
TTRE2164	False	Encodes protein that lacks InterPro GPCR domains
TTRE2165	False	Encodes protein that lacks InterPro GPCR domains
TTRE2166	False	Encodes protein that lacks InterPro GPCR domains
TTRE2167	False	Encodes protein that lacks InterPro GPCR domains
TTRE2168	False	Encodes protein that lacks InterPro GPCR domains
TTRE2169	False	Encodes protein that lacks InterPro GPCR domains
TTRE217	False	Encodes protein that lacks InterPro GPCR domains
TTRE2170	False	Encodes protein that lacks InterPro GPCR domains
TTRE2171	False	Encodes protein that lacks InterPro GPCR domains
TTRE2172	False	Encodes protein that lacks InterPro GPCR domains
TTRE2173	True	Encodes protein with InterPro domain(s): IPR000832 - GPCR, family 2, secretin-like; IPR001879 - GPCR, family 2, extracellular hormone receptor domain; IPR017981 - GPCR, family 2-like, 7TM; IPR036445 - GPCR family 2, extracellular hormone receptor domain superfamily
TTRE2174	False	Encodes protein that lacks InterPro GPCR domains
TTRE2175	False	Encodes protein that lacks InterPro GPCR domains
TTRE2176	False	Encodes protein that lacks InterPro GPCR domains
TTRE2177	False	Encodes protein that lacks InterPro GPCR domains
TTRE2178	False	Encodes protein that lacks InterPro GPCR domains
TTRE2179	False	Encodes protein that lacks InterPro GPCR domains
TTRE218	False	Encodes protein that lacks InterPro GPCR domains
TTRE2180	False	Encodes protein that lacks InterPro GPCR domains
TTRE2181	False	Encodes protein that lacks InterPro GPCR domains
TTRE2182	False	Encodes protein that lacks InterPro GPCR domains
TTRE2183	False	Encodes protein that lacks InterPro GPCR domains
TTRE2184	False	Encodes protein that lacks InterPro GPCR domains
TTRE2185	False	Encodes protein that lacks InterPro GPCR domains
TTRE2186	False	Encodes protein that lacks InterPro GPCR domains
TTRE2187	False	Encodes protein that lacks InterPro GPCR domains
TTRE2188	False	Encodes protein that lacks InterPro GPCR domains
TTRE2189	False	Encodes protein that lacks InterPro GPCR domains
TTRE219	False	Encodes protein that lacks InterPro GPCR domains
TTRE2190	False	Encodes protein that lacks InterPro GPCR domains
TTRE2191	False	Encodes protein that lacks InterPro GPCR domains
TTRE2192	False	Encodes protein that lacks InterPro GPCR domains
TTRE2193	False	Encodes protein that lacks InterPro GPCR domains
TTRE2194	False	Encodes protein that lacks InterPro GPCR domains
TTRE2195	False	Encodes protein that lacks InterPro GPCR domains
TTRE2196	False	Encodes protein that lacks InterPro GPCR domains
TTRE2197	False	Encodes protein that lacks InterPro GPCR domains
TTRE2198	False	Encodes protein that lacks InterPro GPCR domains
TTRE2199	False	Encodes protein that lacks InterPro GPCR domains
TTRE22	False	Encodes protein that lacks InterPro GPCR domains
TTRE220	False	Encodes protein that lacks InterPro GPCR domains
TTRE2200	False	Encodes protein that lacks InterPro GPCR domains
TTRE2201	False	Encodes protein that lacks InterPro GPCR domains
TTRE2202	False	Encodes protein that lacks InterPro GPCR domains
TTRE2203	False	Encodes protein that lacks InterPro GPCR domains
TTRE2204	False	Encodes protein that lacks InterPro GPCR domains
TTRE2205	False	Encodes protein that lacks InterPro GPCR domains
TTRE2206	False	Encodes protein that lacks InterPro GPCR domains
TTRE2207	False	Encodes protein that lacks InterPro GPCR domains
TTRE2208	False	Encodes protein that lacks InterPro GPCR domains
TTRE2209	False	Encodes protein that lacks InterPro GPCR domains
TTRE221	False	Encodes protein that lacks InterPro GPCR domains
TTRE2210	False	Encodes protein that lacks InterPro GPCR domains
TTRE2211	False	Encodes protein that lacks InterPro GPCR domains
TTRE2212	False	Encodes protein that lacks InterPro GPCR domains
TTRE2213	False	Encodes protein that lacks InterPro GPCR domains
TTRE2214	False	Encodes protein that lacks InterPro GPCR domains
TTRE2215	False	Encodes protein that lacks InterPro GPCR domains
TTRE2216	False	Encodes protein that lacks InterPro GPCR domains
TTRE2217	False	Encodes protein that lacks InterPro GPCR domains
TTRE2218	False	Encodes protein that lacks InterPro GPCR domains
TTRE2219	False	Encodes protein that lacks InterPro GPCR domains
TTRE222	False	Encodes protein that lacks InterPro GPCR domains
TTRE2220	False	Encodes protein that lacks InterPro GPCR domains
TTRE2221	False	Encodes protein that lacks InterPro GPCR domains
TTRE2222	False	Encodes protein that lacks InterPro GPCR domains
TTRE2223	False	Encodes protein that lacks InterPro GPCR domains
TTRE2224	False	Encodes protein that lacks InterPro GPCR domains
TTRE2225	False	Encodes protein that lacks InterPro GPCR domains
TTRE2226	False	Encodes protein that lacks InterPro GPCR domains
TTRE2227	False	Encodes protein that lacks InterPro GPCR domains
TTRE2228	False	Encodes protein that lacks InterPro GPCR domains
TTRE2229	False	Encodes protein that lacks InterPro GPCR domains
TTRE223	False	Encodes protein that lacks InterPro GPCR domains
TTRE2230	False	Encodes protein that lacks InterPro GPCR domains
TTRE2231	False	Encodes protein that lacks InterPro GPCR domains
TTRE2232	False	Encodes protein that lacks InterPro GPCR domains
TTRE2233	False	Encodes protein that lacks InterPro GPCR domains
TTRE2234	False	Encodes protein that lacks InterPro GPCR domains
TTRE2235	False	Encodes protein that lacks InterPro GPCR domains
TTRE2236	False	Encodes protein that lacks InterPro GPCR domains
TTRE2237	False	Encodes protein that lacks InterPro GPCR domains
TTRE2238	False	Encodes protein that lacks InterPro GPCR domains
TTRE2239	False	Encodes protein that lacks InterPro GPCR domains
TTRE224	False	Encodes protein that lacks InterPro GPCR domains
TTRE2240	False	Encodes protein that lacks InterPro GPCR domains
TTRE2241	False	Encodes protein that lacks InterPro GPCR domains
TTRE2242	False	Encodes protein that lacks InterPro GPCR domains
TTRE2243	False	Encodes protein that lacks InterPro GPCR domains
TTRE2244	False	Encodes protein that lacks InterPro GPCR domains
TTRE2245	False	Encodes protein that lacks InterPro GPCR domains
TTRE2246	False	Encodes protein that lacks InterPro GPCR domains
TTRE2247	False	Encodes protein that lacks InterPro GPCR domains
TTRE2248	False	Encodes protein that lacks InterPro GPCR domains
TTRE2249	False	Encodes protein that lacks InterPro GPCR domains
TTRE225	False	Encodes protein that lacks InterPro GPCR domains
TTRE2250	False	Encodes protein that lacks InterPro GPCR domains
TTRE2251	False	Encodes protein that lacks InterPro GPCR domains
TTRE2252	False	Encodes protein that lacks InterPro GPCR domains
TTRE2253	False	Encodes protein that lacks InterPro GPCR domains
TTRE2254	False	Encodes protein that lacks InterPro GPCR domains
TTRE2255	False	Encodes protein that lacks InterPro GPCR domains
TTRE2256	False	Encodes protein that lacks InterPro GPCR domains
TTRE2257	False	Encodes protein that lacks InterPro GPCR domains
TTRE2258	False	Encodes protein that lacks InterPro GPCR domains
TTRE2259	False	Encodes protein that lacks InterPro GPCR domains
TTRE226	False	Encodes protein that lacks InterPro GPCR domains
TTRE2260	False	Encodes protein that lacks InterPro GPCR domains
TTRE2261	False	Encodes protein that lacks InterPro GPCR domains
TTRE2262	False	Encodes protein that lacks InterPro GPCR domains
TTRE2263	False	Encodes protein that lacks InterPro GPCR domains
TTRE2264	False	Encodes protein that lacks InterPro GPCR domains
TTRE2265	False	Encodes protein that lacks InterPro GPCR domains
TTRE2266	False	Encodes protein that lacks InterPro GPCR domains
TTRE2267	False	Encodes protein that lacks InterPro GPCR domains
TTRE2268	False	Encodes protein that lacks InterPro GPCR domains
TTRE2269	False	Encodes protein that lacks InterPro GPCR domains
TTRE227	False	Encodes protein that lacks InterPro GPCR domains
TTRE2270	False	Encodes protein that lacks InterPro GPCR domains
TTRE2271	False	Encodes protein that lacks InterPro GPCR domains
TTRE2272	False	Encodes protein that lacks InterPro GPCR domains
TTRE2273	False	Encodes protein that lacks InterPro GPCR domains
TTRE2274	False	Encodes protein that lacks InterPro GPCR domains
TTRE2275	False	Encodes protein that lacks InterPro GPCR domains
TTRE2276	False	Encodes protein that lacks InterPro GPCR domains
TTRE2277	False	Encodes protein that lacks InterPro GPCR domains
TTRE2278	False	Encodes protein that lacks InterPro GPCR domains
TTRE2279	False	Encodes protein that lacks InterPro GPCR domains
TTRE228	False	Encodes protein that lacks InterPro GPCR domains
TTRE2280	False	Encodes protein that lacks InterPro GPCR domains
TTRE2281	False	Encodes protein that lacks InterPro GPCR domains
TTRE2282	False	Encodes protein that lacks InterPro GPCR domains
TTRE2283	False	Encodes protein that lacks InterPro GPCR domains
TTRE2284	False	Encodes protein that lacks InterPro GPCR domains
TTRE2285	False	Encodes protein that lacks InterPro GPCR domains
TTRE2286	False	Encodes protein that lacks InterPro GPCR domains
TTRE2287	False	Encodes protein that lacks InterPro GPCR domains
TTRE2288	False	Encodes protein that lacks InterPro GPCR domains
TTRE2289	False	Encodes protein that lacks InterPro GPCR domains
TTRE229	False	Encodes protein that lacks InterPro GPCR domains
TTRE2290	False	Encodes protein that lacks InterPro GPCR domains
TTRE2291	False	Encodes protein that lacks InterPro GPCR domains
TTRE2292	False	Encodes protein that lacks InterPro GPCR domains
TTRE2293	False	Encodes protein that lacks InterPro GPCR domains
TTRE2294	False	Encodes protein that lacks InterPro GPCR domains
TTRE2295	False	Encodes protein that lacks InterPro GPCR domains
TTRE2296	False	Encodes protein that lacks InterPro GPCR domains
TTRE2297	False	Encodes protein that lacks InterPro GPCR domains
TTRE2298	False	Encodes protein that lacks InterPro GPCR domains
TTRE2299	False	Encodes protein that lacks InterPro GPCR domains
TTRE23	False	Encodes protein that lacks InterPro GPCR domains
TTRE230	False	Encodes protein that lacks InterPro GPCR domains
TTRE2300	False	Encodes protein that lacks InterPro GPCR domains
TTRE2301	False	Encodes protein that lacks InterPro GPCR domains
TTRE2302	False	Encodes protein that lacks InterPro GPCR domains
TTRE2303	False	Encodes protein that lacks InterPro GPCR domains
TTRE2304	False	Encodes protein that lacks InterPro GPCR domains
TTRE2305	False	Encodes protein that lacks InterPro GPCR domains
TTRE2306	False	Encodes protein that lacks InterPro GPCR domains
TTRE2307	False	Encodes protein that lacks InterPro GPCR domains
TTRE2308	False	Encodes protein that lacks InterPro GPCR domains
TTRE2309	False	Encodes protein that lacks InterPro GPCR domains
TTRE231	False	Encodes protein that lacks InterPro GPCR domains
TTRE2310	False	Encodes protein that lacks InterPro GPCR domains
TTRE2311	False	Encodes protein that lacks InterPro GPCR domains
TTRE2312	False	Encodes protein that lacks InterPro GPCR domains
TTRE2313	False	Encodes protein that lacks InterPro GPCR domains
TTRE2314	False	Encodes protein that lacks InterPro GPCR domains
TTRE2315	False	Encodes protein that lacks InterPro GPCR domains
TTRE2316	False	Encodes protein that lacks InterPro GPCR domains
TTRE2317	False	Encodes protein that lacks InterPro GPCR domains
TTRE2318	False	Encodes protein that lacks InterPro GPCR domains
TTRE2319	False	Encodes protein that lacks InterPro GPCR domains
TTRE232	False	Encodes protein that lacks InterPro GPCR domains
TTRE2320	False	Encodes protein that lacks InterPro GPCR domains
TTRE2321	False	Encodes protein that lacks InterPro GPCR domains
TTRE2322	False	Encodes protein that lacks InterPro GPCR domains
TTRE2323	False	Encodes protein that lacks InterPro GPCR domains
TTRE2324	False	Encodes protein that lacks InterPro GPCR domains
TTRE2325	False	Encodes protein that lacks InterPro GPCR domains
TTRE2326	False	Encodes protein that lacks InterPro GPCR domains
TTRE2327	False	Encodes protein that lacks InterPro GPCR domains
TTRE2328	False	Encodes protein that lacks InterPro GPCR domains
TTRE2329	False	Encodes protein that lacks InterPro GPCR domains
TTRE233	False	Encodes protein that lacks InterPro GPCR domains
TTRE2330	False	Encodes protein that lacks InterPro GPCR domains
TTRE2331	False	Encodes protein that lacks InterPro GPCR domains
TTRE2332	False	Encodes protein that lacks InterPro GPCR domains
TTRE2333	False	Encodes protein that lacks InterPro GPCR domains
TTRE2334	False	Encodes protein that lacks InterPro GPCR domains
TTRE2335	False	Encodes protein that lacks InterPro GPCR domains
TTRE2336	False	Encodes protein that lacks InterPro GPCR domains
TTRE2337	False	Encodes protein that lacks InterPro GPCR domains
TTRE2338	False	Encodes protein that lacks InterPro GPCR domains
TTRE2339	False	Encodes protein that lacks InterPro GPCR domains
TTRE234	False	Encodes protein that lacks InterPro GPCR domains
TTRE2340	False	Encodes protein that lacks InterPro GPCR domains
TTRE2341	False	Encodes protein that lacks InterPro GPCR domains
TTRE2342	False	Encodes protein that lacks InterPro GPCR domains
TTRE2343	False	Encodes protein that lacks InterPro GPCR domains
TTRE2344	False	Encodes protein that lacks InterPro GPCR domains
TTRE2345	False	Encodes protein that lacks InterPro GPCR domains
TTRE2346	False	Encodes protein that lacks InterPro GPCR domains
TTRE2347	False	Encodes protein that lacks InterPro GPCR domains
TTRE2348	False	Encodes protein that lacks InterPro GPCR domains
TTRE2349	False	Encodes protein that lacks InterPro GPCR domains
TTRE235	False	Encodes protein that lacks InterPro GPCR domains
TTRE2350	False	Encodes protein that lacks InterPro GPCR domains
TTRE2351	False	Encodes protein that lacks InterPro GPCR domains
TTRE2352	False	Encodes protein that lacks InterPro GPCR domains
TTRE2353	False	Encodes protein that lacks InterPro GPCR domains
TTRE2354	False	Encodes protein that lacks InterPro GPCR domains
TTRE2355	False	Encodes protein that lacks InterPro GPCR domains
TTRE2356	False	Encodes protein that lacks InterPro GPCR domains
TTRE2357	False	Encodes protein that lacks InterPro GPCR domains
TTRE2358	False	Encodes protein that lacks InterPro GPCR domains
TTRE2359	False	Encodes protein that lacks InterPro GPCR domains
TTRE236	False	Encodes protein that lacks InterPro GPCR domains
TTRE2360	False	Encodes protein that lacks InterPro GPCR domains
TTRE2361	False	Encodes protein that lacks InterPro GPCR domains
TTRE2362	False	Encodes protein that lacks InterPro GPCR domains
TTRE2363	False	Encodes protein that lacks InterPro GPCR domains
TTRE2364	False	Encodes protein that lacks InterPro GPCR domains
TTRE2365	False	Encodes protein that lacks InterPro GPCR domains
TTRE2366	False	Encodes protein that lacks InterPro GPCR domains
TTRE2367	False	Encodes protein that lacks InterPro GPCR domains
TTRE2368	False	Encodes protein that lacks InterPro GPCR domains
TTRE2369	False	Encodes protein that lacks InterPro GPCR domains
TTRE237	False	Encodes protein that lacks InterPro GPCR domains
TTRE2370	False	Encodes protein that lacks InterPro GPCR domains
TTRE2371	False	Encodes protein that lacks InterPro GPCR domains
TTRE2372	False	Encodes protein that lacks InterPro GPCR domains
TTRE2373	False	Encodes protein that lacks InterPro GPCR domains
TTRE2374	False	Encodes protein that lacks InterPro GPCR domains
TTRE2375	False	Encodes protein that lacks InterPro GPCR domains
TTRE2376	False	Encodes protein that lacks InterPro GPCR domains
TTRE2377	False	Encodes protein that lacks InterPro GPCR domains
TTRE2378	False	Encodes protein that lacks InterPro GPCR domains
TTRE2379	False	Encodes protein that lacks InterPro GPCR domains
TTRE238	False	Encodes protein that lacks InterPro GPCR domains
TTRE2380	False	Encodes protein that lacks InterPro GPCR domains
TTRE2381	False	Encodes protein that lacks InterPro GPCR domains
TTRE2382	False	Encodes protein that lacks InterPro GPCR domains
TTRE2383	False	Encodes protein that lacks InterPro GPCR domains
TTRE2384	False	Encodes protein that lacks InterPro GPCR domains
TTRE2385	False	Encodes protein that lacks InterPro GPCR domains
TTRE2386	False	Encodes protein that lacks InterPro GPCR domains
TTRE2387	False	Encodes protein that lacks InterPro GPCR domains
TTRE2388	False	Encodes protein that lacks InterPro GPCR domains
TTRE2389	False	Encodes protein that lacks InterPro GPCR domains
TTRE239	False	Encodes protein that lacks InterPro GPCR domains
TTRE2390	False	Encodes protein that lacks InterPro GPCR domains
TTRE2391	False	Encodes protein that lacks InterPro GPCR domains
TTRE2392	False	Encodes protein that lacks InterPro GPCR domains
TTRE2393	False	Encodes protein that lacks InterPro GPCR domains
TTRE2394	False	Encodes protein that lacks InterPro GPCR domains
TTRE2395	False	Encodes protein that lacks InterPro GPCR domains
TTRE2396	False	Encodes protein that lacks InterPro GPCR domains
TTRE2397	False	Encodes protein that lacks InterPro GPCR domains
TTRE2398	False	Encodes protein that lacks InterPro GPCR domains
TTRE2399	False	Encodes protein that lacks InterPro GPCR domains
TTRE24	False	Encodes protein that lacks InterPro GPCR domains
TTRE240	False	Encodes protein that lacks InterPro GPCR domains
TTRE2400	False	Encodes protein that lacks InterPro GPCR domains
TTRE2401	False	Encodes protein that lacks InterPro GPCR domains
TTRE2402	False	Encodes protein that lacks InterPro GPCR domains
TTRE2403	False	Encodes protein that lacks InterPro GPCR domains
TTRE2404	False	Encodes protein that lacks InterPro GPCR domains
TTRE2405	False	Encodes protein that lacks InterPro GPCR domains
TTRE2406	False	Encodes protein that lacks InterPro GPCR domains
TTRE2407	False	Encodes protein that lacks InterPro GPCR domains
TTRE2408	False	Encodes protein that lacks InterPro GPCR domains
TTRE2409	False	Encodes protein that lacks InterPro GPCR domains
TTRE241	False	Encodes protein that lacks InterPro GPCR domains
TTRE2410	False	Encodes protein that lacks InterPro GPCR domains
TTRE2411	False	Encodes protein that lacks InterPro GPCR domains
TTRE2412	False	Encodes protein that lacks InterPro GPCR domains
TTRE2413	False	Encodes protein that lacks InterPro GPCR domains
TTRE2414	False	Encodes protein that lacks InterPro GPCR domains
TTRE2415	False	Encodes protein that lacks InterPro GPCR domains
TTRE2416	False	Encodes protein that lacks InterPro GPCR domains
TTRE2417	False	Encodes protein that lacks InterPro GPCR domains
TTRE2418	False	Encodes protein that lacks InterPro GPCR domains
TTRE2419	False	Encodes protein that lacks InterPro GPCR domains
TTRE242	False	Encodes protein that lacks InterPro GPCR domains
TTRE2420	False	Encodes protein that lacks InterPro GPCR domains
TTRE2421	False	Encodes protein that lacks InterPro GPCR domains
TTRE2422	False	Encodes protein that lacks InterPro GPCR domains
TTRE2423	False	Encodes protein that lacks InterPro GPCR domains
TTRE2424	False	Encodes protein that lacks InterPro GPCR domains
TTRE2425	False	Encodes protein that lacks InterPro GPCR domains
TTRE2426	False	Encodes protein that lacks InterPro GPCR domains
TTRE2427	False	Encodes protein that lacks InterPro GPCR domains
TTRE2428	False	Encodes protein that lacks InterPro GPCR domains
TTRE2429	False	Encodes protein that lacks InterPro GPCR domains
TTRE243	False	Encodes protein that lacks InterPro GPCR domains
TTRE2430	False	Encodes protein that lacks InterPro GPCR domains
TTRE2431	False	Encodes protein that lacks InterPro GPCR domains
TTRE2432	False	Encodes protein that lacks InterPro GPCR domains
TTRE2433	False	Encodes protein that lacks InterPro GPCR domains
TTRE2434	False	Encodes protein that lacks InterPro GPCR domains
TTRE2435	False	Encodes protein that lacks InterPro GPCR domains
TTRE2436	False	Encodes protein that lacks InterPro GPCR domains
TTRE2437	False	Encodes protein that lacks InterPro GPCR domains
TTRE2438	False	Encodes protein that lacks InterPro GPCR domains
TTRE2439	False	Encodes protein that lacks InterPro GPCR domains
TTRE244	False	Encodes protein that lacks InterPro GPCR domains
TTRE2440	False	Encodes protein that lacks InterPro GPCR domains
TTRE2441	False	Encodes protein that lacks InterPro GPCR domains
TTRE2442	False	Encodes protein that lacks InterPro GPCR domains
TTRE2443	False	Encodes protein that lacks InterPro GPCR domains
TTRE2444	True	Encodes protein with InterPro domain(s): IPR017452 - GPCR, rhodopsin-like, 7TM
TTRE2445	False	Encodes protein that lacks InterPro GPCR domains
TTRE2446	False	Encodes protein that lacks InterPro GPCR domains
TTRE2447	False	Encodes protein that lacks InterPro GPCR domains
TTRE2448	False	Encodes protein that lacks InterPro GPCR domains
TTRE2449	False	Encodes protein that lacks InterPro GPCR domains
TTRE245	False	Encodes protein that lacks InterPro GPCR domains
TTRE2450	False	Encodes protein that lacks InterPro GPCR domains
TTRE2451	False	Encodes protein that lacks InterPro GPCR domains
TTRE2452	False	Encodes protein that lacks InterPro GPCR domains
TTRE2453	False	Encodes protein that lacks InterPro GPCR domains
TTRE2454	False	Encodes protein that lacks InterPro GPCR domains
TTRE2455	False	Encodes protein that lacks InterPro GPCR domains
TTRE2456	False	Encodes protein that lacks InterPro GPCR domains
TTRE2457	False	Encodes protein that lacks InterPro GPCR domains
TTRE2458	False	Encodes protein that lacks InterPro GPCR domains
TTRE2459	False	Encodes protein that lacks InterPro GPCR domains
TTRE246	False	Encodes protein that lacks InterPro GPCR domains
TTRE2460	False	Encodes protein that lacks InterPro GPCR domains
TTRE2461	False	Encodes protein that lacks InterPro GPCR domains
TTRE2462	False	Encodes protein that lacks InterPro GPCR domains
TTRE2463	False	Encodes protein that lacks InterPro GPCR domains
TTRE2464	False	Encodes protein that lacks InterPro GPCR domains
TTRE2465	False	Encodes protein that lacks InterPro GPCR domains
TTRE2466	False	Encodes protein that lacks InterPro GPCR domains
TTRE2467	False	Encodes protein that lacks InterPro GPCR domains
TTRE2468	False	Encodes protein that lacks InterPro GPCR domains
TTRE2469	False	Encodes protein that lacks InterPro GPCR domains
TTRE247	False	Encodes protein that lacks InterPro GPCR domains
TTRE2470	False	Encodes protein that lacks InterPro GPCR domains
TTRE2471	False	Encodes protein that lacks InterPro GPCR domains
TTRE2472	False	Encodes protein that lacks InterPro GPCR domains
TTRE2473	False	Encodes protein that lacks InterPro GPCR domains
TTRE2474	False	Encodes protein that lacks InterPro GPCR domains
TTRE2475	False	Encodes protein that lacks InterPro GPCR domains
TTRE2476	False	Encodes protein that lacks InterPro GPCR domains
TTRE2477	False	Encodes protein that lacks InterPro GPCR domains
TTRE2478	False	Encodes protein that lacks InterPro GPCR domains
TTRE2479	False	Encodes protein that lacks InterPro GPCR domains
TTRE248	False	Encodes protein that lacks InterPro GPCR domains
TTRE2480	False	Encodes protein that lacks InterPro GPCR domains
TTRE2481	False	Encodes protein that lacks InterPro GPCR domains
TTRE2482	False	Encodes protein that lacks InterPro GPCR domains
TTRE2483	False	Encodes protein that lacks InterPro GPCR domains
TTRE2484	False	Encodes protein that lacks InterPro GPCR domains
TTRE2485	False	Encodes protein that lacks InterPro GPCR domains
TTRE2486	False	Encodes protein that lacks InterPro GPCR domains
TTRE2487	False	Encodes protein that lacks InterPro GPCR domains
TTRE2488	False	Encodes protein that lacks InterPro GPCR domains
TTRE2489	False	Encodes protein that lacks InterPro GPCR domains
TTRE249	False	Encodes protein that lacks InterPro GPCR domains
TTRE2490	False	Encodes protein that lacks InterPro GPCR domains
TTRE2491	False	Encodes protein that lacks InterPro GPCR domains
TTRE2492	False	Encodes protein that lacks InterPro GPCR domains
TTRE2493	False	Encodes protein that lacks InterPro GPCR domains
TTRE2494	False	Encodes protein that lacks InterPro GPCR domains
TTRE2495	False	Encodes protein that lacks InterPro GPCR domains
TTRE2496	False	Encodes protein that lacks InterPro GPCR domains
TTRE2497	False	Encodes protein that lacks InterPro GPCR domains
TTRE2498	False	Encodes protein that lacks InterPro GPCR domains
TTRE2499	False	Encodes protein that lacks InterPro GPCR domains
TTRE25	False	Encodes protein that lacks InterPro GPCR domains
TTRE250	False	Encodes protein that lacks InterPro GPCR domains
TTRE2500	False	Encodes protein that lacks InterPro GPCR domains
TTRE2501	False	Encodes protein that lacks InterPro GPCR domains
TTRE2502	False	Encodes protein that lacks InterPro GPCR domains
TTRE2503	False	Encodes protein that lacks InterPro GPCR domains
TTRE2504	False	Encodes protein that lacks InterPro GPCR domains
TTRE2505	False	Encodes protein that lacks InterPro GPCR domains
TTRE2506	False	Encodes protein that lacks InterPro GPCR domains
TTRE2507	False	Encodes protein that lacks InterPro GPCR domains
TTRE2508	False	Encodes protein that lacks InterPro GPCR domains
TTRE2509	False	Encodes protein that lacks InterPro GPCR domains
TTRE251	False	Encodes protein that lacks InterPro GPCR domains
TTRE2510	False	Encodes protein that lacks InterPro GPCR domains
TTRE2511	False	Encodes protein that lacks InterPro GPCR domains
TTRE2512	False	Encodes protein that lacks InterPro GPCR domains
TTRE2513	False	Encodes protein that lacks InterPro GPCR domains
TTRE2514	False	Encodes protein that lacks InterPro GPCR domains
TTRE2515	False	Encodes protein that lacks InterPro GPCR domains
TTRE2516	False	Encodes protein that lacks InterPro GPCR domains
TTRE2517	False	Encodes protein that lacks InterPro GPCR domains
TTRE2518	False	Encodes protein that lacks InterPro GPCR domains
TTRE2519	False	Encodes protein that lacks InterPro GPCR domains
TTRE252	False	Encodes protein that lacks InterPro GPCR domains
TTRE2520	False	Encodes protein that lacks InterPro GPCR domains
TTRE2521	False	Encodes protein that lacks InterPro GPCR domains
TTRE2522	False	Encodes protein that lacks InterPro GPCR domains
TTRE2523	False	Encodes protein that lacks InterPro GPCR domains
TTRE2524	False	Encodes protein that lacks InterPro GPCR domains
TTRE2525	False	Encodes protein that lacks InterPro GPCR domains
TTRE2526	False	Encodes protein that lacks InterPro GPCR domains
TTRE2527	False	Encodes protein that lacks InterPro GPCR domains
TTRE2528	False	Encodes protein that lacks InterPro GPCR domains
TTRE2529	False	Encodes protein that lacks InterPro GPCR domains
TTRE253	False	Encodes protein that lacks InterPro GPCR domains
TTRE2530	False	Encodes protein that lacks InterPro GPCR domains
TTRE2531	False	Encodes protein that lacks InterPro GPCR domains
TTRE2532	False	Encodes protein that lacks InterPro GPCR domains
TTRE2534	False	Encodes protein that lacks InterPro GPCR domains
TTRE2535	False	Encodes protein that lacks InterPro GPCR domains
TTRE2536	False	Encodes protein that lacks InterPro GPCR domains
TTRE2537	False	Encodes protein that lacks InterPro GPCR domains
TTRE2538	False	Encodes protein that lacks InterPro GPCR domains
TTRE2539	False	Encodes protein that lacks InterPro GPCR domains
TTRE254	False	Encodes protein that lacks InterPro GPCR domains
TTRE2540	False	Encodes protein that lacks InterPro GPCR domains
TTRE2541	False	Encodes protein that lacks InterPro GPCR domains
TTRE2542	False	Encodes protein that lacks InterPro GPCR domains
TTRE2543	False	Encodes protein that lacks InterPro GPCR domains
TTRE2544	False	Encodes protein that lacks InterPro GPCR domains
TTRE2545	False	Encodes protein that lacks InterPro GPCR domains
TTRE2546	False	Encodes protein that lacks InterPro GPCR domains
TTRE2547	False	Encodes protein that lacks InterPro GPCR domains
TTRE2548	False	Encodes protein that lacks InterPro GPCR domains
TTRE2549	False	Encodes protein that lacks InterPro GPCR domains
TTRE255	False	Encodes protein that lacks InterPro GPCR domains
TTRE2550	False	Encodes protein that lacks InterPro GPCR domains
TTRE2551	False	Encodes protein that lacks InterPro GPCR domains
TTRE2552	False	Encodes protein that lacks InterPro GPCR domains
TTRE2553	False	Encodes protein that lacks InterPro GPCR domains
TTRE2554	False	Encodes protein that lacks InterPro GPCR domains
TTRE2555	False	Encodes protein that lacks InterPro GPCR domains
TTRE2556	False	Encodes protein that lacks InterPro GPCR domains
TTRE2557	False	Encodes protein that lacks InterPro GPCR domains
TTRE2558	False	Encodes protein that lacks InterPro GPCR domains
TTRE2559	False	Encodes protein that lacks InterPro GPCR domains
TTRE256	False	Encodes protein that lacks InterPro GPCR domains
TTRE2560	False	Encodes protein that lacks InterPro GPCR domains
TTRE2561	False	Encodes protein that lacks InterPro GPCR domains
TTRE2562	False	Encodes protein that lacks InterPro GPCR domains
TTRE2563	False	Encodes protein that lacks InterPro GPCR domains
TTRE2564	False	Encodes protein that lacks InterPro GPCR domains
TTRE2565	False	Encodes protein that lacks InterPro GPCR domains
TTRE2566	False	Encodes protein that lacks InterPro GPCR domains
TTRE2567	False	Encodes protein that lacks InterPro GPCR domains
TTRE2568	False	Encodes protein that lacks InterPro GPCR domains
TTRE2569	False	Encodes protein that lacks InterPro GPCR domains
TTRE257	False	Encodes protein that lacks InterPro GPCR domains
TTRE2570	False	Encodes protein that lacks InterPro GPCR domains
TTRE2571	False	Encodes protein that lacks InterPro GPCR domains
TTRE2572	False	Encodes protein that lacks InterPro GPCR domains
TTRE2573	False	Encodes protein that lacks InterPro GPCR domains
TTRE2574	False	Encodes protein that lacks InterPro GPCR domains
TTRE2575	False	Encodes protein that lacks InterPro GPCR domains
TTRE2576	False	Encodes protein that lacks InterPro GPCR domains
TTRE2577	False	Encodes protein that lacks InterPro GPCR domains
TTRE2578	False	Encodes protein that lacks InterPro GPCR domains
TTRE2579	False	Encodes protein that lacks InterPro GPCR domains
TTRE258	False	Encodes protein that lacks InterPro GPCR domains
TTRE2580	False	Encodes protein that lacks InterPro GPCR domains
TTRE2581	False	Encodes protein that lacks InterPro GPCR domains
TTRE2582	False	Encodes protein that lacks InterPro GPCR domains
TTRE2583	False	Encodes protein that lacks InterPro GPCR domains
TTRE2584	False	Encodes protein that lacks InterPro GPCR domains
TTRE2585	False	Encodes protein that lacks InterPro GPCR domains
TTRE2586	False	Encodes protein that lacks InterPro GPCR domains
TTRE2587	False	Encodes protein that lacks InterPro GPCR domains
TTRE2588	False	Encodes protein that lacks InterPro GPCR domains
TTRE2589	False	Encodes protein that lacks InterPro GPCR domains
TTRE259	False	Encodes protein that lacks InterPro GPCR domains
TTRE2590	False	Encodes protein that lacks InterPro GPCR domains
TTRE2591	False	Encodes protein that lacks InterPro GPCR domains
TTRE2592	False	Encodes protein that lacks InterPro GPCR domains
TTRE2593	False	Encodes protein that lacks InterPro GPCR domains
TTRE2594	False	Encodes protein that lacks InterPro GPCR domains
TTRE2595	False	Encodes protein that lacks InterPro GPCR domains
TTRE2596	False	Encodes protein that lacks InterPro GPCR domains
TTRE2597	False	Encodes protein that lacks InterPro GPCR domains
TTRE2598	False	Encodes protein that lacks InterPro GPCR domains
TTRE2599	False	Encodes protein that lacks InterPro GPCR domains
TTRE26	False	Encodes protein that lacks InterPro GPCR domains
TTRE260	False	Encodes protein that lacks InterPro GPCR domains
TTRE2600	False	Encodes protein that lacks InterPro GPCR domains
TTRE2601	False	Encodes protein that lacks InterPro GPCR domains
TTRE2602	False	Encodes protein that lacks InterPro GPCR domains
TTRE2603	False	Encodes protein that lacks InterPro GPCR domains
TTRE2604	False	Encodes protein that lacks InterPro GPCR domains
TTRE2605	False	Encodes protein that lacks InterPro GPCR domains
TTRE2606	False	Encodes protein that lacks InterPro GPCR domains
TTRE2607	False	Encodes protein that lacks InterPro GPCR domains
TTRE2608	False	Encodes protein that lacks InterPro GPCR domains
TTRE2609	False	Encodes protein that lacks InterPro GPCR domains
TTRE261	False	Encodes protein that lacks InterPro GPCR domains
TTRE2610	False	Encodes protein that lacks InterPro GPCR domains
TTRE2611	False	Encodes protein that lacks InterPro GPCR domains
TTRE2612	False	Encodes protein that lacks InterPro GPCR domains
TTRE2613	False	Encodes protein that lacks InterPro GPCR domains
TTRE2614	False	Encodes protein that lacks InterPro GPCR domains
TTRE2615	False	Encodes protein that lacks InterPro GPCR domains
TTRE2616	False	Encodes protein that lacks InterPro GPCR domains
TTRE2617	False	Encodes protein that lacks InterPro GPCR domains
TTRE2618	False	Encodes protein that lacks InterPro GPCR domains
TTRE2619	False	Encodes protein that lacks InterPro GPCR domains
TTRE262	False	Encodes protein that lacks InterPro GPCR domains
TTRE2620	False	Encodes protein that lacks InterPro GPCR domains
TTRE2621	False	Encodes protein that lacks InterPro GPCR domains
TTRE2622	False	Encodes protein that lacks InterPro GPCR domains
TTRE2623	False	Encodes protein that lacks InterPro GPCR domains
TTRE2624	False	Encodes protein that lacks InterPro GPCR domains
TTRE2625	False	Encodes protein that lacks InterPro GPCR domains
TTRE2626	False	Encodes protein that lacks InterPro GPCR domains
TTRE2627	False	Encodes protein that lacks InterPro GPCR domains
TTRE2628	False	Encodes protein that lacks InterPro GPCR domains
TTRE2629	False	Encodes protein that lacks InterPro GPCR domains
TTRE263	False	Encodes protein that lacks InterPro GPCR domains
TTRE2630	False	Encodes protein that lacks InterPro GPCR domains
TTRE2631	False	Encodes protein that lacks InterPro GPCR domains
TTRE2632	False	Encodes protein that lacks InterPro GPCR domains
TTRE2633	False	Encodes protein that lacks InterPro GPCR domains
TTRE2634	False	Encodes protein that lacks InterPro GPCR domains
TTRE2635	False	Encodes protein that lacks InterPro GPCR domains
TTRE2636	False	Encodes protein that lacks InterPro GPCR domains
TTRE2637	False	Encodes protein that lacks InterPro GPCR domains
TTRE2638	False	Encodes protein that lacks InterPro GPCR domains
TTRE2639	False	Encodes protein that lacks InterPro GPCR domains
TTRE264	False	Encodes protein that lacks InterPro GPCR domains
TTRE2640	False	Encodes protein that lacks InterPro GPCR domains
TTRE2641	False	Encodes protein that lacks InterPro GPCR domains
TTRE2642	False	Encodes protein that lacks InterPro GPCR domains
TTRE2643	False	Encodes protein that lacks InterPro GPCR domains
TTRE2644	False	Encodes protein that lacks InterPro GPCR domains
TTRE2645	False	Encodes protein that lacks InterPro GPCR domains
TTRE2646	False	Encodes protein that lacks InterPro GPCR domains
TTRE2647	False	Encodes protein that lacks InterPro GPCR domains
TTRE2648	False	Encodes protein that lacks InterPro GPCR domains
TTRE2649	False	Encodes protein that lacks InterPro GPCR domains
TTRE265	False	Encodes protein that lacks InterPro GPCR domains
TTRE2650	False	Encodes protein that lacks InterPro GPCR domains
TTRE2651	False	Encodes protein that lacks InterPro GPCR domains
TTRE2652	False	Encodes protein that lacks InterPro GPCR domains
TTRE2653	False	Encodes protein that lacks InterPro GPCR domains
TTRE2654	False	Encodes protein that lacks InterPro GPCR domains
TTRE2655	False	Encodes protein that lacks InterPro GPCR domains
TTRE2656	False	Encodes protein that lacks InterPro GPCR domains
TTRE2657	False	Encodes protein that lacks InterPro GPCR domains
TTRE2658	False	Encodes protein that lacks InterPro GPCR domains
TTRE2659	False	Encodes protein that lacks InterPro GPCR domains
TTRE266	False	Encodes protein that lacks InterPro GPCR domains
TTRE2660	False	Encodes protein that lacks InterPro GPCR domains
TTRE2661	False	Encodes protein that lacks InterPro GPCR domains
TTRE2662	False	Encodes protein that lacks InterPro GPCR domains
TTRE2663	False	Encodes protein that lacks InterPro GPCR domains
TTRE2664	False	Encodes protein that lacks InterPro GPCR domains
TTRE2665	False	Encodes protein that lacks InterPro GPCR domains
TTRE2666	False	Encodes protein that lacks InterPro GPCR domains
TTRE2667	False	Encodes protein that lacks InterPro GPCR domains
TTRE2668	False	Encodes protein that lacks InterPro GPCR domains
TTRE2669	False	Encodes protein that lacks InterPro GPCR domains
TTRE267	False	Encodes protein that lacks InterPro GPCR domains
TTRE2670	False	Encodes protein that lacks InterPro GPCR domains
TTRE2671	False	Encodes protein that lacks InterPro GPCR domains
TTRE2672	False	Encodes protein that lacks InterPro GPCR domains
TTRE2673	False	Encodes protein that lacks InterPro GPCR domains
TTRE2674	False	Encodes protein that lacks InterPro GPCR domains
TTRE2675	False	Encodes protein that lacks InterPro GPCR domains
TTRE2676	False	Encodes protein that lacks InterPro GPCR domains
TTRE2677	False	Encodes protein that lacks InterPro GPCR domains
TTRE2678	False	Encodes protein that lacks InterPro GPCR domains
TTRE2679	False	Encodes protein that lacks InterPro GPCR domains
TTRE268	False	Encodes protein that lacks InterPro GPCR domains
TTRE2680	False	Encodes protein that lacks InterPro GPCR domains
TTRE2681	False	Encodes protein that lacks InterPro GPCR domains
TTRE2682	False	Encodes protein that lacks InterPro GPCR domains
TTRE2683	False	Encodes protein that lacks InterPro GPCR domains
TTRE2684	False	Encodes protein that lacks InterPro GPCR domains
TTRE2685	False	Encodes protein that lacks InterPro GPCR domains
TTRE2686	False	Encodes protein that lacks InterPro GPCR domains
TTRE2687	False	Encodes protein that lacks InterPro GPCR domains
TTRE2688	False	Encodes protein that lacks InterPro GPCR domains
TTRE2689	False	Encodes protein that lacks InterPro GPCR domains
TTRE269	False	Encodes protein that lacks InterPro GPCR domains
TTRE2690	False	Encodes protein that lacks InterPro GPCR domains
TTRE2691	False	Encodes protein that lacks InterPro GPCR domains
TTRE2692	False	Encodes protein that lacks InterPro GPCR domains
TTRE2693	False	Encodes protein that lacks InterPro GPCR domains
TTRE2694	False	Encodes protein that lacks InterPro GPCR domains
TTRE2695	False	Encodes protein that lacks InterPro GPCR domains
TTRE2696	False	Encodes protein that lacks InterPro GPCR domains
TTRE2697	False	Encodes protein that lacks InterPro GPCR domains
TTRE2698	False	Encodes protein that lacks InterPro GPCR domains
TTRE2699	False	Encodes protein that lacks InterPro GPCR domains
TTRE27	False	Encodes protein that lacks InterPro GPCR domains
TTRE270	False	Encodes protein that lacks InterPro GPCR domains
TTRE2700	False	Encodes protein that lacks InterPro GPCR domains
TTRE2701	False	Encodes protein that lacks InterPro GPCR domains
TTRE2702	False	Encodes protein that lacks InterPro GPCR domains
TTRE2703	False	Encodes protein that lacks InterPro GPCR domains
TTRE2704	False	Encodes protein that lacks InterPro GPCR domains
TTRE2705	False	Encodes protein that lacks InterPro GPCR domains
TTRE2706	False	Encodes protein that lacks InterPro GPCR domains
TTRE2707	False	Encodes protein that lacks InterPro GPCR domains
TTRE2708	False	Encodes protein that lacks InterPro GPCR domains
TTRE2709	False	Encodes protein that lacks InterPro GPCR domains
TTRE271	False	Encodes protein that lacks InterPro GPCR domains
TTRE2710	False	Encodes protein that lacks InterPro GPCR domains
TTRE2711	False	Encodes protein that lacks InterPro GPCR domains
TTRE2712	False	Encodes protein that lacks InterPro GPCR domains
TTRE2713	False	Encodes protein that lacks InterPro GPCR domains
TTRE2714	False	Encodes protein that lacks InterPro GPCR domains
TTRE2715	False	Encodes protein that lacks InterPro GPCR domains
TTRE2716	False	Encodes protein that lacks InterPro GPCR domains
TTRE2717	False	Encodes protein that lacks InterPro GPCR domains
TTRE2718	True	Encodes protein with InterPro domain(s): IPR017452 - GPCR, rhodopsin-like, 7TM
TTRE2719	False	Encodes protein that lacks InterPro GPCR domains
TTRE272	False	Encodes protein that lacks InterPro GPCR domains
TTRE2720	False	Encodes protein that lacks InterPro GPCR domains
TTRE2721	False	Encodes protein that lacks InterPro GPCR domains
TTRE2722	False	Encodes protein that lacks InterPro GPCR domains
TTRE2723	False	Encodes protein that lacks InterPro GPCR domains
TTRE2724	False	Encodes protein that lacks InterPro GPCR domains
TTRE2725	False	Encodes protein that lacks InterPro GPCR domains
TTRE2726	False	Encodes protein that lacks InterPro GPCR domains
TTRE2727	False	Encodes protein that lacks InterPro GPCR domains
TTRE2728	False	Encodes protein that lacks InterPro GPCR domains
TTRE2729	False	Encodes protein that lacks InterPro GPCR domains
TTRE273	False	Encodes protein that lacks InterPro GPCR domains
TTRE2730	False	Encodes protein that lacks InterPro GPCR domains
TTRE2731	False	Encodes protein that lacks InterPro GPCR domains
TTRE2732	False	Encodes protein that lacks InterPro GPCR domains
TTRE2733	False	Encodes protein that lacks InterPro GPCR domains
TTRE2734	False	Encodes protein that lacks InterPro GPCR domains
TTRE2735	False	Encodes protein that lacks InterPro GPCR domains
TTRE2736	False	Encodes protein that lacks InterPro GPCR domains
TTRE2737	False	Encodes protein that lacks InterPro GPCR domains
TTRE2738	False	Encodes protein that lacks InterPro GPCR domains
TTRE2739	False	Encodes protein that lacks InterPro GPCR domains
TTRE274	False	Encodes protein that lacks InterPro GPCR domains
TTRE2740	False	Encodes protein that lacks InterPro GPCR domains
TTRE2741	False	Encodes protein that lacks InterPro GPCR domains
TTRE2742	False	Encodes protein that lacks InterPro GPCR domains
TTRE2743	False	Encodes protein that lacks InterPro GPCR domains
TTRE2744	False	Encodes protein that lacks InterPro GPCR domains
TTRE2745	False	Encodes protein that lacks InterPro GPCR domains
TTRE2746	False	Encodes protein that lacks InterPro GPCR domains
TTRE2747	False	Encodes protein that lacks InterPro GPCR domains
TTRE2748	False	Encodes protein that lacks InterPro GPCR domains
TTRE2749	False	Encodes protein that lacks InterPro GPCR domains
TTRE275	False	Encodes protein that lacks InterPro GPCR domains
TTRE2750	False	Encodes protein that lacks InterPro GPCR domains
TTRE2751	False	Encodes protein that lacks InterPro GPCR domains
TTRE2752	False	Encodes protein that lacks InterPro GPCR domains
TTRE2753	False	Encodes protein that lacks InterPro GPCR domains
TTRE2754	False	Encodes protein that lacks InterPro GPCR domains
TTRE2755	False	Encodes protein that lacks InterPro GPCR domains
TTRE2756	False	Encodes protein that lacks InterPro GPCR domains
TTRE2757	False	Encodes protein that lacks InterPro GPCR domains
TTRE2758	False	Encodes protein that lacks InterPro GPCR domains
TTRE2759	False	Encodes protein that lacks InterPro GPCR domains
TTRE276	False	Encodes protein that lacks InterPro GPCR domains
TTRE2760	False	Encodes protein that lacks InterPro GPCR domains
TTRE2761	False	Encodes protein that lacks InterPro GPCR domains
TTRE2762	False	Encodes protein that lacks InterPro GPCR domains
TTRE2763	False	Encodes protein that lacks InterPro GPCR domains
TTRE2764	False	Encodes protein that lacks InterPro GPCR domains
TTRE2765	False	Encodes protein that lacks InterPro GPCR domains
TTRE2766	False	Encodes protein that lacks InterPro GPCR domains
TTRE2767	False	Encodes protein that lacks InterPro GPCR domains
TTRE2768	False	Encodes protein that lacks InterPro GPCR domains
TTRE2769	False	Encodes protein that lacks InterPro GPCR domains
TTRE277	False	Encodes protein that lacks InterPro GPCR domains
TTRE2770	False	Encodes protein that lacks InterPro GPCR domains
TTRE2771	False	Encodes protein that lacks InterPro GPCR domains
TTRE2772	False	Encodes protein that lacks InterPro GPCR domains
TTRE2773	False	Encodes protein that lacks InterPro GPCR domains
TTRE2774	False	Encodes protein that lacks InterPro GPCR domains
TTRE2775	False	Encodes protein that lacks InterPro GPCR domains
TTRE2776	False	Encodes protein that lacks InterPro GPCR domains
TTRE2777	False	Encodes protein that lacks InterPro GPCR domains
TTRE2778	False	Encodes protein that lacks InterPro GPCR domains
TTRE2779	False	Encodes protein that lacks InterPro GPCR domains
TTRE278	False	Encodes protein that lacks InterPro GPCR domains
TTRE2780	False	Encodes protein that lacks InterPro GPCR domains
TTRE2781	False	Encodes protein that lacks InterPro GPCR domains
TTRE2782	False	Encodes protein that lacks InterPro GPCR domains
TTRE2783	False	Encodes protein that lacks InterPro GPCR domains
TTRE2784	False	Encodes protein that lacks InterPro GPCR domains
TTRE2785	False	Encodes protein that lacks InterPro GPCR domains
TTRE2786	False	Encodes protein that lacks InterPro GPCR domains
TTRE2787	False	Encodes protein that lacks InterPro GPCR domains
TTRE2788	False	Encodes protein that lacks InterPro GPCR domains
TTRE2789	False	Encodes protein that lacks InterPro GPCR domains
TTRE279	False	Encodes protein that lacks InterPro GPCR domains
TTRE2790	False	Encodes protein that lacks InterPro GPCR domains
TTRE2791	False	Encodes protein that lacks InterPro GPCR domains
TTRE2792	False	Encodes protein that lacks InterPro GPCR domains
TTRE2793	False	Encodes protein that lacks InterPro GPCR domains
TTRE2794	False	Encodes protein that lacks InterPro GPCR domains
TTRE2795	False	Encodes protein that lacks InterPro GPCR domains
TTRE2796	False	Encodes protein that lacks InterPro GPCR domains
TTRE2797	False	Encodes protein that lacks InterPro GPCR domains
TTRE2798	False	Encodes protein that lacks InterPro GPCR domains
TTRE2799	False	Encodes protein that lacks InterPro GPCR domains
TTRE28	False	Encodes protein that lacks InterPro GPCR domains
TTRE280	False	Encodes protein that lacks InterPro GPCR domains
TTRE2800	False	Encodes protein that lacks InterPro GPCR domains
TTRE2801	False	Encodes protein that lacks InterPro GPCR domains
TTRE2802	False	Encodes protein that lacks InterPro GPCR domains
TTRE2803	False	Encodes protein that lacks InterPro GPCR domains
TTRE2804	False	Encodes protein that lacks InterPro GPCR domains
TTRE2805	False	Encodes protein that lacks InterPro GPCR domains
TTRE2806	False	Encodes protein that lacks InterPro GPCR domains
TTRE2807	False	Encodes protein that lacks InterPro GPCR domains
TTRE2808	False	Encodes protein that lacks InterPro GPCR domains
TTRE2809	False	Encodes protein that lacks InterPro GPCR domains
TTRE281	False	Encodes protein that lacks InterPro GPCR domains
TTRE2810	False	Encodes protein that lacks InterPro GPCR domains
TTRE2811	False	Encodes protein that lacks InterPro GPCR domains
TTRE2812	False	Encodes protein that lacks InterPro GPCR domains
TTRE2813	False	Encodes protein that lacks InterPro GPCR domains
TTRE2814	False	Encodes protein that lacks InterPro GPCR domains
TTRE2815	False	Encodes protein that lacks InterPro GPCR domains
TTRE2816	False	Encodes protein that lacks InterPro GPCR domains
TTRE2817	False	Encodes protein that lacks InterPro GPCR domains
TTRE2818	False	Encodes protein that lacks InterPro GPCR domains
TTRE2819	False	Encodes protein that lacks InterPro GPCR domains
TTRE282	False	Encodes protein that lacks InterPro GPCR domains
TTRE2820	False	Encodes protein that lacks InterPro GPCR domains
TTRE2821	False	Encodes protein that lacks InterPro GPCR domains
TTRE2822	False	Encodes protein that lacks InterPro GPCR domains
TTRE2823	False	Encodes protein that lacks InterPro GPCR domains
TTRE2824	False	Encodes protein that lacks InterPro GPCR domains
TTRE2825	False	Encodes protein that lacks InterPro GPCR domains
TTRE2826	False	Encodes protein that lacks InterPro GPCR domains
TTRE2827	False	Encodes protein that lacks InterPro GPCR domains
TTRE2828	False	Encodes protein that lacks InterPro GPCR domains
TTRE2829	False	Encodes protein that lacks InterPro GPCR domains
TTRE283	False	Encodes protein that lacks InterPro GPCR domains
TTRE2830	False	Encodes protein that lacks InterPro GPCR domains
TTRE2831	False	Encodes protein that lacks InterPro GPCR domains
TTRE2832	False	Encodes protein that lacks InterPro GPCR domains
TTRE2833	False	Encodes protein that lacks InterPro GPCR domains
TTRE2834	False	Encodes protein that lacks InterPro GPCR domains
TTRE2835	False	Encodes protein that lacks InterPro GPCR domains
TTRE2836	False	Encodes protein that lacks InterPro GPCR domains
TTRE2837	False	Encodes protein that lacks InterPro GPCR domains
TTRE2838	False	Encodes protein that lacks InterPro GPCR domains
TTRE2839	False	Encodes protein that lacks InterPro GPCR domains
TTRE284	False	Encodes protein that lacks InterPro GPCR domains
TTRE2840	False	Encodes protein that lacks InterPro GPCR domains
TTRE2841	False	Encodes protein that lacks InterPro GPCR domains
TTRE2842	False	Encodes protein that lacks InterPro GPCR domains
TTRE2843	False	Encodes protein that lacks InterPro GPCR domains
TTRE2844	False	Encodes protein that lacks InterPro GPCR domains
TTRE2845	False	Encodes protein that lacks InterPro GPCR domains
TTRE2846	False	Encodes protein that lacks InterPro GPCR domains
TTRE2847	False	Encodes protein that lacks InterPro GPCR domains
TTRE2848	False	Encodes protein that lacks InterPro GPCR domains
TTRE2849	False	Encodes protein that lacks InterPro GPCR domains
TTRE285	False	Encodes protein that lacks InterPro GPCR domains
TTRE2850	False	Encodes protein that lacks InterPro GPCR domains
TTRE2851	False	Encodes protein that lacks InterPro GPCR domains
TTRE2852	False	Encodes protein that lacks InterPro GPCR domains
TTRE2853	False	Encodes protein that lacks InterPro GPCR domains
TTRE2854	False	Encodes protein that lacks InterPro GPCR domains
TTRE2855	False	Encodes protein that lacks InterPro GPCR domains
TTRE2856	False	Encodes protein that lacks InterPro GPCR domains
TTRE2857	False	Encodes protein that lacks InterPro GPCR domains
TTRE2858	False	Encodes protein that lacks InterPro GPCR domains
TTRE2859	False	Encodes protein that lacks InterPro GPCR domains
TTRE286	False	Encodes protein that lacks InterPro GPCR domains
TTRE2860	False	Encodes protein that lacks InterPro GPCR domains
TTRE2861	False	Encodes protein that lacks InterPro GPCR domains
TTRE2862	False	Encodes protein that lacks InterPro GPCR domains
TTRE2863	False	Encodes protein that lacks InterPro GPCR domains
TTRE2864	False	Encodes protein that lacks InterPro GPCR domains
TTRE2865	False	Encodes protein that lacks InterPro GPCR domains
TTRE2866	False	Encodes protein that lacks InterPro GPCR domains
TTRE2867	False	Encodes protein that lacks InterPro GPCR domains
TTRE2868	False	Encodes protein that lacks InterPro GPCR domains
TTRE2869	False	Encodes protein that lacks InterPro GPCR domains
TTRE287	False	Encodes protein that lacks InterPro GPCR domains
TTRE2870	False	Encodes protein that lacks InterPro GPCR domains
TTRE2871	False	Encodes protein that lacks InterPro GPCR domains
TTRE2872	False	Encodes protein that lacks InterPro GPCR domains
TTRE2873	False	Encodes protein that lacks InterPro GPCR domains
TTRE2874	False	Encodes protein that lacks InterPro GPCR domains
TTRE2875	False	Encodes protein that lacks InterPro GPCR domains
TTRE2876	False	Encodes protein that lacks InterPro GPCR domains
TTRE2877	False	Encodes protein that lacks InterPro GPCR domains
TTRE2878	False	Encodes protein that lacks InterPro GPCR domains
TTRE2879	False	Encodes protein that lacks InterPro GPCR domains
TTRE288	False	Encodes protein that lacks InterPro GPCR domains
TTRE2880	False	Encodes protein that lacks InterPro GPCR domains
TTRE2881	False	Encodes protein that lacks InterPro GPCR domains
TTRE2882	False	Encodes protein that lacks InterPro GPCR domains
TTRE2883	False	Encodes protein that lacks InterPro GPCR domains
TTRE2884	False	Encodes protein that lacks InterPro GPCR domains
TTRE2885	False	Encodes protein that lacks InterPro GPCR domains
TTRE2886	False	Encodes protein that lacks InterPro GPCR domains
TTRE2887	False	Encodes protein that lacks InterPro GPCR domains
TTRE2888	False	Encodes protein that lacks InterPro GPCR domains
TTRE2889	False	Encodes protein that lacks InterPro GPCR domains
TTRE289	False	Encodes protein that lacks InterPro GPCR domains
TTRE2890	False	Encodes protein that lacks InterPro GPCR domains
TTRE2891	False	Encodes protein that lacks InterPro GPCR domains
TTRE2892	False	Encodes protein that lacks InterPro GPCR domains
TTRE2893	False	Encodes protein that lacks InterPro GPCR domains
TTRE2894	False	Encodes protein that lacks InterPro GPCR domains
TTRE2895	False	Encodes protein that lacks InterPro GPCR domains
TTRE2896	False	Encodes protein that lacks InterPro GPCR domains
TTRE2897	False	Encodes protein that lacks InterPro GPCR domains
TTRE2898	False	Encodes protein that lacks InterPro GPCR domains
TTRE2899	False	Encodes protein that lacks InterPro GPCR domains
TTRE29	False	Encodes protein that lacks InterPro GPCR domains
TTRE290	False	Encodes protein that lacks InterPro GPCR domains
TTRE2900	False	Encodes protein that lacks InterPro GPCR domains
TTRE2901	False	Encodes protein that lacks InterPro GPCR domains
TTRE2902	False	Encodes protein that lacks InterPro GPCR domains
TTRE2903	False	Encodes protein that lacks InterPro GPCR domains
TTRE2904	False	Encodes protein that lacks InterPro GPCR domains
TTRE2905	False	Encodes protein that lacks InterPro GPCR domains
TTRE2906	False	Encodes protein that lacks InterPro GPCR domains
TTRE2907	False	Encodes protein that lacks InterPro GPCR domains
TTRE2908	False	Encodes protein that lacks InterPro GPCR domains
TTRE2909	False	Encodes protein that lacks InterPro GPCR domains
TTRE291	False	Encodes protein that lacks InterPro GPCR domains
TTRE2910	False	Encodes protein that lacks InterPro GPCR domains
TTRE2911	False	Encodes protein that lacks InterPro GPCR domains
TTRE2912	False	Encodes protein that lacks InterPro GPCR domains
TTRE2913	False	Encodes protein that lacks InterPro GPCR domains
TTRE2914	False	Encodes protein that lacks InterPro GPCR domains
TTRE2915	False	Encodes protein that lacks InterPro GPCR domains
TTRE2916	False	Encodes protein that lacks InterPro GPCR domains
TTRE2917	False	Encodes protein that lacks InterPro GPCR domains
TTRE2918	False	Encodes protein that lacks InterPro GPCR domains
TTRE2919	False	Encodes protein that lacks InterPro GPCR domains
TTRE292	False	Encodes protein that lacks InterPro GPCR domains
TTRE2920	False	Encodes protein that lacks InterPro GPCR domains
TTRE2921	False	Encodes protein that lacks InterPro GPCR domains
TTRE2922	False	Encodes protein that lacks InterPro GPCR domains
TTRE2923	False	Encodes protein that lacks InterPro GPCR domains
TTRE2924	False	Encodes protein that lacks InterPro GPCR domains
TTRE2925	False	Encodes protein that lacks InterPro GPCR domains
TTRE2926	False	Encodes protein that lacks InterPro GPCR domains
TTRE2927	False	Encodes protein that lacks InterPro GPCR domains
TTRE2928	False	Encodes protein that lacks InterPro GPCR domains
TTRE2929	False	Encodes protein that lacks InterPro GPCR domains
TTRE293	False	Encodes protein that lacks InterPro GPCR domains
TTRE2930	False	Encodes protein that lacks InterPro GPCR domains
TTRE2931	False	Encodes protein that lacks InterPro GPCR domains
TTRE2932	False	Encodes protein that lacks InterPro GPCR domains
TTRE2933	False	Encodes protein that lacks InterPro GPCR domains
TTRE2934	False	Encodes protein that lacks InterPro GPCR domains
TTRE2935	False	Encodes protein that lacks InterPro GPCR domains
TTRE2936	False	Encodes protein that lacks InterPro GPCR domains
TTRE2937	False	Encodes protein that lacks InterPro GPCR domains
TTRE2938	False	Encodes protein that lacks InterPro GPCR domains
TTRE2939	False	Encodes protein that lacks InterPro GPCR domains
TTRE294	False	Encodes protein that lacks InterPro GPCR domains
TTRE2940	False	Encodes protein that lacks InterPro GPCR domains
TTRE2941	False	Encodes protein that lacks InterPro GPCR domains
TTRE2942	False	Encodes protein that lacks InterPro GPCR domains
TTRE2943	False	Encodes protein that lacks InterPro GPCR domains
TTRE2944	False	Encodes protein that lacks InterPro GPCR domains
TTRE2945	False	Encodes protein that lacks InterPro GPCR domains
TTRE2946	False	Encodes protein that lacks InterPro GPCR domains
TTRE2947	False	Encodes protein that lacks InterPro GPCR domains
TTRE2948	False	Encodes protein that lacks InterPro GPCR domains
TTRE2949	False	Encodes protein that lacks InterPro GPCR domains
TTRE295	False	Encodes protein that lacks InterPro GPCR domains
TTRE2950	False	Encodes protein that lacks InterPro GPCR domains
TTRE2951	False	Encodes protein that lacks InterPro GPCR domains
TTRE2952	False	Encodes protein that lacks InterPro GPCR domains
TTRE2953	False	Encodes protein that lacks InterPro GPCR domains
TTRE2954	False	Encodes protein that lacks InterPro GPCR domains
TTRE2955	False	Encodes protein that lacks InterPro GPCR domains
TTRE2956	False	Encodes protein that lacks InterPro GPCR domains
TTRE2957	False	Encodes protein that lacks InterPro GPCR domains
TTRE2958	False	Encodes protein that lacks InterPro GPCR domains
TTRE2959	False	Encodes protein that lacks InterPro GPCR domains
TTRE296	False	Encodes protein that lacks InterPro GPCR domains
TTRE2960	False	Encodes protein that lacks InterPro GPCR domains
TTRE2961	False	Encodes protein that lacks InterPro GPCR domains
TTRE2962	False	Encodes protein that lacks InterPro GPCR domains
TTRE2963	False	Encodes protein that lacks InterPro GPCR domains
TTRE2964	False	Encodes protein that lacks InterPro GPCR domains
TTRE2965	False	Encodes protein that lacks InterPro GPCR domains
TTRE2966	False	Encodes protein that lacks InterPro GPCR domains
TTRE2967	False	Encodes protein that lacks InterPro GPCR domains
TTRE2968	False	Encodes protein that lacks InterPro GPCR domains
TTRE2969	False	Encodes protein that lacks InterPro GPCR domains
TTRE297	False	Encodes protein that lacks InterPro GPCR domains
TTRE2970	False	Encodes protein that lacks InterPro GPCR domains
TTRE2971	False	Encodes protein that lacks InterPro GPCR domains
TTRE2972	False	Encodes protein that lacks InterPro GPCR domains
TTRE2973	False	Encodes protein that lacks InterPro GPCR domains
TTRE2974	False	Encodes protein that lacks InterPro GPCR domains
TTRE2975	False	Encodes protein that lacks InterPro GPCR domains
TTRE2976	False	Encodes protein that lacks InterPro GPCR domains
TTRE2977	False	Encodes protein that lacks InterPro GPCR domains
TTRE2978	False	Encodes protein that lacks InterPro GPCR domains
TTRE2979	False	Encodes protein that lacks InterPro GPCR domains
TTRE298	False	Encodes protein that lacks InterPro GPCR domains
TTRE2980	False	Encodes protein that lacks InterPro GPCR domains
TTRE2981	False	Encodes protein that lacks InterPro GPCR domains
TTRE2982	False	Encodes protein that lacks InterPro GPCR domains
TTRE2983	False	Encodes protein that lacks InterPro GPCR domains
TTRE2984	False	Encodes protein that lacks InterPro GPCR domains
TTRE2985	False	Encodes protein that lacks InterPro GPCR domains
TTRE2986	False	Encodes protein that lacks InterPro GPCR domains
TTRE2987	False	Encodes protein that lacks InterPro GPCR domains
TTRE2988	False	Encodes protein that lacks InterPro GPCR domains
TTRE2989	False	Encodes protein that lacks InterPro GPCR domains
TTRE299	False	Encodes protein that lacks InterPro GPCR domains
TTRE2990	False	Encodes protein that lacks InterPro GPCR domains
TTRE2991	False	Encodes protein that lacks InterPro GPCR domains
TTRE2992	False	Encodes protein that lacks InterPro GPCR domains
TTRE2993	False	Encodes protein that lacks InterPro GPCR domains
TTRE2994	False	Encodes protein that lacks InterPro GPCR domains
TTRE2995	False	Encodes protein that lacks InterPro GPCR domains
TTRE2996	False	Encodes protein that lacks InterPro GPCR domains
TTRE2997	False	Encodes protein that lacks InterPro GPCR domains
TTRE2998	False	Encodes protein that lacks InterPro GPCR domains
TTRE2999	False	Encodes protein that lacks InterPro GPCR domains
TTRE3	False	Encodes protein that lacks InterPro GPCR domains
TTRE30	False	Encodes protein that lacks InterPro GPCR domains
TTRE300	False	Encodes protein that lacks InterPro GPCR domains
TTRE3000	False	Encodes protein that lacks InterPro GPCR domains
TTRE3001	False	Encodes protein that lacks InterPro GPCR domains
TTRE3002	False	Encodes protein that lacks InterPro GPCR domains
TTRE3003	False	Encodes protein that lacks InterPro GPCR domains
TTRE3004	False	Encodes protein that lacks InterPro GPCR domains
TTRE3005	False	Encodes protein that lacks InterPro GPCR domains
TTRE3006	False	Encodes protein that lacks InterPro GPCR domains
TTRE3007	False	Encodes protein that lacks InterPro GPCR domains
TTRE3008	False	Encodes protein that lacks InterPro GPCR domains
TTRE3009	False	Encodes protein that lacks InterPro GPCR domains
TTRE301	False	Encodes protein that lacks InterPro GPCR domains
TTRE3010	False	Encodes protein that lacks InterPro GPCR domains
TTRE3011	False	Encodes protein that lacks InterPro GPCR domains
TTRE3012	False	Encodes protein that lacks InterPro GPCR domains
TTRE3013	False	Encodes protein that lacks InterPro GPCR domains
TTRE3014	False	Encodes protein that lacks InterPro GPCR domains
TTRE3015	False	Encodes protein that lacks InterPro GPCR domains
TTRE3016	False	Encodes protein that lacks InterPro GPCR domains
TTRE3017	False	Encodes protein that lacks InterPro GPCR domains
TTRE3018	False	Encodes protein that lacks InterPro GPCR domains
TTRE3019	False	Encodes protein that lacks InterPro GPCR domains
TTRE302	False	Encodes protein that lacks InterPro GPCR domains
TTRE3020	False	Encodes protein that lacks InterPro GPCR domains
TTRE3021	False	Encodes protein that lacks InterPro GPCR domains
TTRE3022	False	Encodes protein that lacks InterPro GPCR domains
TTRE3023	False	Encodes protein that lacks InterPro GPCR domains
TTRE3024	False	Encodes protein that lacks InterPro GPCR domains
TTRE3025	False	Encodes protein that lacks InterPro GPCR domains
TTRE3026	False	Encodes protein that lacks InterPro GPCR domains
TTRE3027	False	Encodes protein that lacks InterPro GPCR domains
TTRE3028	False	Encodes protein that lacks InterPro GPCR domains
TTRE3029	False	Encodes protein that lacks InterPro GPCR domains
TTRE303	False	Encodes protein that lacks InterPro GPCR domains
TTRE3030	False	Encodes protein that lacks InterPro GPCR domains
TTRE3031	False	Encodes protein that lacks InterPro GPCR domains
TTRE3032	False	Encodes protein that lacks InterPro GPCR domains
TTRE3033	False	Encodes protein that lacks InterPro GPCR domains
TTRE3034	False	Encodes protein that lacks InterPro GPCR domains
TTRE3035	False	Encodes protein that lacks InterPro GPCR domains
TTRE3036	False	Encodes protein that lacks InterPro GPCR domains
TTRE3037	False	Encodes protein that lacks InterPro GPCR domains
TTRE3038	False	Encodes protein that lacks InterPro GPCR domains
TTRE3039	False	Encodes protein that lacks InterPro GPCR domains
TTRE304	False	Encodes protein that lacks InterPro GPCR domains
TTRE3041	False	Encodes protein that lacks InterPro GPCR domains
TTRE3042	False	Encodes protein that lacks InterPro GPCR domains
TTRE3043	False	Encodes protein that lacks InterPro GPCR domains
TTRE3044	False	Encodes protein that lacks InterPro GPCR domains
TTRE3045	False	Encodes protein that lacks InterPro GPCR domains
TTRE3046	False	Encodes protein that lacks InterPro GPCR domains
TTRE3047	False	Encodes protein that lacks InterPro GPCR domains
TTRE3048	False	Encodes protein that lacks InterPro GPCR domains
TTRE3049	False	Encodes protein that lacks InterPro GPCR domains
TTRE305	False	Encodes protein that lacks InterPro GPCR domains
TTRE3050	False	Encodes protein that lacks InterPro GPCR domains
TTRE3051	False	Encodes protein that lacks InterPro GPCR domains
TTRE3052	False	Encodes protein that lacks InterPro GPCR domains
TTRE3053	False	Encodes protein that lacks InterPro GPCR domains
TTRE3054	False	Encodes protein that lacks InterPro GPCR domains
TTRE3055	False	Encodes protein that lacks InterPro GPCR domains
TTRE3056	False	Encodes protein that lacks InterPro GPCR domains
TTRE3057	False	Encodes protein that lacks InterPro GPCR domains
TTRE3058	False	Encodes protein that lacks InterPro GPCR domains
TTRE3059	False	Encodes protein that lacks InterPro GPCR domains
TTRE306	False	Encodes protein that lacks InterPro GPCR domains
TTRE3060	False	Encodes protein that lacks InterPro GPCR domains
TTRE3061	False	Encodes protein that lacks InterPro GPCR domains
TTRE3062	False	Encodes protein that lacks InterPro GPCR domains
TTRE3063	False	Encodes protein that lacks InterPro GPCR domains
TTRE3064	False	Encodes protein that lacks InterPro GPCR domains
TTRE3065	False	Encodes protein that lacks InterPro GPCR domains
TTRE3066	False	Encodes protein that lacks InterPro GPCR domains
TTRE3067	False	Encodes protein that lacks InterPro GPCR domains
TTRE3068	False	Encodes protein that lacks InterPro GPCR domains
TTRE3069	False	Encodes protein that lacks InterPro GPCR domains
TTRE307	False	Encodes protein that lacks InterPro GPCR domains
TTRE3070	False	Encodes protein that lacks InterPro GPCR domains
TTRE3071	False	Encodes protein that lacks InterPro GPCR domains
TTRE3072	False	Encodes protein that lacks InterPro GPCR domains
TTRE3073	False	Encodes protein that lacks InterPro GPCR domains
TTRE3074	False	Encodes protein that lacks InterPro GPCR domains
TTRE3075	False	Encodes protein that lacks InterPro GPCR domains
TTRE3076	False	Encodes protein that lacks InterPro GPCR domains
TTRE3077	False	Encodes protein that lacks InterPro GPCR domains
TTRE3078	False	Encodes protein that lacks InterPro GPCR domains
TTRE3079	False	Encodes protein that lacks InterPro GPCR domains
TTRE308	False	Encodes protein that lacks InterPro GPCR domains
TTRE3080	False	Encodes protein that lacks InterPro GPCR domains
TTRE3081	False	Encodes protein that lacks InterPro GPCR domains
TTRE3082	False	Encodes protein that lacks InterPro GPCR domains
TTRE3083	False	Encodes protein that lacks InterPro GPCR domains
TTRE3084	False	Encodes protein that lacks InterPro GPCR domains
TTRE3085	False	Encodes protein that lacks InterPro GPCR domains
TTRE3086	False	Encodes protein that lacks InterPro GPCR domains
TTRE3087	False	Encodes protein that lacks InterPro GPCR domains
TTRE3088	False	Encodes protein that lacks InterPro GPCR domains
TTRE3089	False	Encodes protein that lacks InterPro GPCR domains
TTRE309	False	Encodes protein that lacks InterPro GPCR domains
TTRE3090	False	Encodes protein that lacks InterPro GPCR domains
TTRE3091	False	Encodes protein that lacks InterPro GPCR domains
TTRE3092	False	Encodes protein that lacks InterPro GPCR domains
TTRE3093	False	Encodes protein that lacks InterPro GPCR domains
TTRE3094	False	Encodes protein that lacks InterPro GPCR domains
TTRE3095	False	Encodes protein that lacks InterPro GPCR domains
TTRE3096	False	Encodes protein that lacks InterPro GPCR domains
TTRE3097	False	Encodes protein that lacks InterPro GPCR domains
TTRE3098	False	Encodes protein that lacks InterPro GPCR domains
TTRE3099	False	Encodes protein that lacks InterPro GPCR domains
TTRE31	False	Encodes protein that lacks InterPro GPCR domains
TTRE310	False	Encodes protein that lacks InterPro GPCR domains
TTRE3100	False	Encodes protein that lacks InterPro GPCR domains
TTRE3101	False	Encodes protein that lacks InterPro GPCR domains
TTRE3102	False	Encodes protein that lacks InterPro GPCR domains
TTRE3103	False	Encodes protein that lacks InterPro GPCR domains
TTRE3104	False	Encodes protein that lacks InterPro GPCR domains
TTRE3105	False	Encodes protein that lacks InterPro GPCR domains
TTRE3106	False	Encodes protein that lacks InterPro GPCR domains
TTRE3107	False	Encodes protein that lacks InterPro GPCR domains
TTRE3108	False	Encodes protein that lacks InterPro GPCR domains
TTRE3109	False	Encodes protein that lacks InterPro GPCR domains
TTRE311	False	Encodes protein that lacks InterPro GPCR domains
TTRE3110	False	Encodes protein that lacks InterPro GPCR domains
TTRE3111	False	Encodes protein that lacks InterPro GPCR domains
TTRE3112	False	Encodes protein that lacks InterPro GPCR domains
TTRE3113	False	Encodes protein that lacks InterPro GPCR domains
TTRE3114	True	Encodes protein with InterPro domain(s): IPR000832 - GPCR, family 2, secretin-like; IPR001879 - GPCR, family 2, extracellular hormone receptor domain; IPR017981 - GPCR, family 2-like, 7TM; IPR017983 - GPCR, family 2, secretin-like, conserved site; IPR036445 - GPCR family 2, extracellular hormone receptor domain superfamily
TTRE3115	False	Encodes protein that lacks InterPro GPCR domains
TTRE3116	False	Encodes protein that lacks InterPro GPCR domains
TTRE3117	False	Encodes protein that lacks InterPro GPCR domains
TTRE3118	False	Encodes protein that lacks InterPro GPCR domains
TTRE3119	False	Encodes protein that lacks InterPro GPCR domains
TTRE312	False	Encodes protein that lacks InterPro GPCR domains
TTRE3120	False	Encodes protein that lacks InterPro GPCR domains
TTRE3121	False	Encodes protein that lacks InterPro GPCR domains
TTRE3122	False	Encodes protein that lacks InterPro GPCR domains
TTRE3123	False	Encodes protein that lacks InterPro GPCR domains
TTRE3124	False	Encodes protein that lacks InterPro GPCR domains
TTRE3125	False	Encodes protein that lacks InterPro GPCR domains
TTRE3126	False	Encodes protein that lacks InterPro GPCR domains
TTRE3127	False	Encodes protein that lacks InterPro GPCR domains
TTRE3128	False	Encodes protein that lacks InterPro GPCR domains
TTRE3129	False	Encodes protein that lacks InterPro GPCR domains
TTRE313	False	Encodes protein that lacks InterPro GPCR domains
TTRE3130	False	Encodes protein that lacks InterPro GPCR domains
TTRE3131	False	Encodes protein that lacks InterPro GPCR domains
TTRE3132	False	Encodes protein that lacks InterPro GPCR domains
TTRE3133	False	Encodes protein that lacks InterPro GPCR domains
TTRE3134	False	Encodes protein that lacks InterPro GPCR domains
TTRE3135	False	Encodes protein that lacks InterPro GPCR domains
TTRE3136	False	Encodes protein that lacks InterPro GPCR domains
TTRE3137	False	Encodes protein that lacks InterPro GPCR domains
TTRE3138	False	Encodes protein that lacks InterPro GPCR domains
TTRE3139	False	Encodes protein that lacks InterPro GPCR domains
TTRE314	False	Encodes protein that lacks InterPro GPCR domains
TTRE3140	False	Encodes protein that lacks InterPro GPCR domains
TTRE3141	False	Encodes protein that lacks InterPro GPCR domains
TTRE3142	False	Encodes protein that lacks InterPro GPCR domains
TTRE3143	False	Encodes protein that lacks InterPro GPCR domains
TTRE3144	False	Encodes protein that lacks InterPro GPCR domains
TTRE3145	False	Encodes protein that lacks InterPro GPCR domains
TTRE3146	True	Encodes protein with InterPro domain(s): IPR000337 - GPCR, family 3; IPR017978 - GPCR family 3, C-terminal
TTRE3147	False	Encodes protein that lacks InterPro GPCR domains
TTRE3148	False	Encodes protein that lacks InterPro GPCR domains
TTRE3149	False	Encodes protein that lacks InterPro GPCR domains
TTRE315	False	Encodes protein that lacks InterPro GPCR domains
TTRE3150	False	Encodes protein that lacks InterPro GPCR domains
TTRE3151	False	Encodes protein that lacks InterPro GPCR domains
TTRE3152	False	Encodes protein that lacks InterPro GPCR domains
TTRE3153	False	Encodes protein that lacks InterPro GPCR domains
TTRE3154	False	Encodes protein that lacks InterPro GPCR domains
TTRE3155	False	Encodes protein that lacks InterPro GPCR domains
TTRE3156	False	Encodes protein that lacks InterPro GPCR domains
TTRE3157	False	Encodes protein that lacks InterPro GPCR domains
TTRE3158	False	Encodes protein that lacks InterPro GPCR domains
TTRE3159	False	Encodes protein that lacks InterPro GPCR domains
TTRE316	False	Encodes protein that lacks InterPro GPCR domains
TTRE3160	False	Encodes protein that lacks InterPro GPCR domains
TTRE3161	False	Encodes protein that lacks InterPro GPCR domains
TTRE3162	False	Encodes protein that lacks InterPro GPCR domains
TTRE3163	False	Encodes protein that lacks InterPro GPCR domains
TTRE3164	False	Encodes protein that lacks InterPro GPCR domains
TTRE3165	False	Encodes protein that lacks InterPro GPCR domains
TTRE3166	False	Encodes protein that lacks InterPro GPCR domains
TTRE3167	False	Encodes protein that lacks InterPro GPCR domains
TTRE3168	False	Encodes protein that lacks InterPro GPCR domains
TTRE3169	False	Encodes protein that lacks InterPro GPCR domains
TTRE317	False	Encodes protein that lacks InterPro GPCR domains
TTRE3170	False	Encodes protein that lacks InterPro GPCR domains
TTRE3171	False	Encodes protein that lacks InterPro GPCR domains
TTRE3172	False	Encodes protein that lacks InterPro GPCR domains
TTRE3173	False	Encodes protein that lacks InterPro GPCR domains
TTRE3174	False	Encodes protein that lacks InterPro GPCR domains
TTRE3175	False	Encodes protein that lacks InterPro GPCR domains
TTRE3176	False	Encodes protein that lacks InterPro GPCR domains
TTRE3177	False	Encodes protein that lacks InterPro GPCR domains
TTRE3178	False	Encodes protein that lacks InterPro GPCR domains
TTRE3179	False	Encodes protein that lacks InterPro GPCR domains
TTRE318	False	Encodes protein that lacks InterPro GPCR domains
TTRE3180	False	Encodes protein that lacks InterPro GPCR domains
TTRE3181	False	Encodes protein that lacks InterPro GPCR domains
TTRE3182	False	Encodes protein that lacks InterPro GPCR domains
TTRE3183	False	Encodes protein that lacks InterPro GPCR domains
TTRE3184	False	Encodes protein that lacks InterPro GPCR domains
TTRE3185	False	Encodes protein that lacks InterPro GPCR domains
TTRE3186	False	Encodes protein that lacks InterPro GPCR domains
TTRE3187	False	Encodes protein that lacks InterPro GPCR domains
TTRE3188	False	Encodes protein that lacks InterPro GPCR domains
TTRE3189	False	Encodes protein that lacks InterPro GPCR domains
TTRE319	False	Encodes protein that lacks InterPro GPCR domains
TTRE3190	False	Encodes protein that lacks InterPro GPCR domains
TTRE3191	False	Encodes protein that lacks InterPro GPCR domains
TTRE3192	False	Encodes protein that lacks InterPro GPCR domains
TTRE3193	False	Encodes protein that lacks InterPro GPCR domains
TTRE3195	False	Encodes protein that lacks InterPro GPCR domains
TTRE3196	False	Encodes protein that lacks InterPro GPCR domains
TTRE3197	False	Encodes protein that lacks InterPro GPCR domains
TTRE3198	False	Encodes protein that lacks InterPro GPCR domains
TTRE3199	False	Encodes protein that lacks InterPro GPCR domains
TTRE32	False	Encodes protein that lacks InterPro GPCR domains
TTRE320	False	Encodes protein that lacks InterPro GPCR domains
TTRE3200	False	Encodes protein that lacks InterPro GPCR domains
TTRE3201	False	Encodes protein that lacks InterPro GPCR domains
TTRE3202	False	Encodes protein that lacks InterPro GPCR domains
TTRE3203	False	Encodes protein that lacks InterPro GPCR domains
TTRE3204	False	Encodes protein that lacks InterPro GPCR domains
TTRE3205	False	Encodes protein that lacks InterPro GPCR domains
TTRE3206	False	Encodes protein that lacks InterPro GPCR domains
TTRE3207	False	Encodes protein that lacks InterPro GPCR domains
TTRE3208	False	Encodes protein that lacks InterPro GPCR domains
TTRE3209	False	Encodes protein that lacks InterPro GPCR domains
TTRE321	False	Encodes protein that lacks InterPro GPCR domains
TTRE3210	False	Encodes protein that lacks InterPro GPCR domains
TTRE3211	True	Encodes protein with InterPro domain(s): IPR017452 - GPCR, rhodopsin-like, 7TM
TTRE3212	False	Encodes protein that lacks InterPro GPCR domains
TTRE3213	False	Encodes protein that lacks InterPro GPCR domains
TTRE3214	False	Encodes protein that lacks InterPro GPCR domains
TTRE3215	False	Encodes protein that lacks InterPro GPCR domains
TTRE3216	False	Encodes protein that lacks InterPro GPCR domains
TTRE3217	False	Encodes protein that lacks InterPro GPCR domains
TTRE3218	False	Encodes protein that lacks InterPro GPCR domains
TTRE3219	False	Encodes protein that lacks InterPro GPCR domains
TTRE322	False	Encodes protein that lacks InterPro GPCR domains
TTRE3220	False	Encodes protein that lacks InterPro GPCR domains
TTRE3221	False	Encodes protein that lacks InterPro GPCR domains
TTRE3222	False	Encodes protein that lacks InterPro GPCR domains
TTRE3223	False	Encodes protein that lacks InterPro GPCR domains
TTRE3224	False	Encodes protein that lacks InterPro GPCR domains
TTRE3225	False	Encodes protein that lacks InterPro GPCR domains
TTRE3226	False	Encodes protein that lacks InterPro GPCR domains
TTRE3227	False	Encodes protein that lacks InterPro GPCR domains
TTRE3228	False	Encodes protein that lacks InterPro GPCR domains
TTRE3229	False	Encodes protein that lacks InterPro GPCR domains
TTRE323	False	Encodes protein that lacks InterPro GPCR domains
TTRE3230	False	Encodes protein that lacks InterPro GPCR domains
TTRE3231	False	Encodes protein that lacks InterPro GPCR domains
TTRE3232	False	Encodes protein that lacks InterPro GPCR domains
TTRE3233	False	Encodes protein that lacks InterPro GPCR domains
TTRE3234	False	Encodes protein that lacks InterPro GPCR domains
TTRE3235	False	Encodes protein that lacks InterPro GPCR domains
TTRE3236	False	Encodes protein that lacks InterPro GPCR domains
TTRE3237	False	Encodes protein that lacks InterPro GPCR domains
TTRE3238	False	Encodes protein that lacks InterPro GPCR domains
TTRE3239	False	Encodes protein that lacks InterPro GPCR domains
TTRE324	False	Encodes protein that lacks InterPro GPCR domains
TTRE3240	False	Encodes protein that lacks InterPro GPCR domains
TTRE3241	False	Encodes protein that lacks InterPro GPCR domains
TTRE3242	False	Encodes protein that lacks InterPro GPCR domains
TTRE3243	False	Encodes protein that lacks InterPro GPCR domains
TTRE3244	False	Encodes protein that lacks InterPro GPCR domains
TTRE3245	False	Encodes protein that lacks InterPro GPCR domains
TTRE3246	False	Encodes protein that lacks InterPro GPCR domains
TTRE3247	False	Encodes protein that lacks InterPro GPCR domains
TTRE3248	False	Encodes protein that lacks InterPro GPCR domains
TTRE3249	False	Encodes protein that lacks InterPro GPCR domains
TTRE325	False	Encodes protein that lacks InterPro GPCR domains
TTRE3250	False	Encodes protein that lacks InterPro GPCR domains
TTRE3251	False	Encodes protein that lacks InterPro GPCR domains
TTRE3252	False	Encodes protein that lacks InterPro GPCR domains
TTRE3253	False	Encodes protein that lacks InterPro GPCR domains
TTRE3254	False	Encodes protein that lacks InterPro GPCR domains
TTRE3255	False	Encodes protein that lacks InterPro GPCR domains
TTRE3256	False	Encodes protein that lacks InterPro GPCR domains
TTRE3257	False	Encodes protein that lacks InterPro GPCR domains
TTRE3258	False	Encodes protein that lacks InterPro GPCR domains
TTRE3259	False	Encodes protein that lacks InterPro GPCR domains
TTRE326	False	Encodes protein that lacks InterPro GPCR domains
TTRE3260	False	Encodes protein that lacks InterPro GPCR domains
TTRE3261	False	Encodes protein that lacks InterPro GPCR domains
TTRE3262	False	Encodes protein that lacks InterPro GPCR domains
TTRE3263	False	Encodes protein that lacks InterPro GPCR domains
TTRE3264	False	Encodes protein that lacks InterPro GPCR domains
TTRE3265	False	Encodes protein that lacks InterPro GPCR domains
TTRE3266	True	Encodes protein with InterPro domain(s): IPR017452 - GPCR, rhodopsin-like, 7TM
TTRE3267	False	Encodes protein that lacks InterPro GPCR domains
TTRE3268	False	Encodes protein that lacks InterPro GPCR domains
TTRE3269	False	Encodes protein that lacks InterPro GPCR domains
TTRE327	False	Encodes protein that lacks InterPro GPCR domains
TTRE3270	False	Encodes protein that lacks InterPro GPCR domains
TTRE3271	False	Encodes protein that lacks InterPro GPCR domains
TTRE3272	False	Encodes protein that lacks InterPro GPCR domains
TTRE3273	False	Encodes protein that lacks InterPro GPCR domains
TTRE3274	False	Encodes protein that lacks InterPro GPCR domains
TTRE3275	False	Encodes protein that lacks InterPro GPCR domains
TTRE3276	False	Encodes protein that lacks InterPro GPCR domains
TTRE3277	False	Encodes protein that lacks InterPro GPCR domains
TTRE3278	False	Encodes protein that lacks InterPro GPCR domains
TTRE3279	False	Encodes protein that lacks InterPro GPCR domains
TTRE328	False	Encodes protein that lacks InterPro GPCR domains
TTRE3280	False	Encodes protein that lacks InterPro GPCR domains
TTRE3281	False	Encodes protein that lacks InterPro GPCR domains
TTRE3282	False	Encodes protein that lacks InterPro GPCR domains
TTRE3283	False	Encodes protein that lacks InterPro GPCR domains
TTRE3284	False	Encodes protein that lacks InterPro GPCR domains
TTRE3285	False	Encodes protein that lacks InterPro GPCR domains
TTRE3286	False	Encodes protein that lacks InterPro GPCR domains
TTRE3287	False	Encodes protein that lacks InterPro GPCR domains
TTRE3288	False	Encodes protein that lacks InterPro GPCR domains
TTRE3289	False	Encodes protein that lacks InterPro GPCR domains
TTRE329	False	Encodes protein that lacks InterPro GPCR domains
TTRE3290	False	Encodes protein that lacks InterPro GPCR domains
TTRE3291	False	Encodes protein that lacks InterPro GPCR domains
TTRE3292	False	Encodes protein that lacks InterPro GPCR domains
TTRE3293	False	Encodes protein that lacks InterPro GPCR domains
TTRE3294	False	Encodes protein that lacks InterPro GPCR domains
TTRE3295	False	Encodes protein that lacks InterPro GPCR domains
TTRE3296	False	Encodes protein that lacks InterPro GPCR domains
TTRE3297	False	Encodes protein that lacks InterPro GPCR domains
TTRE3298	False	Encodes protein that lacks InterPro GPCR domains
TTRE3299	False	Encodes protein that lacks InterPro GPCR domains
TTRE33	False	Encodes protein that lacks InterPro GPCR domains
TTRE330	False	Encodes protein that lacks InterPro GPCR domains
TTRE3300	False	Encodes protein that lacks InterPro GPCR domains
TTRE3301	False	Encodes protein that lacks InterPro GPCR domains
TTRE3302	False	Encodes protein that lacks InterPro GPCR domains
TTRE3303	False	Encodes protein that lacks InterPro GPCR domains
TTRE3304	False	Encodes protein that lacks InterPro GPCR domains
TTRE3305	False	Encodes protein that lacks InterPro GPCR domains
TTRE3306	False	Encodes protein that lacks InterPro GPCR domains
TTRE3307	False	Encodes protein that lacks InterPro GPCR domains
TTRE3308	False	Encodes protein that lacks InterPro GPCR domains
TTRE3309	False	Encodes protein that lacks InterPro GPCR domains
TTRE331	False	Encodes protein that lacks InterPro GPCR domains
TTRE3310	False	Encodes protein that lacks InterPro GPCR domains
TTRE3311	False	Encodes protein that lacks InterPro GPCR domains
TTRE3312	False	Encodes protein that lacks InterPro GPCR domains
TTRE3313	False	Encodes protein that lacks InterPro GPCR domains
TTRE3314	False	Encodes protein that lacks InterPro GPCR domains
TTRE3315	False	Encodes protein that lacks InterPro GPCR domains
TTRE3316	False	Encodes protein that lacks InterPro GPCR domains
TTRE3317	False	Encodes protein that lacks InterPro GPCR domains
TTRE3318	False	Encodes protein that lacks InterPro GPCR domains
TTRE3319	False	Encodes protein that lacks InterPro GPCR domains
TTRE332	False	Encodes protein that lacks InterPro GPCR domains
TTRE3320	False	Encodes protein that lacks InterPro GPCR domains
TTRE3321	False	Encodes protein that lacks InterPro GPCR domains
TTRE3322	False	Encodes protein that lacks InterPro GPCR domains
TTRE3323	False	Encodes protein that lacks InterPro GPCR domains
TTRE3324	False	Encodes protein that lacks InterPro GPCR domains
TTRE3325	False	Encodes protein that lacks InterPro GPCR domains
TTRE3326	False	Encodes protein that lacks InterPro GPCR domains
TTRE3327	False	Encodes protein that lacks InterPro GPCR domains
TTRE3328	False	Encodes protein that lacks InterPro GPCR domains
TTRE3329	False	Encodes protein that lacks InterPro GPCR domains
TTRE3330	False	Encodes protein that lacks InterPro GPCR domains
TTRE3331	False	Encodes protein that lacks InterPro GPCR domains
TTRE3332	False	Encodes protein that lacks InterPro GPCR domains
TTRE3333	False	Encodes protein that lacks InterPro GPCR domains
TTRE3334	False	Encodes protein that lacks InterPro GPCR domains
TTRE3335	False	Encodes protein that lacks InterPro GPCR domains
TTRE3336	False	Encodes protein that lacks InterPro GPCR domains
TTRE3337	False	Encodes protein that lacks InterPro GPCR domains
TTRE3338	False	Encodes protein that lacks InterPro GPCR domains
TTRE3339	False	Encodes protein that lacks InterPro GPCR domains
TTRE334	False	Encodes protein that lacks InterPro GPCR domains
TTRE3340	False	Encodes protein that lacks InterPro GPCR domains
TTRE3341	False	Encodes protein that lacks InterPro GPCR domains
TTRE3342	False	Encodes protein that lacks InterPro GPCR domains
TTRE3343	False	Encodes protein that lacks InterPro GPCR domains
TTRE3344	False	Encodes protein that lacks InterPro GPCR domains
TTRE3345	False	Encodes protein that lacks InterPro GPCR domains
TTRE3346	False	Encodes protein that lacks InterPro GPCR domains
TTRE3347	False	Encodes protein that lacks InterPro GPCR domains
TTRE3348	False	Encodes protein that lacks InterPro GPCR domains
TTRE3349	False	Encodes protein that lacks InterPro GPCR domains
TTRE335	False	Encodes protein that lacks InterPro GPCR domains
TTRE3350	False	Encodes protein that lacks InterPro GPCR domains
TTRE3351	False	Encodes protein that lacks InterPro GPCR domains
TTRE3352	False	Encodes protein that lacks InterPro GPCR domains
TTRE3353	False	Encodes protein that lacks InterPro GPCR domains
TTRE3354	False	Encodes protein that lacks InterPro GPCR domains
TTRE3355	False	Encodes protein that lacks InterPro GPCR domains
TTRE3356	False	Encodes protein that lacks InterPro GPCR domains
TTRE3357	False	Encodes protein that lacks InterPro GPCR domains
TTRE3358	False	Encodes protein that lacks InterPro GPCR domains
TTRE3359	False	Encodes protein that lacks InterPro GPCR domains
TTRE336	False	Encodes protein that lacks InterPro GPCR domains
TTRE3360	False	Encodes protein that lacks InterPro GPCR domains
TTRE3361	False	Encodes protein that lacks InterPro GPCR domains
TTRE3362	False	Encodes protein that lacks InterPro GPCR domains
TTRE3363	False	Encodes protein that lacks InterPro GPCR domains
TTRE3364	False	Encodes protein that lacks InterPro GPCR domains
TTRE3365	False	Encodes protein that lacks InterPro GPCR domains
TTRE3366	False	Encodes protein that lacks InterPro GPCR domains
TTRE3367	False	Encodes protein that lacks InterPro GPCR domains
TTRE3368	False	Encodes protein that lacks InterPro GPCR domains
TTRE3369	False	Encodes protein that lacks InterPro GPCR domains
TTRE337	False	Encodes protein that lacks InterPro GPCR domains
TTRE3370	False	Encodes protein that lacks InterPro GPCR domains
TTRE3371	False	Encodes protein that lacks InterPro GPCR domains
TTRE3372	False	Encodes protein that lacks InterPro GPCR domains
TTRE3373	False	Encodes protein that lacks InterPro GPCR domains
TTRE3374	False	Encodes protein that lacks InterPro GPCR domains
TTRE3375	False	Encodes protein that lacks InterPro GPCR domains
TTRE3376	False	Encodes protein that lacks InterPro GPCR domains
TTRE3377	False	Encodes protein that lacks InterPro GPCR domains
TTRE3378	False	Encodes protein that lacks InterPro GPCR domains
TTRE3379	False	Encodes protein that lacks InterPro GPCR domains
TTRE338	False	Encodes protein that lacks InterPro GPCR domains
TTRE3380	True	Encodes protein with InterPro domain(s): IPR017452 - GPCR, rhodopsin-like, 7TM
TTRE3381	False	Encodes protein that lacks InterPro GPCR domains
TTRE3382	False	Encodes protein that lacks InterPro GPCR domains
TTRE3383	False	Encodes protein that lacks InterPro GPCR domains
TTRE3384	True	Encodes protein with InterPro domain(s): IPR000832 - GPCR, family 2, secretin-like; IPR017981 - GPCR, family 2-like, 7TM; IPR017983 - GPCR, family 2, secretin-like, conserved site
TTRE3385	False	Encodes protein that lacks InterPro GPCR domains
TTRE3386	False	Encodes protein that lacks InterPro GPCR domains
TTRE3387	False	Encodes protein that lacks InterPro GPCR domains
TTRE3388	False	Encodes protein that lacks InterPro GPCR domains
TTRE3389	False	Encodes protein that lacks InterPro GPCR domains
TTRE339	False	Encodes protein that lacks InterPro GPCR domains
TTRE3390	False	Encodes protein that lacks InterPro GPCR domains
TTRE3391	False	Encodes protein that lacks InterPro GPCR domains
TTRE3392	False	Encodes protein that lacks InterPro GPCR domains
TTRE3393	False	Encodes protein that lacks InterPro GPCR domains
TTRE3394	False	Encodes protein that lacks InterPro GPCR domains
TTRE3395	False	Encodes protein that lacks InterPro GPCR domains
TTRE3396	False	Encodes protein that lacks InterPro GPCR domains
TTRE3397	False	Encodes protein that lacks InterPro GPCR domains
TTRE3398	False	Encodes protein that lacks InterPro GPCR domains
TTRE34	False	Encodes protein that lacks InterPro GPCR domains
TTRE340	False	Encodes protein that lacks InterPro GPCR domains
TTRE3400	False	Encodes protein that lacks InterPro GPCR domains
TTRE3401	False	Encodes protein that lacks InterPro GPCR domains
TTRE3402	False	Encodes protein that lacks InterPro GPCR domains
TTRE3403	False	Encodes protein that lacks InterPro GPCR domains
TTRE3404	False	Encodes protein that lacks InterPro GPCR domains
TTRE3405	False	Encodes protein that lacks InterPro GPCR domains
TTRE3406	False	Encodes protein that lacks InterPro GPCR domains
TTRE3407	False	Encodes protein that lacks InterPro GPCR domains
TTRE3408	False	Encodes protein that lacks InterPro GPCR domains
TTRE3409	False	Encodes protein that lacks InterPro GPCR domains
TTRE341	False	Encodes protein that lacks InterPro GPCR domains
TTRE3410	False	Encodes protein that lacks InterPro GPCR domains
TTRE3411	False	Encodes protein that lacks InterPro GPCR domains
TTRE3412	False	Encodes protein that lacks InterPro GPCR domains
TTRE3413	False	Encodes protein that lacks InterPro GPCR domains
TTRE3414	False	Encodes protein that lacks InterPro GPCR domains
TTRE3415	True	Encodes protein with InterPro domain(s): IPR017452 - GPCR, rhodopsin-like, 7TM
TTRE3416	False	Encodes protein that lacks InterPro GPCR domains
TTRE3417	False	Encodes protein that lacks InterPro GPCR domains
TTRE3418	False	Encodes protein that lacks InterPro GPCR domains
TTRE3419	False	Encodes protein that lacks InterPro GPCR domains
TTRE342	False	Encodes protein that lacks InterPro GPCR domains
TTRE3420	False	Encodes protein that lacks InterPro GPCR domains
TTRE3421	False	Encodes protein that lacks InterPro GPCR domains
TTRE3422	False	Encodes protein that lacks InterPro GPCR domains
TTRE3423	False	Encodes protein that lacks InterPro GPCR domains
TTRE3424	False	Encodes protein that lacks InterPro GPCR domains
TTRE3425	False	Encodes protein that lacks InterPro GPCR domains
TTRE3426	False	Encodes protein that lacks InterPro GPCR domains
TTRE3427	False	Encodes protein that lacks InterPro GPCR domains
TTRE3428	False	Encodes protein that lacks InterPro GPCR domains
TTRE3429	False	Encodes protein that lacks InterPro GPCR domains
TTRE343	False	Encodes protein that lacks InterPro GPCR domains
TTRE3430	False	Encodes protein that lacks InterPro GPCR domains
TTRE3431	True	Encodes protein with InterPro domain(s): IPR017452 - GPCR, rhodopsin-like, 7TM
TTRE3432	False	Encodes protein that lacks InterPro GPCR domains
TTRE3433	False	Encodes protein that lacks InterPro GPCR domains
TTRE3434	False	Encodes protein that lacks InterPro GPCR domains
TTRE3435	False	Encodes protein that lacks InterPro GPCR domains
TTRE3436	False	Encodes protein that lacks InterPro GPCR domains
TTRE3437	False	Encodes protein that lacks InterPro GPCR domains
TTRE3438	False	Encodes protein that lacks InterPro GPCR domains
TTRE3439	False	Encodes protein that lacks InterPro GPCR domains
TTRE344	False	Encodes protein that lacks InterPro GPCR domains
TTRE3440	False	Encodes protein that lacks InterPro GPCR domains
TTRE3441	False	Encodes protein that lacks InterPro GPCR domains
TTRE3442	False	Encodes protein that lacks InterPro GPCR domains
TTRE3443	False	Encodes protein that lacks InterPro GPCR domains
TTRE3444	False	Encodes protein that lacks InterPro GPCR domains
TTRE3445	True	Encodes protein with InterPro domain(s): IPR000832 - GPCR, family 2, secretin-like; IPR001879 - GPCR, family 2, extracellular hormone receptor domain; IPR017981 - GPCR, family 2-like, 7TM; IPR036445 - GPCR family 2, extracellular hormone receptor domain superfamily
TTRE3446	False	Encodes protein that lacks InterPro GPCR domains
TTRE3447	False	Encodes protein that lacks InterPro GPCR domains
TTRE3448	False	Encodes protein that lacks InterPro GPCR domains
TTRE3449	False	Encodes protein that lacks InterPro GPCR domains
TTRE345	False	Encodes protein that lacks InterPro GPCR domains
TTRE3450	False	Encodes protein that lacks InterPro GPCR domains
TTRE3451	False	Encodes protein that lacks InterPro GPCR domains
TTRE3452	False	Encodes protein that lacks InterPro GPCR domains
TTRE3453	False	Encodes protein that lacks InterPro GPCR domains
TTRE3454	False	Encodes protein that lacks InterPro GPCR domains
TTRE3455	False	Encodes protein that lacks InterPro GPCR domains
TTRE3456	False	Encodes protein that lacks InterPro GPCR domains
TTRE3457	False	Encodes protein that lacks InterPro GPCR domains
TTRE3458	False	Encodes protein that lacks InterPro GPCR domains
TTRE3459	False	Encodes protein that lacks InterPro GPCR domains
TTRE346	False	Encodes protein that lacks InterPro GPCR domains
TTRE3460	False	Encodes protein that lacks InterPro GPCR domains
TTRE3461	False	Encodes protein that lacks InterPro GPCR domains
TTRE3462	False	Encodes protein that lacks InterPro GPCR domains
TTRE3463	False	Encodes protein that lacks InterPro GPCR domains
TTRE3464	True	Encodes protein with InterPro domain(s): IPR017452 - GPCR, rhodopsin-like, 7TM
TTRE3465	False	Encodes protein that lacks InterPro GPCR domains
TTRE3466	False	Encodes protein that lacks InterPro GPCR domains
TTRE3467	False	Encodes protein that lacks InterPro GPCR domains
TTRE3468	False	Encodes protein that lacks InterPro GPCR domains
TTRE3469	False	Encodes protein that lacks InterPro GPCR domains
TTRE347	False	Encodes protein that lacks InterPro GPCR domains
TTRE3470	False	Encodes protein that lacks InterPro GPCR domains
TTRE3471	False	Encodes protein that lacks InterPro GPCR domains
TTRE3472	False	Encodes protein that lacks InterPro GPCR domains
TTRE3473	False	Encodes protein that lacks InterPro GPCR domains
TTRE3474	False	Encodes protein that lacks InterPro GPCR domains
TTRE3475	False	Encodes protein that lacks InterPro GPCR domains
TTRE3476	False	Encodes protein that lacks InterPro GPCR domains
TTRE3477	False	Encodes protein that lacks InterPro GPCR domains
TTRE3478	False	Encodes protein that lacks InterPro GPCR domains
TTRE3479	False	Encodes protein that lacks InterPro GPCR domains
TTRE348	False	Encodes protein that lacks InterPro GPCR domains
TTRE3480	False	Encodes protein that lacks InterPro GPCR domains
TTRE3481	False	Encodes protein that lacks InterPro GPCR domains
TTRE3482	False	Encodes protein that lacks InterPro GPCR domains
TTRE3483	False	Encodes protein that lacks InterPro GPCR domains
TTRE3484	False	Encodes protein that lacks InterPro GPCR domains
TTRE3485	False	Encodes protein that lacks InterPro GPCR domains
TTRE3486	False	Encodes protein that lacks InterPro GPCR domains
TTRE3487	False	Encodes protein that lacks InterPro GPCR domains
TTRE3488	False	Encodes protein that lacks InterPro GPCR domains
TTRE3489	False	Encodes protein that lacks InterPro GPCR domains
TTRE349	False	Encodes protein that lacks InterPro GPCR domains
TTRE3490	False	Encodes protein that lacks InterPro GPCR domains
TTRE3491	False	Encodes protein that lacks InterPro GPCR domains
TTRE3492	False	Encodes protein that lacks InterPro GPCR domains
TTRE3493	False	Encodes protein that lacks InterPro GPCR domains
TTRE3494	False	Encodes protein that lacks InterPro GPCR domains
TTRE3495	False	Encodes protein that lacks InterPro GPCR domains
TTRE3496	False	Encodes protein that lacks InterPro GPCR domains
TTRE3497	False	Encodes protein that lacks InterPro GPCR domains
TTRE3498	False	Encodes protein that lacks InterPro GPCR domains
TTRE3499	False	Encodes protein that lacks InterPro GPCR domains
TTRE35	False	Encodes protein that lacks InterPro GPCR domains
TTRE350	False	Encodes protein that lacks InterPro GPCR domains
TTRE3500	False	Encodes protein that lacks InterPro GPCR domains
TTRE3501	False	Encodes protein that lacks InterPro GPCR domains
TTRE3502	False	Encodes protein that lacks InterPro GPCR domains
TTRE3503	False	Encodes protein that lacks InterPro GPCR domains
TTRE3504	False	Encodes protein that lacks InterPro GPCR domains
TTRE3505	False	Encodes protein that lacks InterPro GPCR domains
TTRE3506	False	Encodes protein that lacks InterPro GPCR domains
TTRE3507	False	Encodes protein that lacks InterPro GPCR domains
TTRE3508	False	Encodes protein that lacks InterPro GPCR domains
TTRE3509	False	Encodes protein that lacks InterPro GPCR domains
TTRE351	False	Encodes protein that lacks InterPro GPCR domains
TTRE3510	False	Encodes protein that lacks InterPro GPCR domains
TTRE3511	False	Encodes protein that lacks InterPro GPCR domains
TTRE3512	False	Encodes protein that lacks InterPro GPCR domains
TTRE3513	False	Encodes protein that lacks InterPro GPCR domains
TTRE3514	False	Encodes protein that lacks InterPro GPCR domains
TTRE3515	False	Encodes protein that lacks InterPro GPCR domains
TTRE3516	False	Encodes protein that lacks InterPro GPCR domains
TTRE3517	False	Encodes protein that lacks InterPro GPCR domains
TTRE3518	False	Encodes protein that lacks InterPro GPCR domains
TTRE3519	False	Encodes protein that lacks InterPro GPCR domains
TTRE352	False	Encodes protein that lacks InterPro GPCR domains
TTRE3520	False	Encodes protein that lacks InterPro GPCR domains
TTRE3521	False	Encodes protein that lacks InterPro GPCR domains
TTRE3522	False	Encodes protein that lacks InterPro GPCR domains
TTRE3523	False	Encodes protein that lacks InterPro GPCR domains
TTRE3524	False	Encodes protein that lacks InterPro GPCR domains
TTRE3525	False	Encodes protein that lacks InterPro GPCR domains
TTRE3526	False	Encodes protein that lacks InterPro GPCR domains
TTRE3527	False	Encodes protein that lacks InterPro GPCR domains
TTRE3528	False	Encodes protein that lacks InterPro GPCR domains
TTRE3529	False	Encodes protein that lacks InterPro GPCR domains
TTRE353	False	Encodes protein that lacks InterPro GPCR domains
TTRE3530	False	Encodes protein that lacks InterPro GPCR domains
TTRE3531	False	Encodes protein that lacks InterPro GPCR domains
TTRE3532	False	Encodes protein that lacks InterPro GPCR domains
TTRE3533	False	Encodes protein that lacks InterPro GPCR domains
TTRE3534	False	Encodes protein that lacks InterPro GPCR domains
TTRE3535	False	Encodes protein that lacks InterPro GPCR domains
TTRE3536	False	Encodes protein that lacks InterPro GPCR domains
TTRE3537	False	Encodes protein that lacks InterPro GPCR domains
TTRE3538	False	Encodes protein that lacks InterPro GPCR domains
TTRE3539	False	Encodes protein that lacks InterPro GPCR domains
TTRE354	False	Encodes protein that lacks InterPro GPCR domains
TTRE3540	False	Encodes protein that lacks InterPro GPCR domains
TTRE3541	False	Encodes protein that lacks InterPro GPCR domains
TTRE3542	False	Encodes protein that lacks InterPro GPCR domains
TTRE3543	False	Encodes protein that lacks InterPro GPCR domains
TTRE3544	False	Encodes protein that lacks InterPro GPCR domains
TTRE3545	False	Encodes protein that lacks InterPro GPCR domains
TTRE3546	False	Encodes protein that lacks InterPro GPCR domains
TTRE3547	False	Encodes protein that lacks InterPro GPCR domains
TTRE3548	False	Encodes protein that lacks InterPro GPCR domains
TTRE3549	False	Encodes protein that lacks InterPro GPCR domains
TTRE355	False	Encodes protein that lacks InterPro GPCR domains
TTRE3550	False	Encodes protein that lacks InterPro GPCR domains
TTRE3551	False	Encodes protein that lacks InterPro GPCR domains
TTRE3552	False	Encodes protein that lacks InterPro GPCR domains
TTRE3553	False	Encodes protein that lacks InterPro GPCR domains
TTRE3554	False	Encodes protein that lacks InterPro GPCR domains
TTRE3555	False	Encodes protein that lacks InterPro GPCR domains
TTRE3556	False	Encodes protein that lacks InterPro GPCR domains
TTRE3557	False	Encodes protein that lacks InterPro GPCR domains
TTRE3558	False	Encodes protein that lacks InterPro GPCR domains
TTRE3559	False	Encodes protein that lacks InterPro GPCR domains
TTRE356	False	Encodes protein that lacks InterPro GPCR domains
TTRE3560	False	Encodes protein that lacks InterPro GPCR domains
TTRE3561	False	Encodes protein that lacks InterPro GPCR domains
TTRE3562	False	Encodes protein that lacks InterPro GPCR domains
TTRE3563	False	Encodes protein that lacks InterPro GPCR domains
TTRE3564	False	Encodes protein that lacks InterPro GPCR domains
TTRE3565	False	Encodes protein that lacks InterPro GPCR domains
TTRE3566	False	Encodes protein that lacks InterPro GPCR domains
TTRE3567	False	Encodes protein that lacks InterPro GPCR domains
TTRE3568	False	Encodes protein that lacks InterPro GPCR domains
TTRE3569	False	Encodes protein that lacks InterPro GPCR domains
TTRE357	False	Encodes protein that lacks InterPro GPCR domains
TTRE3570	False	Encodes protein that lacks InterPro GPCR domains
TTRE3571	False	Encodes protein that lacks InterPro GPCR domains
TTRE3572	False	Encodes protein that lacks InterPro GPCR domains
TTRE3573	False	Encodes protein that lacks InterPro GPCR domains
TTRE3574	False	Encodes protein that lacks InterPro GPCR domains
TTRE3575	False	Encodes protein that lacks InterPro GPCR domains
TTRE3576	False	Encodes protein that lacks InterPro GPCR domains
TTRE3577	False	Encodes protein that lacks InterPro GPCR domains
TTRE3578	False	Encodes protein that lacks InterPro GPCR domains
TTRE3579	False	Encodes protein that lacks InterPro GPCR domains
TTRE358	False	Encodes protein that lacks InterPro GPCR domains
TTRE3580	False	Encodes protein that lacks InterPro GPCR domains
TTRE3581	False	Encodes protein that lacks InterPro GPCR domains
TTRE3582	False	Encodes protein that lacks InterPro GPCR domains
TTRE3583	False	Encodes protein that lacks InterPro GPCR domains
TTRE3584	False	Encodes protein that lacks InterPro GPCR domains
TTRE3585	False	Encodes protein that lacks InterPro GPCR domains
TTRE3586	False	Encodes protein that lacks InterPro GPCR domains
TTRE3587	False	Encodes protein that lacks InterPro GPCR domains
TTRE3588	False	Encodes protein that lacks InterPro GPCR domains
TTRE3589	False	Encodes protein that lacks InterPro GPCR domains
TTRE359	False	Encodes protein that lacks InterPro GPCR domains
TTRE3590	False	Encodes protein that lacks InterPro GPCR domains
TTRE3591	False	Encodes protein that lacks InterPro GPCR domains
TTRE3592	False	Encodes protein that lacks InterPro GPCR domains
TTRE3593	False	Encodes protein that lacks InterPro GPCR domains
TTRE3594	False	Encodes protein that lacks InterPro GPCR domains
TTRE3595	False	Encodes protein that lacks InterPro GPCR domains
TTRE3596	False	Encodes protein that lacks InterPro GPCR domains
TTRE3597	False	Encodes protein that lacks InterPro GPCR domains
TTRE3598	False	Encodes protein that lacks InterPro GPCR domains
TTRE3599	False	Encodes protein that lacks InterPro GPCR domains
TTRE36	False	Encodes protein that lacks InterPro GPCR domains
TTRE360	False	Encodes protein that lacks InterPro GPCR domains
TTRE3600	False	Encodes protein that lacks InterPro GPCR domains
TTRE3601	False	Encodes protein that lacks InterPro GPCR domains
TTRE3602	False	Encodes protein that lacks InterPro GPCR domains
TTRE3603	False	Encodes protein that lacks InterPro GPCR domains
TTRE3604	False	Encodes protein that lacks InterPro GPCR domains
TTRE3605	False	Encodes protein that lacks InterPro GPCR domains
TTRE3606	False	Encodes protein that lacks InterPro GPCR domains
TTRE3607	False	Encodes protein that lacks InterPro GPCR domains
TTRE3608	False	Encodes protein that lacks InterPro GPCR domains
TTRE3609	False	Encodes protein that lacks InterPro GPCR domains
TTRE361	False	Encodes protein that lacks InterPro GPCR domains
TTRE3610	False	Encodes protein that lacks InterPro GPCR domains
TTRE3611	False	Encodes protein that lacks InterPro GPCR domains
TTRE3612	False	Encodes protein that lacks InterPro GPCR domains
TTRE3613	False	Encodes protein that lacks InterPro GPCR domains
TTRE3614	False	Encodes protein that lacks InterPro GPCR domains
TTRE3615	False	Encodes protein that lacks InterPro GPCR domains
TTRE3616	False	Encodes protein that lacks InterPro GPCR domains
TTRE3617	False	Encodes protein that lacks InterPro GPCR domains
TTRE3618	False	Encodes protein that lacks InterPro GPCR domains
TTRE3619	False	Encodes protein that lacks InterPro GPCR domains
TTRE362	False	Encodes protein that lacks InterPro GPCR domains
TTRE3620	False	Encodes protein that lacks InterPro GPCR domains
TTRE3621	False	Encodes protein that lacks InterPro GPCR domains
TTRE3622	False	Encodes protein that lacks InterPro GPCR domains
TTRE3623	False	Encodes protein that lacks InterPro GPCR domains
TTRE3624	False	Encodes protein that lacks InterPro GPCR domains
TTRE3625	False	Encodes protein that lacks InterPro GPCR domains
TTRE3626	False	Encodes protein that lacks InterPro GPCR domains
TTRE3627	False	Encodes protein that lacks InterPro GPCR domains
TTRE3628	False	Encodes protein that lacks InterPro GPCR domains
TTRE3629	False	Encodes protein that lacks InterPro GPCR domains
TTRE363	False	Encodes protein that lacks InterPro GPCR domains
TTRE3630	False	Encodes protein that lacks InterPro GPCR domains
TTRE3631	False	Encodes protein that lacks InterPro GPCR domains
TTRE3632	False	Encodes protein that lacks InterPro GPCR domains
TTRE3633	False	Encodes protein that lacks InterPro GPCR domains
TTRE3634	False	Encodes protein that lacks InterPro GPCR domains
TTRE3635	False	Encodes protein that lacks InterPro GPCR domains
TTRE3636	False	Encodes protein that lacks InterPro GPCR domains
TTRE3637	False	Encodes protein that lacks InterPro GPCR domains
TTRE3638	False	Encodes protein that lacks InterPro GPCR domains
TTRE3639	False	Encodes protein that lacks InterPro GPCR domains
TTRE364	False	Encodes protein that lacks InterPro GPCR domains
TTRE3640	False	Encodes protein that lacks InterPro GPCR domains
TTRE3641	False	Encodes protein that lacks InterPro GPCR domains
TTRE3642	False	Encodes protein that lacks InterPro GPCR domains
TTRE3643	False	Encodes protein that lacks InterPro GPCR domains
TTRE3644	False	Encodes protein that lacks InterPro GPCR domains
TTRE3645	False	Encodes protein that lacks InterPro GPCR domains
TTRE3646	False	Encodes protein that lacks InterPro GPCR domains
TTRE3647	False	Encodes protein that lacks InterPro GPCR domains
TTRE3648	False	Encodes protein that lacks InterPro GPCR domains
TTRE3649	False	Encodes protein that lacks InterPro GPCR domains
TTRE365	False	Encodes protein that lacks InterPro GPCR domains
TTRE3650	False	Encodes protein that lacks InterPro GPCR domains
TTRE3651	False	Encodes protein that lacks InterPro GPCR domains
TTRE3652	False	Encodes protein that lacks InterPro GPCR domains
TTRE3653	False	Encodes protein that lacks InterPro GPCR domains
TTRE3654	False	Encodes protein that lacks InterPro GPCR domains
TTRE3655	False	Encodes protein that lacks InterPro GPCR domains
TTRE3656	False	Encodes protein that lacks InterPro GPCR domains
TTRE3657	False	Encodes protein that lacks InterPro GPCR domains
TTRE3658	False	Encodes protein that lacks InterPro GPCR domains
TTRE3659	False	Encodes protein that lacks InterPro GPCR domains
TTRE366	False	Encodes protein that lacks InterPro GPCR domains
TTRE3660	False	Encodes protein that lacks InterPro GPCR domains
TTRE3661	False	Encodes protein that lacks InterPro GPCR domains
TTRE3662	False	Encodes protein that lacks InterPro GPCR domains
TTRE3663	False	Encodes protein that lacks InterPro GPCR domains
TTRE3664	False	Encodes protein that lacks InterPro GPCR domains
TTRE3665	False	Encodes protein that lacks InterPro GPCR domains
TTRE3666	False	Encodes protein that lacks InterPro GPCR domains
TTRE3667	False	Encodes protein that lacks InterPro GPCR domains
TTRE3668	False	Encodes protein that lacks InterPro GPCR domains
TTRE3669	False	Encodes protein that lacks InterPro GPCR domains
TTRE367	False	Encodes protein that lacks InterPro GPCR domains
TTRE3670	False	Encodes protein that lacks InterPro GPCR domains
TTRE3671	False	Encodes protein that lacks InterPro GPCR domains
TTRE3672	False	Encodes protein that lacks InterPro GPCR domains
TTRE3673	False	Encodes protein that lacks InterPro GPCR domains
TTRE3674	False	Encodes protein that lacks InterPro GPCR domains
TTRE3675	False	Encodes protein that lacks InterPro GPCR domains
TTRE3676	False	Encodes protein that lacks InterPro GPCR domains
TTRE3677	False	Encodes protein that lacks InterPro GPCR domains
TTRE3678	False	Encodes protein that lacks InterPro GPCR domains
TTRE3679	False	Encodes protein that lacks InterPro GPCR domains
TTRE368	False	Encodes protein that lacks InterPro GPCR domains
TTRE3680	False	Encodes protein that lacks InterPro GPCR domains
TTRE3681	False	Encodes protein that lacks InterPro GPCR domains
TTRE3682	False	Encodes protein that lacks InterPro GPCR domains
TTRE3683	False	Encodes protein that lacks InterPro GPCR domains
TTRE3684	False	Encodes protein that lacks InterPro GPCR domains
TTRE3685	False	Encodes protein that lacks InterPro GPCR domains
TTRE3686	False	Encodes protein that lacks InterPro GPCR domains
TTRE3687	False	Encodes protein that lacks InterPro GPCR domains
TTRE3688	False	Encodes protein that lacks InterPro GPCR domains
TTRE3689	False	Encodes protein that lacks InterPro GPCR domains
TTRE369	False	Encodes protein that lacks InterPro GPCR domains
TTRE3690	False	Encodes protein that lacks InterPro GPCR domains
TTRE3691	False	Encodes protein that lacks InterPro GPCR domains
TTRE3692	False	Encodes protein that lacks InterPro GPCR domains
TTRE3693	False	Encodes protein that lacks InterPro GPCR domains
TTRE3694	False	Encodes protein that lacks InterPro GPCR domains
TTRE3695	False	Encodes protein that lacks InterPro GPCR domains
TTRE3696	False	Encodes protein that lacks InterPro GPCR domains
TTRE3697	False	Encodes protein that lacks InterPro GPCR domains
TTRE3698	False	Encodes protein that lacks InterPro GPCR domains
TTRE3699	False	Encodes protein that lacks InterPro GPCR domains
TTRE37	False	Encodes protein that lacks InterPro GPCR domains
TTRE370	False	Encodes protein that lacks InterPro GPCR domains
TTRE3700	False	Encodes protein that lacks InterPro GPCR domains
TTRE3701	False	Encodes protein that lacks InterPro GPCR domains
TTRE3702	False	Encodes protein that lacks InterPro GPCR domains
TTRE3703	False	Encodes protein that lacks InterPro GPCR domains
TTRE3704	False	Encodes protein that lacks InterPro GPCR domains
TTRE3705	False	Encodes protein that lacks InterPro GPCR domains
TTRE3706	False	Encodes protein that lacks InterPro GPCR domains
TTRE3707	False	Encodes protein that lacks InterPro GPCR domains
TTRE3708	False	Encodes protein that lacks InterPro GPCR domains
TTRE3709	False	Encodes protein that lacks InterPro GPCR domains
TTRE371	False	Encodes protein that lacks InterPro GPCR domains
TTRE3710	False	Encodes protein that lacks InterPro GPCR domains
TTRE3711	False	Encodes protein that lacks InterPro GPCR domains
TTRE3712	False	Encodes protein that lacks InterPro GPCR domains
TTRE3713	False	Encodes protein that lacks InterPro GPCR domains
TTRE3714	False	Encodes protein that lacks InterPro GPCR domains
TTRE3715	False	Encodes protein that lacks InterPro GPCR domains
TTRE3716	False	Encodes protein that lacks InterPro GPCR domains
TTRE3717	False	Encodes protein that lacks InterPro GPCR domains
TTRE3718	False	Encodes protein that lacks InterPro GPCR domains
TTRE3719	False	Encodes protein that lacks InterPro GPCR domains
TTRE372	False	Encodes protein that lacks InterPro GPCR domains
TTRE3720	False	Encodes protein that lacks InterPro GPCR domains
TTRE3721	False	Encodes protein that lacks InterPro GPCR domains
TTRE3722	False	Encodes protein that lacks InterPro GPCR domains
TTRE3723	False	Encodes protein that lacks InterPro GPCR domains
TTRE3724	False	Encodes protein that lacks InterPro GPCR domains
TTRE3725	False	Encodes protein that lacks InterPro GPCR domains
TTRE3726	False	Encodes protein that lacks InterPro GPCR domains
TTRE3727	False	Encodes protein that lacks InterPro GPCR domains
TTRE3728	False	Encodes protein that lacks InterPro GPCR domains
TTRE3729	False	Encodes protein that lacks InterPro GPCR domains
TTRE373	False	Encodes protein that lacks InterPro GPCR domains
TTRE3730	False	Encodes protein that lacks InterPro GPCR domains
TTRE3731	False	Encodes protein that lacks InterPro GPCR domains
TTRE3732	False	Encodes protein that lacks InterPro GPCR domains
TTRE3733	False	Encodes protein that lacks InterPro GPCR domains
TTRE3734	False	Encodes protein that lacks InterPro GPCR domains
TTRE3735	False	Encodes protein that lacks InterPro GPCR domains
TTRE3736	False	Encodes protein that lacks InterPro GPCR domains
TTRE3737	False	Encodes protein that lacks InterPro GPCR domains
TTRE3738	False	Encodes protein that lacks InterPro GPCR domains
TTRE3739	False	Encodes protein that lacks InterPro GPCR domains
TTRE374	False	Encodes protein that lacks InterPro GPCR domains
TTRE3740	False	Encodes protein that lacks InterPro GPCR domains
TTRE3741	False	Encodes protein that lacks InterPro GPCR domains
TTRE3742	False	Encodes protein that lacks InterPro GPCR domains
TTRE3743	False	Encodes protein that lacks InterPro GPCR domains
TTRE3744	False	Encodes protein that lacks InterPro GPCR domains
TTRE3745	False	Encodes protein that lacks InterPro GPCR domains
TTRE3746	False	Encodes protein that lacks InterPro GPCR domains
TTRE3747	False	Encodes protein that lacks InterPro GPCR domains
TTRE3748	False	Encodes protein that lacks InterPro GPCR domains
TTRE3749	False	Encodes protein that lacks InterPro GPCR domains
TTRE375	False	Encodes protein that lacks InterPro GPCR domains
TTRE3750	False	Encodes protein that lacks InterPro GPCR domains
TTRE3751	False	Encodes protein that lacks InterPro GPCR domains
TTRE3752	False	Encodes protein that lacks InterPro GPCR domains
TTRE3753	False	Encodes protein that lacks InterPro GPCR domains
TTRE3754	False	Encodes protein that lacks InterPro GPCR domains
TTRE3755	False	Encodes protein that lacks InterPro GPCR domains
TTRE3756	False	Encodes protein that lacks InterPro GPCR domains
TTRE3757	False	Encodes protein that lacks InterPro GPCR domains
TTRE3758	False	Encodes protein that lacks InterPro GPCR domains
TTRE3759	False	Encodes protein that lacks InterPro GPCR domains
TTRE376	False	Encodes protein that lacks InterPro GPCR domains
TTRE3760	False	Encodes protein that lacks InterPro GPCR domains
TTRE3761	False	Encodes protein that lacks InterPro GPCR domains
TTRE3762	False	Encodes protein that lacks InterPro GPCR domains
TTRE3763	False	Encodes protein that lacks InterPro GPCR domains
TTRE3764	False	Encodes protein that lacks InterPro GPCR domains
TTRE3765	False	Encodes protein that lacks InterPro GPCR domains
TTRE3766	False	Encodes protein that lacks InterPro GPCR domains
TTRE3767	False	Encodes protein that lacks InterPro GPCR domains
TTRE3768	False	Encodes protein that lacks InterPro GPCR domains
TTRE3769	False	Encodes protein that lacks InterPro GPCR domains
TTRE377	False	Encodes protein that lacks InterPro GPCR domains
TTRE3770	False	Encodes protein that lacks InterPro GPCR domains
TTRE3771	False	Encodes protein that lacks InterPro GPCR domains
TTRE3772	False	Encodes protein that lacks InterPro GPCR domains
TTRE3773	False	Encodes protein that lacks InterPro GPCR domains
TTRE3774	False	Encodes protein that lacks InterPro GPCR domains
TTRE3775	False	Encodes protein that lacks InterPro GPCR domains
TTRE3776	False	Encodes protein that lacks InterPro GPCR domains
TTRE3777	False	Encodes protein that lacks InterPro GPCR domains
TTRE3778	False	Encodes protein that lacks InterPro GPCR domains
TTRE3779	False	Encodes protein that lacks InterPro GPCR domains
TTRE378	False	Encodes protein that lacks InterPro GPCR domains
TTRE3780	False	Encodes protein that lacks InterPro GPCR domains
TTRE3781	False	Encodes protein that lacks InterPro GPCR domains
TTRE3782	False	Encodes protein that lacks InterPro GPCR domains
TTRE3783	False	Encodes protein that lacks InterPro GPCR domains
TTRE3784	False	Encodes protein that lacks InterPro GPCR domains
TTRE3785	False	Encodes protein that lacks InterPro GPCR domains
TTRE3786	False	Encodes protein that lacks InterPro GPCR domains
TTRE3787	False	Encodes protein that lacks InterPro GPCR domains
TTRE3788	False	Encodes protein that lacks InterPro GPCR domains
TTRE3789	False	Encodes protein that lacks InterPro GPCR domains
TTRE379	False	Encodes protein that lacks InterPro GPCR domains
TTRE3790	False	Encodes protein that lacks InterPro GPCR domains
TTRE3791	False	Encodes protein that lacks InterPro GPCR domains
TTRE3792	False	Encodes protein that lacks InterPro GPCR domains
TTRE3793	False	Encodes protein that lacks InterPro GPCR domains
TTRE3794	False	Encodes protein that lacks InterPro GPCR domains
TTRE3795	False	Encodes protein that lacks InterPro GPCR domains
TTRE3796	False	Encodes protein that lacks InterPro GPCR domains
TTRE3797	False	Encodes protein that lacks InterPro GPCR domains
TTRE3798	False	Encodes protein that lacks InterPro GPCR domains
TTRE3799	False	Encodes protein that lacks InterPro GPCR domains
TTRE38	False	Encodes protein that lacks InterPro GPCR domains
TTRE380	False	Encodes protein that lacks InterPro GPCR domains
TTRE3800	False	Encodes protein that lacks InterPro GPCR domains
TTRE3801	False	Encodes protein that lacks InterPro GPCR domains
TTRE3802	False	Encodes protein that lacks InterPro GPCR domains
TTRE3803	False	Encodes protein that lacks InterPro GPCR domains
TTRE3804	False	Encodes protein that lacks InterPro GPCR domains
TTRE3805	False	Encodes protein that lacks InterPro GPCR domains
TTRE3806	False	Encodes protein that lacks InterPro GPCR domains
TTRE3807	False	Encodes protein that lacks InterPro GPCR domains
TTRE3808	False	Encodes protein that lacks InterPro GPCR domains
TTRE3809	False	Encodes protein that lacks InterPro GPCR domains
TTRE381	False	Encodes protein that lacks InterPro GPCR domains
TTRE3810	False	Encodes protein that lacks InterPro GPCR domains
TTRE3811	False	Encodes protein that lacks InterPro GPCR domains
TTRE3812	False	Encodes protein that lacks InterPro GPCR domains
TTRE3813	False	Encodes protein that lacks InterPro GPCR domains
TTRE3814	False	Encodes protein that lacks InterPro GPCR domains
TTRE3815	False	Encodes protein that lacks InterPro GPCR domains
TTRE3816	False	Encodes protein that lacks InterPro GPCR domains
TTRE3817	False	Encodes protein that lacks InterPro GPCR domains
TTRE3818	False	Encodes protein that lacks InterPro GPCR domains
TTRE3819	False	Encodes protein that lacks InterPro GPCR domains
TTRE382	False	Encodes protein that lacks InterPro GPCR domains
TTRE3820	False	Encodes protein that lacks InterPro GPCR domains
TTRE3821	False	Encodes protein that lacks InterPro GPCR domains
TTRE3822	False	Encodes protein that lacks InterPro GPCR domains
TTRE3823	False	Encodes protein that lacks InterPro GPCR domains
TTRE3824	False	Encodes protein that lacks InterPro GPCR domains
TTRE3825	False	Encodes protein that lacks InterPro GPCR domains
TTRE3826	False	Encodes protein that lacks InterPro GPCR domains
TTRE3827	False	Encodes protein that lacks InterPro GPCR domains
TTRE3828	False	Encodes protein that lacks InterPro GPCR domains
TTRE3829	False	Encodes protein that lacks InterPro GPCR domains
TTRE383	False	Encodes protein that lacks InterPro GPCR domains
TTRE3830	False	Encodes protein that lacks InterPro GPCR domains
TTRE3831	False	Encodes protein that lacks InterPro GPCR domains
TTRE3832	False	Encodes protein that lacks InterPro GPCR domains
TTRE3833	False	Encodes protein that lacks InterPro GPCR domains
TTRE3834	False	Encodes protein that lacks InterPro GPCR domains
TTRE3835	False	Encodes protein that lacks InterPro GPCR domains
TTRE3836	False	Encodes protein that lacks InterPro GPCR domains
TTRE3837	False	Encodes protein that lacks InterPro GPCR domains
TTRE3838	False	Encodes protein that lacks InterPro GPCR domains
TTRE3839	False	Encodes protein that lacks InterPro GPCR domains
TTRE384	False	Encodes protein that lacks InterPro GPCR domains
TTRE3840	False	Encodes protein that lacks InterPro GPCR domains
TTRE3841	False	Encodes protein that lacks InterPro GPCR domains
TTRE3842	False	Encodes protein that lacks InterPro GPCR domains
TTRE3843	False	Encodes protein that lacks InterPro GPCR domains
TTRE3844	False	Encodes protein that lacks InterPro GPCR domains
TTRE3845	False	Encodes protein that lacks InterPro GPCR domains
TTRE3846	False	Encodes protein that lacks InterPro GPCR domains
TTRE3847	False	Encodes protein that lacks InterPro GPCR domains
TTRE3848	False	Encodes protein that lacks InterPro GPCR domains
TTRE3849	False	Encodes protein that lacks InterPro GPCR domains
TTRE385	False	Encodes protein that lacks InterPro GPCR domains
TTRE3850	False	Encodes protein that lacks InterPro GPCR domains
TTRE3851	False	Encodes protein that lacks InterPro GPCR domains
TTRE3852	False	Encodes protein that lacks InterPro GPCR domains
TTRE3853	False	Encodes protein that lacks InterPro GPCR domains
TTRE3854	False	Encodes protein that lacks InterPro GPCR domains
TTRE3855	False	Encodes protein that lacks InterPro GPCR domains
TTRE3856	False	Encodes protein that lacks InterPro GPCR domains
TTRE3857	False	Encodes protein that lacks InterPro GPCR domains
TTRE3858	False	Encodes protein that lacks InterPro GPCR domains
TTRE3859	False	Encodes protein that lacks InterPro GPCR domains
TTRE386	False	Encodes protein that lacks InterPro GPCR domains
TTRE3860	False	Encodes protein that lacks InterPro GPCR domains
TTRE3861	False	Encodes protein that lacks InterPro GPCR domains
TTRE3862	False	Encodes protein that lacks InterPro GPCR domains
TTRE3863	False	Encodes protein that lacks InterPro GPCR domains
TTRE3864	False	Encodes protein that lacks InterPro GPCR domains
TTRE3865	False	Encodes protein that lacks InterPro GPCR domains
TTRE3866	False	Encodes protein that lacks InterPro GPCR domains
TTRE3867	False	Encodes protein that lacks InterPro GPCR domains
TTRE3868	False	Encodes protein that lacks InterPro GPCR domains
TTRE3869	False	Encodes protein that lacks InterPro GPCR domains
TTRE387	False	Encodes protein that lacks InterPro GPCR domains
TTRE3870	False	Encodes protein that lacks InterPro GPCR domains
TTRE3871	False	Encodes protein that lacks InterPro GPCR domains
TTRE3872	False	Encodes protein that lacks InterPro GPCR domains
TTRE3873	False	Encodes protein that lacks InterPro GPCR domains
TTRE3874	False	Encodes protein that lacks InterPro GPCR domains
TTRE3875	False	Encodes protein that lacks InterPro GPCR domains
TTRE3876	False	Encodes protein that lacks InterPro GPCR domains
TTRE3877	False	Encodes protein that lacks InterPro GPCR domains
TTRE3878	False	Encodes protein that lacks InterPro GPCR domains
TTRE3879	False	Encodes protein that lacks InterPro GPCR domains
TTRE388	False	Encodes protein that lacks InterPro GPCR domains
TTRE3880	False	Encodes protein that lacks InterPro GPCR domains
TTRE3881	False	Encodes protein that lacks InterPro GPCR domains
TTRE3882	False	Encodes protein that lacks InterPro GPCR domains
TTRE3883	False	Encodes protein that lacks InterPro GPCR domains
TTRE3884	False	Encodes protein that lacks InterPro GPCR domains
TTRE3885	False	Encodes protein that lacks InterPro GPCR domains
TTRE3886	False	Encodes protein that lacks InterPro GPCR domains
TTRE3887	False	Encodes protein that lacks InterPro GPCR domains
TTRE3888	False	Encodes protein that lacks InterPro GPCR domains
TTRE3889	False	Encodes protein that lacks InterPro GPCR domains
TTRE389	False	Encodes protein that lacks InterPro GPCR domains
TTRE3890	False	Encodes protein that lacks InterPro GPCR domains
TTRE3891	False	Encodes protein that lacks InterPro GPCR domains
TTRE3892	False	Encodes protein that lacks InterPro GPCR domains
TTRE3893	False	Encodes protein that lacks InterPro GPCR domains
TTRE3894	False	Encodes protein that lacks InterPro GPCR domains
TTRE3895	False	Encodes protein that lacks InterPro GPCR domains
TTRE3896	False	Encodes protein that lacks InterPro GPCR domains
TTRE3897	False	Encodes protein that lacks InterPro GPCR domains
TTRE3898	False	Encodes protein that lacks InterPro GPCR domains
TTRE3899	False	Encodes protein that lacks InterPro GPCR domains
TTRE39	False	Encodes protein that lacks InterPro GPCR domains
TTRE390	False	Encodes protein that lacks InterPro GPCR domains
TTRE3900	False	Encodes protein that lacks InterPro GPCR domains
TTRE3901	False	Encodes protein that lacks InterPro GPCR domains
TTRE3902	False	Encodes protein that lacks InterPro GPCR domains
TTRE3903	False	Encodes protein that lacks InterPro GPCR domains
TTRE3904	False	Encodes protein that lacks InterPro GPCR domains
TTRE3905	True	Encodes protein with InterPro domain(s): IPR017452 - GPCR, rhodopsin-like, 7TM
TTRE3906	False	Encodes protein that lacks InterPro GPCR domains
TTRE3907	False	Encodes protein that lacks InterPro GPCR domains
TTRE3908	False	Encodes protein that lacks InterPro GPCR domains
TTRE3909	False	Encodes protein that lacks InterPro GPCR domains
TTRE391	False	Encodes protein that lacks InterPro GPCR domains
TTRE3910	False	Encodes protein that lacks InterPro GPCR domains
TTRE3911	False	Encodes protein that lacks InterPro GPCR domains
TTRE3912	False	Encodes protein that lacks InterPro GPCR domains
TTRE3913	False	Encodes protein that lacks InterPro GPCR domains
TTRE3914	False	Encodes protein that lacks InterPro GPCR domains
TTRE3915	False	Encodes protein that lacks InterPro GPCR domains
TTRE3916	False	Encodes protein that lacks InterPro GPCR domains
TTRE3917	False	Encodes protein that lacks InterPro GPCR domains
TTRE3918	False	Encodes protein that lacks InterPro GPCR domains
TTRE3919	False	Encodes protein that lacks InterPro GPCR domains
TTRE392	False	Encodes protein that lacks InterPro GPCR domains
TTRE3920	False	Encodes protein that lacks InterPro GPCR domains
TTRE3921	False	Encodes protein that lacks InterPro GPCR domains
TTRE3922	False	Encodes protein that lacks InterPro GPCR domains
TTRE3923	False	Encodes protein that lacks InterPro GPCR domains
TTRE3924	False	Encodes protein that lacks InterPro GPCR domains
TTRE3925	False	Encodes protein that lacks InterPro GPCR domains
TTRE3926	False	Encodes protein that lacks InterPro GPCR domains
TTRE3927	False	Encodes protein that lacks InterPro GPCR domains
TTRE3928	False	Encodes protein that lacks InterPro GPCR domains
TTRE3929	False	Encodes protein that lacks InterPro GPCR domains
TTRE393	False	Encodes protein that lacks InterPro GPCR domains
TTRE3930	False	Encodes protein that lacks InterPro GPCR domains
TTRE3931	False	Encodes protein that lacks InterPro GPCR domains
TTRE3932	False	Encodes protein that lacks InterPro GPCR domains
TTRE3933	False	Encodes protein that lacks InterPro GPCR domains
TTRE3934	False	Encodes protein that lacks InterPro GPCR domains
TTRE3935	False	Encodes protein that lacks InterPro GPCR domains
TTRE3936	False	Encodes protein that lacks InterPro GPCR domains
TTRE3937	False	Encodes protein that lacks InterPro GPCR domains
TTRE3938	False	Encodes protein that lacks InterPro GPCR domains
TTRE3939	False	Encodes protein that lacks InterPro GPCR domains
TTRE394	False	Encodes protein that lacks InterPro GPCR domains
TTRE3940	False	Encodes protein that lacks InterPro GPCR domains
TTRE3941	True	Encodes protein with InterPro domain(s): IPR017452 - GPCR, rhodopsin-like, 7TM
TTRE3942	False	Encodes protein that lacks InterPro GPCR domains
TTRE3943	False	Encodes protein that lacks InterPro GPCR domains
TTRE3944	False	Encodes protein that lacks InterPro GPCR domains
TTRE3945	False	Encodes protein that lacks InterPro GPCR domains
TTRE3946	False	Encodes protein that lacks InterPro GPCR domains
TTRE3947	False	Encodes protein that lacks InterPro GPCR domains
TTRE3948	False	Encodes protein that lacks InterPro GPCR domains
TTRE3949	False	Encodes protein that lacks InterPro GPCR domains
TTRE395	False	Encodes protein that lacks InterPro GPCR domains
TTRE3950	False	Encodes protein that lacks InterPro GPCR domains
TTRE3951	False	Encodes protein that lacks InterPro GPCR domains
TTRE3952	False	Encodes protein that lacks InterPro GPCR domains
TTRE3953	False	Encodes protein that lacks InterPro GPCR domains
TTRE3954	False	Encodes protein that lacks InterPro GPCR domains
TTRE3955	False	Encodes protein that lacks InterPro GPCR domains
TTRE3956	False	Encodes protein that lacks InterPro GPCR domains
TTRE3957	False	Encodes protein that lacks InterPro GPCR domains
TTRE3958	False	Encodes protein that lacks InterPro GPCR domains
TTRE3959	False	Encodes protein that lacks InterPro GPCR domains
TTRE396	False	Encodes protein that lacks InterPro GPCR domains
TTRE3960	False	Encodes protein that lacks InterPro GPCR domains
TTRE3961	False	Encodes protein that lacks InterPro GPCR domains
TTRE3962	False	Encodes protein that lacks InterPro GPCR domains
TTRE3963	False	Encodes protein that lacks InterPro GPCR domains
TTRE3964	False	Encodes protein that lacks InterPro GPCR domains
TTRE3965	False	Encodes protein that lacks InterPro GPCR domains
TTRE3966	False	Encodes protein that lacks InterPro GPCR domains
TTRE3967	False	Encodes protein that lacks InterPro GPCR domains
TTRE3968	False	Encodes protein that lacks InterPro GPCR domains
TTRE3969	False	Encodes protein that lacks InterPro GPCR domains
TTRE397	False	Encodes protein that lacks InterPro GPCR domains
TTRE3970	False	Encodes protein that lacks InterPro GPCR domains
TTRE3971	False	Encodes protein that lacks InterPro GPCR domains
TTRE3972	False	Encodes protein that lacks InterPro GPCR domains
TTRE3973	False	Encodes protein that lacks InterPro GPCR domains
TTRE3974	False	Encodes protein that lacks InterPro GPCR domains
TTRE3975	False	Encodes protein that lacks InterPro GPCR domains
TTRE3976	False	Encodes protein that lacks InterPro GPCR domains
TTRE3977	False	Encodes protein that lacks InterPro GPCR domains
TTRE3978	False	Encodes protein that lacks InterPro GPCR domains
TTRE3979	False	Encodes protein that lacks InterPro GPCR domains
TTRE398	False	Encodes protein that lacks InterPro GPCR domains
TTRE3980	False	Encodes protein that lacks InterPro GPCR domains
TTRE3981	False	Encodes protein that lacks InterPro GPCR domains
TTRE3982	False	Encodes protein that lacks InterPro GPCR domains
TTRE3983	False	Encodes protein that lacks InterPro GPCR domains
TTRE3984	False	Encodes protein that lacks InterPro GPCR domains
TTRE3985	False	Encodes protein that lacks InterPro GPCR domains
TTRE3986	False	Encodes protein that lacks InterPro GPCR domains
TTRE3987	False	Encodes protein that lacks InterPro GPCR domains
TTRE3988	False	Encodes protein that lacks InterPro GPCR domains
TTRE3989	False	Encodes protein that lacks InterPro GPCR domains
TTRE399	False	Encodes protein that lacks InterPro GPCR domains
TTRE3990	False	Encodes protein that lacks InterPro GPCR domains
TTRE3991	False	Encodes protein that lacks InterPro GPCR domains
TTRE3992	False	Encodes protein that lacks InterPro GPCR domains
TTRE3993	False	Encodes protein that lacks InterPro GPCR domains
TTRE3994	False	Encodes protein that lacks InterPro GPCR domains
TTRE3995	False	Encodes protein that lacks InterPro GPCR domains
TTRE3996	False	Encodes protein that lacks InterPro GPCR domains
TTRE3997	False	Encodes protein that lacks InterPro GPCR domains
TTRE3998	False	Encodes protein that lacks InterPro GPCR domains
TTRE3999	False	Encodes protein that lacks InterPro GPCR domains
TTRE4	False	Encodes protein that lacks InterPro GPCR domains
TTRE40	False	Encodes protein that lacks InterPro GPCR domains
TTRE400	False	Encodes protein that lacks InterPro GPCR domains
TTRE4000	False	Encodes protein that lacks InterPro GPCR domains
TTRE4001	False	Encodes protein that lacks InterPro GPCR domains
TTRE4002	False	Encodes protein that lacks InterPro GPCR domains
TTRE4003	False	Encodes protein that lacks InterPro GPCR domains
TTRE4004	False	Encodes protein that lacks InterPro GPCR domains
TTRE4005	False	Encodes protein that lacks InterPro GPCR domains
TTRE4006	False	Encodes protein that lacks InterPro GPCR domains
TTRE4007	False	Encodes protein that lacks InterPro GPCR domains
TTRE4008	False	Encodes protein that lacks InterPro GPCR domains
TTRE4009	False	Encodes protein that lacks InterPro GPCR domains
TTRE401	False	Encodes protein that lacks InterPro GPCR domains
TTRE4010	False	Encodes protein that lacks InterPro GPCR domains
TTRE4011	False	Encodes protein that lacks InterPro GPCR domains
TTRE4012	False	Encodes protein that lacks InterPro GPCR domains
TTRE4013	False	Encodes protein that lacks InterPro GPCR domains
TTRE4014	False	Encodes protein that lacks InterPro GPCR domains
TTRE4015	False	Encodes protein that lacks InterPro GPCR domains
TTRE4016	False	Encodes protein that lacks InterPro GPCR domains
TTRE4017	False	Encodes protein that lacks InterPro GPCR domains
TTRE4018	False	Encodes protein that lacks InterPro GPCR domains
TTRE4019	True	Encodes protein with InterPro domain(s): IPR001879 - GPCR, family 2, extracellular hormone receptor domain; IPR036445 - GPCR family 2, extracellular hormone receptor domain superfamily
TTRE402	False	Encodes protein that lacks InterPro GPCR domains
TTRE4020	False	Encodes protein that lacks InterPro GPCR domains
TTRE4021	False	Encodes protein that lacks InterPro GPCR domains
TTRE4022	False	Encodes protein that lacks InterPro GPCR domains
TTRE4023	False	Encodes protein that lacks InterPro GPCR domains
TTRE4024	False	Encodes protein that lacks InterPro GPCR domains
TTRE4025	False	Encodes protein that lacks InterPro GPCR domains
TTRE4026	False	Encodes protein that lacks InterPro GPCR domains
TTRE4027	False	Encodes protein that lacks InterPro GPCR domains
TTRE4028	False	Encodes protein that lacks InterPro GPCR domains
TTRE4029	False	Encodes protein that lacks InterPro GPCR domains
TTRE403	False	Encodes protein that lacks InterPro GPCR domains
TTRE4030	False	Encodes protein that lacks InterPro GPCR domains
TTRE4031	False	Encodes protein that lacks InterPro GPCR domains
TTRE4032	False	Encodes protein that lacks InterPro GPCR domains
TTRE4033	False	Encodes protein that lacks InterPro GPCR domains
TTRE4034	False	Encodes protein that lacks InterPro GPCR domains
TTRE4035	False	Encodes protein that lacks InterPro GPCR domains
TTRE4036	False	Encodes protein that lacks InterPro GPCR domains
TTRE4037	False	Encodes protein that lacks InterPro GPCR domains
TTRE4038	False	Encodes protein that lacks InterPro GPCR domains
TTRE4039	False	Encodes protein that lacks InterPro GPCR domains
TTRE404	False	Encodes protein that lacks InterPro GPCR domains
TTRE4040	False	Encodes protein that lacks InterPro GPCR domains
TTRE4041	False	Encodes protein that lacks InterPro GPCR domains
TTRE4042	False	Encodes protein that lacks InterPro GPCR domains
TTRE4043	False	Encodes protein that lacks InterPro GPCR domains
TTRE4044	False	Encodes protein that lacks InterPro GPCR domains
TTRE4045	False	Encodes protein that lacks InterPro GPCR domains
TTRE4046	False	Encodes protein that lacks InterPro GPCR domains
TTRE4047	False	Encodes protein that lacks InterPro GPCR domains
TTRE4048	False	Encodes protein that lacks InterPro GPCR domains
TTRE4049	False	Encodes protein that lacks InterPro GPCR domains
TTRE405	False	Encodes protein that lacks InterPro GPCR domains
TTRE4050	False	Encodes protein that lacks InterPro GPCR domains
TTRE4051	False	Encodes protein that lacks InterPro GPCR domains
TTRE4052	False	Encodes protein that lacks InterPro GPCR domains
TTRE4053	False	Encodes protein that lacks InterPro GPCR domains
TTRE4054	False	Encodes protein that lacks InterPro GPCR domains
TTRE4055	False	Encodes protein that lacks InterPro GPCR domains
TTRE4056	False	Encodes protein that lacks InterPro GPCR domains
TTRE4057	False	Encodes protein that lacks InterPro GPCR domains
TTRE4058	False	Encodes protein that lacks InterPro GPCR domains
TTRE4059	False	Encodes protein that lacks InterPro GPCR domains
TTRE406	False	Encodes protein that lacks InterPro GPCR domains
TTRE4060	False	Encodes protein that lacks InterPro GPCR domains
TTRE4061	False	Encodes protein that lacks InterPro GPCR domains
TTRE4062	False	Encodes protein that lacks InterPro GPCR domains
TTRE4063	False	Encodes protein that lacks InterPro GPCR domains
TTRE4064	False	Encodes protein that lacks InterPro GPCR domains
TTRE4065	False	Encodes protein that lacks InterPro GPCR domains
TTRE4066	False	Encodes protein that lacks InterPro GPCR domains
TTRE4067	False	Encodes protein that lacks InterPro GPCR domains
TTRE4068	False	Encodes protein that lacks InterPro GPCR domains
TTRE4069	False	Encodes protein that lacks InterPro GPCR domains
TTRE407	True	Encodes protein with InterPro domain(s): IPR019424 - Serpentine type 7TM GPCR chemoreceptor Srsx
TTRE4070	False	Encodes protein that lacks InterPro GPCR domains
TTRE4071	False	Encodes protein that lacks InterPro GPCR domains
TTRE4072	False	Encodes protein that lacks InterPro GPCR domains
TTRE4073	False	Encodes protein that lacks InterPro GPCR domains
TTRE4074	False	Encodes protein that lacks InterPro GPCR domains
TTRE4075	False	Encodes protein that lacks InterPro GPCR domains
TTRE4076	False	Encodes protein that lacks InterPro GPCR domains
TTRE4077	False	Encodes protein that lacks InterPro GPCR domains
TTRE4078	False	Encodes protein that lacks InterPro GPCR domains
TTRE4079	False	Encodes protein that lacks InterPro GPCR domains
TTRE408	False	Encodes protein that lacks InterPro GPCR domains
TTRE4080	False	Encodes protein that lacks InterPro GPCR domains
TTRE4081	False	Encodes protein that lacks InterPro GPCR domains
TTRE4082	False	Encodes protein that lacks InterPro GPCR domains
TTRE4083	False	Encodes protein that lacks InterPro GPCR domains
TTRE4084	False	Encodes protein that lacks InterPro GPCR domains
TTRE4085	False	Encodes protein that lacks InterPro GPCR domains
TTRE4086	False	Encodes protein that lacks InterPro GPCR domains
TTRE4087	False	Encodes protein that lacks InterPro GPCR domains
TTRE4088	False	Encodes protein that lacks InterPro GPCR domains
TTRE4089	False	Encodes protein that lacks InterPro GPCR domains
TTRE409	False	Encodes protein that lacks InterPro GPCR domains
TTRE4090	False	Encodes protein that lacks InterPro GPCR domains
TTRE4091	False	Encodes protein that lacks InterPro GPCR domains
TTRE4092	False	Encodes protein that lacks InterPro GPCR domains
TTRE4093	False	Encodes protein that lacks InterPro GPCR domains
TTRE4094	False	Encodes protein that lacks InterPro GPCR domains
TTRE4095	False	Encodes protein that lacks InterPro GPCR domains
TTRE4096	False	Encodes protein that lacks InterPro GPCR domains
TTRE4097	False	Encodes protein that lacks InterPro GPCR domains
TTRE4098	False	Encodes protein that lacks InterPro GPCR domains
TTRE4099	False	Encodes protein that lacks InterPro GPCR domains
TTRE41	False	Encodes protein that lacks InterPro GPCR domains
TTRE410	False	Encodes protein that lacks InterPro GPCR domains
TTRE4100	False	Encodes protein that lacks InterPro GPCR domains
TTRE4101	False	Encodes protein that lacks InterPro GPCR domains
TTRE4102	False	Encodes protein that lacks InterPro GPCR domains
TTRE4103	False	Encodes protein that lacks InterPro GPCR domains
TTRE4104	False	Encodes protein that lacks InterPro GPCR domains
TTRE4105	False	Encodes protein that lacks InterPro GPCR domains
TTRE4106	False	Encodes protein that lacks InterPro GPCR domains
TTRE4107	False	Encodes protein that lacks InterPro GPCR domains
TTRE4108	False	Encodes protein that lacks InterPro GPCR domains
TTRE4109	False	Encodes protein that lacks InterPro GPCR domains
TTRE411	False	Encodes protein that lacks InterPro GPCR domains
TTRE4110	False	Encodes protein that lacks InterPro GPCR domains
TTRE4111	False	Encodes protein that lacks InterPro GPCR domains
TTRE4112	False	Encodes protein that lacks InterPro GPCR domains
TTRE4113	False	Encodes protein that lacks InterPro GPCR domains
TTRE4114	False	Encodes protein that lacks InterPro GPCR domains
TTRE4115	False	Encodes protein that lacks InterPro GPCR domains
TTRE4116	False	Encodes protein that lacks InterPro GPCR domains
TTRE4117	False	Encodes protein that lacks InterPro GPCR domains
TTRE4118	False	Encodes protein that lacks InterPro GPCR domains
TTRE4119	False	Encodes protein that lacks InterPro GPCR domains
TTRE412	False	Encodes protein that lacks InterPro GPCR domains
TTRE4120	False	Encodes protein that lacks InterPro GPCR domains
TTRE4121	False	Encodes protein that lacks InterPro GPCR domains
TTRE4122	False	Encodes protein that lacks InterPro GPCR domains
TTRE4123	False	Encodes protein that lacks InterPro GPCR domains
TTRE4124	False	Encodes protein that lacks InterPro GPCR domains
TTRE4125	False	Encodes protein that lacks InterPro GPCR domains
TTRE4126	False	Encodes protein that lacks InterPro GPCR domains
TTRE4127	False	Encodes protein that lacks InterPro GPCR domains
TTRE4128	False	Encodes protein that lacks InterPro GPCR domains
TTRE4129	False	Encodes protein that lacks InterPro GPCR domains
TTRE413	False	Encodes protein that lacks InterPro GPCR domains
TTRE4130	False	Encodes protein that lacks InterPro GPCR domains
TTRE4131	False	Encodes protein that lacks InterPro GPCR domains
TTRE4132	False	Encodes protein that lacks InterPro GPCR domains
TTRE4133	False	Encodes protein that lacks InterPro GPCR domains
TTRE4134	False	Encodes protein that lacks InterPro GPCR domains
TTRE4135	False	Encodes protein that lacks InterPro GPCR domains
TTRE4136	False	Encodes protein that lacks InterPro GPCR domains
TTRE4137	False	Encodes protein that lacks InterPro GPCR domains
TTRE4138	False	Encodes protein that lacks InterPro GPCR domains
TTRE4139	False	Encodes protein that lacks InterPro GPCR domains
TTRE414	False	Encodes protein that lacks InterPro GPCR domains
TTRE4140	False	Encodes protein that lacks InterPro GPCR domains
TTRE4141	False	Encodes protein that lacks InterPro GPCR domains
TTRE4142	False	Encodes protein that lacks InterPro GPCR domains
TTRE4143	False	Encodes protein that lacks InterPro GPCR domains
TTRE4144	False	Encodes protein that lacks InterPro GPCR domains
TTRE4145	False	Encodes protein that lacks InterPro GPCR domains
TTRE4146	False	Encodes protein that lacks InterPro GPCR domains
TTRE4147	False	Encodes protein that lacks InterPro GPCR domains
TTRE4148	False	Encodes protein that lacks InterPro GPCR domains
TTRE4149	False	Encodes protein that lacks InterPro GPCR domains
TTRE415	False	Encodes protein that lacks InterPro GPCR domains
TTRE4150	False	Encodes protein that lacks InterPro GPCR domains
TTRE4151	False	Encodes protein that lacks InterPro GPCR domains
TTRE4152	False	Encodes protein that lacks InterPro GPCR domains
TTRE4153	False	Encodes protein that lacks InterPro GPCR domains
TTRE4154	False	Encodes protein that lacks InterPro GPCR domains
TTRE4155	False	Encodes protein that lacks InterPro GPCR domains
TTRE4156	False	Encodes protein that lacks InterPro GPCR domains
TTRE4157	False	Encodes protein that lacks InterPro GPCR domains
TTRE4158	False	Encodes protein that lacks InterPro GPCR domains
TTRE4159	False	Encodes protein that lacks InterPro GPCR domains
TTRE416	False	Encodes protein that lacks InterPro GPCR domains
TTRE4160	False	Encodes protein that lacks InterPro GPCR domains
TTRE4161	False	Encodes protein that lacks InterPro GPCR domains
TTRE4162	False	Encodes protein that lacks InterPro GPCR domains
TTRE4163	False	Encodes protein that lacks InterPro GPCR domains
TTRE4164	False	Encodes protein that lacks InterPro GPCR domains
TTRE4165	False	Encodes protein that lacks InterPro GPCR domains
TTRE4166	False	Encodes protein that lacks InterPro GPCR domains
TTRE4167	False	Encodes protein that lacks InterPro GPCR domains
TTRE4168	False	Encodes protein that lacks InterPro GPCR domains
TTRE4169	False	Encodes protein that lacks InterPro GPCR domains
TTRE417	False	Encodes protein that lacks InterPro GPCR domains
TTRE4170	False	Encodes protein that lacks InterPro GPCR domains
TTRE4171	False	Encodes protein that lacks InterPro GPCR domains
TTRE4172	False	Encodes protein that lacks InterPro GPCR domains
TTRE4173	False	Encodes protein that lacks InterPro GPCR domains
TTRE4174	False	Encodes protein that lacks InterPro GPCR domains
TTRE4175	False	Encodes protein that lacks InterPro GPCR domains
TTRE4176	False	Encodes protein that lacks InterPro GPCR domains
TTRE4177	False	Encodes protein that lacks InterPro GPCR domains
TTRE4178	True	Encodes protein with InterPro domain(s): IPR017452 - GPCR, rhodopsin-like, 7TM; IPR019424 - Serpentine type 7TM GPCR chemoreceptor Srsx
TTRE4179	False	Encodes protein that lacks InterPro GPCR domains
TTRE418	False	Encodes protein that lacks InterPro GPCR domains
TTRE4180	False	Encodes protein that lacks InterPro GPCR domains
TTRE4181	False	Encodes protein that lacks InterPro GPCR domains
TTRE4182	False	Encodes protein that lacks InterPro GPCR domains
TTRE4183	False	Encodes protein that lacks InterPro GPCR domains
TTRE4184	False	Encodes protein that lacks InterPro GPCR domains
TTRE4185	False	Encodes protein that lacks InterPro GPCR domains
TTRE4186	False	Encodes protein that lacks InterPro GPCR domains
TTRE4187	False	Encodes protein that lacks InterPro GPCR domains
TTRE4188	False	Encodes protein that lacks InterPro GPCR domains
TTRE4189	False	Encodes protein that lacks InterPro GPCR domains
TTRE419	False	Encodes protein that lacks InterPro GPCR domains
TTRE4190	False	Encodes protein that lacks InterPro GPCR domains
TTRE4191	False	Encodes protein that lacks InterPro GPCR domains
TTRE4192	False	Encodes protein that lacks InterPro GPCR domains
TTRE4193	False	Encodes protein that lacks InterPro GPCR domains
TTRE4194	False	Encodes protein that lacks InterPro GPCR domains
TTRE4195	False	Encodes protein that lacks InterPro GPCR domains
TTRE4196	False	Encodes protein that lacks InterPro GPCR domains
TTRE4197	False	Encodes protein that lacks InterPro GPCR domains
TTRE4198	False	Encodes protein that lacks InterPro GPCR domains
TTRE4199	False	Encodes protein that lacks InterPro GPCR domains
TTRE42	False	Encodes protein that lacks InterPro GPCR domains
TTRE420	False	Encodes protein that lacks InterPro GPCR domains
TTRE4200	False	Encodes protein that lacks InterPro GPCR domains
TTRE4201	False	Encodes protein that lacks InterPro GPCR domains
TTRE4202	False	Encodes protein that lacks InterPro GPCR domains
TTRE4203	False	Encodes protein that lacks InterPro GPCR domains
TTRE4204	False	Encodes protein that lacks InterPro GPCR domains
TTRE4205	False	Encodes protein that lacks InterPro GPCR domains
TTRE4206	False	Encodes protein that lacks InterPro GPCR domains
TTRE4207	False	Encodes protein that lacks InterPro GPCR domains
TTRE4208	False	Encodes protein that lacks InterPro GPCR domains
TTRE4209	False	Encodes protein that lacks InterPro GPCR domains
TTRE421	False	Encodes protein that lacks InterPro GPCR domains
TTRE4210	False	Encodes protein that lacks InterPro GPCR domains
TTRE4211	False	Encodes protein that lacks InterPro GPCR domains
TTRE4212	False	Encodes protein that lacks InterPro GPCR domains
TTRE4213	False	Encodes protein that lacks InterPro GPCR domains
TTRE4214	False	Encodes protein that lacks InterPro GPCR domains
TTRE4215	False	Encodes protein that lacks InterPro GPCR domains
TTRE4216	False	Encodes protein that lacks InterPro GPCR domains
TTRE4217	False	Encodes protein that lacks InterPro GPCR domains
TTRE4218	False	Encodes protein that lacks InterPro GPCR domains
TTRE4219	False	Encodes protein that lacks InterPro GPCR domains
TTRE422	False	Encodes protein that lacks InterPro GPCR domains
TTRE4220	False	Encodes protein that lacks InterPro GPCR domains
TTRE4221	False	Encodes protein that lacks InterPro GPCR domains
TTRE4222	False	Encodes protein that lacks InterPro GPCR domains
TTRE4223	False	Encodes protein that lacks InterPro GPCR domains
TTRE4224	False	Encodes protein that lacks InterPro GPCR domains
TTRE4225	False	Encodes protein that lacks InterPro GPCR domains
TTRE4226	False	Encodes protein that lacks InterPro GPCR domains
TTRE4227	False	Encodes protein that lacks InterPro GPCR domains
TTRE4228	False	Encodes protein that lacks InterPro GPCR domains
TTRE4229	False	Encodes protein that lacks InterPro GPCR domains
TTRE423	False	Encodes protein that lacks InterPro GPCR domains
TTRE4230	False	Encodes protein that lacks InterPro GPCR domains
TTRE4231	False	Encodes protein that lacks InterPro GPCR domains
TTRE4232	False	Encodes protein that lacks InterPro GPCR domains
TTRE4233	False	Encodes protein that lacks InterPro GPCR domains
TTRE4234	False	Encodes protein that lacks InterPro GPCR domains
TTRE4235	False	Encodes protein that lacks InterPro GPCR domains
TTRE4236	False	Encodes protein that lacks InterPro GPCR domains
TTRE4237	False	Encodes protein that lacks InterPro GPCR domains
TTRE4238	False	Encodes protein that lacks InterPro GPCR domains
TTRE4239	False	Encodes protein that lacks InterPro GPCR domains
TTRE424	False	Encodes protein that lacks InterPro GPCR domains
TTRE4240	False	Encodes protein that lacks InterPro GPCR domains
TTRE4241	False	Encodes protein that lacks InterPro GPCR domains
TTRE4242	False	Encodes protein that lacks InterPro GPCR domains
TTRE4243	False	Encodes protein that lacks InterPro GPCR domains
TTRE4244	False	Encodes protein that lacks InterPro GPCR domains
TTRE4245	False	Encodes protein that lacks InterPro GPCR domains
TTRE4246	False	Encodes protein that lacks InterPro GPCR domains
TTRE4247	False	Encodes protein that lacks InterPro GPCR domains
TTRE4248	False	Encodes protein that lacks InterPro GPCR domains
TTRE4249	False	Encodes protein that lacks InterPro GPCR domains
TTRE425	False	Encodes protein that lacks InterPro GPCR domains
TTRE4250	False	Encodes protein that lacks InterPro GPCR domains
TTRE4251	False	Encodes protein that lacks InterPro GPCR domains
TTRE4252	False	Encodes protein that lacks InterPro GPCR domains
TTRE4253	False	Encodes protein that lacks InterPro GPCR domains
TTRE4254	False	Encodes protein that lacks InterPro GPCR domains
TTRE4255	False	Encodes protein that lacks InterPro GPCR domains
TTRE4256	False	Encodes protein that lacks InterPro GPCR domains
TTRE4257	False	Encodes protein that lacks InterPro GPCR domains
TTRE4258	False	Encodes protein that lacks InterPro GPCR domains
TTRE4259	False	Encodes protein that lacks InterPro GPCR domains
TTRE426	False	Encodes protein that lacks InterPro GPCR domains
TTRE4260	False	Encodes protein that lacks InterPro GPCR domains
TTRE4261	False	Encodes protein that lacks InterPro GPCR domains
TTRE4262	False	Encodes protein that lacks InterPro GPCR domains
TTRE4263	False	Encodes protein that lacks InterPro GPCR domains
TTRE4264	False	Encodes protein that lacks InterPro GPCR domains
TTRE4265	False	Encodes protein that lacks InterPro GPCR domains
TTRE4266	False	Encodes protein that lacks InterPro GPCR domains
TTRE4267	False	Encodes protein that lacks InterPro GPCR domains
TTRE4268	False	Encodes protein that lacks InterPro GPCR domains
TTRE4269	False	Encodes protein that lacks InterPro GPCR domains
TTRE427	False	Encodes protein that lacks InterPro GPCR domains
TTRE4270	False	Encodes protein that lacks InterPro GPCR domains
TTRE4271	False	Encodes protein that lacks InterPro GPCR domains
TTRE4272	False	Encodes protein that lacks InterPro GPCR domains
TTRE4273	False	Encodes protein that lacks InterPro GPCR domains
TTRE4274	False	Encodes protein that lacks InterPro GPCR domains
TTRE4275	False	Encodes protein that lacks InterPro GPCR domains
TTRE4276	False	Encodes protein that lacks InterPro GPCR domains
TTRE4277	False	Encodes protein that lacks InterPro GPCR domains
TTRE4278	False	Encodes protein that lacks InterPro GPCR domains
TTRE4279	False	Encodes protein that lacks InterPro GPCR domains
TTRE428	False	Encodes protein that lacks InterPro GPCR domains
TTRE4280	False	Encodes protein that lacks InterPro GPCR domains
TTRE4281	False	Encodes protein that lacks InterPro GPCR domains
TTRE4282	False	Encodes protein that lacks InterPro GPCR domains
TTRE4283	False	Encodes protein that lacks InterPro GPCR domains
TTRE4284	False	Encodes protein that lacks InterPro GPCR domains
TTRE4285	False	Encodes protein that lacks InterPro GPCR domains
TTRE4286	False	Encodes protein that lacks InterPro GPCR domains
TTRE4287	False	Encodes protein that lacks InterPro GPCR domains
TTRE4288	False	Encodes protein that lacks InterPro GPCR domains
TTRE4289	False	Encodes protein that lacks InterPro GPCR domains
TTRE429	False	Encodes protein that lacks InterPro GPCR domains
TTRE4290	False	Encodes protein that lacks InterPro GPCR domains
TTRE4291	False	Encodes protein that lacks InterPro GPCR domains
TTRE4292	False	Encodes protein that lacks InterPro GPCR domains
TTRE4293	False	Encodes protein that lacks InterPro GPCR domains
TTRE4294	False	Encodes protein that lacks InterPro GPCR domains
TTRE4295	False	Encodes protein that lacks InterPro GPCR domains
TTRE4296	False	Encodes protein that lacks InterPro GPCR domains
TTRE4297	False	Encodes protein that lacks InterPro GPCR domains
TTRE4298	False	Encodes protein that lacks InterPro GPCR domains
TTRE4299	False	Encodes protein that lacks InterPro GPCR domains
TTRE43	False	Encodes protein that lacks InterPro GPCR domains
TTRE430	False	Encodes protein that lacks InterPro GPCR domains
TTRE4300	False	Encodes protein that lacks InterPro GPCR domains
TTRE4301	False	Encodes protein that lacks InterPro GPCR domains
TTRE4302	False	Encodes protein that lacks InterPro GPCR domains
TTRE4303	False	Encodes protein that lacks InterPro GPCR domains
TTRE4304	False	Encodes protein that lacks InterPro GPCR domains
TTRE4305	False	Encodes protein that lacks InterPro GPCR domains
TTRE4306	False	Encodes protein that lacks InterPro GPCR domains
TTRE4307	False	Encodes protein that lacks InterPro GPCR domains
TTRE4308	False	Encodes protein that lacks InterPro GPCR domains
TTRE4309	False	Encodes protein that lacks InterPro GPCR domains
TTRE431	False	Encodes protein that lacks InterPro GPCR domains
TTRE4310	False	Encodes protein that lacks InterPro GPCR domains
TTRE4311	False	Encodes protein that lacks InterPro GPCR domains
TTRE4312	False	Encodes protein that lacks InterPro GPCR domains
TTRE4313	False	Encodes protein that lacks InterPro GPCR domains
TTRE4314	False	Encodes protein that lacks InterPro GPCR domains
TTRE4315	False	Encodes protein that lacks InterPro GPCR domains
TTRE4316	False	Encodes protein that lacks InterPro GPCR domains
TTRE4317	False	Encodes protein that lacks InterPro GPCR domains
TTRE4318	False	Encodes protein that lacks InterPro GPCR domains
TTRE4319	False	Encodes protein that lacks InterPro GPCR domains
TTRE432	False	Encodes protein that lacks InterPro GPCR domains
TTRE4320	False	Encodes protein that lacks InterPro GPCR domains
TTRE4321	False	Encodes protein that lacks InterPro GPCR domains
TTRE4322	False	Encodes protein that lacks InterPro GPCR domains
TTRE4323	False	Encodes protein that lacks InterPro GPCR domains
TTRE4324	False	Encodes protein that lacks InterPro GPCR domains
TTRE4325	False	Encodes protein that lacks InterPro GPCR domains
TTRE4326	False	Encodes protein that lacks InterPro GPCR domains
TTRE4327	False	Encodes protein that lacks InterPro GPCR domains
TTRE4328	False	Encodes protein that lacks InterPro GPCR domains
TTRE4329	False	Encodes protein that lacks InterPro GPCR domains
TTRE433	False	Encodes protein that lacks InterPro GPCR domains
TTRE4330	False	Encodes protein that lacks InterPro GPCR domains
TTRE4331	False	Encodes protein that lacks InterPro GPCR domains
TTRE4332	False	Encodes protein that lacks InterPro GPCR domains
TTRE4333	False	Encodes protein that lacks InterPro GPCR domains
TTRE4334	False	Encodes protein that lacks InterPro GPCR domains
TTRE4335	False	Encodes protein that lacks InterPro GPCR domains
TTRE4336	False	Encodes protein that lacks InterPro GPCR domains
TTRE4337	False	Encodes protein that lacks InterPro GPCR domains
TTRE4338	False	Encodes protein that lacks InterPro GPCR domains
TTRE4339	False	Encodes protein that lacks InterPro GPCR domains
TTRE434	False	Encodes protein that lacks InterPro GPCR domains
TTRE4340	False	Encodes protein that lacks InterPro GPCR domains
TTRE4341	False	Encodes protein that lacks InterPro GPCR domains
TTRE4342	False	Encodes protein that lacks InterPro GPCR domains
TTRE4343	False	Encodes protein that lacks InterPro GPCR domains
TTRE4344	False	Encodes protein that lacks InterPro GPCR domains
TTRE4345	False	Encodes protein that lacks InterPro GPCR domains
TTRE4346	False	Encodes protein that lacks InterPro GPCR domains
TTRE4347	False	Encodes protein that lacks InterPro GPCR domains
TTRE4348	False	Encodes protein that lacks InterPro GPCR domains
TTRE4349	False	Encodes protein that lacks InterPro GPCR domains
TTRE435	False	Encodes protein that lacks InterPro GPCR domains
TTRE4350	False	Encodes protein that lacks InterPro GPCR domains
TTRE4351	False	Encodes protein that lacks InterPro GPCR domains
TTRE4352	False	Encodes protein that lacks InterPro GPCR domains
TTRE4353	False	Encodes protein that lacks InterPro GPCR domains
TTRE4354	False	Encodes protein that lacks InterPro GPCR domains
TTRE4355	False	Encodes protein that lacks InterPro GPCR domains
TTRE4356	False	Encodes protein that lacks InterPro GPCR domains
TTRE4357	False	Encodes protein that lacks InterPro GPCR domains
TTRE4358	False	Encodes protein that lacks InterPro GPCR domains
TTRE4359	False	Encodes protein that lacks InterPro GPCR domains
TTRE436	False	Encodes protein that lacks InterPro GPCR domains
TTRE4360	False	Encodes protein that lacks InterPro GPCR domains
TTRE4361	False	Encodes protein that lacks InterPro GPCR domains
TTRE4362	False	Encodes protein that lacks InterPro GPCR domains
TTRE4363	False	Encodes protein that lacks InterPro GPCR domains
TTRE4364	False	Encodes protein that lacks InterPro GPCR domains
TTRE4365	False	Encodes protein that lacks InterPro GPCR domains
TTRE4366	False	Encodes protein that lacks InterPro GPCR domains
TTRE4367	False	Encodes protein that lacks InterPro GPCR domains
TTRE4368	False	Encodes protein that lacks InterPro GPCR domains
TTRE4369	False	Encodes protein that lacks InterPro GPCR domains
TTRE437	False	Encodes protein that lacks InterPro GPCR domains
TTRE4370	False	Encodes protein that lacks InterPro GPCR domains
TTRE4371	False	Encodes protein that lacks InterPro GPCR domains
TTRE4372	False	Encodes protein that lacks InterPro GPCR domains
TTRE4373	False	Encodes protein that lacks InterPro GPCR domains
TTRE4374	False	Encodes protein that lacks InterPro GPCR domains
TTRE4375	False	Encodes protein that lacks InterPro GPCR domains
TTRE4376	False	Encodes protein that lacks InterPro GPCR domains
TTRE4377	False	Encodes protein that lacks InterPro GPCR domains
TTRE4378	False	Encodes protein that lacks InterPro GPCR domains
TTRE4379	False	Encodes protein that lacks InterPro GPCR domains
TTRE438	False	Encodes protein that lacks InterPro GPCR domains
TTRE4380	False	Encodes protein that lacks InterPro GPCR domains
TTRE4381	False	Encodes protein that lacks InterPro GPCR domains
TTRE4382	False	Encodes protein that lacks InterPro GPCR domains
TTRE4383	False	Encodes protein that lacks InterPro GPCR domains
TTRE4384	False	Encodes protein that lacks InterPro GPCR domains
TTRE4385	False	Encodes protein that lacks InterPro GPCR domains
TTRE4386	False	Encodes protein that lacks InterPro GPCR domains
TTRE4387	False	Encodes protein that lacks InterPro GPCR domains
TTRE4388	False	Encodes protein that lacks InterPro GPCR domains
TTRE4389	False	Encodes protein that lacks InterPro GPCR domains
TTRE439	False	Encodes protein that lacks InterPro GPCR domains
TTRE4390	False	Encodes protein that lacks InterPro GPCR domains
TTRE4391	False	Encodes protein that lacks InterPro GPCR domains
TTRE4392	False	Encodes protein that lacks InterPro GPCR domains
TTRE4393	False	Encodes protein that lacks InterPro GPCR domains
TTRE4394	False	Encodes protein that lacks InterPro GPCR domains
TTRE4395	False	Encodes protein that lacks InterPro GPCR domains
TTRE4396	False	Encodes protein that lacks InterPro GPCR domains
TTRE4397	False	Encodes protein that lacks InterPro GPCR domains
TTRE4398	False	Encodes protein that lacks InterPro GPCR domains
TTRE4399	False	Encodes protein that lacks InterPro GPCR domains
TTRE44	False	Encodes protein that lacks InterPro GPCR domains
TTRE440	False	Encodes protein that lacks InterPro GPCR domains
TTRE4400	False	Encodes protein that lacks InterPro GPCR domains
TTRE4401	False	Encodes protein that lacks InterPro GPCR domains
TTRE4402	False	Encodes protein that lacks InterPro GPCR domains
TTRE4403	False	Encodes protein that lacks InterPro GPCR domains
TTRE4404	False	Encodes protein that lacks InterPro GPCR domains
TTRE4405	False	Encodes protein that lacks InterPro GPCR domains
TTRE4406	False	Encodes protein that lacks InterPro GPCR domains
TTRE4407	False	Encodes protein that lacks InterPro GPCR domains
TTRE4408	False	Encodes protein that lacks InterPro GPCR domains
TTRE4409	False	Encodes protein that lacks InterPro GPCR domains
TTRE441	False	Encodes protein that lacks InterPro GPCR domains
TTRE4410	False	Encodes protein that lacks InterPro GPCR domains
TTRE4411	False	Encodes protein that lacks InterPro GPCR domains
TTRE4412	False	Encodes protein that lacks InterPro GPCR domains
TTRE4413	False	Encodes protein that lacks InterPro GPCR domains
TTRE4414	False	Encodes protein that lacks InterPro GPCR domains
TTRE4415	False	Encodes protein that lacks InterPro GPCR domains
TTRE4416	False	Encodes protein that lacks InterPro GPCR domains
TTRE4417	False	Encodes protein that lacks InterPro GPCR domains
TTRE4418	False	Encodes protein that lacks InterPro GPCR domains
TTRE4419	False	Encodes protein that lacks InterPro GPCR domains
TTRE442	False	Encodes protein that lacks InterPro GPCR domains
TTRE4420	False	Encodes protein that lacks InterPro GPCR domains
TTRE4421	False	Encodes protein that lacks InterPro GPCR domains
TTRE4422	False	Encodes protein that lacks InterPro GPCR domains
TTRE4423	False	Encodes protein that lacks InterPro GPCR domains
TTRE4424	False	Encodes protein that lacks InterPro GPCR domains
TTRE4425	False	Encodes protein that lacks InterPro GPCR domains
TTRE4426	False	Encodes protein that lacks InterPro GPCR domains
TTRE4427	False	Encodes protein that lacks InterPro GPCR domains
TTRE4428	False	Encodes protein that lacks InterPro GPCR domains
TTRE4429	False	Encodes protein that lacks InterPro GPCR domains
TTRE443	False	Encodes protein that lacks InterPro GPCR domains
TTRE4430	False	Encodes protein that lacks InterPro GPCR domains
TTRE4431	False	Encodes protein that lacks InterPro GPCR domains
TTRE4432	False	Encodes protein that lacks InterPro GPCR domains
TTRE4433	False	Encodes protein that lacks InterPro GPCR domains
TTRE4434	False	Encodes protein that lacks InterPro GPCR domains
TTRE4435	False	Encodes protein that lacks InterPro GPCR domains
TTRE4436	False	Encodes protein that lacks InterPro GPCR domains
TTRE4437	False	Encodes protein that lacks InterPro GPCR domains
TTRE4438	False	Encodes protein that lacks InterPro GPCR domains
TTRE4439	False	Encodes protein that lacks InterPro GPCR domains
TTRE444	False	Encodes protein that lacks InterPro GPCR domains
TTRE4440	False	Encodes protein that lacks InterPro GPCR domains
TTRE4441	False	Encodes protein that lacks InterPro GPCR domains
TTRE4442	False	Encodes protein that lacks InterPro GPCR domains
TTRE4443	False	Encodes protein that lacks InterPro GPCR domains
TTRE4444	False	Encodes protein that lacks InterPro GPCR domains
TTRE4445	False	Encodes protein that lacks InterPro GPCR domains
TTRE4446	False	Encodes protein that lacks InterPro GPCR domains
TTRE4447	False	Encodes protein that lacks InterPro GPCR domains
TTRE4448	False	Encodes protein that lacks InterPro GPCR domains
TTRE4449	False	Encodes protein that lacks InterPro GPCR domains
TTRE445	False	Encodes protein that lacks InterPro GPCR domains
TTRE4450	False	Encodes protein that lacks InterPro GPCR domains
TTRE4451	False	Encodes protein that lacks InterPro GPCR domains
TTRE4452	False	Encodes protein that lacks InterPro GPCR domains
TTRE4453	False	Encodes protein that lacks InterPro GPCR domains
TTRE4454	False	Encodes protein that lacks InterPro GPCR domains
TTRE4455	False	Encodes protein that lacks InterPro GPCR domains
TTRE4456	False	Encodes protein that lacks InterPro GPCR domains
TTRE4457	False	Encodes protein that lacks InterPro GPCR domains
TTRE4458	False	Encodes protein that lacks InterPro GPCR domains
TTRE4459	False	Encodes protein that lacks InterPro GPCR domains
TTRE446	False	Encodes protein that lacks InterPro GPCR domains
TTRE4460	False	Encodes protein that lacks InterPro GPCR domains
TTRE4461	False	Encodes protein that lacks InterPro GPCR domains
TTRE4462	False	Encodes protein that lacks InterPro GPCR domains
TTRE4463	False	Encodes protein that lacks InterPro GPCR domains
TTRE4464	False	Encodes protein that lacks InterPro GPCR domains
TTRE4465	False	Encodes protein that lacks InterPro GPCR domains
TTRE4466	False	Encodes protein that lacks InterPro GPCR domains
TTRE4467	False	Encodes protein that lacks InterPro GPCR domains
TTRE4468	False	Encodes protein that lacks InterPro GPCR domains
TTRE4469	False	Encodes protein that lacks InterPro GPCR domains
TTRE447	False	Encodes protein that lacks InterPro GPCR domains
TTRE4470	False	Encodes protein that lacks InterPro GPCR domains
TTRE4471	False	Encodes protein that lacks InterPro GPCR domains
TTRE4472	False	Encodes protein that lacks InterPro GPCR domains
TTRE4473	False	Encodes protein that lacks InterPro GPCR domains
TTRE4474	False	Encodes protein that lacks InterPro GPCR domains
TTRE4475	False	Encodes protein that lacks InterPro GPCR domains
TTRE4476	False	Encodes protein that lacks InterPro GPCR domains
TTRE4477	False	Encodes protein that lacks InterPro GPCR domains
TTRE4478	False	Encodes protein that lacks InterPro GPCR domains
TTRE4479	False	Encodes protein that lacks InterPro GPCR domains
TTRE448	False	Encodes protein that lacks InterPro GPCR domains
TTRE4480	False	Encodes protein that lacks InterPro GPCR domains
TTRE4482	False	Encodes protein that lacks InterPro GPCR domains
TTRE4483	False	Encodes protein that lacks InterPro GPCR domains
TTRE4484	False	Encodes protein that lacks InterPro GPCR domains
TTRE4485	False	Encodes protein that lacks InterPro GPCR domains
TTRE4486	False	Encodes protein that lacks InterPro GPCR domains
TTRE4487	False	Encodes protein that lacks InterPro GPCR domains
TTRE4488	False	Encodes protein that lacks InterPro GPCR domains
TTRE4489	False	Encodes protein that lacks InterPro GPCR domains
TTRE449	False	Encodes protein that lacks InterPro GPCR domains
TTRE4490	False	Encodes protein that lacks InterPro GPCR domains
TTRE4491	False	Encodes protein that lacks InterPro GPCR domains
TTRE4492	False	Encodes protein that lacks InterPro GPCR domains
TTRE4493	False	Encodes protein that lacks InterPro GPCR domains
TTRE4494	False	Encodes protein that lacks InterPro GPCR domains
TTRE4495	False	Encodes protein that lacks InterPro GPCR domains
TTRE4496	False	Encodes protein that lacks InterPro GPCR domains
TTRE4497	False	Encodes protein that lacks InterPro GPCR domains
TTRE4498	False	Encodes protein that lacks InterPro GPCR domains
TTRE4499	False	Encodes protein that lacks InterPro GPCR domains
TTRE45	False	Encodes protein that lacks InterPro GPCR domains
TTRE450	False	Encodes protein that lacks InterPro GPCR domains
TTRE4500	False	Encodes protein that lacks InterPro GPCR domains
TTRE4501	False	Encodes protein that lacks InterPro GPCR domains
TTRE4502	False	Encodes protein that lacks InterPro GPCR domains
TTRE4503	False	Encodes protein that lacks InterPro GPCR domains
TTRE4504	False	Encodes protein that lacks InterPro GPCR domains
TTRE4505	False	Encodes protein that lacks InterPro GPCR domains
TTRE4506	False	Encodes protein that lacks InterPro GPCR domains
TTRE4507	False	Encodes protein that lacks InterPro GPCR domains
TTRE4508	False	Encodes protein that lacks InterPro GPCR domains
TTRE4509	False	Encodes protein that lacks InterPro GPCR domains
TTRE451	False	Encodes protein that lacks InterPro GPCR domains
TTRE4510	False	Encodes protein that lacks InterPro GPCR domains
TTRE4511	False	Encodes protein that lacks InterPro GPCR domains
TTRE4512	False	Encodes protein that lacks InterPro GPCR domains
TTRE4513	False	Encodes protein that lacks InterPro GPCR domains
TTRE4514	False	Encodes protein that lacks InterPro GPCR domains
TTRE4515	False	Encodes protein that lacks InterPro GPCR domains
TTRE4516	False	Encodes protein that lacks InterPro GPCR domains
TTRE4517	False	Encodes protein that lacks InterPro GPCR domains
TTRE4518	False	Encodes protein that lacks InterPro GPCR domains
TTRE4519	False	Encodes protein that lacks InterPro GPCR domains
TTRE452	False	Encodes protein that lacks InterPro GPCR domains
TTRE4520	False	Encodes protein that lacks InterPro GPCR domains
TTRE4521	False	Encodes protein that lacks InterPro GPCR domains
TTRE4522	False	Encodes protein that lacks InterPro GPCR domains
TTRE4523	False	Encodes protein that lacks InterPro GPCR domains
TTRE4524	False	Encodes protein that lacks InterPro GPCR domains
TTRE4525	False	Encodes protein that lacks InterPro GPCR domains
TTRE4526	False	Encodes protein that lacks InterPro GPCR domains
TTRE4527	False	Encodes protein that lacks InterPro GPCR domains
TTRE4528	False	Encodes protein that lacks InterPro GPCR domains
TTRE4529	False	Encodes protein that lacks InterPro GPCR domains
TTRE453	False	Encodes protein that lacks InterPro GPCR domains
TTRE4530	False	Encodes protein that lacks InterPro GPCR domains
TTRE4531	False	Encodes protein that lacks InterPro GPCR domains
TTRE4532	False	Encodes protein that lacks InterPro GPCR domains
TTRE4533	False	Encodes protein that lacks InterPro GPCR domains
TTRE4534	False	Encodes protein that lacks InterPro GPCR domains
TTRE4535	False	Encodes protein that lacks InterPro GPCR domains
TTRE4536	False	Encodes protein that lacks InterPro GPCR domains
TTRE4537	False	Encodes protein that lacks InterPro GPCR domains
TTRE4538	False	Encodes protein that lacks InterPro GPCR domains
TTRE4539	False	Encodes protein that lacks InterPro GPCR domains
TTRE454	False	Encodes protein that lacks InterPro GPCR domains
TTRE4540	False	Encodes protein that lacks InterPro GPCR domains
TTRE4541	False	Encodes protein that lacks InterPro GPCR domains
TTRE4542	False	Encodes protein that lacks InterPro GPCR domains
TTRE4543	False	Encodes protein that lacks InterPro GPCR domains
TTRE4544	False	Encodes protein that lacks InterPro GPCR domains
TTRE4545	False	Encodes protein that lacks InterPro GPCR domains
TTRE4546	False	Encodes protein that lacks InterPro GPCR domains
TTRE4547	False	Encodes protein that lacks InterPro GPCR domains
TTRE4548	False	Encodes protein that lacks InterPro GPCR domains
TTRE4549	False	Encodes protein that lacks InterPro GPCR domains
TTRE455	False	Encodes protein that lacks InterPro GPCR domains
TTRE4550	False	Encodes protein that lacks InterPro GPCR domains
TTRE4551	False	Encodes protein that lacks InterPro GPCR domains
TTRE4552	False	Encodes protein that lacks InterPro GPCR domains
TTRE4553	False	Encodes protein that lacks InterPro GPCR domains
TTRE4554	False	Encodes protein that lacks InterPro GPCR domains
TTRE4555	False	Encodes protein that lacks InterPro GPCR domains
TTRE4556	False	Encodes protein that lacks InterPro GPCR domains
TTRE4557	False	Encodes protein that lacks InterPro GPCR domains
TTRE4558	False	Encodes protein that lacks InterPro GPCR domains
TTRE4559	False	Encodes protein that lacks InterPro GPCR domains
TTRE456	False	Encodes protein that lacks InterPro GPCR domains
TTRE4560	False	Encodes protein that lacks InterPro GPCR domains
TTRE4561	False	Encodes protein that lacks InterPro GPCR domains
TTRE4562	False	Encodes protein that lacks InterPro GPCR domains
TTRE4563	False	Encodes protein that lacks InterPro GPCR domains
TTRE4564	False	Encodes protein that lacks InterPro GPCR domains
TTRE4565	False	Encodes protein that lacks InterPro GPCR domains
TTRE4566	False	Encodes protein that lacks InterPro GPCR domains
TTRE4567	False	Encodes protein that lacks InterPro GPCR domains
TTRE4568	False	Encodes protein that lacks InterPro GPCR domains
TTRE4569	False	Encodes protein that lacks InterPro GPCR domains
TTRE457	False	Encodes protein that lacks InterPro GPCR domains
TTRE4570	False	Encodes protein that lacks InterPro GPCR domains
TTRE4571	False	Encodes protein that lacks InterPro GPCR domains
TTRE4572	False	Encodes protein that lacks InterPro GPCR domains
TTRE4573	False	Encodes protein that lacks InterPro GPCR domains
TTRE4574	False	Encodes protein that lacks InterPro GPCR domains
TTRE4575	False	Encodes protein that lacks InterPro GPCR domains
TTRE4576	False	Encodes protein that lacks InterPro GPCR domains
TTRE4577	False	Encodes protein that lacks InterPro GPCR domains
TTRE4578	False	Encodes protein that lacks InterPro GPCR domains
TTRE4579	False	Encodes protein that lacks InterPro GPCR domains
TTRE458	False	Encodes protein that lacks InterPro GPCR domains
TTRE4580	False	Encodes protein that lacks InterPro GPCR domains
TTRE4581	False	Encodes protein that lacks InterPro GPCR domains
TTRE4582	False	Encodes protein that lacks InterPro GPCR domains
TTRE4583	False	Encodes protein that lacks InterPro GPCR domains
TTRE4584	False	Encodes protein that lacks InterPro GPCR domains
TTRE4585	False	Encodes protein that lacks InterPro GPCR domains
TTRE4586	False	Encodes protein that lacks InterPro GPCR domains
TTRE4587	False	Encodes protein that lacks InterPro GPCR domains
TTRE4588	False	Encodes protein that lacks InterPro GPCR domains
TTRE4589	False	Encodes protein that lacks InterPro GPCR domains
TTRE459	False	Encodes protein that lacks InterPro GPCR domains
TTRE4590	False	Encodes protein that lacks InterPro GPCR domains
TTRE4591	False	Encodes protein that lacks InterPro GPCR domains
TTRE4592	False	Encodes protein that lacks InterPro GPCR domains
TTRE4593	False	Encodes protein that lacks InterPro GPCR domains
TTRE4594	False	Encodes protein that lacks InterPro GPCR domains
TTRE4595	False	Encodes protein that lacks InterPro GPCR domains
TTRE4596	False	Encodes protein that lacks InterPro GPCR domains
TTRE4597	False	Encodes protein that lacks InterPro GPCR domains
TTRE4598	False	Encodes protein that lacks InterPro GPCR domains
TTRE4599	False	Encodes protein that lacks InterPro GPCR domains
TTRE46	False	Encodes protein that lacks InterPro GPCR domains
TTRE460	False	Encodes protein that lacks InterPro GPCR domains
TTRE4600	False	Encodes protein that lacks InterPro GPCR domains
TTRE4601	False	Encodes protein that lacks InterPro GPCR domains
TTRE4602	False	Encodes protein that lacks InterPro GPCR domains
TTRE4603	False	Encodes protein that lacks InterPro GPCR domains
TTRE4604	False	Encodes protein that lacks InterPro GPCR domains
TTRE4605	False	Encodes protein that lacks InterPro GPCR domains
TTRE4606	False	Encodes protein that lacks InterPro GPCR domains
TTRE4607	False	Encodes protein that lacks InterPro GPCR domains
TTRE4608	False	Encodes protein that lacks InterPro GPCR domains
TTRE4609	False	Encodes protein that lacks InterPro GPCR domains
TTRE461	False	Encodes protein that lacks InterPro GPCR domains
TTRE4610	False	Encodes protein that lacks InterPro GPCR domains
TTRE4611	False	Encodes protein that lacks InterPro GPCR domains
TTRE4612	False	Encodes protein that lacks InterPro GPCR domains
TTRE4613	False	Encodes protein that lacks InterPro GPCR domains
TTRE4614	False	Encodes protein that lacks InterPro GPCR domains
TTRE4615	False	Encodes protein that lacks InterPro GPCR domains
TTRE4616	False	Encodes protein that lacks InterPro GPCR domains
TTRE4617	False	Encodes protein that lacks InterPro GPCR domains
TTRE4618	False	Encodes protein that lacks InterPro GPCR domains
TTRE4619	False	Encodes protein that lacks InterPro GPCR domains
TTRE462	False	Encodes protein that lacks InterPro GPCR domains
TTRE4620	False	Encodes protein that lacks InterPro GPCR domains
TTRE4621	False	Encodes protein that lacks InterPro GPCR domains
TTRE4622	False	Encodes protein that lacks InterPro GPCR domains
TTRE4623	False	Encodes protein that lacks InterPro GPCR domains
TTRE4624	False	Encodes protein that lacks InterPro GPCR domains
TTRE4625	False	Encodes protein that lacks InterPro GPCR domains
TTRE4626	False	Encodes protein that lacks InterPro GPCR domains
TTRE4627	False	Encodes protein that lacks InterPro GPCR domains
TTRE4628	False	Encodes protein that lacks InterPro GPCR domains
TTRE4629	False	Encodes protein that lacks InterPro GPCR domains
TTRE463	False	Encodes protein that lacks InterPro GPCR domains
TTRE4630	False	Encodes protein that lacks InterPro GPCR domains
TTRE4631	False	Encodes protein that lacks InterPro GPCR domains
TTRE4632	False	Encodes protein that lacks InterPro GPCR domains
TTRE4633	False	Encodes protein that lacks InterPro GPCR domains
TTRE4634	False	Encodes protein that lacks InterPro GPCR domains
TTRE4635	False	Encodes protein that lacks InterPro GPCR domains
TTRE4636	False	Encodes protein that lacks InterPro GPCR domains
TTRE4637	False	Encodes protein that lacks InterPro GPCR domains
TTRE4638	False	Encodes protein that lacks InterPro GPCR domains
TTRE4639	False	Encodes protein that lacks InterPro GPCR domains
TTRE464	False	Encodes protein that lacks InterPro GPCR domains
TTRE4640	False	Encodes protein that lacks InterPro GPCR domains
TTRE4641	False	Encodes protein that lacks InterPro GPCR domains
TTRE4642	False	Encodes protein that lacks InterPro GPCR domains
TTRE4643	False	Encodes protein that lacks InterPro GPCR domains
TTRE4644	False	Encodes protein that lacks InterPro GPCR domains
TTRE4645	False	Encodes protein that lacks InterPro GPCR domains
TTRE4646	False	Encodes protein that lacks InterPro GPCR domains
TTRE4647	False	Encodes protein that lacks InterPro GPCR domains
TTRE4648	False	Encodes protein that lacks InterPro GPCR domains
TTRE4649	False	Encodes protein that lacks InterPro GPCR domains
TTRE465	False	Encodes protein that lacks InterPro GPCR domains
TTRE4650	False	Encodes protein that lacks InterPro GPCR domains
TTRE4651	False	Encodes protein that lacks InterPro GPCR domains
TTRE4652	False	Encodes protein that lacks InterPro GPCR domains
TTRE4653	False	Encodes protein that lacks InterPro GPCR domains
TTRE4654	False	Encodes protein that lacks InterPro GPCR domains
TTRE4655	False	Encodes protein that lacks InterPro GPCR domains
TTRE4656	False	Encodes protein that lacks InterPro GPCR domains
TTRE4657	False	Encodes protein that lacks InterPro GPCR domains
TTRE4658	False	Encodes protein that lacks InterPro GPCR domains
TTRE4659	False	Encodes protein that lacks InterPro GPCR domains
TTRE466	False	Encodes protein that lacks InterPro GPCR domains
TTRE4660	False	Encodes protein that lacks InterPro GPCR domains
TTRE4661	False	Encodes protein that lacks InterPro GPCR domains
TTRE4662	False	Encodes protein that lacks InterPro GPCR domains
TTRE4663	False	Encodes protein that lacks InterPro GPCR domains
TTRE4664	False	Encodes protein that lacks InterPro GPCR domains
TTRE4665	False	Encodes protein that lacks InterPro GPCR domains
TTRE4666	False	Encodes protein that lacks InterPro GPCR domains
TTRE4667	False	Encodes protein that lacks InterPro GPCR domains
TTRE4668	False	Encodes protein that lacks InterPro GPCR domains
TTRE4669	False	Encodes protein that lacks InterPro GPCR domains
TTRE467	False	Encodes protein that lacks InterPro GPCR domains
TTRE4670	False	Encodes protein that lacks InterPro GPCR domains
TTRE4671	False	Encodes protein that lacks InterPro GPCR domains
TTRE4672	False	Encodes protein that lacks InterPro GPCR domains
TTRE4673	False	Encodes protein that lacks InterPro GPCR domains
TTRE4674	False	Encodes protein that lacks InterPro GPCR domains
TTRE4675	False	Encodes protein that lacks InterPro GPCR domains
TTRE4676	False	Encodes protein that lacks InterPro GPCR domains
TTRE4677	False	Encodes protein that lacks InterPro GPCR domains
TTRE4678	False	Encodes protein that lacks InterPro GPCR domains
TTRE4679	False	Encodes protein that lacks InterPro GPCR domains
TTRE468	False	Encodes protein that lacks InterPro GPCR domains
TTRE4680	False	Encodes protein that lacks InterPro GPCR domains
TTRE4681	False	Encodes protein that lacks InterPro GPCR domains
TTRE4682	False	Encodes protein that lacks InterPro GPCR domains
TTRE4683	False	Encodes protein that lacks InterPro GPCR domains
TTRE4684	False	Encodes protein that lacks InterPro GPCR domains
TTRE4685	False	Encodes protein that lacks InterPro GPCR domains
TTRE4686	False	Encodes protein that lacks InterPro GPCR domains
TTRE4687	False	Encodes protein that lacks InterPro GPCR domains
TTRE4688	False	Encodes protein that lacks InterPro GPCR domains
TTRE4689	False	Encodes protein that lacks InterPro GPCR domains
TTRE469	False	Encodes protein that lacks InterPro GPCR domains
TTRE4690	False	Encodes protein that lacks InterPro GPCR domains
TTRE4691	False	Encodes protein that lacks InterPro GPCR domains
TTRE4692	False	Encodes protein that lacks InterPro GPCR domains
TTRE4693	False	Encodes protein that lacks InterPro GPCR domains
TTRE4694	False	Encodes protein that lacks InterPro GPCR domains
TTRE4695	False	Encodes protein that lacks InterPro GPCR domains
TTRE4696	False	Encodes protein that lacks InterPro GPCR domains
TTRE4697	False	Encodes protein that lacks InterPro GPCR domains
TTRE4698	False	Encodes protein that lacks InterPro GPCR domains
TTRE4699	False	Encodes protein that lacks InterPro GPCR domains
TTRE47	False	Encodes protein that lacks InterPro GPCR domains
TTRE470	False	Encodes protein that lacks InterPro GPCR domains
TTRE4700	False	Encodes protein that lacks InterPro GPCR domains
TTRE4701	False	Encodes protein that lacks InterPro GPCR domains
TTRE4702	True	Encodes protein with InterPro domain(s): IPR002455 - GPCR family 3, GABA-B receptor; IPR017978 - GPCR family 3, C-terminal; IPR017979 - GPCR, family 3, conserved site
TTRE4703	False	Encodes protein that lacks InterPro GPCR domains
TTRE4704	False	Encodes protein that lacks InterPro GPCR domains
TTRE4705	False	Encodes protein that lacks InterPro GPCR domains
TTRE4706	False	Encodes protein that lacks InterPro GPCR domains
TTRE4707	False	Encodes protein that lacks InterPro GPCR domains
TTRE4708	False	Encodes protein that lacks InterPro GPCR domains
TTRE4709	False	Encodes protein that lacks InterPro GPCR domains
TTRE471	False	Encodes protein that lacks InterPro GPCR domains
TTRE4710	False	Encodes protein that lacks InterPro GPCR domains
TTRE4711	False	Encodes protein that lacks InterPro GPCR domains
TTRE4712	False	Encodes protein that lacks InterPro GPCR domains
TTRE4713	False	Encodes protein that lacks InterPro GPCR domains
TTRE4714	False	Encodes protein that lacks InterPro GPCR domains
TTRE4715	False	Encodes protein that lacks InterPro GPCR domains
TTRE4716	False	Encodes protein that lacks InterPro GPCR domains
TTRE4717	False	Encodes protein that lacks InterPro GPCR domains
TTRE4718	False	Encodes protein that lacks InterPro GPCR domains
TTRE4719	True	Encodes protein with InterPro domain(s): IPR017452 - GPCR, rhodopsin-like, 7TM; IPR019427 - 7TM GPCR, serpentine receptor class w (Srw)
TTRE472	False	Encodes protein that lacks InterPro GPCR domains
TTRE4720	False	Encodes protein that lacks InterPro GPCR domains
TTRE4721	False	Encodes protein that lacks InterPro GPCR domains
TTRE4722	False	Encodes protein that lacks InterPro GPCR domains
TTRE4723	False	Encodes protein that lacks InterPro GPCR domains
TTRE4724	False	Encodes protein that lacks InterPro GPCR domains
TTRE4725	False	Encodes protein that lacks InterPro GPCR domains
TTRE4726	False	Encodes protein that lacks InterPro GPCR domains
TTRE4727	False	Encodes protein that lacks InterPro GPCR domains
TTRE4728	False	Encodes protein that lacks InterPro GPCR domains
TTRE4729	False	Encodes protein that lacks InterPro GPCR domains
TTRE473	False	Encodes protein that lacks InterPro GPCR domains
TTRE4730	False	Encodes protein that lacks InterPro GPCR domains
TTRE4731	False	Encodes protein that lacks InterPro GPCR domains
TTRE4732	False	Encodes protein that lacks InterPro GPCR domains
TTRE4733	False	Encodes protein that lacks InterPro GPCR domains
TTRE4734	False	Encodes protein that lacks InterPro GPCR domains
TTRE4735	False	Encodes protein that lacks InterPro GPCR domains
TTRE4736	False	Encodes protein that lacks InterPro GPCR domains
TTRE4737	False	Encodes protein that lacks InterPro GPCR domains
TTRE4738	False	Encodes protein that lacks InterPro GPCR domains
TTRE4739	False	Encodes protein that lacks InterPro GPCR domains
TTRE474	False	Encodes protein that lacks InterPro GPCR domains
TTRE4740	False	Encodes protein that lacks InterPro GPCR domains
TTRE4741	False	Encodes protein that lacks InterPro GPCR domains
TTRE4742	False	Encodes protein that lacks InterPro GPCR domains
TTRE4743	False	Encodes protein that lacks InterPro GPCR domains
TTRE4744	False	Encodes protein that lacks InterPro GPCR domains
TTRE4745	False	Encodes protein that lacks InterPro GPCR domains
TTRE4746	False	Encodes protein that lacks InterPro GPCR domains
TTRE4747	False	Encodes protein that lacks InterPro GPCR domains
TTRE4748	False	Encodes protein that lacks InterPro GPCR domains
TTRE4749	False	Encodes protein that lacks InterPro GPCR domains
TTRE475	False	Encodes protein that lacks InterPro GPCR domains
TTRE4750	False	Encodes protein that lacks InterPro GPCR domains
TTRE4751	False	Encodes protein that lacks InterPro GPCR domains
TTRE4752	False	Encodes protein that lacks InterPro GPCR domains
TTRE4753	False	Encodes protein that lacks InterPro GPCR domains
TTRE4754	False	Encodes protein that lacks InterPro GPCR domains
TTRE4755	False	Encodes protein that lacks InterPro GPCR domains
TTRE4756	False	Encodes protein that lacks InterPro GPCR domains
TTRE4757	False	Encodes protein that lacks InterPro GPCR domains
TTRE4758	False	Encodes protein that lacks InterPro GPCR domains
TTRE4759	False	Encodes protein that lacks InterPro GPCR domains
TTRE476	False	Encodes protein that lacks InterPro GPCR domains
TTRE4760	False	Encodes protein that lacks InterPro GPCR domains
TTRE4761	False	Encodes protein that lacks InterPro GPCR domains
TTRE4762	False	Encodes protein that lacks InterPro GPCR domains
TTRE4763	False	Encodes protein that lacks InterPro GPCR domains
TTRE4764	False	Encodes protein that lacks InterPro GPCR domains
TTRE4765	False	Encodes protein that lacks InterPro GPCR domains
TTRE4766	False	Encodes protein that lacks InterPro GPCR domains
TTRE4767	False	Encodes protein that lacks InterPro GPCR domains
TTRE4768	False	Encodes protein that lacks InterPro GPCR domains
TTRE4769	False	Encodes protein that lacks InterPro GPCR domains
TTRE477	False	Encodes protein that lacks InterPro GPCR domains
TTRE4770	False	Encodes protein that lacks InterPro GPCR domains
TTRE4771	False	Encodes protein that lacks InterPro GPCR domains
TTRE4772	False	Encodes protein that lacks InterPro GPCR domains
TTRE4773	False	Encodes protein that lacks InterPro GPCR domains
TTRE4774	False	Encodes protein that lacks InterPro GPCR domains
TTRE4776	False	Encodes protein that lacks InterPro GPCR domains
TTRE4777	False	Encodes protein that lacks InterPro GPCR domains
TTRE4778	False	Encodes protein that lacks InterPro GPCR domains
TTRE4779	False	Encodes protein that lacks InterPro GPCR domains
TTRE478	False	Encodes protein that lacks InterPro GPCR domains
TTRE4780	False	Encodes protein that lacks InterPro GPCR domains
TTRE4781	False	Encodes protein that lacks InterPro GPCR domains
TTRE4782	False	Encodes protein that lacks InterPro GPCR domains
TTRE4783	False	Encodes protein that lacks InterPro GPCR domains
TTRE4784	False	Encodes protein that lacks InterPro GPCR domains
TTRE4785	False	Encodes protein that lacks InterPro GPCR domains
TTRE4786	False	Encodes protein that lacks InterPro GPCR domains
TTRE4787	False	Encodes protein that lacks InterPro GPCR domains
TTRE4788	False	Encodes protein that lacks InterPro GPCR domains
TTRE4789	False	Encodes protein that lacks InterPro GPCR domains
TTRE479	False	Encodes protein that lacks InterPro GPCR domains
TTRE4790	False	Encodes protein that lacks InterPro GPCR domains
TTRE4791	False	Encodes protein that lacks InterPro GPCR domains
TTRE4792	True	Encodes protein with InterPro domain(s): IPR000832 - GPCR, family 2, secretin-like; IPR001879 - GPCR, family 2, extracellular hormone receptor domain; IPR017981 - GPCR, family 2-like, 7TM; IPR017983 - GPCR, family 2, secretin-like, conserved site; IPR036445 - GPCR family 2, extracellular hormone receptor domain superfamily
TTRE4793	False	Encodes protein that lacks InterPro GPCR domains
TTRE4794	False	Encodes protein that lacks InterPro GPCR domains
TTRE4795	False	Encodes protein that lacks InterPro GPCR domains
TTRE4796	False	Encodes protein that lacks InterPro GPCR domains
TTRE4797	False	Encodes protein that lacks InterPro GPCR domains
TTRE4798	False	Encodes protein that lacks InterPro GPCR domains
TTRE4799	False	Encodes protein that lacks InterPro GPCR domains
TTRE48	False	Encodes protein that lacks InterPro GPCR domains
TTRE480	False	Encodes protein that lacks InterPro GPCR domains
TTRE4800	False	Encodes protein that lacks InterPro GPCR domains
TTRE4801	False	Encodes protein that lacks InterPro GPCR domains
TTRE4802	False	Encodes protein that lacks InterPro GPCR domains
TTRE4803	False	Encodes protein that lacks InterPro GPCR domains
TTRE4804	False	Encodes protein that lacks InterPro GPCR domains
TTRE4805	False	Encodes protein that lacks InterPro GPCR domains
TTRE4806	False	Encodes protein that lacks InterPro GPCR domains
TTRE4807	False	Encodes protein that lacks InterPro GPCR domains
TTRE4808	False	Encodes protein that lacks InterPro GPCR domains
TTRE4809	False	Encodes protein that lacks InterPro GPCR domains
TTRE481	False	Encodes protein that lacks InterPro GPCR domains
TTRE4810	False	Encodes protein that lacks InterPro GPCR domains
TTRE4811	False	Encodes protein that lacks InterPro GPCR domains
TTRE4812	False	Encodes protein that lacks InterPro GPCR domains
TTRE4813	False	Encodes protein that lacks InterPro GPCR domains
TTRE4814	False	Encodes protein that lacks InterPro GPCR domains
TTRE4815	False	Encodes protein that lacks InterPro GPCR domains
TTRE4816	False	Encodes protein that lacks InterPro GPCR domains
TTRE4817	False	Encodes protein that lacks InterPro GPCR domains
TTRE4818	False	Encodes protein that lacks InterPro GPCR domains
TTRE4819	False	Encodes protein that lacks InterPro GPCR domains
TTRE482	False	Encodes protein that lacks InterPro GPCR domains
TTRE4820	False	Encodes protein that lacks InterPro GPCR domains
TTRE4821	False	Encodes protein that lacks InterPro GPCR domains
TTRE4822	False	Encodes protein that lacks InterPro GPCR domains
TTRE4823	False	Encodes protein that lacks InterPro GPCR domains
TTRE4824	False	Encodes protein that lacks InterPro GPCR domains
TTRE4825	False	Encodes protein that lacks InterPro GPCR domains
TTRE4826	False	Encodes protein that lacks InterPro GPCR domains
TTRE4827	False	Encodes protein that lacks InterPro GPCR domains
TTRE4828	False	Encodes protein that lacks InterPro GPCR domains
TTRE4829	False	Encodes protein that lacks InterPro GPCR domains
TTRE483	False	Encodes protein that lacks InterPro GPCR domains
TTRE4830	False	Encodes protein that lacks InterPro GPCR domains
TTRE4831	False	Encodes protein that lacks InterPro GPCR domains
TTRE4832	False	Encodes protein that lacks InterPro GPCR domains
TTRE4833	False	Encodes protein that lacks InterPro GPCR domains
TTRE4834	False	Encodes protein that lacks InterPro GPCR domains
TTRE4835	False	Encodes protein that lacks InterPro GPCR domains
TTRE4836	False	Encodes protein that lacks InterPro GPCR domains
TTRE4837	False	Encodes protein that lacks InterPro GPCR domains
TTRE4838	False	Encodes protein that lacks InterPro GPCR domains
TTRE4839	False	Encodes protein that lacks InterPro GPCR domains
TTRE484	False	Encodes protein that lacks InterPro GPCR domains
TTRE4840	False	Encodes protein that lacks InterPro GPCR domains
TTRE4841	False	Encodes protein that lacks InterPro GPCR domains
TTRE4842	False	Encodes protein that lacks InterPro GPCR domains
TTRE4843	False	Encodes protein that lacks InterPro GPCR domains
TTRE4844	False	Encodes protein that lacks InterPro GPCR domains
TTRE4845	False	Encodes protein that lacks InterPro GPCR domains
TTRE4846	False	Encodes protein that lacks InterPro GPCR domains
TTRE4847	False	Encodes protein that lacks InterPro GPCR domains
TTRE4848	False	Encodes protein that lacks InterPro GPCR domains
TTRE4849	False	Encodes protein that lacks InterPro GPCR domains
TTRE485	False	Encodes protein that lacks InterPro GPCR domains
TTRE4850	False	Encodes protein that lacks InterPro GPCR domains
TTRE4851	False	Encodes protein that lacks InterPro GPCR domains
TTRE4852	False	Encodes protein that lacks InterPro GPCR domains
TTRE4853	False	Encodes protein that lacks InterPro GPCR domains
TTRE4854	False	Encodes protein that lacks InterPro GPCR domains
TTRE4855	False	Encodes protein that lacks InterPro GPCR domains
TTRE4856	False	Encodes protein that lacks InterPro GPCR domains
TTRE4857	False	Encodes protein that lacks InterPro GPCR domains
TTRE4858	False	Encodes protein that lacks InterPro GPCR domains
TTRE4859	False	Encodes protein that lacks InterPro GPCR domains
TTRE486	False	Encodes protein that lacks InterPro GPCR domains
TTRE4860	False	Encodes protein that lacks InterPro GPCR domains
TTRE4861	False	Encodes protein that lacks InterPro GPCR domains
TTRE4862	False	Encodes protein that lacks InterPro GPCR domains
TTRE4863	False	Encodes protein that lacks InterPro GPCR domains
TTRE4864	False	Encodes protein that lacks InterPro GPCR domains
TTRE4865	False	Encodes protein that lacks InterPro GPCR domains
TTRE4866	False	Encodes protein that lacks InterPro GPCR domains
TTRE4867	False	Encodes protein that lacks InterPro GPCR domains
TTRE4868	False	Encodes protein that lacks InterPro GPCR domains
TTRE4869	False	Encodes protein that lacks InterPro GPCR domains
TTRE487	False	Encodes protein that lacks InterPro GPCR domains
TTRE4870	False	Encodes protein that lacks InterPro GPCR domains
TTRE4871	False	Encodes protein that lacks InterPro GPCR domains
TTRE4872	False	Encodes protein that lacks InterPro GPCR domains
TTRE4873	False	Encodes protein that lacks InterPro GPCR domains
TTRE4874	False	Encodes protein that lacks InterPro GPCR domains
TTRE4875	False	Encodes protein that lacks InterPro GPCR domains
TTRE4876	False	Encodes protein that lacks InterPro GPCR domains
TTRE4877	False	Encodes protein that lacks InterPro GPCR domains
TTRE4878	False	Encodes protein that lacks InterPro GPCR domains
TTRE4879	False	Encodes protein that lacks InterPro GPCR domains
TTRE488	False	Encodes protein that lacks InterPro GPCR domains
TTRE4880	False	Encodes protein that lacks InterPro GPCR domains
TTRE4881	False	Encodes protein that lacks InterPro GPCR domains
TTRE4882	False	Encodes protein that lacks InterPro GPCR domains
TTRE4883	False	Encodes protein that lacks InterPro GPCR domains
TTRE4884	False	Encodes protein that lacks InterPro GPCR domains
TTRE4885	False	Encodes protein that lacks InterPro GPCR domains
TTRE4886	False	Encodes protein that lacks InterPro GPCR domains
TTRE4887	False	Encodes protein that lacks InterPro GPCR domains
TTRE4888	False	Encodes protein that lacks InterPro GPCR domains
TTRE4889	False	Encodes protein that lacks InterPro GPCR domains
TTRE489	False	Encodes protein that lacks InterPro GPCR domains
TTRE4890	False	Encodes protein that lacks InterPro GPCR domains
TTRE4891	False	Encodes protein that lacks InterPro GPCR domains
TTRE4892	False	Encodes protein that lacks InterPro GPCR domains
TTRE4893	False	Encodes protein that lacks InterPro GPCR domains
TTRE4894	False	Encodes protein that lacks InterPro GPCR domains
TTRE4895	False	Encodes protein that lacks InterPro GPCR domains
TTRE4896	False	Encodes protein that lacks InterPro GPCR domains
TTRE4897	False	Encodes protein that lacks InterPro GPCR domains
TTRE4898	False	Encodes protein that lacks InterPro GPCR domains
TTRE4899	False	Encodes protein that lacks InterPro GPCR domains
TTRE49	False	Encodes protein that lacks InterPro GPCR domains
TTRE490	False	Encodes protein that lacks InterPro GPCR domains
TTRE4900	False	Encodes protein that lacks InterPro GPCR domains
TTRE4901	False	Encodes protein that lacks InterPro GPCR domains
TTRE4902	False	Encodes protein that lacks InterPro GPCR domains
TTRE4903	False	Encodes protein that lacks InterPro GPCR domains
TTRE4904	False	Encodes protein that lacks InterPro GPCR domains
TTRE4905	False	Encodes protein that lacks InterPro GPCR domains
TTRE4906	False	Encodes protein that lacks InterPro GPCR domains
TTRE4907	False	Encodes protein that lacks InterPro GPCR domains
TTRE4908	False	Encodes protein that lacks InterPro GPCR domains
TTRE4909	False	Encodes protein that lacks InterPro GPCR domains
TTRE491	False	Encodes protein that lacks InterPro GPCR domains
TTRE4910	False	Encodes protein that lacks InterPro GPCR domains
TTRE4911	False	Encodes protein that lacks InterPro GPCR domains
TTRE4912	True	Encodes protein with InterPro domain(s): IPR017452 - GPCR, rhodopsin-like, 7TM
TTRE4913	False	Encodes protein that lacks InterPro GPCR domains
TTRE4914	False	Encodes protein that lacks InterPro GPCR domains
TTRE4915	False	Encodes protein that lacks InterPro GPCR domains
TTRE4916	False	Encodes protein that lacks InterPro GPCR domains
TTRE4917	False	Encodes protein that lacks InterPro GPCR domains
TTRE4918	False	Encodes protein that lacks InterPro GPCR domains
TTRE4919	False	Encodes protein that lacks InterPro GPCR domains
TTRE492	False	Encodes protein that lacks InterPro GPCR domains
TTRE4920	False	Encodes protein that lacks InterPro GPCR domains
TTRE4921	False	Encodes protein that lacks InterPro GPCR domains
TTRE4922	False	Encodes protein that lacks InterPro GPCR domains
TTRE4923	False	Encodes protein that lacks InterPro GPCR domains
TTRE4924	False	Encodes protein that lacks InterPro GPCR domains
TTRE4925	False	Encodes protein that lacks InterPro GPCR domains
TTRE4926	False	Encodes protein that lacks InterPro GPCR domains
TTRE4927	False	Encodes protein that lacks InterPro GPCR domains
TTRE4928	False	Encodes protein that lacks InterPro GPCR domains
TTRE4929	False	Encodes protein that lacks InterPro GPCR domains
TTRE493	False	Encodes protein that lacks InterPro GPCR domains
TTRE4930	False	Encodes protein that lacks InterPro GPCR domains
TTRE4931	False	Encodes protein that lacks InterPro GPCR domains
TTRE4932	False	Encodes protein that lacks InterPro GPCR domains
TTRE4933	False	Encodes protein that lacks InterPro GPCR domains
TTRE4934	False	Encodes protein that lacks InterPro GPCR domains
TTRE4935	False	Encodes protein that lacks InterPro GPCR domains
TTRE4936	False	Encodes protein that lacks InterPro GPCR domains
TTRE4937	False	Encodes protein that lacks InterPro GPCR domains
TTRE4938	False	Encodes protein that lacks InterPro GPCR domains
TTRE4939	False	Encodes protein that lacks InterPro GPCR domains
TTRE494	False	Encodes protein that lacks InterPro GPCR domains
TTRE4940	False	Encodes protein that lacks InterPro GPCR domains
TTRE4941	False	Encodes protein that lacks InterPro GPCR domains
TTRE4942	False	Encodes protein that lacks InterPro GPCR domains
TTRE4943	False	Encodes protein that lacks InterPro GPCR domains
TTRE4944	False	Encodes protein that lacks InterPro GPCR domains
TTRE4945	False	Encodes protein that lacks InterPro GPCR domains
TTRE4946	False	Encodes protein that lacks InterPro GPCR domains
TTRE4947	False	Encodes protein that lacks InterPro GPCR domains
TTRE4948	False	Encodes protein that lacks InterPro GPCR domains
TTRE4949	False	Encodes protein that lacks InterPro GPCR domains
TTRE495	False	Encodes protein that lacks InterPro GPCR domains
TTRE4950	False	Encodes protein that lacks InterPro GPCR domains
TTRE4951	False	Encodes protein that lacks InterPro GPCR domains
TTRE4952	False	Encodes protein that lacks InterPro GPCR domains
TTRE4953	False	Encodes protein that lacks InterPro GPCR domains
TTRE4954	False	Encodes protein that lacks InterPro GPCR domains
TTRE4955	False	Encodes protein that lacks InterPro GPCR domains
TTRE4956	False	Encodes protein that lacks InterPro GPCR domains
TTRE4957	False	Encodes protein that lacks InterPro GPCR domains
TTRE4958	False	Encodes protein that lacks InterPro GPCR domains
TTRE4959	False	Encodes protein that lacks InterPro GPCR domains
TTRE496	False	Encodes protein that lacks InterPro GPCR domains
TTRE4960	False	Encodes protein that lacks InterPro GPCR domains
TTRE4961	False	Encodes protein that lacks InterPro GPCR domains
TTRE4962	False	Encodes protein that lacks InterPro GPCR domains
TTRE4963	False	Encodes protein that lacks InterPro GPCR domains
TTRE4964	False	Encodes protein that lacks InterPro GPCR domains
TTRE4965	False	Encodes protein that lacks InterPro GPCR domains
TTRE4966	False	Encodes protein that lacks InterPro GPCR domains
TTRE4967	False	Encodes protein that lacks InterPro GPCR domains
TTRE4968	False	Encodes protein that lacks InterPro GPCR domains
TTRE4969	False	Encodes protein that lacks InterPro GPCR domains
TTRE497	False	Encodes protein that lacks InterPro GPCR domains
TTRE4970	False	Encodes protein that lacks InterPro GPCR domains
TTRE4971	False	Encodes protein that lacks InterPro GPCR domains
TTRE4972	False	Encodes protein that lacks InterPro GPCR domains
TTRE4973	False	Encodes protein that lacks InterPro GPCR domains
TTRE4974	False	Encodes protein that lacks InterPro GPCR domains
TTRE4975	False	Encodes protein that lacks InterPro GPCR domains
TTRE4976	False	Encodes protein that lacks InterPro GPCR domains
TTRE4977	False	Encodes protein that lacks InterPro GPCR domains
TTRE4978	False	Encodes protein that lacks InterPro GPCR domains
TTRE4979	False	Encodes protein that lacks InterPro GPCR domains
TTRE498	False	Encodes protein that lacks InterPro GPCR domains
TTRE4980	False	Encodes protein that lacks InterPro GPCR domains
TTRE4981	False	Encodes protein that lacks InterPro GPCR domains
TTRE4982	False	Encodes protein that lacks InterPro GPCR domains
TTRE4983	False	Encodes protein that lacks InterPro GPCR domains
TTRE4984	False	Encodes protein that lacks InterPro GPCR domains
TTRE4985	False	Encodes protein that lacks InterPro GPCR domains
TTRE4986	False	Encodes protein that lacks InterPro GPCR domains
TTRE4987	False	Encodes protein that lacks InterPro GPCR domains
TTRE4988	False	Encodes protein that lacks InterPro GPCR domains
TTRE4989	False	Encodes protein that lacks InterPro GPCR domains
TTRE499	False	Encodes protein that lacks InterPro GPCR domains
TTRE4990	False	Encodes protein that lacks InterPro GPCR domains
TTRE4991	False	Encodes protein that lacks InterPro GPCR domains
TTRE4992	False	Encodes protein that lacks InterPro GPCR domains
TTRE4993	False	Encodes protein that lacks InterPro GPCR domains
TTRE4994	False	Encodes protein that lacks InterPro GPCR domains
TTRE4995	False	Encodes protein that lacks InterPro GPCR domains
TTRE4996	False	Encodes protein that lacks InterPro GPCR domains
TTRE4997	False	Encodes protein that lacks InterPro GPCR domains
TTRE4998	False	Encodes protein that lacks InterPro GPCR domains
TTRE4999	False	Encodes protein that lacks InterPro GPCR domains
TTRE5	False	Encodes protein that lacks InterPro GPCR domains
TTRE50	False	Encodes protein that lacks InterPro GPCR domains
TTRE500	False	Encodes protein that lacks InterPro GPCR domains
TTRE5000	False	Encodes protein that lacks InterPro GPCR domains
TTRE5001	False	Encodes protein that lacks InterPro GPCR domains
TTRE5002	False	Encodes protein that lacks InterPro GPCR domains
TTRE5003	False	Encodes protein that lacks InterPro GPCR domains
TTRE5004	False	Encodes protein that lacks InterPro GPCR domains
TTRE5005	False	Encodes protein that lacks InterPro GPCR domains
TTRE5006	False	Encodes protein that lacks InterPro GPCR domains
TTRE5007	False	Encodes protein that lacks InterPro GPCR domains
TTRE5008	False	Encodes protein that lacks InterPro GPCR domains
TTRE5009	False	Encodes protein that lacks InterPro GPCR domains
TTRE501	False	Encodes protein that lacks InterPro GPCR domains
TTRE5010	False	Encodes protein that lacks InterPro GPCR domains
TTRE5011	False	Encodes protein that lacks InterPro GPCR domains
TTRE5012	False	Encodes protein that lacks InterPro GPCR domains
TTRE5013	False	Encodes protein that lacks InterPro GPCR domains
TTRE5014	False	Encodes protein that lacks InterPro GPCR domains
TTRE5015	False	Encodes protein that lacks InterPro GPCR domains
TTRE5016	False	Encodes protein that lacks InterPro GPCR domains
TTRE5017	False	Encodes protein that lacks InterPro GPCR domains
TTRE5018	False	Encodes protein that lacks InterPro GPCR domains
TTRE5019	False	Encodes protein that lacks InterPro GPCR domains
TTRE502	False	Encodes protein that lacks InterPro GPCR domains
TTRE5020	False	Encodes protein that lacks InterPro GPCR domains
TTRE5021	False	Encodes protein that lacks InterPro GPCR domains
TTRE5022	False	Encodes protein that lacks InterPro GPCR domains
TTRE5023	False	Encodes protein that lacks InterPro GPCR domains
TTRE5024	False	Encodes protein that lacks InterPro GPCR domains
TTRE5025	False	Encodes protein that lacks InterPro GPCR domains
TTRE5026	False	Encodes protein that lacks InterPro GPCR domains
TTRE5027	False	Encodes protein that lacks InterPro GPCR domains
TTRE5028	False	Encodes protein that lacks InterPro GPCR domains
TTRE5029	False	Encodes protein that lacks InterPro GPCR domains
TTRE503	False	Encodes protein that lacks InterPro GPCR domains
TTRE5030	False	Encodes protein that lacks InterPro GPCR domains
TTRE5031	False	Encodes protein that lacks InterPro GPCR domains
TTRE5032	False	Encodes protein that lacks InterPro GPCR domains
TTRE5033	False	Encodes protein that lacks InterPro GPCR domains
TTRE5034	False	Encodes protein that lacks InterPro GPCR domains
TTRE5035	False	Encodes protein that lacks InterPro GPCR domains
TTRE5036	False	Encodes protein that lacks InterPro GPCR domains
TTRE5037	False	Encodes protein that lacks InterPro GPCR domains
TTRE5038	False	Encodes protein that lacks InterPro GPCR domains
TTRE5039	False	Encodes protein that lacks InterPro GPCR domains
TTRE504	False	Encodes protein that lacks InterPro GPCR domains
TTRE5040	False	Encodes protein that lacks InterPro GPCR domains
TTRE5041	False	Encodes protein that lacks InterPro GPCR domains
TTRE5042	False	Encodes protein that lacks InterPro GPCR domains
TTRE5043	False	Encodes protein that lacks InterPro GPCR domains
TTRE5044	False	Encodes protein that lacks InterPro GPCR domains
TTRE5045	False	Encodes protein that lacks InterPro GPCR domains
TTRE5046	False	Encodes protein that lacks InterPro GPCR domains
TTRE5047	False	Encodes protein that lacks InterPro GPCR domains
TTRE5048	False	Encodes protein that lacks InterPro GPCR domains
TTRE5049	False	Encodes protein that lacks InterPro GPCR domains
TTRE505	False	Encodes protein that lacks InterPro GPCR domains
TTRE5050	False	Encodes protein that lacks InterPro GPCR domains
TTRE5051	False	Encodes protein that lacks InterPro GPCR domains
TTRE5052	False	Encodes protein that lacks InterPro GPCR domains
TTRE5053	False	Encodes protein that lacks InterPro GPCR domains
TTRE5054	False	Encodes protein that lacks InterPro GPCR domains
TTRE5055	False	Encodes protein that lacks InterPro GPCR domains
TTRE5056	False	Encodes protein that lacks InterPro GPCR domains
TTRE5057	False	Encodes protein that lacks InterPro GPCR domains
TTRE5058	False	Encodes protein that lacks InterPro GPCR domains
TTRE5059	False	Encodes protein that lacks InterPro GPCR domains
TTRE506	False	Encodes protein that lacks InterPro GPCR domains
TTRE5060	False	Encodes protein that lacks InterPro GPCR domains
TTRE5061	False	Encodes protein that lacks InterPro GPCR domains
TTRE5062	False	Encodes protein that lacks InterPro GPCR domains
TTRE5063	False	Encodes protein that lacks InterPro GPCR domains
TTRE5064	False	Encodes protein that lacks InterPro GPCR domains
TTRE5065	False	Encodes protein that lacks InterPro GPCR domains
TTRE5066	False	Encodes protein that lacks InterPro GPCR domains
TTRE5067	False	Encodes protein that lacks InterPro GPCR domains
TTRE5068	False	Encodes protein that lacks InterPro GPCR domains
TTRE5069	False	Encodes protein that lacks InterPro GPCR domains
TTRE507	False	Encodes protein that lacks InterPro GPCR domains
TTRE5070	False	Encodes protein that lacks InterPro GPCR domains
TTRE5071	False	Encodes protein that lacks InterPro GPCR domains
TTRE5072	False	Encodes protein that lacks InterPro GPCR domains
TTRE5073	False	Encodes protein that lacks InterPro GPCR domains
TTRE5074	False	Encodes protein that lacks InterPro GPCR domains
TTRE5075	False	Encodes protein that lacks InterPro GPCR domains
TTRE5076	False	Encodes protein that lacks InterPro GPCR domains
TTRE5077	False	Encodes protein that lacks InterPro GPCR domains
TTRE5078	False	Encodes protein that lacks InterPro GPCR domains
TTRE5079	False	Encodes protein that lacks InterPro GPCR domains
TTRE508	False	Encodes protein that lacks InterPro GPCR domains
TTRE5080	False	Encodes protein that lacks InterPro GPCR domains
TTRE5081	False	Encodes protein that lacks InterPro GPCR domains
TTRE5082	False	Encodes protein that lacks InterPro GPCR domains
TTRE5083	False	Encodes protein that lacks InterPro GPCR domains
TTRE5084	False	Encodes protein that lacks InterPro GPCR domains
TTRE5085	False	Encodes protein that lacks InterPro GPCR domains
TTRE5086	False	Encodes protein that lacks InterPro GPCR domains
TTRE5087	False	Encodes protein that lacks InterPro GPCR domains
TTRE5088	False	Encodes protein that lacks InterPro GPCR domains
TTRE5089	False	Encodes protein that lacks InterPro GPCR domains
TTRE509	False	Encodes protein that lacks InterPro GPCR domains
TTRE5090	False	Encodes protein that lacks InterPro GPCR domains
TTRE5091	False	Encodes protein that lacks InterPro GPCR domains
TTRE5092	False	Encodes protein that lacks InterPro GPCR domains
TTRE5093	False	Encodes protein that lacks InterPro GPCR domains
TTRE5094	False	Encodes protein that lacks InterPro GPCR domains
TTRE5095	False	Encodes protein that lacks InterPro GPCR domains
TTRE5096	False	Encodes protein that lacks InterPro GPCR domains
TTRE5097	False	Encodes protein that lacks InterPro GPCR domains
TTRE5098	False	Encodes protein that lacks InterPro GPCR domains
TTRE5099	False	Encodes protein that lacks InterPro GPCR domains
TTRE51	False	Encodes protein that lacks InterPro GPCR domains
TTRE510	False	Encodes protein that lacks InterPro GPCR domains
TTRE5100	False	Encodes protein that lacks InterPro GPCR domains
TTRE5101	False	Encodes protein that lacks InterPro GPCR domains
TTRE5102	False	Encodes protein that lacks InterPro GPCR domains
TTRE5103	False	Encodes protein that lacks InterPro GPCR domains
TTRE5104	False	Encodes protein that lacks InterPro GPCR domains
TTRE5105	False	Encodes protein that lacks InterPro GPCR domains
TTRE5106	False	Encodes protein that lacks InterPro GPCR domains
TTRE5107	False	Encodes protein that lacks InterPro GPCR domains
TTRE5108	False	Encodes protein that lacks InterPro GPCR domains
TTRE5109	False	Encodes protein that lacks InterPro GPCR domains
TTRE511	False	Encodes protein that lacks InterPro GPCR domains
TTRE5110	False	Encodes protein that lacks InterPro GPCR domains
TTRE5111	False	Encodes protein that lacks InterPro GPCR domains
TTRE5112	False	Encodes protein that lacks InterPro GPCR domains
TTRE5113	False	Encodes protein that lacks InterPro GPCR domains
TTRE5114	False	Encodes protein that lacks InterPro GPCR domains
TTRE5115	False	Encodes protein that lacks InterPro GPCR domains
TTRE5116	False	Encodes protein that lacks InterPro GPCR domains
TTRE5117	False	Encodes protein that lacks InterPro GPCR domains
TTRE5118	False	Encodes protein that lacks InterPro GPCR domains
TTRE5119	False	Encodes protein that lacks InterPro GPCR domains
TTRE512	False	Encodes protein that lacks InterPro GPCR domains
TTRE5120	False	Encodes protein that lacks InterPro GPCR domains
TTRE5121	False	Encodes protein that lacks InterPro GPCR domains
TTRE5122	False	Encodes protein that lacks InterPro GPCR domains
TTRE5123	False	Encodes protein that lacks InterPro GPCR domains
TTRE5125	False	Encodes protein that lacks InterPro GPCR domains
TTRE5126	False	Encodes protein that lacks InterPro GPCR domains
TTRE5127	False	Encodes protein that lacks InterPro GPCR domains
TTRE5128	False	Encodes protein that lacks InterPro GPCR domains
TTRE5129	False	Encodes protein that lacks InterPro GPCR domains
TTRE513	False	Encodes protein that lacks InterPro GPCR domains
TTRE5130	False	Encodes protein that lacks InterPro GPCR domains
TTRE5131	False	Encodes protein that lacks InterPro GPCR domains
TTRE5132	False	Encodes protein that lacks InterPro GPCR domains
TTRE5133	False	Encodes protein that lacks InterPro GPCR domains
TTRE5134	False	Encodes protein that lacks InterPro GPCR domains
TTRE5135	False	Encodes protein that lacks InterPro GPCR domains
TTRE5136	False	Encodes protein that lacks InterPro GPCR domains
TTRE5137	False	Encodes protein that lacks InterPro GPCR domains
TTRE5138	False	Encodes protein that lacks InterPro GPCR domains
TTRE5139	False	Encodes protein that lacks InterPro GPCR domains
TTRE514	False	Encodes protein that lacks InterPro GPCR domains
TTRE5140	False	Encodes protein that lacks InterPro GPCR domains
TTRE5141	False	Encodes protein that lacks InterPro GPCR domains
TTRE5142	False	Encodes protein that lacks InterPro GPCR domains
TTRE5143	False	Encodes protein that lacks InterPro GPCR domains
TTRE5144	False	Encodes protein that lacks InterPro GPCR domains
TTRE5145	False	Encodes protein that lacks InterPro GPCR domains
TTRE5146	False	Encodes protein that lacks InterPro GPCR domains
TTRE5147	False	Encodes protein that lacks InterPro GPCR domains
TTRE5148	False	Encodes protein that lacks InterPro GPCR domains
TTRE5149	False	Encodes protein that lacks InterPro GPCR domains
TTRE515	False	Encodes protein that lacks InterPro GPCR domains
TTRE5150	False	Encodes protein that lacks InterPro GPCR domains
TTRE5151	False	Encodes protein that lacks InterPro GPCR domains
TTRE5152	False	Encodes protein that lacks InterPro GPCR domains
TTRE5153	False	Encodes protein that lacks InterPro GPCR domains
TTRE5154	False	Encodes protein that lacks InterPro GPCR domains
TTRE5155	False	Encodes protein that lacks InterPro GPCR domains
TTRE5156	False	Encodes protein that lacks InterPro GPCR domains
TTRE5157	False	Encodes protein that lacks InterPro GPCR domains
TTRE5158	False	Encodes protein that lacks InterPro GPCR domains
TTRE5159	False	Encodes protein that lacks InterPro GPCR domains
TTRE516	False	Encodes protein that lacks InterPro GPCR domains
TTRE5160	False	Encodes protein that lacks InterPro GPCR domains
TTRE5161	False	Encodes protein that lacks InterPro GPCR domains
TTRE5162	False	Encodes protein that lacks InterPro GPCR domains
TTRE5163	False	Encodes protein that lacks InterPro GPCR domains
TTRE5164	False	Encodes protein that lacks InterPro GPCR domains
TTRE5165	False	Encodes protein that lacks InterPro GPCR domains
TTRE5166	False	Encodes protein that lacks InterPro GPCR domains
TTRE5167	False	Encodes protein that lacks InterPro GPCR domains
TTRE5168	False	Encodes protein that lacks InterPro GPCR domains
TTRE5169	False	Encodes protein that lacks InterPro GPCR domains
TTRE517	False	Encodes protein that lacks InterPro GPCR domains
TTRE5170	False	Encodes protein that lacks InterPro GPCR domains
TTRE5171	False	Encodes protein that lacks InterPro GPCR domains
TTRE5172	False	Encodes protein that lacks InterPro GPCR domains
TTRE5173	False	Encodes protein that lacks InterPro GPCR domains
TTRE5174	False	Encodes protein that lacks InterPro GPCR domains
TTRE5175	False	Encodes protein that lacks InterPro GPCR domains
TTRE5176	False	Encodes protein that lacks InterPro GPCR domains
TTRE5177	False	Encodes protein that lacks InterPro GPCR domains
TTRE5178	False	Encodes protein that lacks InterPro GPCR domains
TTRE5179	False	Encodes protein that lacks InterPro GPCR domains
TTRE518	False	Encodes protein that lacks InterPro GPCR domains
TTRE5180	False	Encodes protein that lacks InterPro GPCR domains
TTRE5181	False	Encodes protein that lacks InterPro GPCR domains
TTRE5182	False	Encodes protein that lacks InterPro GPCR domains
TTRE5183	False	Encodes protein that lacks InterPro GPCR domains
TTRE5184	False	Encodes protein that lacks InterPro GPCR domains
TTRE5185	False	Encodes protein that lacks InterPro GPCR domains
TTRE5186	False	Encodes protein that lacks InterPro GPCR domains
TTRE5187	False	Encodes protein that lacks InterPro GPCR domains
TTRE5188	False	Encodes protein that lacks InterPro GPCR domains
TTRE5189	False	Encodes protein that lacks InterPro GPCR domains
TTRE519	False	Encodes protein that lacks InterPro GPCR domains
TTRE5190	False	Encodes protein that lacks InterPro GPCR domains
TTRE5191	False	Encodes protein that lacks InterPro GPCR domains
TTRE5192	False	Encodes protein that lacks InterPro GPCR domains
TTRE5193	False	Encodes protein that lacks InterPro GPCR domains
TTRE5194	False	Encodes protein that lacks InterPro GPCR domains
TTRE5195	False	Encodes protein that lacks InterPro GPCR domains
TTRE5196	False	Encodes protein that lacks InterPro GPCR domains
TTRE5197	False	Encodes protein that lacks InterPro GPCR domains
TTRE5198	False	Encodes protein that lacks InterPro GPCR domains
TTRE5199	False	Encodes protein that lacks InterPro GPCR domains
TTRE52	False	Encodes protein that lacks InterPro GPCR domains
TTRE520	False	Encodes protein that lacks InterPro GPCR domains
TTRE5200	False	Encodes protein that lacks InterPro GPCR domains
TTRE5201	False	Encodes protein that lacks InterPro GPCR domains
TTRE5202	False	Encodes protein that lacks InterPro GPCR domains
TTRE5203	False	Encodes protein that lacks InterPro GPCR domains
TTRE5204	False	Encodes protein that lacks InterPro GPCR domains
TTRE5205	False	Encodes protein that lacks InterPro GPCR domains
TTRE5206	False	Encodes protein that lacks InterPro GPCR domains
TTRE5207	False	Encodes protein that lacks InterPro GPCR domains
TTRE5208	False	Encodes protein that lacks InterPro GPCR domains
TTRE5209	False	Encodes protein that lacks InterPro GPCR domains
TTRE521	False	Encodes protein that lacks InterPro GPCR domains
TTRE5210	False	Encodes protein that lacks InterPro GPCR domains
TTRE5211	False	Encodes protein that lacks InterPro GPCR domains
TTRE5212	False	Encodes protein that lacks InterPro GPCR domains
TTRE5213	False	Encodes protein that lacks InterPro GPCR domains
TTRE5214	False	Encodes protein that lacks InterPro GPCR domains
TTRE5215	False	Encodes protein that lacks InterPro GPCR domains
TTRE5216	False	Encodes protein that lacks InterPro GPCR domains
TTRE5217	False	Encodes protein that lacks InterPro GPCR domains
TTRE5218	False	Encodes protein that lacks InterPro GPCR domains
TTRE5219	False	Encodes protein that lacks InterPro GPCR domains
TTRE522	False	Encodes protein that lacks InterPro GPCR domains
TTRE5220	False	Encodes protein that lacks InterPro GPCR domains
TTRE5221	False	Encodes protein that lacks InterPro GPCR domains
TTRE5222	False	Encodes protein that lacks InterPro GPCR domains
TTRE5223	False	Encodes protein that lacks InterPro GPCR domains
TTRE5224	False	Encodes protein that lacks InterPro GPCR domains
TTRE5225	False	Encodes protein that lacks InterPro GPCR domains
TTRE5226	False	Encodes protein that lacks InterPro GPCR domains
TTRE5227	False	Encodes protein that lacks InterPro GPCR domains
TTRE5228	False	Encodes protein that lacks InterPro GPCR domains
TTRE5229	False	Encodes protein that lacks InterPro GPCR domains
TTRE523	False	Encodes protein that lacks InterPro GPCR domains
TTRE5230	False	Encodes protein that lacks InterPro GPCR domains
TTRE5231	False	Encodes protein that lacks InterPro GPCR domains
TTRE5232	False	Encodes protein that lacks InterPro GPCR domains
TTRE5233	False	Encodes protein that lacks InterPro GPCR domains
TTRE5234	False	Encodes protein that lacks InterPro GPCR domains
TTRE5235	False	Encodes protein that lacks InterPro GPCR domains
TTRE5236	False	Encodes protein that lacks InterPro GPCR domains
TTRE5237	False	Encodes protein that lacks InterPro GPCR domains
TTRE5238	False	Encodes protein that lacks InterPro GPCR domains
TTRE5239	False	Encodes protein that lacks InterPro GPCR domains
TTRE524	False	Encodes protein that lacks InterPro GPCR domains
TTRE5240	False	Encodes protein that lacks InterPro GPCR domains
TTRE5241	False	Encodes protein that lacks InterPro GPCR domains
TTRE5242	False	Encodes protein that lacks InterPro GPCR domains
TTRE5243	False	Encodes protein that lacks InterPro GPCR domains
TTRE5244	False	Encodes protein that lacks InterPro GPCR domains
TTRE5245	False	Encodes protein that lacks InterPro GPCR domains
TTRE5246	False	Encodes protein that lacks InterPro GPCR domains
TTRE5247	False	Encodes protein that lacks InterPro GPCR domains
TTRE5248	False	Encodes protein that lacks InterPro GPCR domains
TTRE5249	False	Encodes protein that lacks InterPro GPCR domains
TTRE525	False	Encodes protein that lacks InterPro GPCR domains
TTRE5250	False	Encodes protein that lacks InterPro GPCR domains
TTRE5251	False	Encodes protein that lacks InterPro GPCR domains
TTRE5252	False	Encodes protein that lacks InterPro GPCR domains
TTRE5253	False	Encodes protein that lacks InterPro GPCR domains
TTRE5254	False	Encodes protein that lacks InterPro GPCR domains
TTRE5255	False	Encodes protein that lacks InterPro GPCR domains
TTRE5256	False	Encodes protein that lacks InterPro GPCR domains
TTRE5257	False	Encodes protein that lacks InterPro GPCR domains
TTRE5258	False	Encodes protein that lacks InterPro GPCR domains
TTRE5259	False	Encodes protein that lacks InterPro GPCR domains
TTRE526	False	Encodes protein that lacks InterPro GPCR domains
TTRE5260	False	Encodes protein that lacks InterPro GPCR domains
TTRE5261	False	Encodes protein that lacks InterPro GPCR domains
TTRE5262	False	Encodes protein that lacks InterPro GPCR domains
TTRE5263	False	Encodes protein that lacks InterPro GPCR domains
TTRE5264	False	Encodes protein that lacks InterPro GPCR domains
TTRE5265	False	Encodes protein that lacks InterPro GPCR domains
TTRE5266	False	Encodes protein that lacks InterPro GPCR domains
TTRE5267	False	Encodes protein that lacks InterPro GPCR domains
TTRE5268	False	Encodes protein that lacks InterPro GPCR domains
TTRE5269	False	Encodes protein that lacks InterPro GPCR domains
TTRE527	False	Encodes protein that lacks InterPro GPCR domains
TTRE5270	False	Encodes protein that lacks InterPro GPCR domains
TTRE5271	False	Encodes protein that lacks InterPro GPCR domains
TTRE5272	False	Encodes protein that lacks InterPro GPCR domains
TTRE5273	False	Encodes protein that lacks InterPro GPCR domains
TTRE5274	False	Encodes protein that lacks InterPro GPCR domains
TTRE5275	False	Encodes protein that lacks InterPro GPCR domains
TTRE5276	False	Encodes protein that lacks InterPro GPCR domains
TTRE5277	False	Encodes protein that lacks InterPro GPCR domains
TTRE5278	False	Encodes protein that lacks InterPro GPCR domains
TTRE5279	False	Encodes protein that lacks InterPro GPCR domains
TTRE528	False	Encodes protein that lacks InterPro GPCR domains
TTRE5280	False	Encodes protein that lacks InterPro GPCR domains
TTRE5281	False	Encodes protein that lacks InterPro GPCR domains
TTRE5282	False	Encodes protein that lacks InterPro GPCR domains
TTRE5283	False	Encodes protein that lacks InterPro GPCR domains
TTRE5284	False	Encodes protein that lacks InterPro GPCR domains
TTRE5285	False	Encodes protein that lacks InterPro GPCR domains
TTRE5286	False	Encodes protein that lacks InterPro GPCR domains
TTRE5287	False	Encodes protein that lacks InterPro GPCR domains
TTRE5288	False	Encodes protein that lacks InterPro GPCR domains
TTRE5289	False	Encodes protein that lacks InterPro GPCR domains
TTRE529	False	Encodes protein that lacks InterPro GPCR domains
TTRE5290	False	Encodes protein that lacks InterPro GPCR domains
TTRE5291	False	Encodes protein that lacks InterPro GPCR domains
TTRE5292	False	Encodes protein that lacks InterPro GPCR domains
TTRE5293	False	Encodes protein that lacks InterPro GPCR domains
TTRE5294	False	Encodes protein that lacks InterPro GPCR domains
TTRE5295	False	Encodes protein that lacks InterPro GPCR domains
TTRE5296	False	Encodes protein that lacks InterPro GPCR domains
TTRE5297	False	Encodes protein that lacks InterPro GPCR domains
TTRE5298	False	Encodes protein that lacks InterPro GPCR domains
TTRE5299	False	Encodes protein that lacks InterPro GPCR domains
TTRE53	False	Encodes protein that lacks InterPro GPCR domains
TTRE530	False	Encodes protein that lacks InterPro GPCR domains
TTRE5300	False	Encodes protein that lacks InterPro GPCR domains
TTRE5301	False	Encodes protein that lacks InterPro GPCR domains
TTRE5302	False	Encodes protein that lacks InterPro GPCR domains
TTRE5303	False	Encodes protein that lacks InterPro GPCR domains
TTRE5304	False	Encodes protein that lacks InterPro GPCR domains
TTRE5305	False	Encodes protein that lacks InterPro GPCR domains
TTRE5306	False	Encodes protein that lacks InterPro GPCR domains
TTRE5307	False	Encodes protein that lacks InterPro GPCR domains
TTRE5308	False	Encodes protein that lacks InterPro GPCR domains
TTRE5309	False	Encodes protein that lacks InterPro GPCR domains
TTRE531	False	Encodes protein that lacks InterPro GPCR domains
TTRE5310	False	Encodes protein that lacks InterPro GPCR domains
TTRE5311	False	Encodes protein that lacks InterPro GPCR domains
TTRE5312	False	Encodes protein that lacks InterPro GPCR domains
TTRE5313	False	Encodes protein that lacks InterPro GPCR domains
TTRE5314	False	Encodes protein that lacks InterPro GPCR domains
TTRE5315	False	Encodes protein that lacks InterPro GPCR domains
TTRE5316	False	Encodes protein that lacks InterPro GPCR domains
TTRE5317	False	Encodes protein that lacks InterPro GPCR domains
TTRE5318	False	Encodes protein that lacks InterPro GPCR domains
TTRE5319	False	Encodes protein that lacks InterPro GPCR domains
TTRE532	False	Encodes protein that lacks InterPro GPCR domains
TTRE5320	False	Encodes protein that lacks InterPro GPCR domains
TTRE5321	False	Encodes protein that lacks InterPro GPCR domains
TTRE5322	False	Encodes protein that lacks InterPro GPCR domains
TTRE5323	False	Encodes protein that lacks InterPro GPCR domains
TTRE5324	False	Encodes protein that lacks InterPro GPCR domains
TTRE5325	False	Encodes protein that lacks InterPro GPCR domains
TTRE5326	False	Encodes protein that lacks InterPro GPCR domains
TTRE5327	False	Encodes protein that lacks InterPro GPCR domains
TTRE5328	False	Encodes protein that lacks InterPro GPCR domains
TTRE5329	False	Encodes protein that lacks InterPro GPCR domains
TTRE533	False	Encodes protein that lacks InterPro GPCR domains
TTRE5330	False	Encodes protein that lacks InterPro GPCR domains
TTRE5331	False	Encodes protein that lacks InterPro GPCR domains
TTRE5332	False	Encodes protein that lacks InterPro GPCR domains
TTRE5333	False	Encodes protein that lacks InterPro GPCR domains
TTRE5334	False	Encodes protein that lacks InterPro GPCR domains
TTRE5335	False	Encodes protein that lacks InterPro GPCR domains
TTRE5336	False	Encodes protein that lacks InterPro GPCR domains
TTRE5337	False	Encodes protein that lacks InterPro GPCR domains
TTRE5338	False	Encodes protein that lacks InterPro GPCR domains
TTRE5339	False	Encodes protein that lacks InterPro GPCR domains
TTRE534	False	Encodes protein that lacks InterPro GPCR domains
TTRE5340	False	Encodes protein that lacks InterPro GPCR domains
TTRE5341	False	Encodes protein that lacks InterPro GPCR domains
TTRE5342	False	Encodes protein that lacks InterPro GPCR domains
TTRE5344	False	Encodes protein that lacks InterPro GPCR domains
TTRE5345	False	Encodes protein that lacks InterPro GPCR domains
TTRE5346	False	Encodes protein that lacks InterPro GPCR domains
TTRE5347	False	Encodes protein that lacks InterPro GPCR domains
TTRE5348	False	Encodes protein that lacks InterPro GPCR domains
TTRE5349	False	Encodes protein that lacks InterPro GPCR domains
TTRE535	False	Encodes protein that lacks InterPro GPCR domains
TTRE5350	False	Encodes protein that lacks InterPro GPCR domains
TTRE5351	False	Encodes protein that lacks InterPro GPCR domains
TTRE5352	False	Encodes protein that lacks InterPro GPCR domains
TTRE5353	False	Encodes protein that lacks InterPro GPCR domains
TTRE5354	False	Encodes protein that lacks InterPro GPCR domains
TTRE5355	False	Encodes protein that lacks InterPro GPCR domains
TTRE5356	False	Encodes protein that lacks InterPro GPCR domains
TTRE5357	False	Encodes protein that lacks InterPro GPCR domains
TTRE5358	False	Encodes protein that lacks InterPro GPCR domains
TTRE5359	False	Encodes protein that lacks InterPro GPCR domains
TTRE536	False	Encodes protein that lacks InterPro GPCR domains
TTRE5360	False	Encodes protein that lacks InterPro GPCR domains
TTRE5361	False	Encodes protein that lacks InterPro GPCR domains
TTRE5362	False	Encodes protein that lacks InterPro GPCR domains
TTRE5363	False	Encodes protein that lacks InterPro GPCR domains
TTRE5364	False	Encodes protein that lacks InterPro GPCR domains
TTRE5365	False	Encodes protein that lacks InterPro GPCR domains
TTRE5366	False	Encodes protein that lacks InterPro GPCR domains
TTRE5367	False	Encodes protein that lacks InterPro GPCR domains
TTRE5368	False	Encodes protein that lacks InterPro GPCR domains
TTRE5369	False	Encodes protein that lacks InterPro GPCR domains
TTRE537	False	Encodes protein that lacks InterPro GPCR domains
TTRE5370	False	Encodes protein that lacks InterPro GPCR domains
TTRE5371	False	Encodes protein that lacks InterPro GPCR domains
TTRE5372	False	Encodes protein that lacks InterPro GPCR domains
TTRE5373	False	Encodes protein that lacks InterPro GPCR domains
TTRE5374	False	Encodes protein that lacks InterPro GPCR domains
TTRE5375	False	Encodes protein that lacks InterPro GPCR domains
TTRE5376	False	Encodes protein that lacks InterPro GPCR domains
TTRE5377	False	Encodes protein that lacks InterPro GPCR domains
TTRE5378	False	Encodes protein that lacks InterPro GPCR domains
TTRE5379	False	Encodes protein that lacks InterPro GPCR domains
TTRE538	False	Encodes protein that lacks InterPro GPCR domains
TTRE5380	False	Encodes protein that lacks InterPro GPCR domains
TTRE5381	False	Encodes protein that lacks InterPro GPCR domains
TTRE5382	False	Encodes protein that lacks InterPro GPCR domains
TTRE5383	True	Encodes protein with InterPro domain(s): IPR017452 - GPCR, rhodopsin-like, 7TM
TTRE5384	False	Encodes protein that lacks InterPro GPCR domains
TTRE5385	False	Encodes protein that lacks InterPro GPCR domains
TTRE5386	False	Encodes protein that lacks InterPro GPCR domains
TTRE5387	False	Encodes protein that lacks InterPro GPCR domains
TTRE5388	False	Encodes protein that lacks InterPro GPCR domains
TTRE5389	False	Encodes protein that lacks InterPro GPCR domains
TTRE539	False	Encodes protein that lacks InterPro GPCR domains
TTRE5390	False	Encodes protein that lacks InterPro GPCR domains
TTRE5391	False	Encodes protein that lacks InterPro GPCR domains
TTRE5392	False	Encodes protein that lacks InterPro GPCR domains
TTRE5393	False	Encodes protein that lacks InterPro GPCR domains
TTRE5394	False	Encodes protein that lacks InterPro GPCR domains
TTRE5395	False	Encodes protein that lacks InterPro GPCR domains
TTRE5396	False	Encodes protein that lacks InterPro GPCR domains
TTRE5397	False	Encodes protein that lacks InterPro GPCR domains
TTRE5398	False	Encodes protein that lacks InterPro GPCR domains
TTRE5399	False	Encodes protein that lacks InterPro GPCR domains
TTRE54	False	Encodes protein that lacks InterPro GPCR domains
TTRE540	False	Encodes protein that lacks InterPro GPCR domains
TTRE5400	False	Encodes protein that lacks InterPro GPCR domains
TTRE5401	False	Encodes protein that lacks InterPro GPCR domains
TTRE5402	False	Encodes protein that lacks InterPro GPCR domains
TTRE5403	False	Encodes protein that lacks InterPro GPCR domains
TTRE5404	False	Encodes protein that lacks InterPro GPCR domains
TTRE5405	False	Encodes protein that lacks InterPro GPCR domains
TTRE5406	False	Encodes protein that lacks InterPro GPCR domains
TTRE5407	False	Encodes protein that lacks InterPro GPCR domains
TTRE5408	False	Encodes protein that lacks InterPro GPCR domains
TTRE5409	False	Encodes protein that lacks InterPro GPCR domains
TTRE541	False	Encodes protein that lacks InterPro GPCR domains
TTRE5410	False	Encodes protein that lacks InterPro GPCR domains
TTRE5411	False	Encodes protein that lacks InterPro GPCR domains
TTRE5412	False	Encodes protein that lacks InterPro GPCR domains
TTRE5413	False	Encodes protein that lacks InterPro GPCR domains
TTRE5414	False	Encodes protein that lacks InterPro GPCR domains
TTRE5415	False	Encodes protein that lacks InterPro GPCR domains
TTRE5416	False	Encodes protein that lacks InterPro GPCR domains
TTRE5417	False	Encodes protein that lacks InterPro GPCR domains
TTRE5418	False	Encodes protein that lacks InterPro GPCR domains
TTRE5419	False	Encodes protein that lacks InterPro GPCR domains
TTRE542	False	Encodes protein that lacks InterPro GPCR domains
TTRE5420	False	Encodes protein that lacks InterPro GPCR domains
TTRE5421	False	Encodes protein that lacks InterPro GPCR domains
TTRE5422	False	Encodes protein that lacks InterPro GPCR domains
TTRE5423	False	Encodes protein that lacks InterPro GPCR domains
TTRE5424	False	Encodes protein that lacks InterPro GPCR domains
TTRE5425	False	Encodes protein that lacks InterPro GPCR domains
TTRE5426	False	Encodes protein that lacks InterPro GPCR domains
TTRE5427	False	Encodes protein that lacks InterPro GPCR domains
TTRE5428	False	Encodes protein that lacks InterPro GPCR domains
TTRE5429	False	Encodes protein that lacks InterPro GPCR domains
TTRE543	False	Encodes protein that lacks InterPro GPCR domains
TTRE5430	False	Encodes protein that lacks InterPro GPCR domains
TTRE5431	False	Encodes protein that lacks InterPro GPCR domains
TTRE5432	False	Encodes protein that lacks InterPro GPCR domains
TTRE5433	False	Encodes protein that lacks InterPro GPCR domains
TTRE5434	False	Encodes protein that lacks InterPro GPCR domains
TTRE5435	False	Encodes protein that lacks InterPro GPCR domains
TTRE5436	False	Encodes protein that lacks InterPro GPCR domains
TTRE5437	False	Encodes protein that lacks InterPro GPCR domains
TTRE5438	False	Encodes protein that lacks InterPro GPCR domains
TTRE5439	False	Encodes protein that lacks InterPro GPCR domains
TTRE544	False	Encodes protein that lacks InterPro GPCR domains
TTRE5440	False	Encodes protein that lacks InterPro GPCR domains
TTRE5441	False	Encodes protein that lacks InterPro GPCR domains
TTRE5442	False	Encodes protein that lacks InterPro GPCR domains
TTRE5443	False	Encodes protein that lacks InterPro GPCR domains
TTRE5444	False	Encodes protein that lacks InterPro GPCR domains
TTRE5445	False	Encodes protein that lacks InterPro GPCR domains
TTRE5446	False	Encodes protein that lacks InterPro GPCR domains
TTRE5447	False	Encodes protein that lacks InterPro GPCR domains
TTRE5448	False	Encodes protein that lacks InterPro GPCR domains
TTRE5449	False	Encodes protein that lacks InterPro GPCR domains
TTRE545	False	Encodes protein that lacks InterPro GPCR domains
TTRE5450	True	Encodes protein with InterPro domain(s): IPR017452 - GPCR, rhodopsin-like, 7TM; IPR019427 - 7TM GPCR, serpentine receptor class w (Srw)
TTRE5451	False	Encodes protein that lacks InterPro GPCR domains
TTRE5452	False	Encodes protein that lacks InterPro GPCR domains
TTRE5453	False	Encodes protein that lacks InterPro GPCR domains
TTRE5454	False	Encodes protein that lacks InterPro GPCR domains
TTRE5455	False	Encodes protein that lacks InterPro GPCR domains
TTRE5456	False	Encodes protein that lacks InterPro GPCR domains
TTRE5457	False	Encodes protein that lacks InterPro GPCR domains
TTRE5458	False	Encodes protein that lacks InterPro GPCR domains
TTRE5459	False	Encodes protein that lacks InterPro GPCR domains
TTRE546	False	Encodes protein that lacks InterPro GPCR domains
TTRE5460	False	Encodes protein that lacks InterPro GPCR domains
TTRE5461	False	Encodes protein that lacks InterPro GPCR domains
TTRE5462	False	Encodes protein that lacks InterPro GPCR domains
TTRE5463	False	Encodes protein that lacks InterPro GPCR domains
TTRE5464	False	Encodes protein that lacks InterPro GPCR domains
TTRE5465	False	Encodes protein that lacks InterPro GPCR domains
TTRE5466	False	Encodes protein that lacks InterPro GPCR domains
TTRE5467	False	Encodes protein that lacks InterPro GPCR domains
TTRE5468	False	Encodes protein that lacks InterPro GPCR domains
TTRE5469	False	Encodes protein that lacks InterPro GPCR domains
TTRE547	False	Encodes protein that lacks InterPro GPCR domains
TTRE5470	False	Encodes protein that lacks InterPro GPCR domains
TTRE5471	False	Encodes protein that lacks InterPro GPCR domains
TTRE5472	False	Encodes protein that lacks InterPro GPCR domains
TTRE5473	False	Encodes protein that lacks InterPro GPCR domains
TTRE5474	False	Encodes protein that lacks InterPro GPCR domains
TTRE5475	False	Encodes protein that lacks InterPro GPCR domains
TTRE5476	False	Encodes protein that lacks InterPro GPCR domains
TTRE5477	False	Encodes protein that lacks InterPro GPCR domains
TTRE5478	False	Encodes protein that lacks InterPro GPCR domains
TTRE5479	False	Encodes protein that lacks InterPro GPCR domains
TTRE548	False	Encodes protein that lacks InterPro GPCR domains
TTRE5480	False	Encodes protein that lacks InterPro GPCR domains
TTRE5481	False	Encodes protein that lacks InterPro GPCR domains
TTRE5482	False	Encodes protein that lacks InterPro GPCR domains
TTRE5483	False	Encodes protein that lacks InterPro GPCR domains
TTRE5484	False	Encodes protein that lacks InterPro GPCR domains
TTRE5485	False	Encodes protein that lacks InterPro GPCR domains
TTRE5486	False	Encodes protein that lacks InterPro GPCR domains
TTRE5487	False	Encodes protein that lacks InterPro GPCR domains
TTRE5488	False	Encodes protein that lacks InterPro GPCR domains
TTRE5489	False	Encodes protein that lacks InterPro GPCR domains
TTRE549	False	Encodes protein that lacks InterPro GPCR domains
TTRE5490	False	Encodes protein that lacks InterPro GPCR domains
TTRE5491	False	Encodes protein that lacks InterPro GPCR domains
TTRE5492	False	Encodes protein that lacks InterPro GPCR domains
TTRE5493	False	Encodes protein that lacks InterPro GPCR domains
TTRE5494	False	Encodes protein that lacks InterPro GPCR domains
TTRE5495	False	Encodes protein that lacks InterPro GPCR domains
TTRE5496	False	Encodes protein that lacks InterPro GPCR domains
TTRE5497	False	Encodes protein that lacks InterPro GPCR domains
TTRE5498	False	Encodes protein that lacks InterPro GPCR domains
TTRE5499	False	Encodes protein that lacks InterPro GPCR domains
TTRE55	False	Encodes protein that lacks InterPro GPCR domains
TTRE550	False	Encodes protein that lacks InterPro GPCR domains
TTRE5500	False	Encodes protein that lacks InterPro GPCR domains
TTRE5501	False	Encodes protein that lacks InterPro GPCR domains
TTRE5502	False	Encodes protein that lacks InterPro GPCR domains
TTRE5503	False	Encodes protein that lacks InterPro GPCR domains
TTRE5504	False	Encodes protein that lacks InterPro GPCR domains
TTRE5505	False	Encodes protein that lacks InterPro GPCR domains
TTRE5506	False	Encodes protein that lacks InterPro GPCR domains
TTRE5507	False	Encodes protein that lacks InterPro GPCR domains
TTRE5508	False	Encodes protein that lacks InterPro GPCR domains
TTRE5509	False	Encodes protein that lacks InterPro GPCR domains
TTRE551	False	Encodes protein that lacks InterPro GPCR domains
TTRE5510	False	Encodes protein that lacks InterPro GPCR domains
TTRE5511	False	Encodes protein that lacks InterPro GPCR domains
TTRE5512	False	Encodes protein that lacks InterPro GPCR domains
TTRE5513	False	Encodes protein that lacks InterPro GPCR domains
TTRE5514	False	Encodes protein that lacks InterPro GPCR domains
TTRE5515	False	Encodes protein that lacks InterPro GPCR domains
TTRE5516	False	Encodes protein that lacks InterPro GPCR domains
TTRE5517	False	Encodes protein that lacks InterPro GPCR domains
TTRE5518	False	Encodes protein that lacks InterPro GPCR domains
TTRE5519	False	Encodes protein that lacks InterPro GPCR domains
TTRE552	False	Encodes protein that lacks InterPro GPCR domains
TTRE5520	False	Encodes protein that lacks InterPro GPCR domains
TTRE5521	False	Encodes protein that lacks InterPro GPCR domains
TTRE5522	False	Encodes protein that lacks InterPro GPCR domains
TTRE5523	False	Encodes protein that lacks InterPro GPCR domains
TTRE5524	False	Encodes protein that lacks InterPro GPCR domains
TTRE5525	False	Encodes protein that lacks InterPro GPCR domains
TTRE5526	False	Encodes protein that lacks InterPro GPCR domains
TTRE5527	False	Encodes protein that lacks InterPro GPCR domains
TTRE5528	False	Encodes protein that lacks InterPro GPCR domains
TTRE5529	False	Encodes protein that lacks InterPro GPCR domains
TTRE553	False	Encodes protein that lacks InterPro GPCR domains
TTRE5530	False	Encodes protein that lacks InterPro GPCR domains
TTRE5531	False	Encodes protein that lacks InterPro GPCR domains
TTRE5532	False	Encodes protein that lacks InterPro GPCR domains
TTRE5533	False	Encodes protein that lacks InterPro GPCR domains
TTRE5534	False	Encodes protein that lacks InterPro GPCR domains
TTRE5535	False	Encodes protein that lacks InterPro GPCR domains
TTRE5536	False	Encodes protein that lacks InterPro GPCR domains
TTRE5537	False	Encodes protein that lacks InterPro GPCR domains
TTRE5538	False	Encodes protein that lacks InterPro GPCR domains
TTRE5539	False	Encodes protein that lacks InterPro GPCR domains
TTRE554	False	Encodes protein that lacks InterPro GPCR domains
TTRE5540	False	Encodes protein that lacks InterPro GPCR domains
TTRE5541	False	Encodes protein that lacks InterPro GPCR domains
TTRE5542	False	Encodes protein that lacks InterPro GPCR domains
TTRE5543	False	Encodes protein that lacks InterPro GPCR domains
TTRE5544	False	Encodes protein that lacks InterPro GPCR domains
TTRE5545	False	Encodes protein that lacks InterPro GPCR domains
TTRE5546	False	Encodes protein that lacks InterPro GPCR domains
TTRE5547	False	Encodes protein that lacks InterPro GPCR domains
TTRE5548	False	Encodes protein that lacks InterPro GPCR domains
TTRE5549	False	Encodes protein that lacks InterPro GPCR domains
TTRE555	False	Encodes protein that lacks InterPro GPCR domains
TTRE5550	False	Encodes protein that lacks InterPro GPCR domains
TTRE5551	False	Encodes protein that lacks InterPro GPCR domains
TTRE5552	False	Encodes protein that lacks InterPro GPCR domains
TTRE5553	False	Encodes protein that lacks InterPro GPCR domains
TTRE5554	False	Encodes protein that lacks InterPro GPCR domains
TTRE5555	False	Encodes protein that lacks InterPro GPCR domains
TTRE5556	False	Encodes protein that lacks InterPro GPCR domains
TTRE5557	False	Encodes protein that lacks InterPro GPCR domains
TTRE5558	False	Encodes protein that lacks InterPro GPCR domains
TTRE5559	False	Encodes protein that lacks InterPro GPCR domains
TTRE556	False	Encodes protein that lacks InterPro GPCR domains
TTRE5560	False	Encodes protein that lacks InterPro GPCR domains
TTRE5561	False	Encodes protein that lacks InterPro GPCR domains
TTRE5562	False	Encodes protein that lacks InterPro GPCR domains
TTRE5563	False	Encodes protein that lacks InterPro GPCR domains
TTRE5564	False	Encodes protein that lacks InterPro GPCR domains
TTRE5565	False	Encodes protein that lacks InterPro GPCR domains
TTRE5566	False	Encodes protein that lacks InterPro GPCR domains
TTRE5567	False	Encodes protein that lacks InterPro GPCR domains
TTRE5568	False	Encodes protein that lacks InterPro GPCR domains
TTRE5569	False	Encodes protein that lacks InterPro GPCR domains
TTRE557	False	Encodes protein that lacks InterPro GPCR domains
TTRE5570	False	Encodes protein that lacks InterPro GPCR domains
TTRE5571	False	Encodes protein that lacks InterPro GPCR domains
TTRE5572	False	Encodes protein that lacks InterPro GPCR domains
TTRE5573	False	Encodes protein that lacks InterPro GPCR domains
TTRE5574	False	Encodes protein that lacks InterPro GPCR domains
TTRE5575	False	Encodes protein that lacks InterPro GPCR domains
TTRE5576	False	Encodes protein that lacks InterPro GPCR domains
TTRE5577	False	Encodes protein that lacks InterPro GPCR domains
TTRE5578	False	Encodes protein that lacks InterPro GPCR domains
TTRE5579	False	Encodes protein that lacks InterPro GPCR domains
TTRE558	False	Encodes protein that lacks InterPro GPCR domains
TTRE5580	False	Encodes protein that lacks InterPro GPCR domains
TTRE5581	False	Encodes protein that lacks InterPro GPCR domains
TTRE5582	False	Encodes protein that lacks InterPro GPCR domains
TTRE5583	False	Encodes protein that lacks InterPro GPCR domains
TTRE5584	False	Encodes protein that lacks InterPro GPCR domains
TTRE5585	False	Encodes protein that lacks InterPro GPCR domains
TTRE5586	False	Encodes protein that lacks InterPro GPCR domains
TTRE5587	False	Encodes protein that lacks InterPro GPCR domains
TTRE5588	False	Encodes protein that lacks InterPro GPCR domains
TTRE5589	False	Encodes protein that lacks InterPro GPCR domains
TTRE559	False	Encodes protein that lacks InterPro GPCR domains
TTRE5590	False	Encodes protein that lacks InterPro GPCR domains
TTRE5591	False	Encodes protein that lacks InterPro GPCR domains
TTRE5592	False	Encodes protein that lacks InterPro GPCR domains
TTRE5593	False	Encodes protein that lacks InterPro GPCR domains
TTRE5594	False	Encodes protein that lacks InterPro GPCR domains
TTRE5595	False	Encodes protein that lacks InterPro GPCR domains
TTRE5596	False	Encodes protein that lacks InterPro GPCR domains
TTRE5597	False	Encodes protein that lacks InterPro GPCR domains
TTRE5598	False	Encodes protein that lacks InterPro GPCR domains
TTRE5599	False	Encodes protein that lacks InterPro GPCR domains
TTRE56	False	Encodes protein that lacks InterPro GPCR domains
TTRE560	False	Encodes protein that lacks InterPro GPCR domains
TTRE5600	False	Encodes protein that lacks InterPro GPCR domains
TTRE5601	False	Encodes protein that lacks InterPro GPCR domains
TTRE5602	False	Encodes protein that lacks InterPro GPCR domains
TTRE5604	False	Encodes protein that lacks InterPro GPCR domains
TTRE5605	False	Encodes protein that lacks InterPro GPCR domains
TTRE5606	False	Encodes protein that lacks InterPro GPCR domains
TTRE5607	False	Encodes protein that lacks InterPro GPCR domains
TTRE5608	False	Encodes protein that lacks InterPro GPCR domains
TTRE5609	False	Encodes protein that lacks InterPro GPCR domains
TTRE561	False	Encodes protein that lacks InterPro GPCR domains
TTRE5610	False	Encodes protein that lacks InterPro GPCR domains
TTRE5611	False	Encodes protein that lacks InterPro GPCR domains
TTRE5612	False	Encodes protein that lacks InterPro GPCR domains
TTRE5613	False	Encodes protein that lacks InterPro GPCR domains
TTRE5614	False	Encodes protein that lacks InterPro GPCR domains
TTRE5615	False	Encodes protein that lacks InterPro GPCR domains
TTRE5616	False	Encodes protein that lacks InterPro GPCR domains
TTRE5617	False	Encodes protein that lacks InterPro GPCR domains
TTRE5618	False	Encodes protein that lacks InterPro GPCR domains
TTRE5619	False	Encodes protein that lacks InterPro GPCR domains
TTRE562	False	Encodes protein that lacks InterPro GPCR domains
TTRE5620	False	Encodes protein that lacks InterPro GPCR domains
TTRE5621	False	Encodes protein that lacks InterPro GPCR domains
TTRE5622	False	Encodes protein that lacks InterPro GPCR domains
TTRE5623	False	Encodes protein that lacks InterPro GPCR domains
TTRE5624	False	Encodes protein that lacks InterPro GPCR domains
TTRE5625	False	Encodes protein that lacks InterPro GPCR domains
TTRE5626	False	Encodes protein that lacks InterPro GPCR domains
TTRE5627	False	Encodes protein that lacks InterPro GPCR domains
TTRE5628	False	Encodes protein that lacks InterPro GPCR domains
TTRE5629	False	Encodes protein that lacks InterPro GPCR domains
TTRE563	False	Encodes protein that lacks InterPro GPCR domains
TTRE5630	False	Encodes protein that lacks InterPro GPCR domains
TTRE5631	False	Encodes protein that lacks InterPro GPCR domains
TTRE5632	False	Encodes protein that lacks InterPro GPCR domains
TTRE5633	False	Encodes protein that lacks InterPro GPCR domains
TTRE5634	False	Encodes protein that lacks InterPro GPCR domains
TTRE5635	False	Encodes protein that lacks InterPro GPCR domains
TTRE5636	False	Encodes protein that lacks InterPro GPCR domains
TTRE5637	False	Encodes protein that lacks InterPro GPCR domains
TTRE5638	False	Encodes protein that lacks InterPro GPCR domains
TTRE5639	False	Encodes protein that lacks InterPro GPCR domains
TTRE564	False	Encodes protein that lacks InterPro GPCR domains
TTRE5640	False	Encodes protein that lacks InterPro GPCR domains
TTRE5641	False	Encodes protein that lacks InterPro GPCR domains
TTRE5642	False	Encodes protein that lacks InterPro GPCR domains
TTRE5643	False	Encodes protein that lacks InterPro GPCR domains
TTRE5644	False	Encodes protein that lacks InterPro GPCR domains
TTRE5645	False	Encodes protein that lacks InterPro GPCR domains
TTRE5646	False	Encodes protein that lacks InterPro GPCR domains
TTRE5647	False	Encodes protein that lacks InterPro GPCR domains
TTRE5648	False	Encodes protein that lacks InterPro GPCR domains
TTRE5649	False	Encodes protein that lacks InterPro GPCR domains
TTRE565	False	Encodes protein that lacks InterPro GPCR domains
TTRE5650	False	Encodes protein that lacks InterPro GPCR domains
TTRE5651	False	Encodes protein that lacks InterPro GPCR domains
TTRE5652	False	Encodes protein that lacks InterPro GPCR domains
TTRE5653	False	Encodes protein that lacks InterPro GPCR domains
TTRE5654	False	Encodes protein that lacks InterPro GPCR domains
TTRE5655	False	Encodes protein that lacks InterPro GPCR domains
TTRE5656	False	Encodes protein that lacks InterPro GPCR domains
TTRE5657	False	Encodes protein that lacks InterPro GPCR domains
TTRE5658	False	Encodes protein that lacks InterPro GPCR domains
TTRE5659	False	Encodes protein that lacks InterPro GPCR domains
TTRE566	False	Encodes protein that lacks InterPro GPCR domains
TTRE5660	False	Encodes protein that lacks InterPro GPCR domains
TTRE5661	False	Encodes protein that lacks InterPro GPCR domains
TTRE5662	False	Encodes protein that lacks InterPro GPCR domains
TTRE5663	False	Encodes protein that lacks InterPro GPCR domains
TTRE5664	False	Encodes protein that lacks InterPro GPCR domains
TTRE5665	False	Encodes protein that lacks InterPro GPCR domains
TTRE5666	False	Encodes protein that lacks InterPro GPCR domains
TTRE5667	False	Encodes protein that lacks InterPro GPCR domains
TTRE5668	False	Encodes protein that lacks InterPro GPCR domains
TTRE5669	False	Encodes protein that lacks InterPro GPCR domains
TTRE567	False	Encodes protein that lacks InterPro GPCR domains
TTRE5670	False	Encodes protein that lacks InterPro GPCR domains
TTRE5671	False	Encodes protein that lacks InterPro GPCR domains
TTRE5672	False	Encodes protein that lacks InterPro GPCR domains
TTRE5673	False	Encodes protein that lacks InterPro GPCR domains
TTRE5674	False	Encodes protein that lacks InterPro GPCR domains
TTRE5675	False	Encodes protein that lacks InterPro GPCR domains
TTRE5676	True	Encodes protein with InterPro domain(s): IPR017452 - GPCR, rhodopsin-like, 7TM
TTRE5678	False	Encodes protein that lacks InterPro GPCR domains
TTRE5679	False	Encodes protein that lacks InterPro GPCR domains
TTRE568	False	Encodes protein that lacks InterPro GPCR domains
TTRE5680	False	Encodes protein that lacks InterPro GPCR domains
TTRE5681	False	Encodes protein that lacks InterPro GPCR domains
TTRE5682	False	Encodes protein that lacks InterPro GPCR domains
TTRE5683	False	Encodes protein that lacks InterPro GPCR domains
TTRE5684	False	Encodes protein that lacks InterPro GPCR domains
TTRE5685	True	Encodes protein with InterPro domain(s): IPR017452 - GPCR, rhodopsin-like, 7TM
TTRE5686	False	Encodes protein that lacks InterPro GPCR domains
TTRE5687	False	Encodes protein that lacks InterPro GPCR domains
TTRE5688	False	Encodes protein that lacks InterPro GPCR domains
TTRE5689	False	Encodes protein that lacks InterPro GPCR domains
TTRE569	False	Encodes protein that lacks InterPro GPCR domains
TTRE5690	False	Encodes protein that lacks InterPro GPCR domains
TTRE5691	False	Encodes protein that lacks InterPro GPCR domains
TTRE5692	False	Encodes protein that lacks InterPro GPCR domains
TTRE5693	False	Encodes protein that lacks InterPro GPCR domains
TTRE5694	False	Encodes protein that lacks InterPro GPCR domains
TTRE5695	False	Encodes protein that lacks InterPro GPCR domains
TTRE5696	False	Encodes protein that lacks InterPro GPCR domains
TTRE5697	False	Encodes protein that lacks InterPro GPCR domains
TTRE5698	False	Encodes protein that lacks InterPro GPCR domains
TTRE5699	False	Encodes protein that lacks InterPro GPCR domains
TTRE57	False	Encodes protein that lacks InterPro GPCR domains
TTRE570	False	Encodes protein that lacks InterPro GPCR domains
TTRE5700	False	Encodes protein that lacks InterPro GPCR domains
TTRE5701	False	Encodes protein that lacks InterPro GPCR domains
TTRE5702	False	Encodes protein that lacks InterPro GPCR domains
TTRE5703	False	Encodes protein that lacks InterPro GPCR domains
TTRE5704	False	Encodes protein that lacks InterPro GPCR domains
TTRE5705	False	Encodes protein that lacks InterPro GPCR domains
TTRE5706	False	Encodes protein that lacks InterPro GPCR domains
TTRE5707	False	Encodes protein that lacks InterPro GPCR domains
TTRE5708	False	Encodes protein that lacks InterPro GPCR domains
TTRE5709	False	Encodes protein that lacks InterPro GPCR domains
TTRE571	False	Encodes protein that lacks InterPro GPCR domains
TTRE5710	False	Encodes protein that lacks InterPro GPCR domains
TTRE5711	False	Encodes protein that lacks InterPro GPCR domains
TTRE5712	False	Encodes protein that lacks InterPro GPCR domains
TTRE5713	False	Encodes protein that lacks InterPro GPCR domains
TTRE5714	False	Encodes protein that lacks InterPro GPCR domains
TTRE5715	False	Encodes protein that lacks InterPro GPCR domains
TTRE5716	False	Encodes protein that lacks InterPro GPCR domains
TTRE5717	False	Encodes protein that lacks InterPro GPCR domains
TTRE5718	False	Encodes protein that lacks InterPro GPCR domains
TTRE5719	False	Encodes protein that lacks InterPro GPCR domains
TTRE572	False	Encodes protein that lacks InterPro GPCR domains
TTRE5720	False	Encodes protein that lacks InterPro GPCR domains
TTRE5721	False	Encodes protein that lacks InterPro GPCR domains
TTRE5722	True	Encodes protein with InterPro domain(s): IPR017452 - GPCR, rhodopsin-like, 7TM; IPR039952 - G-protein coupled receptor Aex-2
TTRE5723	False	Encodes protein that lacks InterPro GPCR domains
TTRE5724	False	Encodes protein that lacks InterPro GPCR domains
TTRE5725	False	Encodes protein that lacks InterPro GPCR domains
TTRE5726	False	Encodes protein that lacks InterPro GPCR domains
TTRE5727	False	Encodes protein that lacks InterPro GPCR domains
TTRE5728	False	Encodes protein that lacks InterPro GPCR domains
TTRE5729	False	Encodes protein that lacks InterPro GPCR domains
TTRE573	False	Encodes protein that lacks InterPro GPCR domains
TTRE5730	False	Encodes protein that lacks InterPro GPCR domains
TTRE5731	False	Encodes protein that lacks InterPro GPCR domains
TTRE5732	False	Encodes protein that lacks InterPro GPCR domains
TTRE5733	False	Encodes protein that lacks InterPro GPCR domains
TTRE5734	False	Encodes protein that lacks InterPro GPCR domains
TTRE5735	False	Encodes protein that lacks InterPro GPCR domains
TTRE5736	False	Encodes protein that lacks InterPro GPCR domains
TTRE5737	False	Encodes protein that lacks InterPro GPCR domains
TTRE5738	False	Encodes protein that lacks InterPro GPCR domains
TTRE5739	False	Encodes protein that lacks InterPro GPCR domains
TTRE574	False	Encodes protein that lacks InterPro GPCR domains
TTRE5740	False	Encodes protein that lacks InterPro GPCR domains
TTRE5741	False	Encodes protein that lacks InterPro GPCR domains
TTRE5742	False	Encodes protein that lacks InterPro GPCR domains
TTRE5743	False	Encodes protein that lacks InterPro GPCR domains
TTRE5744	False	Encodes protein that lacks InterPro GPCR domains
TTRE5745	False	Encodes protein that lacks InterPro GPCR domains
TTRE5746	False	Encodes protein that lacks InterPro GPCR domains
TTRE5747	False	Encodes protein that lacks InterPro GPCR domains
TTRE5748	False	Encodes protein that lacks InterPro GPCR domains
TTRE5749	False	Encodes protein that lacks InterPro GPCR domains
TTRE575	False	Encodes protein that lacks InterPro GPCR domains
TTRE5750	False	Encodes protein that lacks InterPro GPCR domains
TTRE5751	False	Encodes protein that lacks InterPro GPCR domains
TTRE5752	False	Encodes protein that lacks InterPro GPCR domains
TTRE5753	False	Encodes protein that lacks InterPro GPCR domains
TTRE5754	False	Encodes protein that lacks InterPro GPCR domains
TTRE5755	False	Encodes protein that lacks InterPro GPCR domains
TTRE5756	False	Encodes protein that lacks InterPro GPCR domains
TTRE5757	False	Encodes protein that lacks InterPro GPCR domains
TTRE5758	False	Encodes protein that lacks InterPro GPCR domains
TTRE5759	False	Encodes protein that lacks InterPro GPCR domains
TTRE576	False	Encodes protein that lacks InterPro GPCR domains
TTRE5760	False	Encodes protein that lacks InterPro GPCR domains
TTRE5761	False	Encodes protein that lacks InterPro GPCR domains
TTRE5762	False	Encodes protein that lacks InterPro GPCR domains
TTRE5763	False	Encodes protein that lacks InterPro GPCR domains
TTRE5764	False	Encodes protein that lacks InterPro GPCR domains
TTRE5765	False	Encodes protein that lacks InterPro GPCR domains
TTRE5766	False	Encodes protein that lacks InterPro GPCR domains
TTRE5767	False	Encodes protein that lacks InterPro GPCR domains
TTRE5768	False	Encodes protein that lacks InterPro GPCR domains
TTRE5769	False	Encodes protein that lacks InterPro GPCR domains
TTRE577	False	Encodes protein that lacks InterPro GPCR domains
TTRE5770	False	Encodes protein that lacks InterPro GPCR domains
TTRE5771	False	Encodes protein that lacks InterPro GPCR domains
TTRE5772	False	Encodes protein that lacks InterPro GPCR domains
TTRE5773	False	Encodes protein that lacks InterPro GPCR domains
TTRE5774	False	Encodes protein that lacks InterPro GPCR domains
TTRE5775	False	Encodes protein that lacks InterPro GPCR domains
TTRE5776	False	Encodes protein that lacks InterPro GPCR domains
TTRE5777	False	Encodes protein that lacks InterPro GPCR domains
TTRE5778	False	Encodes protein that lacks InterPro GPCR domains
TTRE5779	False	Encodes protein that lacks InterPro GPCR domains
TTRE578	False	Encodes protein that lacks InterPro GPCR domains
TTRE5780	False	Encodes protein that lacks InterPro GPCR domains
TTRE5781	False	Encodes protein that lacks InterPro GPCR domains
TTRE5782	False	Encodes protein that lacks InterPro GPCR domains
TTRE5783	False	Encodes protein that lacks InterPro GPCR domains
TTRE5784	False	Encodes protein that lacks InterPro GPCR domains
TTRE5785	False	Encodes protein that lacks InterPro GPCR domains
TTRE5786	False	Encodes protein that lacks InterPro GPCR domains
TTRE5787	False	Encodes protein that lacks InterPro GPCR domains
TTRE5788	False	Encodes protein that lacks InterPro GPCR domains
TTRE5789	False	Encodes protein that lacks InterPro GPCR domains
TTRE579	False	Encodes protein that lacks InterPro GPCR domains
TTRE5790	False	Encodes protein that lacks InterPro GPCR domains
TTRE5791	False	Encodes protein that lacks InterPro GPCR domains
TTRE5792	False	Encodes protein that lacks InterPro GPCR domains
TTRE5793	False	Encodes protein that lacks InterPro GPCR domains
TTRE5794	False	Encodes protein that lacks InterPro GPCR domains
TTRE5795	False	Encodes protein that lacks InterPro GPCR domains
TTRE5796	False	Encodes protein that lacks InterPro GPCR domains
TTRE5797	False	Encodes protein that lacks InterPro GPCR domains
TTRE5798	False	Encodes protein that lacks InterPro GPCR domains
TTRE5799	False	Encodes protein that lacks InterPro GPCR domains
TTRE58	False	Encodes protein that lacks InterPro GPCR domains
TTRE580	False	Encodes protein that lacks InterPro GPCR domains
TTRE5800	False	Encodes protein that lacks InterPro GPCR domains
TTRE5801	False	Encodes protein that lacks InterPro GPCR domains
TTRE5802	False	Encodes protein that lacks InterPro GPCR domains
TTRE5803	False	Encodes protein that lacks InterPro GPCR domains
TTRE5804	False	Encodes protein that lacks InterPro GPCR domains
TTRE5805	False	Encodes protein that lacks InterPro GPCR domains
TTRE5807	False	Encodes protein that lacks InterPro GPCR domains
TTRE5808	False	Encodes protein that lacks InterPro GPCR domains
TTRE5809	False	Encodes protein that lacks InterPro GPCR domains
TTRE581	False	Encodes protein that lacks InterPro GPCR domains
TTRE5810	False	Encodes protein that lacks InterPro GPCR domains
TTRE5811	False	Encodes protein that lacks InterPro GPCR domains
TTRE5812	False	Encodes protein that lacks InterPro GPCR domains
TTRE5813	False	Encodes protein that lacks InterPro GPCR domains
TTRE5814	False	Encodes protein that lacks InterPro GPCR domains
TTRE5815	False	Encodes protein that lacks InterPro GPCR domains
TTRE5816	False	Encodes protein that lacks InterPro GPCR domains
TTRE5817	False	Encodes protein that lacks InterPro GPCR domains
TTRE5818	False	Encodes protein that lacks InterPro GPCR domains
TTRE5819	False	Encodes protein that lacks InterPro GPCR domains
TTRE582	False	Encodes protein that lacks InterPro GPCR domains
TTRE5820	False	Encodes protein that lacks InterPro GPCR domains
TTRE5821	False	Encodes protein that lacks InterPro GPCR domains
TTRE5822	False	Encodes protein that lacks InterPro GPCR domains
TTRE5823	False	Encodes protein that lacks InterPro GPCR domains
TTRE5824	False	Encodes protein that lacks InterPro GPCR domains
TTRE5825	False	Encodes protein that lacks InterPro GPCR domains
TTRE5826	False	Encodes protein that lacks InterPro GPCR domains
TTRE5827	False	Encodes protein that lacks InterPro GPCR domains
TTRE5828	False	Encodes protein that lacks InterPro GPCR domains
TTRE5829	False	Encodes protein that lacks InterPro GPCR domains
TTRE583	False	Encodes protein that lacks InterPro GPCR domains
TTRE5830	False	Encodes protein that lacks InterPro GPCR domains
TTRE5831	False	Encodes protein that lacks InterPro GPCR domains
TTRE5832	False	Encodes protein that lacks InterPro GPCR domains
TTRE5833	False	Encodes protein that lacks InterPro GPCR domains
TTRE5834	False	Encodes protein that lacks InterPro GPCR domains
TTRE5835	False	Encodes protein that lacks InterPro GPCR domains
TTRE5836	False	Encodes protein that lacks InterPro GPCR domains
TTRE5837	False	Encodes protein that lacks InterPro GPCR domains
TTRE5838	False	Encodes protein that lacks InterPro GPCR domains
TTRE5839	False	Encodes protein that lacks InterPro GPCR domains
TTRE584	False	Encodes protein that lacks InterPro GPCR domains
TTRE5840	False	Encodes protein that lacks InterPro GPCR domains
TTRE5841	False	Encodes protein that lacks InterPro GPCR domains
TTRE5842	False	Encodes protein that lacks InterPro GPCR domains
TTRE5843	False	Encodes protein that lacks InterPro GPCR domains
TTRE5844	False	Encodes protein that lacks InterPro GPCR domains
TTRE5845	False	Encodes protein that lacks InterPro GPCR domains
TTRE5846	False	Encodes protein that lacks InterPro GPCR domains
TTRE5847	False	Encodes protein that lacks InterPro GPCR domains
TTRE5848	False	Encodes protein that lacks InterPro GPCR domains
TTRE5849	False	Encodes protein that lacks InterPro GPCR domains
TTRE585	False	Encodes protein that lacks InterPro GPCR domains
TTRE5850	False	Encodes protein that lacks InterPro GPCR domains
TTRE5851	False	Encodes protein that lacks InterPro GPCR domains
TTRE5852	False	Encodes protein that lacks InterPro GPCR domains
TTRE5853	False	Encodes protein that lacks InterPro GPCR domains
TTRE5854	False	Encodes protein that lacks InterPro GPCR domains
TTRE5855	False	Encodes protein that lacks InterPro GPCR domains
TTRE5856	False	Encodes protein that lacks InterPro GPCR domains
TTRE5857	False	Encodes protein that lacks InterPro GPCR domains
TTRE5858	False	Encodes protein that lacks InterPro GPCR domains
TTRE5859	False	Encodes protein that lacks InterPro GPCR domains
TTRE586	False	Encodes protein that lacks InterPro GPCR domains
TTRE5860	False	Encodes protein that lacks InterPro GPCR domains
TTRE5861	False	Encodes protein that lacks InterPro GPCR domains
TTRE5862	False	Encodes protein that lacks InterPro GPCR domains
TTRE5863	False	Encodes protein that lacks InterPro GPCR domains
TTRE5864	False	Encodes protein that lacks InterPro GPCR domains
TTRE5865	False	Encodes protein that lacks InterPro GPCR domains
TTRE5866	False	Encodes protein that lacks InterPro GPCR domains
TTRE5867	False	Encodes protein that lacks InterPro GPCR domains
TTRE5868	False	Encodes protein that lacks InterPro GPCR domains
TTRE5869	False	Encodes protein that lacks InterPro GPCR domains
TTRE587	False	Encodes protein that lacks InterPro GPCR domains
TTRE5870	False	Encodes protein that lacks InterPro GPCR domains
TTRE5871	False	Encodes protein that lacks InterPro GPCR domains
TTRE5872	False	Encodes protein that lacks InterPro GPCR domains
TTRE5873	False	Encodes protein that lacks InterPro GPCR domains
TTRE5874	False	Encodes protein that lacks InterPro GPCR domains
TTRE5875	False	Encodes protein that lacks InterPro GPCR domains
TTRE5876	False	Encodes protein that lacks InterPro GPCR domains
TTRE5877	False	Encodes protein that lacks InterPro GPCR domains
TTRE5878	False	Encodes protein that lacks InterPro GPCR domains
TTRE5879	False	Encodes protein that lacks InterPro GPCR domains
TTRE588	False	Encodes protein that lacks InterPro GPCR domains
TTRE5880	False	Encodes protein that lacks InterPro GPCR domains
TTRE5881	False	Encodes protein that lacks InterPro GPCR domains
TTRE5882	False	Encodes protein that lacks InterPro GPCR domains
TTRE5883	False	Encodes protein that lacks InterPro GPCR domains
TTRE5884	False	Encodes protein that lacks InterPro GPCR domains
TTRE5885	False	Encodes protein that lacks InterPro GPCR domains
TTRE5886	False	Encodes protein that lacks InterPro GPCR domains
TTRE5887	False	Encodes protein that lacks InterPro GPCR domains
TTRE5888	False	Encodes protein that lacks InterPro GPCR domains
TTRE5889	False	Encodes protein that lacks InterPro GPCR domains
TTRE589	False	Encodes protein that lacks InterPro GPCR domains
TTRE5890	False	Encodes protein that lacks InterPro GPCR domains
TTRE5891	False	Encodes protein that lacks InterPro GPCR domains
TTRE5892	False	Encodes protein that lacks InterPro GPCR domains
TTRE5893	False	Encodes protein that lacks InterPro GPCR domains
TTRE5894	False	Encodes protein that lacks InterPro GPCR domains
TTRE5895	False	Encodes protein that lacks InterPro GPCR domains
TTRE5896	False	Encodes protein that lacks InterPro GPCR domains
TTRE5897	False	Encodes protein that lacks InterPro GPCR domains
TTRE5898	False	Encodes protein that lacks InterPro GPCR domains
TTRE5899	False	Encodes protein that lacks InterPro GPCR domains
TTRE59	False	Encodes protein that lacks InterPro GPCR domains
TTRE590	False	Encodes protein that lacks InterPro GPCR domains
TTRE5900	False	Encodes protein that lacks InterPro GPCR domains
TTRE5901	False	Encodes protein that lacks InterPro GPCR domains
TTRE5902	False	Encodes protein that lacks InterPro GPCR domains
TTRE5903	False	Encodes protein that lacks InterPro GPCR domains
TTRE5904	False	Encodes protein that lacks InterPro GPCR domains
TTRE5905	False	Encodes protein that lacks InterPro GPCR domains
TTRE5906	False	Encodes protein that lacks InterPro GPCR domains
TTRE5907	False	Encodes protein that lacks InterPro GPCR domains
TTRE5908	False	Encodes protein that lacks InterPro GPCR domains
TTRE5909	False	Encodes protein that lacks InterPro GPCR domains
TTRE591	False	Encodes protein that lacks InterPro GPCR domains
TTRE5910	False	Encodes protein that lacks InterPro GPCR domains
TTRE5911	False	Encodes protein that lacks InterPro GPCR domains
TTRE5912	False	Encodes protein that lacks InterPro GPCR domains
TTRE5913	False	Encodes protein that lacks InterPro GPCR domains
TTRE5914	False	Encodes protein that lacks InterPro GPCR domains
TTRE5915	False	Encodes protein that lacks InterPro GPCR domains
TTRE5916	False	Encodes protein that lacks InterPro GPCR domains
TTRE5917	False	Encodes protein that lacks InterPro GPCR domains
TTRE5918	False	Encodes protein that lacks InterPro GPCR domains
TTRE5919	False	Encodes protein that lacks InterPro GPCR domains
TTRE592	False	Encodes protein that lacks InterPro GPCR domains
TTRE5920	False	Encodes protein that lacks InterPro GPCR domains
TTRE5921	False	Encodes protein that lacks InterPro GPCR domains
TTRE5922	False	Encodes protein that lacks InterPro GPCR domains
TTRE5923	False	Encodes protein that lacks InterPro GPCR domains
TTRE5924	False	Encodes protein that lacks InterPro GPCR domains
TTRE5925	False	Encodes protein that lacks InterPro GPCR domains
TTRE5926	False	Encodes protein that lacks InterPro GPCR domains
TTRE5927	False	Encodes protein that lacks InterPro GPCR domains
TTRE5928	False	Encodes protein that lacks InterPro GPCR domains
TTRE5929	False	Encodes protein that lacks InterPro GPCR domains
TTRE593	False	Encodes protein that lacks InterPro GPCR domains
TTRE5930	False	Encodes protein that lacks InterPro GPCR domains
TTRE5931	False	Encodes protein that lacks InterPro GPCR domains
TTRE5932	False	Encodes protein that lacks InterPro GPCR domains
TTRE5933	False	Encodes protein that lacks InterPro GPCR domains
TTRE5934	False	Encodes protein that lacks InterPro GPCR domains
TTRE5935	False	Encodes protein that lacks InterPro GPCR domains
TTRE5936	False	Encodes protein that lacks InterPro GPCR domains
TTRE5937	False	Encodes protein that lacks InterPro GPCR domains
TTRE5938	False	Encodes protein that lacks InterPro GPCR domains
TTRE5939	False	Encodes protein that lacks InterPro GPCR domains
TTRE594	False	Encodes protein that lacks InterPro GPCR domains
TTRE5940	False	Encodes protein that lacks InterPro GPCR domains
TTRE5941	False	Encodes protein that lacks InterPro GPCR domains
TTRE5942	False	Encodes protein that lacks InterPro GPCR domains
TTRE5943	False	Encodes protein that lacks InterPro GPCR domains
TTRE5944	False	Encodes protein that lacks InterPro GPCR domains
TTRE5945	False	Encodes protein that lacks InterPro GPCR domains
TTRE5946	False	Encodes protein that lacks InterPro GPCR domains
TTRE5947	False	Encodes protein that lacks InterPro GPCR domains
TTRE5948	False	Encodes protein that lacks InterPro GPCR domains
TTRE5949	False	Encodes protein that lacks InterPro GPCR domains
TTRE595	False	Encodes protein that lacks InterPro GPCR domains
TTRE5950	False	Encodes protein that lacks InterPro GPCR domains
TTRE5951	False	Encodes protein that lacks InterPro GPCR domains
TTRE5952	False	Encodes protein that lacks InterPro GPCR domains
TTRE5953	False	Encodes protein that lacks InterPro GPCR domains
TTRE5954	False	Encodes protein that lacks InterPro GPCR domains
TTRE5955	False	Encodes protein that lacks InterPro GPCR domains
TTRE5956	False	Encodes protein that lacks InterPro GPCR domains
TTRE5957	False	Encodes protein that lacks InterPro GPCR domains
TTRE5958	False	Encodes protein that lacks InterPro GPCR domains
TTRE5959	False	Encodes protein that lacks InterPro GPCR domains
TTRE596	False	Encodes protein that lacks InterPro GPCR domains
TTRE5960	False	Encodes protein that lacks InterPro GPCR domains
TTRE5961	False	Encodes protein that lacks InterPro GPCR domains
TTRE5962	False	Encodes protein that lacks InterPro GPCR domains
TTRE5963	False	Encodes protein that lacks InterPro GPCR domains
TTRE5964	False	Encodes protein that lacks InterPro GPCR domains
TTRE5965	True	Encodes protein with InterPro domain(s): IPR017452 - GPCR, rhodopsin-like, 7TM
TTRE5966	False	Encodes protein that lacks InterPro GPCR domains
TTRE5967	False	Encodes protein that lacks InterPro GPCR domains
TTRE5968	False	Encodes protein that lacks InterPro GPCR domains
TTRE5969	False	Encodes protein that lacks InterPro GPCR domains
TTRE597	False	Encodes protein that lacks InterPro GPCR domains
TTRE5970	False	Encodes protein that lacks InterPro GPCR domains
TTRE5971	False	Encodes protein that lacks InterPro GPCR domains
TTRE5972	False	Encodes protein that lacks InterPro GPCR domains
TTRE5973	False	Encodes protein that lacks InterPro GPCR domains
TTRE5974	False	Encodes protein that lacks InterPro GPCR domains
TTRE5975	False	Encodes protein that lacks InterPro GPCR domains
TTRE5976	False	Encodes protein that lacks InterPro GPCR domains
TTRE5977	False	Encodes protein that lacks InterPro GPCR domains
TTRE5978	False	Encodes protein that lacks InterPro GPCR domains
TTRE5979	False	Encodes protein that lacks InterPro GPCR domains
TTRE598	False	Encodes protein that lacks InterPro GPCR domains
TTRE5980	False	Encodes protein that lacks InterPro GPCR domains
TTRE5981	True	Encodes protein with InterPro domain(s): IPR015672 - The Golgi pH regulator/GPCR-type G protein; IPR025969 - Abscisic acid G-protein coupled receptor-like domain
TTRE5982	False	Encodes protein that lacks InterPro GPCR domains
TTRE5983	False	Encodes protein that lacks InterPro GPCR domains
TTRE5984	False	Encodes protein that lacks InterPro GPCR domains
TTRE5985	False	Encodes protein that lacks InterPro GPCR domains
TTRE5986	False	Encodes protein that lacks InterPro GPCR domains
TTRE5987	False	Encodes protein that lacks InterPro GPCR domains
TTRE5988	False	Encodes protein that lacks InterPro GPCR domains
TTRE5989	False	Encodes protein that lacks InterPro GPCR domains
TTRE599	False	Encodes protein that lacks InterPro GPCR domains
TTRE5990	False	Encodes protein that lacks InterPro GPCR domains
TTRE5991	False	Encodes protein that lacks InterPro GPCR domains
TTRE5992	False	Encodes protein that lacks InterPro GPCR domains
TTRE5993	False	Encodes protein that lacks InterPro GPCR domains
TTRE5994	False	Encodes protein that lacks InterPro GPCR domains
TTRE5995	False	Encodes protein that lacks InterPro GPCR domains
TTRE5996	False	Encodes protein that lacks InterPro GPCR domains
TTRE5997	False	Encodes protein that lacks InterPro GPCR domains
TTRE5998	False	Encodes protein that lacks InterPro GPCR domains
TTRE5999	False	Encodes protein that lacks InterPro GPCR domains
TTRE6	False	Encodes protein that lacks InterPro GPCR domains
TTRE60	False	Encodes protein that lacks InterPro GPCR domains
TTRE600	False	Encodes protein that lacks InterPro GPCR domains
TTRE6000	False	Encodes protein that lacks InterPro GPCR domains
TTRE6001	False	Encodes protein that lacks InterPro GPCR domains
TTRE6002	False	Encodes protein that lacks InterPro GPCR domains
TTRE6003	False	Encodes protein that lacks InterPro GPCR domains
TTRE6004	False	Encodes protein that lacks InterPro GPCR domains
TTRE6005	False	Encodes protein that lacks InterPro GPCR domains
TTRE6006	False	Encodes protein that lacks InterPro GPCR domains
TTRE6007	False	Encodes protein that lacks InterPro GPCR domains
TTRE6008	False	Encodes protein that lacks InterPro GPCR domains
TTRE6009	False	Encodes protein that lacks InterPro GPCR domains
TTRE601	False	Encodes protein that lacks InterPro GPCR domains
TTRE6010	False	Encodes protein that lacks InterPro GPCR domains
TTRE6011	False	Encodes protein that lacks InterPro GPCR domains
TTRE6012	False	Encodes protein that lacks InterPro GPCR domains
TTRE6013	False	Encodes protein that lacks InterPro GPCR domains
TTRE6014	False	Encodes protein that lacks InterPro GPCR domains
TTRE6015	False	Encodes protein that lacks InterPro GPCR domains
TTRE6016	False	Encodes protein that lacks InterPro GPCR domains
TTRE6017	False	Encodes protein that lacks InterPro GPCR domains
TTRE6018	False	Encodes protein that lacks InterPro GPCR domains
TTRE6019	False	Encodes protein that lacks InterPro GPCR domains
TTRE602	False	Encodes protein that lacks InterPro GPCR domains
TTRE6020	False	Encodes protein that lacks InterPro GPCR domains
TTRE6021	False	Encodes protein that lacks InterPro GPCR domains
TTRE6022	False	Encodes protein that lacks InterPro GPCR domains
TTRE6023	False	Encodes protein that lacks InterPro GPCR domains
TTRE6024	False	Encodes protein that lacks InterPro GPCR domains
TTRE6025	False	Encodes protein that lacks InterPro GPCR domains
TTRE6026	False	Encodes protein that lacks InterPro GPCR domains
TTRE6027	False	Encodes protein that lacks InterPro GPCR domains
TTRE6028	False	Encodes protein that lacks InterPro GPCR domains
TTRE6029	False	Encodes protein that lacks InterPro GPCR domains
TTRE603	False	Encodes protein that lacks InterPro GPCR domains
TTRE6030	False	Encodes protein that lacks InterPro GPCR domains
TTRE6031	False	Encodes protein that lacks InterPro GPCR domains
TTRE6032	False	Encodes protein that lacks InterPro GPCR domains
TTRE6033	False	Encodes protein that lacks InterPro GPCR domains
TTRE6034	False	Encodes protein that lacks InterPro GPCR domains
TTRE6035	False	Encodes protein that lacks InterPro GPCR domains
TTRE6036	False	Encodes protein that lacks InterPro GPCR domains
TTRE6037	False	Encodes protein that lacks InterPro GPCR domains
TTRE6038	False	Encodes protein that lacks InterPro GPCR domains
TTRE6039	False	Encodes protein that lacks InterPro GPCR domains
TTRE604	False	Encodes protein that lacks InterPro GPCR domains
TTRE6040	False	Encodes protein that lacks InterPro GPCR domains
TTRE6041	False	Encodes protein that lacks InterPro GPCR domains
TTRE6042	False	Encodes protein that lacks InterPro GPCR domains
TTRE6043	False	Encodes protein that lacks InterPro GPCR domains
TTRE6044	False	Encodes protein that lacks InterPro GPCR domains
TTRE6045	False	Encodes protein that lacks InterPro GPCR domains
TTRE6046	False	Encodes protein that lacks InterPro GPCR domains
TTRE6047	False	Encodes protein that lacks InterPro GPCR domains
TTRE6048	False	Encodes protein that lacks InterPro GPCR domains
TTRE6049	False	Encodes protein that lacks InterPro GPCR domains
TTRE605	False	Encodes protein that lacks InterPro GPCR domains
TTRE6050	False	Encodes protein that lacks InterPro GPCR domains
TTRE6051	False	Encodes protein that lacks InterPro GPCR domains
TTRE6052	False	Encodes protein that lacks InterPro GPCR domains
TTRE6053	False	Encodes protein that lacks InterPro GPCR domains
TTRE6054	False	Encodes protein that lacks InterPro GPCR domains
TTRE6055	False	Encodes protein that lacks InterPro GPCR domains
TTRE6056	False	Encodes protein that lacks InterPro GPCR domains
TTRE6057	False	Encodes protein that lacks InterPro GPCR domains
TTRE6058	False	Encodes protein that lacks InterPro GPCR domains
TTRE6059	False	Encodes protein that lacks InterPro GPCR domains
TTRE606	False	Encodes protein that lacks InterPro GPCR domains
TTRE6060	False	Encodes protein that lacks InterPro GPCR domains
TTRE6061	False	Encodes protein that lacks InterPro GPCR domains
TTRE6062	False	Encodes protein that lacks InterPro GPCR domains
TTRE6063	False	Encodes protein that lacks InterPro GPCR domains
TTRE6064	False	Encodes protein that lacks InterPro GPCR domains
TTRE6065	False	Encodes protein that lacks InterPro GPCR domains
TTRE6066	False	Encodes protein that lacks InterPro GPCR domains
TTRE6067	False	Encodes protein that lacks InterPro GPCR domains
TTRE6068	False	Encodes protein that lacks InterPro GPCR domains
TTRE6069	False	Encodes protein that lacks InterPro GPCR domains
TTRE607	False	Encodes protein that lacks InterPro GPCR domains
TTRE6070	False	Encodes protein that lacks InterPro GPCR domains
TTRE6071	False	Encodes protein that lacks InterPro GPCR domains
TTRE6072	False	Encodes protein that lacks InterPro GPCR domains
TTRE6073	False	Encodes protein that lacks InterPro GPCR domains
TTRE6074	False	Encodes protein that lacks InterPro GPCR domains
TTRE6075	False	Encodes protein that lacks InterPro GPCR domains
TTRE6076	False	Encodes protein that lacks InterPro GPCR domains
TTRE6077	False	Encodes protein that lacks InterPro GPCR domains
TTRE6078	False	Encodes protein that lacks InterPro GPCR domains
TTRE6079	False	Encodes protein that lacks InterPro GPCR domains
TTRE608	False	Encodes protein that lacks InterPro GPCR domains
TTRE6080	False	Encodes protein that lacks InterPro GPCR domains
TTRE6081	False	Encodes protein that lacks InterPro GPCR domains
TTRE6082	False	Encodes protein that lacks InterPro GPCR domains
TTRE6083	False	Encodes protein that lacks InterPro GPCR domains
TTRE6084	False	Encodes protein that lacks InterPro GPCR domains
TTRE6085	False	Encodes protein that lacks InterPro GPCR domains
TTRE6086	False	Encodes protein that lacks InterPro GPCR domains
TTRE6087	False	Encodes protein that lacks InterPro GPCR domains
TTRE6088	False	Encodes protein that lacks InterPro GPCR domains
TTRE6089	False	Encodes protein that lacks InterPro GPCR domains
TTRE609	False	Encodes protein that lacks InterPro GPCR domains
TTRE6090	False	Encodes protein that lacks InterPro GPCR domains
TTRE6091	False	Encodes protein that lacks InterPro GPCR domains
TTRE6092	False	Encodes protein that lacks InterPro GPCR domains
TTRE6093	False	Encodes protein that lacks InterPro GPCR domains
TTRE6094	False	Encodes protein that lacks InterPro GPCR domains
TTRE6095	False	Encodes protein that lacks InterPro GPCR domains
TTRE6096	False	Encodes protein that lacks InterPro GPCR domains
TTRE6097	False	Encodes protein that lacks InterPro GPCR domains
TTRE6098	False	Encodes protein that lacks InterPro GPCR domains
TTRE6099	False	Encodes protein that lacks InterPro GPCR domains
TTRE61	False	Encodes protein that lacks InterPro GPCR domains
TTRE610	False	Encodes protein that lacks InterPro GPCR domains
TTRE6100	False	Encodes protein that lacks InterPro GPCR domains
TTRE6101	False	Encodes protein that lacks InterPro GPCR domains
TTRE6102	False	Encodes protein that lacks InterPro GPCR domains
TTRE6103	False	Encodes protein that lacks InterPro GPCR domains
TTRE6104	False	Encodes protein that lacks InterPro GPCR domains
TTRE6105	False	Encodes protein that lacks InterPro GPCR domains
TTRE6106	False	Encodes protein that lacks InterPro GPCR domains
TTRE6107	False	Encodes protein that lacks InterPro GPCR domains
TTRE6108	False	Encodes protein that lacks InterPro GPCR domains
TTRE6109	False	Encodes protein that lacks InterPro GPCR domains
TTRE611	False	Encodes protein that lacks InterPro GPCR domains
TTRE6110	False	Encodes protein that lacks InterPro GPCR domains
TTRE6111	False	Encodes protein that lacks InterPro GPCR domains
TTRE6112	False	Encodes protein that lacks InterPro GPCR domains
TTRE6113	False	Encodes protein that lacks InterPro GPCR domains
TTRE6114	False	Encodes protein that lacks InterPro GPCR domains
TTRE6115	False	Encodes protein that lacks InterPro GPCR domains
TTRE6116	False	Encodes protein that lacks InterPro GPCR domains
TTRE6117	False	Encodes protein that lacks InterPro GPCR domains
TTRE6118	False	Encodes protein that lacks InterPro GPCR domains
TTRE6119	False	Encodes protein that lacks InterPro GPCR domains
TTRE612	False	Encodes protein that lacks InterPro GPCR domains
TTRE6120	False	Encodes protein that lacks InterPro GPCR domains
TTRE6121	False	Encodes protein that lacks InterPro GPCR domains
TTRE6122	False	Encodes protein that lacks InterPro GPCR domains
TTRE6123	False	Encodes protein that lacks InterPro GPCR domains
TTRE6124	False	Encodes protein that lacks InterPro GPCR domains
TTRE6125	False	Encodes protein that lacks InterPro GPCR domains
TTRE6126	False	Encodes protein that lacks InterPro GPCR domains
TTRE6127	False	Encodes protein that lacks InterPro GPCR domains
TTRE6128	False	Encodes protein that lacks InterPro GPCR domains
TTRE6129	False	Encodes protein that lacks InterPro GPCR domains
TTRE613	False	Encodes protein that lacks InterPro GPCR domains
TTRE6130	False	Encodes protein that lacks InterPro GPCR domains
TTRE6131	False	Encodes protein that lacks InterPro GPCR domains
TTRE6132	False	Encodes protein that lacks InterPro GPCR domains
TTRE6133	False	Encodes protein that lacks InterPro GPCR domains
TTRE6134	False	Encodes protein that lacks InterPro GPCR domains
TTRE6135	False	Encodes protein that lacks InterPro GPCR domains
TTRE6136	False	Encodes protein that lacks InterPro GPCR domains
TTRE6137	False	Encodes protein that lacks InterPro GPCR domains
TTRE6138	False	Encodes protein that lacks InterPro GPCR domains
TTRE6139	False	Encodes protein that lacks InterPro GPCR domains
TTRE614	False	Encodes protein that lacks InterPro GPCR domains
TTRE6140	False	Encodes protein that lacks InterPro GPCR domains
TTRE6141	False	Encodes protein that lacks InterPro GPCR domains
TTRE6142	False	Encodes protein that lacks InterPro GPCR domains
TTRE6143	False	Encodes protein that lacks InterPro GPCR domains
TTRE6144	False	Encodes protein that lacks InterPro GPCR domains
TTRE6145	False	Encodes protein that lacks InterPro GPCR domains
TTRE6146	False	Encodes protein that lacks InterPro GPCR domains
TTRE6147	False	Encodes protein that lacks InterPro GPCR domains
TTRE6148	False	Encodes protein that lacks InterPro GPCR domains
TTRE6149	False	Encodes protein that lacks InterPro GPCR domains
TTRE615	False	Encodes protein that lacks InterPro GPCR domains
TTRE6150	False	Encodes protein that lacks InterPro GPCR domains
TTRE6151	False	Encodes protein that lacks InterPro GPCR domains
TTRE6152	False	Encodes protein that lacks InterPro GPCR domains
TTRE6153	False	Encodes protein that lacks InterPro GPCR domains
TTRE6154	False	Encodes protein that lacks InterPro GPCR domains
TTRE6155	False	Encodes protein that lacks InterPro GPCR domains
TTRE6156	False	Encodes protein that lacks InterPro GPCR domains
TTRE6157	False	Encodes protein that lacks InterPro GPCR domains
TTRE6158	False	Encodes protein that lacks InterPro GPCR domains
TTRE6159	False	Encodes protein that lacks InterPro GPCR domains
TTRE616	False	Encodes protein that lacks InterPro GPCR domains
TTRE6160	False	Encodes protein that lacks InterPro GPCR domains
TTRE6161	False	Encodes protein that lacks InterPro GPCR domains
TTRE6162	False	Encodes protein that lacks InterPro GPCR domains
TTRE6163	False	Encodes protein that lacks InterPro GPCR domains
TTRE6164	False	Encodes protein that lacks InterPro GPCR domains
TTRE6165	False	Encodes protein that lacks InterPro GPCR domains
TTRE6166	False	Encodes protein that lacks InterPro GPCR domains
TTRE6167	False	Encodes protein that lacks InterPro GPCR domains
TTRE6168	False	Encodes protein that lacks InterPro GPCR domains
TTRE6169	False	Encodes protein that lacks InterPro GPCR domains
TTRE617	False	Encodes protein that lacks InterPro GPCR domains
TTRE6170	False	Encodes protein that lacks InterPro GPCR domains
TTRE6171	False	Encodes protein that lacks InterPro GPCR domains
TTRE6172	False	Encodes protein that lacks InterPro GPCR domains
TTRE6173	False	Encodes protein that lacks InterPro GPCR domains
TTRE6174	False	Encodes protein that lacks InterPro GPCR domains
TTRE6175	False	Encodes protein that lacks InterPro GPCR domains
TTRE6176	False	Encodes protein that lacks InterPro GPCR domains
TTRE6177	False	Encodes protein that lacks InterPro GPCR domains
TTRE6178	False	Encodes protein that lacks InterPro GPCR domains
TTRE6179	False	Encodes protein that lacks InterPro GPCR domains
TTRE618	False	Encodes protein that lacks InterPro GPCR domains
TTRE6180	False	Encodes protein that lacks InterPro GPCR domains
TTRE6181	False	Encodes protein that lacks InterPro GPCR domains
TTRE6182	False	Encodes protein that lacks InterPro GPCR domains
TTRE6183	False	Encodes protein that lacks InterPro GPCR domains
TTRE6184	False	Encodes protein that lacks InterPro GPCR domains
TTRE6185	False	Encodes protein that lacks InterPro GPCR domains
TTRE6186	False	Encodes protein that lacks InterPro GPCR domains
TTRE6187	False	Encodes protein that lacks InterPro GPCR domains
TTRE6188	False	Encodes protein that lacks InterPro GPCR domains
TTRE6189	False	Encodes protein that lacks InterPro GPCR domains
TTRE619	False	Encodes protein that lacks InterPro GPCR domains
TTRE6190	False	Encodes protein that lacks InterPro GPCR domains
TTRE6191	False	Encodes protein that lacks InterPro GPCR domains
TTRE6192	False	Encodes protein that lacks InterPro GPCR domains
TTRE6193	False	Encodes protein that lacks InterPro GPCR domains
TTRE6194	False	Encodes protein that lacks InterPro GPCR domains
TTRE6195	False	Encodes protein that lacks InterPro GPCR domains
TTRE6196	False	Encodes protein that lacks InterPro GPCR domains
TTRE6197	False	Encodes protein that lacks InterPro GPCR domains
TTRE6198	False	Encodes protein that lacks InterPro GPCR domains
TTRE6199	False	Encodes protein that lacks InterPro GPCR domains
TTRE62	False	Encodes protein that lacks InterPro GPCR domains
TTRE620	False	Encodes protein that lacks InterPro GPCR domains
TTRE6200	False	Encodes protein that lacks InterPro GPCR domains
TTRE6201	False	Encodes protein that lacks InterPro GPCR domains
TTRE6202	False	Encodes protein that lacks InterPro GPCR domains
TTRE6203	False	Encodes protein that lacks InterPro GPCR domains
TTRE6204	False	Encodes protein that lacks InterPro GPCR domains
TTRE6205	False	Encodes protein that lacks InterPro GPCR domains
TTRE6206	False	Encodes protein that lacks InterPro GPCR domains
TTRE6207	False	Encodes protein that lacks InterPro GPCR domains
TTRE6208	False	Encodes protein that lacks InterPro GPCR domains
TTRE6209	False	Encodes protein that lacks InterPro GPCR domains
TTRE621	False	Encodes protein that lacks InterPro GPCR domains
TTRE6210	False	Encodes protein that lacks InterPro GPCR domains
TTRE6211	False	Encodes protein that lacks InterPro GPCR domains
TTRE6212	False	Encodes protein that lacks InterPro GPCR domains
TTRE6213	False	Encodes protein that lacks InterPro GPCR domains
TTRE6214	False	Encodes protein that lacks InterPro GPCR domains
TTRE6215	False	Encodes protein that lacks InterPro GPCR domains
TTRE6216	False	Encodes protein that lacks InterPro GPCR domains
TTRE6217	False	Encodes protein that lacks InterPro GPCR domains
TTRE6218	False	Encodes protein that lacks InterPro GPCR domains
TTRE6219	False	Encodes protein that lacks InterPro GPCR domains
TTRE622	False	Encodes protein that lacks InterPro GPCR domains
TTRE6220	False	Encodes protein that lacks InterPro GPCR domains
TTRE6221	False	Encodes protein that lacks InterPro GPCR domains
TTRE6222	False	Encodes protein that lacks InterPro GPCR domains
TTRE6223	False	Encodes protein that lacks InterPro GPCR domains
TTRE6224	False	Encodes protein that lacks InterPro GPCR domains
TTRE6225	False	Encodes protein that lacks InterPro GPCR domains
TTRE6226	False	Encodes protein that lacks InterPro GPCR domains
TTRE6227	False	Encodes protein that lacks InterPro GPCR domains
TTRE6228	False	Encodes protein that lacks InterPro GPCR domains
TTRE6229	False	Encodes protein that lacks InterPro GPCR domains
TTRE623	False	Encodes protein that lacks InterPro GPCR domains
TTRE6230	False	Encodes protein that lacks InterPro GPCR domains
TTRE6231	False	Encodes protein that lacks InterPro GPCR domains
TTRE6232	False	Encodes protein that lacks InterPro GPCR domains
TTRE6233	False	Encodes protein that lacks InterPro GPCR domains
TTRE6234	False	Encodes protein that lacks InterPro GPCR domains
TTRE6235	False	Encodes protein that lacks InterPro GPCR domains
TTRE6236	False	Encodes protein that lacks InterPro GPCR domains
TTRE6237	False	Encodes protein that lacks InterPro GPCR domains
TTRE6238	False	Encodes protein that lacks InterPro GPCR domains
TTRE6239	False	Encodes protein that lacks InterPro GPCR domains
TTRE624	False	Encodes protein that lacks InterPro GPCR domains
TTRE6240	False	Encodes protein that lacks InterPro GPCR domains
TTRE6241	False	Encodes protein that lacks InterPro GPCR domains
TTRE6242	False	Encodes protein that lacks InterPro GPCR domains
TTRE6243	False	Encodes protein that lacks InterPro GPCR domains
TTRE6244	False	Encodes protein that lacks InterPro GPCR domains
TTRE6245	False	Encodes protein that lacks InterPro GPCR domains
TTRE6246	False	Encodes protein that lacks InterPro GPCR domains
TTRE6247	False	Encodes protein that lacks InterPro GPCR domains
TTRE6248	False	Encodes protein that lacks InterPro GPCR domains
TTRE6249	False	Encodes protein that lacks InterPro GPCR domains
TTRE625	False	Encodes protein that lacks InterPro GPCR domains
TTRE6250	False	Encodes protein that lacks InterPro GPCR domains
TTRE6251	False	Encodes protein that lacks InterPro GPCR domains
TTRE6252	False	Encodes protein that lacks InterPro GPCR domains
TTRE6253	False	Encodes protein that lacks InterPro GPCR domains
TTRE6254	False	Encodes protein that lacks InterPro GPCR domains
TTRE6255	False	Encodes protein that lacks InterPro GPCR domains
TTRE6256	False	Encodes protein that lacks InterPro GPCR domains
TTRE6257	False	Encodes protein that lacks InterPro GPCR domains
TTRE6258	False	Encodes protein that lacks InterPro GPCR domains
TTRE6259	False	Encodes protein that lacks InterPro GPCR domains
TTRE626	False	Encodes protein that lacks InterPro GPCR domains
TTRE6260	False	Encodes protein that lacks InterPro GPCR domains
TTRE6261	False	Encodes protein that lacks InterPro GPCR domains
TTRE6262	False	Encodes protein that lacks InterPro GPCR domains
TTRE6263	False	Encodes protein that lacks InterPro GPCR domains
TTRE6264	False	Encodes protein that lacks InterPro GPCR domains
TTRE6265	False	Encodes protein that lacks InterPro GPCR domains
TTRE6266	False	Encodes protein that lacks InterPro GPCR domains
TTRE6267	False	Encodes protein that lacks InterPro GPCR domains
TTRE6268	False	Encodes protein that lacks InterPro GPCR domains
TTRE6269	False	Encodes protein that lacks InterPro GPCR domains
TTRE627	False	Encodes protein that lacks InterPro GPCR domains
TTRE6270	False	Encodes protein that lacks InterPro GPCR domains
TTRE6271	False	Encodes protein that lacks InterPro GPCR domains
TTRE6272	False	Encodes protein that lacks InterPro GPCR domains
TTRE6273	False	Encodes protein that lacks InterPro GPCR domains
TTRE6274	False	Encodes protein that lacks InterPro GPCR domains
TTRE6275	False	Encodes protein that lacks InterPro GPCR domains
TTRE6276	False	Encodes protein that lacks InterPro GPCR domains
TTRE6277	False	Encodes protein that lacks InterPro GPCR domains
TTRE6278	False	Encodes protein that lacks InterPro GPCR domains
TTRE6279	False	Encodes protein that lacks InterPro GPCR domains
TTRE628	False	Encodes protein that lacks InterPro GPCR domains
TTRE6280	False	Encodes protein that lacks InterPro GPCR domains
TTRE6281	False	Encodes protein that lacks InterPro GPCR domains
TTRE6282	False	Encodes protein that lacks InterPro GPCR domains
TTRE6283	False	Encodes protein that lacks InterPro GPCR domains
TTRE6284	False	Encodes protein that lacks InterPro GPCR domains
TTRE6285	False	Encodes protein that lacks InterPro GPCR domains
TTRE6286	False	Encodes protein that lacks InterPro GPCR domains
TTRE6287	False	Encodes protein that lacks InterPro GPCR domains
TTRE6288	False	Encodes protein that lacks InterPro GPCR domains
TTRE6289	False	Encodes protein that lacks InterPro GPCR domains
TTRE629	False	Encodes protein that lacks InterPro GPCR domains
TTRE6290	False	Encodes protein that lacks InterPro GPCR domains
TTRE6291	False	Encodes protein that lacks InterPro GPCR domains
TTRE6292	False	Encodes protein that lacks InterPro GPCR domains
TTRE6293	False	Encodes protein that lacks InterPro GPCR domains
TTRE6294	False	Encodes protein that lacks InterPro GPCR domains
TTRE6295	False	Encodes protein that lacks InterPro GPCR domains
TTRE6296	False	Encodes protein that lacks InterPro GPCR domains
TTRE6297	False	Encodes protein that lacks InterPro GPCR domains
TTRE6298	False	Encodes protein that lacks InterPro GPCR domains
TTRE6299	False	Encodes protein that lacks InterPro GPCR domains
TTRE63	False	Encodes protein that lacks InterPro GPCR domains
TTRE630	False	Encodes protein that lacks InterPro GPCR domains
TTRE6300	False	Encodes protein that lacks InterPro GPCR domains
TTRE6301	False	Encodes protein that lacks InterPro GPCR domains
TTRE6302	False	Encodes protein that lacks InterPro GPCR domains
TTRE6303	False	Encodes protein that lacks InterPro GPCR domains
TTRE6304	False	Encodes protein that lacks InterPro GPCR domains
TTRE6305	False	Encodes protein that lacks InterPro GPCR domains
TTRE6306	False	Encodes protein that lacks InterPro GPCR domains
TTRE6307	False	Encodes protein that lacks InterPro GPCR domains
TTRE6308	False	Encodes protein that lacks InterPro GPCR domains
TTRE6309	False	Encodes protein that lacks InterPro GPCR domains
TTRE631	False	Encodes protein that lacks InterPro GPCR domains
TTRE6310	False	Encodes protein that lacks InterPro GPCR domains
TTRE6311	False	Encodes protein that lacks InterPro GPCR domains
TTRE6312	False	Encodes protein that lacks InterPro GPCR domains
TTRE6313	False	Encodes protein that lacks InterPro GPCR domains
TTRE6314	False	Encodes protein that lacks InterPro GPCR domains
TTRE6315	False	Encodes protein that lacks InterPro GPCR domains
TTRE6316	False	Encodes protein that lacks InterPro GPCR domains
TTRE6317	False	Encodes protein that lacks InterPro GPCR domains
TTRE6318	False	Encodes protein that lacks InterPro GPCR domains
TTRE6319	False	Encodes protein that lacks InterPro GPCR domains
TTRE632	False	Encodes protein that lacks InterPro GPCR domains
TTRE6320	False	Encodes protein that lacks InterPro GPCR domains
TTRE6321	False	Encodes protein that lacks InterPro GPCR domains
TTRE6322	False	Encodes protein that lacks InterPro GPCR domains
TTRE6323	False	Encodes protein that lacks InterPro GPCR domains
TTRE6324	False	Encodes protein that lacks InterPro GPCR domains
TTRE6325	False	Encodes protein that lacks InterPro GPCR domains
TTRE6326	False	Encodes protein that lacks InterPro GPCR domains
TTRE6327	False	Encodes protein that lacks InterPro GPCR domains
TTRE6328	False	Encodes protein that lacks InterPro GPCR domains
TTRE6329	False	Encodes protein that lacks InterPro GPCR domains
TTRE633	False	Encodes protein that lacks InterPro GPCR domains
TTRE6330	False	Encodes protein that lacks InterPro GPCR domains
TTRE6331	False	Encodes protein that lacks InterPro GPCR domains
TTRE6332	False	Encodes protein that lacks InterPro GPCR domains
TTRE6333	False	Encodes protein that lacks InterPro GPCR domains
TTRE6334	False	Encodes protein that lacks InterPro GPCR domains
TTRE6335	False	Encodes protein that lacks InterPro GPCR domains
TTRE6336	False	Encodes protein that lacks InterPro GPCR domains
TTRE6337	False	Encodes protein that lacks InterPro GPCR domains
TTRE6338	False	Encodes protein that lacks InterPro GPCR domains
TTRE6339	False	Encodes protein that lacks InterPro GPCR domains
TTRE634	False	Encodes protein that lacks InterPro GPCR domains
TTRE6340	False	Encodes protein that lacks InterPro GPCR domains
TTRE6341	False	Encodes protein that lacks InterPro GPCR domains
TTRE6342	False	Encodes protein that lacks InterPro GPCR domains
TTRE6343	False	Encodes protein that lacks InterPro GPCR domains
TTRE6344	False	Encodes protein that lacks InterPro GPCR domains
TTRE6345	False	Encodes protein that lacks InterPro GPCR domains
TTRE6346	False	Encodes protein that lacks InterPro GPCR domains
TTRE6347	False	Encodes protein that lacks InterPro GPCR domains
TTRE6348	False	Encodes protein that lacks InterPro GPCR domains
TTRE6349	False	Encodes protein that lacks InterPro GPCR domains
TTRE635	False	Encodes protein that lacks InterPro GPCR domains
TTRE6350	False	Encodes protein that lacks InterPro GPCR domains
TTRE6351	False	Encodes protein that lacks InterPro GPCR domains
TTRE6352	False	Encodes protein that lacks InterPro GPCR domains
TTRE6353	False	Encodes protein that lacks InterPro GPCR domains
TTRE6354	False	Encodes protein that lacks InterPro GPCR domains
TTRE6355	False	Encodes protein that lacks InterPro GPCR domains
TTRE6356	False	Encodes protein that lacks InterPro GPCR domains
TTRE6357	False	Encodes protein that lacks InterPro GPCR domains
TTRE6358	False	Encodes protein that lacks InterPro GPCR domains
TTRE6359	False	Encodes protein that lacks InterPro GPCR domains
TTRE636	False	Encodes protein that lacks InterPro GPCR domains
TTRE6360	False	Encodes protein that lacks InterPro GPCR domains
TTRE6361	False	Encodes protein that lacks InterPro GPCR domains
TTRE6362	False	Encodes protein that lacks InterPro GPCR domains
TTRE6363	False	Encodes protein that lacks InterPro GPCR domains
TTRE6364	False	Encodes protein that lacks InterPro GPCR domains
TTRE6365	False	Encodes protein that lacks InterPro GPCR domains
TTRE6366	False	Encodes protein that lacks InterPro GPCR domains
TTRE6367	False	Encodes protein that lacks InterPro GPCR domains
TTRE6368	False	Encodes protein that lacks InterPro GPCR domains
TTRE6369	False	Encodes protein that lacks InterPro GPCR domains
TTRE637	False	Encodes protein that lacks InterPro GPCR domains
TTRE6370	False	Encodes protein that lacks InterPro GPCR domains
TTRE6371	False	Encodes protein that lacks InterPro GPCR domains
TTRE6372	False	Encodes protein that lacks InterPro GPCR domains
TTRE6373	False	Encodes protein that lacks InterPro GPCR domains
TTRE6374	False	Encodes protein that lacks InterPro GPCR domains
TTRE6375	False	Encodes protein that lacks InterPro GPCR domains
TTRE6376	False	Encodes protein that lacks InterPro GPCR domains
TTRE6377	False	Encodes protein that lacks InterPro GPCR domains
TTRE6378	False	Encodes protein that lacks InterPro GPCR domains
TTRE6379	False	Encodes protein that lacks InterPro GPCR domains
TTRE638	False	Encodes protein that lacks InterPro GPCR domains
TTRE6380	False	Encodes protein that lacks InterPro GPCR domains
TTRE6381	False	Encodes protein that lacks InterPro GPCR domains
TTRE6382	False	Encodes protein that lacks InterPro GPCR domains
TTRE6383	False	Encodes protein that lacks InterPro GPCR domains
TTRE6384	False	Encodes protein that lacks InterPro GPCR domains
TTRE6385	False	Encodes protein that lacks InterPro GPCR domains
TTRE6386	False	Encodes protein that lacks InterPro GPCR domains
TTRE6387	False	Encodes protein that lacks InterPro GPCR domains
TTRE6388	False	Encodes protein that lacks InterPro GPCR domains
TTRE6389	False	Encodes protein that lacks InterPro GPCR domains
TTRE639	False	Encodes protein that lacks InterPro GPCR domains
TTRE6390	False	Encodes protein that lacks InterPro GPCR domains
TTRE6391	False	Encodes protein that lacks InterPro GPCR domains
TTRE6392	False	Encodes protein that lacks InterPro GPCR domains
TTRE6393	False	Encodes protein that lacks InterPro GPCR domains
TTRE6394	False	Encodes protein that lacks InterPro GPCR domains
TTRE6395	False	Encodes protein that lacks InterPro GPCR domains
TTRE6396	False	Encodes protein that lacks InterPro GPCR domains
TTRE6397	False	Encodes protein that lacks InterPro GPCR domains
TTRE6398	False	Encodes protein that lacks InterPro GPCR domains
TTRE6399	False	Encodes protein that lacks InterPro GPCR domains
TTRE64	False	Encodes protein that lacks InterPro GPCR domains
TTRE640	False	Encodes protein that lacks InterPro GPCR domains
TTRE6400	False	Encodes protein that lacks InterPro GPCR domains
TTRE6401	False	Encodes protein that lacks InterPro GPCR domains
TTRE6402	False	Encodes protein that lacks InterPro GPCR domains
TTRE6403	False	Encodes protein that lacks InterPro GPCR domains
TTRE6404	False	Encodes protein that lacks InterPro GPCR domains
TTRE6405	False	Encodes protein that lacks InterPro GPCR domains
TTRE6406	False	Encodes protein that lacks InterPro GPCR domains
TTRE6407	False	Encodes protein that lacks InterPro GPCR domains
TTRE6408	False	Encodes protein that lacks InterPro GPCR domains
TTRE6409	False	Encodes protein that lacks InterPro GPCR domains
TTRE641	False	Encodes protein that lacks InterPro GPCR domains
TTRE6410	False	Encodes protein that lacks InterPro GPCR domains
TTRE6411	False	Encodes protein that lacks InterPro GPCR domains
TTRE6412	False	Encodes protein that lacks InterPro GPCR domains
TTRE6413	False	Encodes protein that lacks InterPro GPCR domains
TTRE6414	False	Encodes protein that lacks InterPro GPCR domains
TTRE6415	False	Encodes protein that lacks InterPro GPCR domains
TTRE6416	False	Encodes protein that lacks InterPro GPCR domains
TTRE6417	False	Encodes protein that lacks InterPro GPCR domains
TTRE6418	False	Encodes protein that lacks InterPro GPCR domains
TTRE6419	False	Encodes protein that lacks InterPro GPCR domains
TTRE642	False	Encodes protein that lacks InterPro GPCR domains
TTRE6420	False	Encodes protein that lacks InterPro GPCR domains
TTRE6421	False	Encodes protein that lacks InterPro GPCR domains
TTRE6422	False	Encodes protein that lacks InterPro GPCR domains
TTRE6423	False	Encodes protein that lacks InterPro GPCR domains
TTRE6424	False	Encodes protein that lacks InterPro GPCR domains
TTRE6425	False	Encodes protein that lacks InterPro GPCR domains
TTRE6426	False	Encodes protein that lacks InterPro GPCR domains
TTRE6427	False	Encodes protein that lacks InterPro GPCR domains
TTRE6428	False	Encodes protein that lacks InterPro GPCR domains
TTRE6429	False	Encodes protein that lacks InterPro GPCR domains
TTRE643	False	Encodes protein that lacks InterPro GPCR domains
TTRE6430	False	Encodes protein that lacks InterPro GPCR domains
TTRE6431	False	Encodes protein that lacks InterPro GPCR domains
TTRE6432	False	Encodes protein that lacks InterPro GPCR domains
TTRE6433	False	Encodes protein that lacks InterPro GPCR domains
TTRE6434	False	Encodes protein that lacks InterPro GPCR domains
TTRE6435	False	Encodes protein that lacks InterPro GPCR domains
TTRE6436	False	Encodes protein that lacks InterPro GPCR domains
TTRE6437	False	Encodes protein that lacks InterPro GPCR domains
TTRE6438	False	Encodes protein that lacks InterPro GPCR domains
TTRE6439	False	Encodes protein that lacks InterPro GPCR domains
TTRE644	False	Encodes protein that lacks InterPro GPCR domains
TTRE6440	False	Encodes protein that lacks InterPro GPCR domains
TTRE6441	False	Encodes protein that lacks InterPro GPCR domains
TTRE6442	False	Encodes protein that lacks InterPro GPCR domains
TTRE6443	False	Encodes protein that lacks InterPro GPCR domains
TTRE6444	False	Encodes protein that lacks InterPro GPCR domains
TTRE6445	False	Encodes protein that lacks InterPro GPCR domains
TTRE6446	False	Encodes protein that lacks InterPro GPCR domains
TTRE6447	False	Encodes protein that lacks InterPro GPCR domains
TTRE6448	False	Encodes protein that lacks InterPro GPCR domains
TTRE6449	False	Encodes protein that lacks InterPro GPCR domains
TTRE645	False	Encodes protein that lacks InterPro GPCR domains
TTRE6450	False	Encodes protein that lacks InterPro GPCR domains
TTRE6451	False	Encodes protein that lacks InterPro GPCR domains
TTRE6452	False	Encodes protein that lacks InterPro GPCR domains
TTRE6453	False	Encodes protein that lacks InterPro GPCR domains
TTRE6454	False	Encodes protein that lacks InterPro GPCR domains
TTRE6455	False	Encodes protein that lacks InterPro GPCR domains
TTRE6456	False	Encodes protein that lacks InterPro GPCR domains
TTRE6457	False	Encodes protein that lacks InterPro GPCR domains
TTRE6458	False	Encodes protein that lacks InterPro GPCR domains
TTRE6459	False	Encodes protein that lacks InterPro GPCR domains
TTRE646	False	Encodes protein that lacks InterPro GPCR domains
TTRE6460	False	Encodes protein that lacks InterPro GPCR domains
TTRE6461	False	Encodes protein that lacks InterPro GPCR domains
TTRE6462	False	Encodes protein that lacks InterPro GPCR domains
TTRE6463	False	Encodes protein that lacks InterPro GPCR domains
TTRE6464	False	Encodes protein that lacks InterPro GPCR domains
TTRE6465	False	Encodes protein that lacks InterPro GPCR domains
TTRE6466	False	Encodes protein that lacks InterPro GPCR domains
TTRE6467	False	Encodes protein that lacks InterPro GPCR domains
TTRE6468	False	Encodes protein that lacks InterPro GPCR domains
TTRE6469	False	Encodes protein that lacks InterPro GPCR domains
TTRE647	False	Encodes protein that lacks InterPro GPCR domains
TTRE6470	False	Encodes protein that lacks InterPro GPCR domains
TTRE6471	False	Encodes protein that lacks InterPro GPCR domains
TTRE6472	False	Encodes protein that lacks InterPro GPCR domains
TTRE6473	False	Encodes protein that lacks InterPro GPCR domains
TTRE6474	False	Encodes protein that lacks InterPro GPCR domains
TTRE6475	False	Encodes protein that lacks InterPro GPCR domains
TTRE6476	False	Encodes protein that lacks InterPro GPCR domains
TTRE6477	False	Encodes protein that lacks InterPro GPCR domains
TTRE6478	False	Encodes protein that lacks InterPro GPCR domains
TTRE6479	False	Encodes protein that lacks InterPro GPCR domains
TTRE648	False	Encodes protein that lacks InterPro GPCR domains
TTRE6480	False	Encodes protein that lacks InterPro GPCR domains
TTRE6481	False	Encodes protein that lacks InterPro GPCR domains
TTRE6482	False	Encodes protein that lacks InterPro GPCR domains
TTRE6483	False	Encodes protein that lacks InterPro GPCR domains
TTRE6484	False	Encodes protein that lacks InterPro GPCR domains
TTRE6485	False	Encodes protein that lacks InterPro GPCR domains
TTRE6486	False	Encodes protein that lacks InterPro GPCR domains
TTRE6487	True	Encodes protein with InterPro domain(s): IPR017452 - GPCR, rhodopsin-like, 7TM
TTRE6488	False	Encodes protein that lacks InterPro GPCR domains
TTRE6489	False	Encodes protein that lacks InterPro GPCR domains
TTRE649	False	Encodes protein that lacks InterPro GPCR domains
TTRE6490	False	Encodes protein that lacks InterPro GPCR domains
TTRE6491	False	Encodes protein that lacks InterPro GPCR domains
TTRE6492	False	Encodes protein that lacks InterPro GPCR domains
TTRE6493	False	Encodes protein that lacks InterPro GPCR domains
TTRE6494	False	Encodes protein that lacks InterPro GPCR domains
TTRE6495	False	Encodes protein that lacks InterPro GPCR domains
TTRE6496	False	Encodes protein that lacks InterPro GPCR domains
TTRE6497	False	Encodes protein that lacks InterPro GPCR domains
TTRE6498	False	Encodes protein that lacks InterPro GPCR domains
TTRE6499	False	Encodes protein that lacks InterPro GPCR domains
TTRE65	False	Encodes protein that lacks InterPro GPCR domains
TTRE650	False	Encodes protein that lacks InterPro GPCR domains
TTRE6500	False	Encodes protein that lacks InterPro GPCR domains
TTRE6501	False	Encodes protein that lacks InterPro GPCR domains
TTRE6502	False	Encodes protein that lacks InterPro GPCR domains
TTRE6503	False	Encodes protein that lacks InterPro GPCR domains
TTRE6504	False	Encodes protein that lacks InterPro GPCR domains
TTRE6505	False	Encodes protein that lacks InterPro GPCR domains
TTRE6506	False	Encodes protein that lacks InterPro GPCR domains
TTRE6507	False	Encodes protein that lacks InterPro GPCR domains
TTRE6508	False	Encodes protein that lacks InterPro GPCR domains
TTRE6509	False	Encodes protein that lacks InterPro GPCR domains
TTRE651	False	Encodes protein that lacks InterPro GPCR domains
TTRE6510	False	Encodes protein that lacks InterPro GPCR domains
TTRE6511	False	Encodes protein that lacks InterPro GPCR domains
TTRE6512	False	Encodes protein that lacks InterPro GPCR domains
TTRE6513	False	Encodes protein that lacks InterPro GPCR domains
TTRE6514	False	Encodes protein that lacks InterPro GPCR domains
TTRE6515	False	Encodes protein that lacks InterPro GPCR domains
TTRE6516	False	Encodes protein that lacks InterPro GPCR domains
TTRE6517	False	Encodes protein that lacks InterPro GPCR domains
TTRE6518	False	Encodes protein that lacks InterPro GPCR domains
TTRE6519	False	Encodes protein that lacks InterPro GPCR domains
TTRE652	False	Encodes protein that lacks InterPro GPCR domains
TTRE6520	False	Encodes protein that lacks InterPro GPCR domains
TTRE6521	False	Encodes protein that lacks InterPro GPCR domains
TTRE6522	False	Encodes protein that lacks InterPro GPCR domains
TTRE6523	False	Encodes protein that lacks InterPro GPCR domains
TTRE6524	False	Encodes protein that lacks InterPro GPCR domains
TTRE6525	False	Encodes protein that lacks InterPro GPCR domains
TTRE6526	False	Encodes protein that lacks InterPro GPCR domains
TTRE6527	False	Encodes protein that lacks InterPro GPCR domains
TTRE6528	False	Encodes protein that lacks InterPro GPCR domains
TTRE6529	False	Encodes protein that lacks InterPro GPCR domains
TTRE653	False	Encodes protein that lacks InterPro GPCR domains
TTRE6530	False	Encodes protein that lacks InterPro GPCR domains
TTRE6531	False	Encodes protein that lacks InterPro GPCR domains
TTRE6532	False	Encodes protein that lacks InterPro GPCR domains
TTRE6533	False	Encodes protein that lacks InterPro GPCR domains
TTRE6534	False	Encodes protein that lacks InterPro GPCR domains
TTRE6535	False	Encodes protein that lacks InterPro GPCR domains
TTRE6536	False	Encodes protein that lacks InterPro GPCR domains
TTRE6537	False	Encodes protein that lacks InterPro GPCR domains
TTRE6538	False	Encodes protein that lacks InterPro GPCR domains
TTRE6539	False	Encodes protein that lacks InterPro GPCR domains
TTRE654	False	Encodes protein that lacks InterPro GPCR domains
TTRE6540	False	Encodes protein that lacks InterPro GPCR domains
TTRE6541	False	Encodes protein that lacks InterPro GPCR domains
TTRE6542	False	Encodes protein that lacks InterPro GPCR domains
TTRE6543	False	Encodes protein that lacks InterPro GPCR domains
TTRE6544	False	Encodes protein that lacks InterPro GPCR domains
TTRE6545	False	Encodes protein that lacks InterPro GPCR domains
TTRE6546	False	Encodes protein that lacks InterPro GPCR domains
TTRE6547	False	Encodes protein that lacks InterPro GPCR domains
TTRE6548	False	Encodes protein that lacks InterPro GPCR domains
TTRE6549	False	Encodes protein that lacks InterPro GPCR domains
TTRE655	False	Encodes protein that lacks InterPro GPCR domains
TTRE6550	False	Encodes protein that lacks InterPro GPCR domains
TTRE6551	False	Encodes protein that lacks InterPro GPCR domains
TTRE6552	False	Encodes protein that lacks InterPro GPCR domains
TTRE6553	False	Encodes protein that lacks InterPro GPCR domains
TTRE6554	False	Encodes protein that lacks InterPro GPCR domains
TTRE6555	False	Encodes protein that lacks InterPro GPCR domains
TTRE6556	False	Encodes protein that lacks InterPro GPCR domains
TTRE6557	False	Encodes protein that lacks InterPro GPCR domains
TTRE6558	False	Encodes protein that lacks InterPro GPCR domains
TTRE6559	False	Encodes protein that lacks InterPro GPCR domains
TTRE656	False	Encodes protein that lacks InterPro GPCR domains
TTRE6560	False	Encodes protein that lacks InterPro GPCR domains
TTRE6561	False	Encodes protein that lacks InterPro GPCR domains
TTRE6562	False	Encodes protein that lacks InterPro GPCR domains
TTRE6563	False	Encodes protein that lacks InterPro GPCR domains
TTRE6564	False	Encodes protein that lacks InterPro GPCR domains
TTRE6565	False	Encodes protein that lacks InterPro GPCR domains
TTRE6566	False	Encodes protein that lacks InterPro GPCR domains
TTRE6567	False	Encodes protein that lacks InterPro GPCR domains
TTRE6568	False	Encodes protein that lacks InterPro GPCR domains
TTRE6569	False	Encodes protein that lacks InterPro GPCR domains
TTRE657	False	Encodes protein that lacks InterPro GPCR domains
TTRE6570	False	Encodes protein that lacks InterPro GPCR domains
TTRE6571	False	Encodes protein that lacks InterPro GPCR domains
TTRE6572	False	Encodes protein that lacks InterPro GPCR domains
TTRE6573	False	Encodes protein that lacks InterPro GPCR domains
TTRE6574	False	Encodes protein that lacks InterPro GPCR domains
TTRE6575	False	Encodes protein that lacks InterPro GPCR domains
TTRE6576	False	Encodes protein that lacks InterPro GPCR domains
TTRE6577	False	Encodes protein that lacks InterPro GPCR domains
TTRE6578	False	Encodes protein that lacks InterPro GPCR domains
TTRE6579	False	Encodes protein that lacks InterPro GPCR domains
TTRE658	False	Encodes protein that lacks InterPro GPCR domains
TTRE6580	False	Encodes protein that lacks InterPro GPCR domains
TTRE6581	False	Encodes protein that lacks InterPro GPCR domains
TTRE6582	False	Encodes protein that lacks InterPro GPCR domains
TTRE6583	False	Encodes protein that lacks InterPro GPCR domains
TTRE6584	False	Encodes protein that lacks InterPro GPCR domains
TTRE6585	False	Encodes protein that lacks InterPro GPCR domains
TTRE6586	False	Encodes protein that lacks InterPro GPCR domains
TTRE6587	False	Encodes protein that lacks InterPro GPCR domains
TTRE6588	False	Encodes protein that lacks InterPro GPCR domains
TTRE6589	False	Encodes protein that lacks InterPro GPCR domains
TTRE659	False	Encodes protein that lacks InterPro GPCR domains
TTRE6590	False	Encodes protein that lacks InterPro GPCR domains
TTRE6591	False	Encodes protein that lacks InterPro GPCR domains
TTRE6592	False	Encodes protein that lacks InterPro GPCR domains
TTRE6593	False	Encodes protein that lacks InterPro GPCR domains
TTRE6594	False	Encodes protein that lacks InterPro GPCR domains
TTRE6595	False	Encodes protein that lacks InterPro GPCR domains
TTRE6596	False	Encodes protein that lacks InterPro GPCR domains
TTRE6597	False	Encodes protein that lacks InterPro GPCR domains
TTRE6598	False	Encodes protein that lacks InterPro GPCR domains
TTRE6599	False	Encodes protein that lacks InterPro GPCR domains
TTRE66	False	Encodes protein that lacks InterPro GPCR domains
TTRE660	False	Encodes protein that lacks InterPro GPCR domains
TTRE6600	False	Encodes protein that lacks InterPro GPCR domains
TTRE6601	False	Encodes protein that lacks InterPro GPCR domains
TTRE6602	False	Encodes protein that lacks InterPro GPCR domains
TTRE6603	False	Encodes protein that lacks InterPro GPCR domains
TTRE6604	False	Encodes protein that lacks InterPro GPCR domains
TTRE6605	False	Encodes protein that lacks InterPro GPCR domains
TTRE6606	False	Encodes protein that lacks InterPro GPCR domains
TTRE6607	False	Encodes protein that lacks InterPro GPCR domains
TTRE6608	False	Encodes protein that lacks InterPro GPCR domains
TTRE6609	False	Encodes protein that lacks InterPro GPCR domains
TTRE661	False	Encodes protein that lacks InterPro GPCR domains
TTRE6610	False	Encodes protein that lacks InterPro GPCR domains
TTRE6611	False	Encodes protein that lacks InterPro GPCR domains
TTRE6612	False	Encodes protein that lacks InterPro GPCR domains
TTRE6613	False	Encodes protein that lacks InterPro GPCR domains
TTRE6614	False	Encodes protein that lacks InterPro GPCR domains
TTRE6615	False	Encodes protein that lacks InterPro GPCR domains
TTRE6616	False	Encodes protein that lacks InterPro GPCR domains
TTRE6617	False	Encodes protein that lacks InterPro GPCR domains
TTRE6618	False	Encodes protein that lacks InterPro GPCR domains
TTRE6619	False	Encodes protein that lacks InterPro GPCR domains
TTRE662	False	Encodes protein that lacks InterPro GPCR domains
TTRE6620	False	Encodes protein that lacks InterPro GPCR domains
TTRE6621	False	Encodes protein that lacks InterPro GPCR domains
TTRE6622	False	Encodes protein that lacks InterPro GPCR domains
TTRE6623	False	Encodes protein that lacks InterPro GPCR domains
TTRE6624	False	Encodes protein that lacks InterPro GPCR domains
TTRE6625	False	Encodes protein that lacks InterPro GPCR domains
TTRE6626	False	Encodes protein that lacks InterPro GPCR domains
TTRE6627	False	Encodes protein that lacks InterPro GPCR domains
TTRE6628	False	Encodes protein that lacks InterPro GPCR domains
TTRE6629	False	Encodes protein that lacks InterPro GPCR domains
TTRE663	False	Encodes protein that lacks InterPro GPCR domains
TTRE6630	False	Encodes protein that lacks InterPro GPCR domains
TTRE6631	False	Encodes protein that lacks InterPro GPCR domains
TTRE6632	False	Encodes protein that lacks InterPro GPCR domains
TTRE6633	False	Encodes protein that lacks InterPro GPCR domains
TTRE6634	False	Encodes protein that lacks InterPro GPCR domains
TTRE6635	False	Encodes protein that lacks InterPro GPCR domains
TTRE6636	False	Encodes protein that lacks InterPro GPCR domains
TTRE6637	False	Encodes protein that lacks InterPro GPCR domains
TTRE6638	False	Encodes protein that lacks InterPro GPCR domains
TTRE6639	False	Encodes protein that lacks InterPro GPCR domains
TTRE664	False	Encodes protein that lacks InterPro GPCR domains
TTRE6640	False	Encodes protein that lacks InterPro GPCR domains
TTRE6641	False	Encodes protein that lacks InterPro GPCR domains
TTRE6642	False	Encodes protein that lacks InterPro GPCR domains
TTRE6643	False	Encodes protein that lacks InterPro GPCR domains
TTRE6644	False	Encodes protein that lacks InterPro GPCR domains
TTRE6645	False	Encodes protein that lacks InterPro GPCR domains
TTRE6646	False	Encodes protein that lacks InterPro GPCR domains
TTRE6647	False	Encodes protein that lacks InterPro GPCR domains
TTRE6648	False	Encodes protein that lacks InterPro GPCR domains
TTRE6649	False	Encodes protein that lacks InterPro GPCR domains
TTRE665	False	Encodes protein that lacks InterPro GPCR domains
TTRE6650	False	Encodes protein that lacks InterPro GPCR domains
TTRE6651	False	Encodes protein that lacks InterPro GPCR domains
TTRE6652	False	Encodes protein that lacks InterPro GPCR domains
TTRE6653	False	Encodes protein that lacks InterPro GPCR domains
TTRE6654	False	Encodes protein that lacks InterPro GPCR domains
TTRE6655	False	Encodes protein that lacks InterPro GPCR domains
TTRE6656	False	Encodes protein that lacks InterPro GPCR domains
TTRE6657	False	Encodes protein that lacks InterPro GPCR domains
TTRE6658	False	Encodes protein that lacks InterPro GPCR domains
TTRE6659	False	Encodes protein that lacks InterPro GPCR domains
TTRE666	False	Encodes protein that lacks InterPro GPCR domains
TTRE6660	False	Encodes protein that lacks InterPro GPCR domains
TTRE6661	False	Encodes protein that lacks InterPro GPCR domains
TTRE6662	False	Encodes protein that lacks InterPro GPCR domains
TTRE6663	False	Encodes protein that lacks InterPro GPCR domains
TTRE6664	False	Encodes protein that lacks InterPro GPCR domains
TTRE6665	False	Encodes protein that lacks InterPro GPCR domains
TTRE6666	False	Encodes protein that lacks InterPro GPCR domains
TTRE6667	False	Encodes protein that lacks InterPro GPCR domains
TTRE6668	False	Encodes protein that lacks InterPro GPCR domains
TTRE6669	False	Encodes protein that lacks InterPro GPCR domains
TTRE667	False	Encodes protein that lacks InterPro GPCR domains
TTRE6670	False	Encodes protein that lacks InterPro GPCR domains
TTRE6671	False	Encodes protein that lacks InterPro GPCR domains
TTRE6672	False	Encodes protein that lacks InterPro GPCR domains
TTRE6673	False	Encodes protein that lacks InterPro GPCR domains
TTRE6674	False	Encodes protein that lacks InterPro GPCR domains
TTRE6675	False	Encodes protein that lacks InterPro GPCR domains
TTRE6676	False	Encodes protein that lacks InterPro GPCR domains
TTRE6677	False	Encodes protein that lacks InterPro GPCR domains
TTRE6678	False	Encodes protein that lacks InterPro GPCR domains
TTRE6679	False	Encodes protein that lacks InterPro GPCR domains
TTRE668	False	Encodes protein that lacks InterPro GPCR domains
TTRE6680	False	Encodes protein that lacks InterPro GPCR domains
TTRE6681	False	Encodes protein that lacks InterPro GPCR domains
TTRE6682	False	Encodes protein that lacks InterPro GPCR domains
TTRE6683	False	Encodes protein that lacks InterPro GPCR domains
TTRE6684	False	Encodes protein that lacks InterPro GPCR domains
TTRE6685	False	Encodes protein that lacks InterPro GPCR domains
TTRE6686	False	Encodes protein that lacks InterPro GPCR domains
TTRE6687	False	Encodes protein that lacks InterPro GPCR domains
TTRE6688	False	Encodes protein that lacks InterPro GPCR domains
TTRE6689	False	Encodes protein that lacks InterPro GPCR domains
TTRE669	False	Encodes protein that lacks InterPro GPCR domains
TTRE6690	False	Encodes protein that lacks InterPro GPCR domains
TTRE6691	False	Encodes protein that lacks InterPro GPCR domains
TTRE6692	False	Encodes protein that lacks InterPro GPCR domains
TTRE6693	False	Encodes protein that lacks InterPro GPCR domains
TTRE6694	False	Encodes protein that lacks InterPro GPCR domains
TTRE6695	False	Encodes protein that lacks InterPro GPCR domains
TTRE6696	False	Encodes protein that lacks InterPro GPCR domains
TTRE6697	False	Encodes protein that lacks InterPro GPCR domains
TTRE6698	False	Encodes protein that lacks InterPro GPCR domains
TTRE6699	False	Encodes protein that lacks InterPro GPCR domains
TTRE67	False	Encodes protein that lacks InterPro GPCR domains
TTRE670	False	Encodes protein that lacks InterPro GPCR domains
TTRE6700	False	Encodes protein that lacks InterPro GPCR domains
TTRE6701	False	Encodes protein that lacks InterPro GPCR domains
TTRE6702	False	Encodes protein that lacks InterPro GPCR domains
TTRE6703	False	Encodes protein that lacks InterPro GPCR domains
TTRE6704	False	Encodes protein that lacks InterPro GPCR domains
TTRE6705	False	Encodes protein that lacks InterPro GPCR domains
TTRE6706	False	Encodes protein that lacks InterPro GPCR domains
TTRE6707	False	Encodes protein that lacks InterPro GPCR domains
TTRE6708	False	Encodes protein that lacks InterPro GPCR domains
TTRE6709	False	Encodes protein that lacks InterPro GPCR domains
TTRE671	False	Encodes protein that lacks InterPro GPCR domains
TTRE6710	False	Encodes protein that lacks InterPro GPCR domains
TTRE6711	False	Encodes protein that lacks InterPro GPCR domains
TTRE6712	False	Encodes protein that lacks InterPro GPCR domains
TTRE6713	False	Encodes protein that lacks InterPro GPCR domains
TTRE6715	False	Encodes protein that lacks InterPro GPCR domains
TTRE6716	False	Encodes protein that lacks InterPro GPCR domains
TTRE6717	False	Encodes protein that lacks InterPro GPCR domains
TTRE6718	False	Encodes protein that lacks InterPro GPCR domains
TTRE6719	False	Encodes protein that lacks InterPro GPCR domains
TTRE672	False	Encodes protein that lacks InterPro GPCR domains
TTRE6720	False	Encodes protein that lacks InterPro GPCR domains
TTRE6721	False	Encodes protein that lacks InterPro GPCR domains
TTRE6722	False	Encodes protein that lacks InterPro GPCR domains
TTRE6723	False	Encodes protein that lacks InterPro GPCR domains
TTRE6724	False	Encodes protein that lacks InterPro GPCR domains
TTRE6725	False	Encodes protein that lacks InterPro GPCR domains
TTRE6726	False	Encodes protein that lacks InterPro GPCR domains
TTRE6727	False	Encodes protein that lacks InterPro GPCR domains
TTRE6728	False	Encodes protein that lacks InterPro GPCR domains
TTRE6729	False	Encodes protein that lacks InterPro GPCR domains
TTRE673	False	Encodes protein that lacks InterPro GPCR domains
TTRE6730	False	Encodes protein that lacks InterPro GPCR domains
TTRE6731	False	Encodes protein that lacks InterPro GPCR domains
TTRE6732	False	Encodes protein that lacks InterPro GPCR domains
TTRE6733	False	Encodes protein that lacks InterPro GPCR domains
TTRE6734	False	Encodes protein that lacks InterPro GPCR domains
TTRE6735	False	Encodes protein that lacks InterPro GPCR domains
TTRE6736	False	Encodes protein that lacks InterPro GPCR domains
TTRE6737	False	Encodes protein that lacks InterPro GPCR domains
TTRE6738	False	Encodes protein that lacks InterPro GPCR domains
TTRE6739	False	Encodes protein that lacks InterPro GPCR domains
TTRE674	False	Encodes protein that lacks InterPro GPCR domains
TTRE6740	False	Encodes protein that lacks InterPro GPCR domains
TTRE6741	False	Encodes protein that lacks InterPro GPCR domains
TTRE6742	False	Encodes protein that lacks InterPro GPCR domains
TTRE6743	False	Encodes protein that lacks InterPro GPCR domains
TTRE6744	False	Encodes protein that lacks InterPro GPCR domains
TTRE6745	False	Encodes protein that lacks InterPro GPCR domains
TTRE6746	False	Encodes protein that lacks InterPro GPCR domains
TTRE6747	False	Encodes protein that lacks InterPro GPCR domains
TTRE6748	False	Encodes protein that lacks InterPro GPCR domains
TTRE6749	False	Encodes protein that lacks InterPro GPCR domains
TTRE675	False	Encodes protein that lacks InterPro GPCR domains
TTRE6750	False	Encodes protein that lacks InterPro GPCR domains
TTRE6751	False	Encodes protein that lacks InterPro GPCR domains
TTRE6752	False	Encodes protein that lacks InterPro GPCR domains
TTRE6753	False	Encodes protein that lacks InterPro GPCR domains
TTRE6754	False	Encodes protein that lacks InterPro GPCR domains
TTRE6755	False	Encodes protein that lacks InterPro GPCR domains
TTRE6756	False	Encodes protein that lacks InterPro GPCR domains
TTRE6757	False	Encodes protein that lacks InterPro GPCR domains
TTRE6758	False	Encodes protein that lacks InterPro GPCR domains
TTRE6759	False	Encodes protein that lacks InterPro GPCR domains
TTRE676	False	Encodes protein that lacks InterPro GPCR domains
TTRE6760	False	Encodes protein that lacks InterPro GPCR domains
TTRE6761	False	Encodes protein that lacks InterPro GPCR domains
TTRE6762	False	Encodes protein that lacks InterPro GPCR domains
TTRE6763	False	Encodes protein that lacks InterPro GPCR domains
TTRE6764	False	Encodes protein that lacks InterPro GPCR domains
TTRE6765	False	Encodes protein that lacks InterPro GPCR domains
TTRE6766	False	Encodes protein that lacks InterPro GPCR domains
TTRE6767	False	Encodes protein that lacks InterPro GPCR domains
TTRE6768	False	Encodes protein that lacks InterPro GPCR domains
TTRE6769	False	Encodes protein that lacks InterPro GPCR domains
TTRE677	True	Encodes protein with InterPro domain(s): IPR017981 - GPCR, family 2-like, 7TM
TTRE6770	False	Encodes protein that lacks InterPro GPCR domains
TTRE6771	False	Encodes protein that lacks InterPro GPCR domains
TTRE6772	False	Encodes protein that lacks InterPro GPCR domains
TTRE6773	False	Encodes protein that lacks InterPro GPCR domains
TTRE6774	False	Encodes protein that lacks InterPro GPCR domains
TTRE6775	False	Encodes protein that lacks InterPro GPCR domains
TTRE6776	False	Encodes protein that lacks InterPro GPCR domains
TTRE6777	False	Encodes protein that lacks InterPro GPCR domains
TTRE6778	False	Encodes protein that lacks InterPro GPCR domains
TTRE6779	False	Encodes protein that lacks InterPro GPCR domains
TTRE678	False	Encodes protein that lacks InterPro GPCR domains
TTRE6780	False	Encodes protein that lacks InterPro GPCR domains
TTRE6781	False	Encodes protein that lacks InterPro GPCR domains
TTRE6782	False	Encodes protein that lacks InterPro GPCR domains
TTRE6783	False	Encodes protein that lacks InterPro GPCR domains
TTRE6784	False	Encodes protein that lacks InterPro GPCR domains
TTRE6785	False	Encodes protein that lacks InterPro GPCR domains
TTRE6786	False	Encodes protein that lacks InterPro GPCR domains
TTRE6787	False	Encodes protein that lacks InterPro GPCR domains
TTRE6788	False	Encodes protein that lacks InterPro GPCR domains
TTRE6789	False	Encodes protein that lacks InterPro GPCR domains
TTRE679	False	Encodes protein that lacks InterPro GPCR domains
TTRE6790	False	Encodes protein that lacks InterPro GPCR domains
TTRE6791	False	Encodes protein that lacks InterPro GPCR domains
TTRE6792	False	Encodes protein that lacks InterPro GPCR domains
TTRE6793	False	Encodes protein that lacks InterPro GPCR domains
TTRE6794	False	Encodes protein that lacks InterPro GPCR domains
TTRE6795	False	Encodes protein that lacks InterPro GPCR domains
TTRE6796	False	Encodes protein that lacks InterPro GPCR domains
TTRE6797	False	Encodes protein that lacks InterPro GPCR domains
TTRE6798	False	Encodes protein that lacks InterPro GPCR domains
TTRE6799	False	Encodes protein that lacks InterPro GPCR domains
TTRE68	False	Encodes protein that lacks InterPro GPCR domains
TTRE680	False	Encodes protein that lacks InterPro GPCR domains
TTRE6800	False	Encodes protein that lacks InterPro GPCR domains
TTRE6801	False	Encodes protein that lacks InterPro GPCR domains
TTRE6802	False	Encodes protein that lacks InterPro GPCR domains
TTRE6803	False	Encodes protein that lacks InterPro GPCR domains
TTRE6804	False	Encodes protein that lacks InterPro GPCR domains
TTRE6805	False	Encodes protein that lacks InterPro GPCR domains
TTRE6806	False	Encodes protein that lacks InterPro GPCR domains
TTRE6807	False	Encodes protein that lacks InterPro GPCR domains
TTRE6808	False	Encodes protein that lacks InterPro GPCR domains
TTRE6809	False	Encodes protein that lacks InterPro GPCR domains
TTRE681	False	Encodes protein that lacks InterPro GPCR domains
TTRE6810	False	Encodes protein that lacks InterPro GPCR domains
TTRE6811	False	Encodes protein that lacks InterPro GPCR domains
TTRE6812	False	Encodes protein that lacks InterPro GPCR domains
TTRE6813	False	Encodes protein that lacks InterPro GPCR domains
TTRE6814	False	Encodes protein that lacks InterPro GPCR domains
TTRE6815	False	Encodes protein that lacks InterPro GPCR domains
TTRE6816	False	Encodes protein that lacks InterPro GPCR domains
TTRE6817	False	Encodes protein that lacks InterPro GPCR domains
TTRE6818	False	Encodes protein that lacks InterPro GPCR domains
TTRE6819	False	Encodes protein that lacks InterPro GPCR domains
TTRE682	False	Encodes protein that lacks InterPro GPCR domains
TTRE6820	False	Encodes protein that lacks InterPro GPCR domains
TTRE6821	False	Encodes protein that lacks InterPro GPCR domains
TTRE6822	False	Encodes protein that lacks InterPro GPCR domains
TTRE6823	False	Encodes protein that lacks InterPro GPCR domains
TTRE6824	False	Encodes protein that lacks InterPro GPCR domains
TTRE6825	False	Encodes protein that lacks InterPro GPCR domains
TTRE6826	False	Encodes protein that lacks InterPro GPCR domains
TTRE6827	False	Encodes protein that lacks InterPro GPCR domains
TTRE6828	False	Encodes protein that lacks InterPro GPCR domains
TTRE6829	False	Encodes protein that lacks InterPro GPCR domains
TTRE683	False	Encodes protein that lacks InterPro GPCR domains
TTRE6830	False	Encodes protein that lacks InterPro GPCR domains
TTRE6831	False	Encodes protein that lacks InterPro GPCR domains
TTRE6832	False	Encodes protein that lacks InterPro GPCR domains
TTRE6833	False	Encodes protein that lacks InterPro GPCR domains
TTRE6834	False	Encodes protein that lacks InterPro GPCR domains
TTRE6835	False	Encodes protein that lacks InterPro GPCR domains
TTRE6836	False	Encodes protein that lacks InterPro GPCR domains
TTRE6837	False	Encodes protein that lacks InterPro GPCR domains
TTRE6838	False	Encodes protein that lacks InterPro GPCR domains
TTRE6839	False	Encodes protein that lacks InterPro GPCR domains
TTRE684	True	Encodes protein with InterPro domain(s): IPR017452 - GPCR, rhodopsin-like, 7TM
TTRE6840	False	Encodes protein that lacks InterPro GPCR domains
TTRE6841	False	Encodes protein that lacks InterPro GPCR domains
TTRE6842	False	Encodes protein that lacks InterPro GPCR domains
TTRE6843	False	Encodes protein that lacks InterPro GPCR domains
TTRE6844	False	Encodes protein that lacks InterPro GPCR domains
TTRE6845	False	Encodes protein that lacks InterPro GPCR domains
TTRE6846	False	Encodes protein that lacks InterPro GPCR domains
TTRE6847	False	Encodes protein that lacks InterPro GPCR domains
TTRE6848	False	Encodes protein that lacks InterPro GPCR domains
TTRE6849	False	Encodes protein that lacks InterPro GPCR domains
TTRE685	False	Encodes protein that lacks InterPro GPCR domains
TTRE6850	False	Encodes protein that lacks InterPro GPCR domains
TTRE6851	False	Encodes protein that lacks InterPro GPCR domains
TTRE6852	False	Encodes protein that lacks InterPro GPCR domains
TTRE6853	False	Encodes protein that lacks InterPro GPCR domains
TTRE6854	False	Encodes protein that lacks InterPro GPCR domains
TTRE6855	False	Encodes protein that lacks InterPro GPCR domains
TTRE6856	False	Encodes protein that lacks InterPro GPCR domains
TTRE6857	False	Encodes protein that lacks InterPro GPCR domains
TTRE6858	False	Encodes protein that lacks InterPro GPCR domains
TTRE6859	False	Encodes protein that lacks InterPro GPCR domains
TTRE686	False	Encodes protein that lacks InterPro GPCR domains
TTRE6860	False	Encodes protein that lacks InterPro GPCR domains
TTRE6861	False	Encodes protein that lacks InterPro GPCR domains
TTRE6862	False	Encodes protein that lacks InterPro GPCR domains
TTRE6863	False	Encodes protein that lacks InterPro GPCR domains
TTRE6864	False	Encodes protein that lacks InterPro GPCR domains
TTRE6865	False	Encodes protein that lacks InterPro GPCR domains
TTRE6866	False	Encodes protein that lacks InterPro GPCR domains
TTRE6867	False	Encodes protein that lacks InterPro GPCR domains
TTRE6868	False	Encodes protein that lacks InterPro GPCR domains
TTRE6869	False	Encodes protein that lacks InterPro GPCR domains
TTRE687	False	Encodes protein that lacks InterPro GPCR domains
TTRE6870	False	Encodes protein that lacks InterPro GPCR domains
TTRE6871	False	Encodes protein that lacks InterPro GPCR domains
TTRE6872	False	Encodes protein that lacks InterPro GPCR domains
TTRE6873	False	Encodes protein that lacks InterPro GPCR domains
TTRE6874	False	Encodes protein that lacks InterPro GPCR domains
TTRE6875	False	Encodes protein that lacks InterPro GPCR domains
TTRE6876	False	Encodes protein that lacks InterPro GPCR domains
TTRE6877	False	Encodes protein that lacks InterPro GPCR domains
TTRE6878	False	Encodes protein that lacks InterPro GPCR domains
TTRE6879	False	Encodes protein that lacks InterPro GPCR domains
TTRE688	False	Encodes protein that lacks InterPro GPCR domains
TTRE6880	False	Encodes protein that lacks InterPro GPCR domains
TTRE6881	False	Encodes protein that lacks InterPro GPCR domains
TTRE6882	False	Encodes protein that lacks InterPro GPCR domains
TTRE6883	False	Encodes protein that lacks InterPro GPCR domains
TTRE6884	False	Encodes protein that lacks InterPro GPCR domains
TTRE6885	False	Encodes protein that lacks InterPro GPCR domains
TTRE6886	False	Encodes protein that lacks InterPro GPCR domains
TTRE6887	False	Encodes protein that lacks InterPro GPCR domains
TTRE6888	False	Encodes protein that lacks InterPro GPCR domains
TTRE6889	False	Encodes protein that lacks InterPro GPCR domains
TTRE689	False	Encodes protein that lacks InterPro GPCR domains
TTRE6890	False	Encodes protein that lacks InterPro GPCR domains
TTRE6891	False	Encodes protein that lacks InterPro GPCR domains
TTRE6892	False	Encodes protein that lacks InterPro GPCR domains
TTRE6893	False	Encodes protein that lacks InterPro GPCR domains
TTRE6894	False	Encodes protein that lacks InterPro GPCR domains
TTRE6895	False	Encodes protein that lacks InterPro GPCR domains
TTRE6896	False	Encodes protein that lacks InterPro GPCR domains
TTRE6897	False	Encodes protein that lacks InterPro GPCR domains
TTRE6898	False	Encodes protein that lacks InterPro GPCR domains
TTRE6899	False	Encodes protein that lacks InterPro GPCR domains
TTRE69	False	Encodes protein that lacks InterPro GPCR domains
TTRE690	False	Encodes protein that lacks InterPro GPCR domains
TTRE6900	False	Encodes protein that lacks InterPro GPCR domains
TTRE6901	False	Encodes protein that lacks InterPro GPCR domains
TTRE6902	False	Encodes protein that lacks InterPro GPCR domains
TTRE6903	False	Encodes protein that lacks InterPro GPCR domains
TTRE6904	False	Encodes protein that lacks InterPro GPCR domains
TTRE6905	False	Encodes protein that lacks InterPro GPCR domains
TTRE6906	False	Encodes protein that lacks InterPro GPCR domains
TTRE6907	False	Encodes protein that lacks InterPro GPCR domains
TTRE6908	False	Encodes protein that lacks InterPro GPCR domains
TTRE6909	False	Encodes protein that lacks InterPro GPCR domains
TTRE691	False	Encodes protein that lacks InterPro GPCR domains
TTRE6910	False	Encodes protein that lacks InterPro GPCR domains
TTRE6911	False	Encodes protein that lacks InterPro GPCR domains
TTRE6912	False	Encodes protein that lacks InterPro GPCR domains
TTRE6913	False	Encodes protein that lacks InterPro GPCR domains
TTRE6914	False	Encodes protein that lacks InterPro GPCR domains
TTRE6915	False	Encodes protein that lacks InterPro GPCR domains
TTRE6916	False	Encodes protein that lacks InterPro GPCR domains
TTRE6917	False	Encodes protein that lacks InterPro GPCR domains
TTRE6918	False	Encodes protein that lacks InterPro GPCR domains
TTRE6919	False	Encodes protein that lacks InterPro GPCR domains
TTRE692	False	Encodes protein that lacks InterPro GPCR domains
TTRE6920	False	Encodes protein that lacks InterPro GPCR domains
TTRE6921	False	Encodes protein that lacks InterPro GPCR domains
TTRE6922	False	Encodes protein that lacks InterPro GPCR domains
TTRE6923	False	Encodes protein that lacks InterPro GPCR domains
TTRE6924	False	Encodes protein that lacks InterPro GPCR domains
TTRE6925	False	Encodes protein that lacks InterPro GPCR domains
TTRE6926	False	Encodes protein that lacks InterPro GPCR domains
TTRE6927	False	Encodes protein that lacks InterPro GPCR domains
TTRE6928	False	Encodes protein that lacks InterPro GPCR domains
TTRE6929	False	Encodes protein that lacks InterPro GPCR domains
TTRE693	False	Encodes protein that lacks InterPro GPCR domains
TTRE6930	False	Encodes protein that lacks InterPro GPCR domains
TTRE6931	False	Encodes protein that lacks InterPro GPCR domains
TTRE6932	False	Encodes protein that lacks InterPro GPCR domains
TTRE6933	False	Encodes protein that lacks InterPro GPCR domains
TTRE6934	False	Encodes protein that lacks InterPro GPCR domains
TTRE6935	False	Encodes protein that lacks InterPro GPCR domains
TTRE6936	False	Encodes protein that lacks InterPro GPCR domains
TTRE6937	False	Encodes protein that lacks InterPro GPCR domains
TTRE6938	False	Encodes protein that lacks InterPro GPCR domains
TTRE6939	False	Encodes protein that lacks InterPro GPCR domains
TTRE694	False	Encodes protein that lacks InterPro GPCR domains
TTRE6940	False	Encodes protein that lacks InterPro GPCR domains
TTRE6941	False	Encodes protein that lacks InterPro GPCR domains
TTRE6942	False	Encodes protein that lacks InterPro GPCR domains
TTRE6943	False	Encodes protein that lacks InterPro GPCR domains
TTRE6944	False	Encodes protein that lacks InterPro GPCR domains
TTRE6945	False	Encodes protein that lacks InterPro GPCR domains
TTRE6946	False	Encodes protein that lacks InterPro GPCR domains
TTRE6947	False	Encodes protein that lacks InterPro GPCR domains
TTRE6948	False	Encodes protein that lacks InterPro GPCR domains
TTRE6949	False	Encodes protein that lacks InterPro GPCR domains
TTRE695	False	Encodes protein that lacks InterPro GPCR domains
TTRE6950	False	Encodes protein that lacks InterPro GPCR domains
TTRE6951	False	Encodes protein that lacks InterPro GPCR domains
TTRE6952	False	Encodes protein that lacks InterPro GPCR domains
TTRE6953	False	Encodes protein that lacks InterPro GPCR domains
TTRE6954	False	Encodes protein that lacks InterPro GPCR domains
TTRE6955	False	Encodes protein that lacks InterPro GPCR domains
TTRE6956	False	Encodes protein that lacks InterPro GPCR domains
TTRE6957	False	Encodes protein that lacks InterPro GPCR domains
TTRE6958	False	Encodes protein that lacks InterPro GPCR domains
TTRE6959	False	Encodes protein that lacks InterPro GPCR domains
TTRE696	False	Encodes protein that lacks InterPro GPCR domains
TTRE6960	False	Encodes protein that lacks InterPro GPCR domains
TTRE6961	False	Encodes protein that lacks InterPro GPCR domains
TTRE6962	False	Encodes protein that lacks InterPro GPCR domains
TTRE6963	False	Encodes protein that lacks InterPro GPCR domains
TTRE6964	False	Encodes protein that lacks InterPro GPCR domains
TTRE6965	False	Encodes protein that lacks InterPro GPCR domains
TTRE6966	False	Encodes protein that lacks InterPro GPCR domains
TTRE6967	False	Encodes protein that lacks InterPro GPCR domains
TTRE6968	False	Encodes protein that lacks InterPro GPCR domains
TTRE6969	False	Encodes protein that lacks InterPro GPCR domains
TTRE697	False	Encodes protein that lacks InterPro GPCR domains
TTRE6970	False	Encodes protein that lacks InterPro GPCR domains
TTRE6971	False	Encodes protein that lacks InterPro GPCR domains
TTRE6972	False	Encodes protein that lacks InterPro GPCR domains
TTRE6973	False	Encodes protein that lacks InterPro GPCR domains
TTRE6974	False	Encodes protein that lacks InterPro GPCR domains
TTRE6975	False	Encodes protein that lacks InterPro GPCR domains
TTRE6976	False	Encodes protein that lacks InterPro GPCR domains
TTRE6977	False	Encodes protein that lacks InterPro GPCR domains
TTRE6978	False	Encodes protein that lacks InterPro GPCR domains
TTRE6979	False	Encodes protein that lacks InterPro GPCR domains
TTRE698	False	Encodes protein that lacks InterPro GPCR domains
TTRE6980	False	Encodes protein that lacks InterPro GPCR domains
TTRE6981	False	Encodes protein that lacks InterPro GPCR domains
TTRE6982	False	Encodes protein that lacks InterPro GPCR domains
TTRE6983	False	Encodes protein that lacks InterPro GPCR domains
TTRE6984	False	Encodes protein that lacks InterPro GPCR domains
TTRE6985	False	Encodes protein that lacks InterPro GPCR domains
TTRE6986	False	Encodes protein that lacks InterPro GPCR domains
TTRE6987	False	Encodes protein that lacks InterPro GPCR domains
TTRE6988	False	Encodes protein that lacks InterPro GPCR domains
TTRE6989	False	Encodes protein that lacks InterPro GPCR domains
TTRE699	False	Encodes protein that lacks InterPro GPCR domains
TTRE6990	False	Encodes protein that lacks InterPro GPCR domains
TTRE6991	False	Encodes protein that lacks InterPro GPCR domains
TTRE6992	False	Encodes protein that lacks InterPro GPCR domains
TTRE6993	False	Encodes protein that lacks InterPro GPCR domains
TTRE6994	False	Encodes protein that lacks InterPro GPCR domains
TTRE6995	False	Encodes protein that lacks InterPro GPCR domains
TTRE6996	False	Encodes protein that lacks InterPro GPCR domains
TTRE6997	False	Encodes protein that lacks InterPro GPCR domains
TTRE6998	False	Encodes protein that lacks InterPro GPCR domains
TTRE6999	False	Encodes protein that lacks InterPro GPCR domains
TTRE7	False	Encodes protein that lacks InterPro GPCR domains
TTRE70	False	Encodes protein that lacks InterPro GPCR domains
TTRE700	False	Encodes protein that lacks InterPro GPCR domains
TTRE7000	False	Encodes protein that lacks InterPro GPCR domains
TTRE7001	False	Encodes protein that lacks InterPro GPCR domains
TTRE7002	False	Encodes protein that lacks InterPro GPCR domains
TTRE7003	False	Encodes protein that lacks InterPro GPCR domains
TTRE7004	False	Encodes protein that lacks InterPro GPCR domains
TTRE7005	False	Encodes protein that lacks InterPro GPCR domains
TTRE7006	False	Encodes protein that lacks InterPro GPCR domains
TTRE7007	False	Encodes protein that lacks InterPro GPCR domains
TTRE7008	False	Encodes protein that lacks InterPro GPCR domains
TTRE7009	False	Encodes protein that lacks InterPro GPCR domains
TTRE701	False	Encodes protein that lacks InterPro GPCR domains
TTRE7010	False	Encodes protein that lacks InterPro GPCR domains
TTRE7011	False	Encodes protein that lacks InterPro GPCR domains
TTRE7012	False	Encodes protein that lacks InterPro GPCR domains
TTRE7013	False	Encodes protein that lacks InterPro GPCR domains
TTRE7014	False	Encodes protein that lacks InterPro GPCR domains
TTRE7015	False	Encodes protein that lacks InterPro GPCR domains
TTRE7016	False	Encodes protein that lacks InterPro GPCR domains
TTRE7017	False	Encodes protein that lacks InterPro GPCR domains
TTRE7018	False	Encodes protein that lacks InterPro GPCR domains
TTRE7019	False	Encodes protein that lacks InterPro GPCR domains
TTRE702	False	Encodes protein that lacks InterPro GPCR domains
TTRE7020	False	Encodes protein that lacks InterPro GPCR domains
TTRE7021	False	Encodes protein that lacks InterPro GPCR domains
TTRE7023	False	Encodes protein that lacks InterPro GPCR domains
TTRE7024	False	Encodes protein that lacks InterPro GPCR domains
TTRE7025	False	Encodes protein that lacks InterPro GPCR domains
TTRE7026	False	Encodes protein that lacks InterPro GPCR domains
TTRE7027	False	Encodes protein that lacks InterPro GPCR domains
TTRE7028	False	Encodes protein that lacks InterPro GPCR domains
TTRE7029	False	Encodes protein that lacks InterPro GPCR domains
TTRE703	False	Encodes protein that lacks InterPro GPCR domains
TTRE7030	False	Encodes protein that lacks InterPro GPCR domains
TTRE7031	False	Encodes protein that lacks InterPro GPCR domains
TTRE7032	False	Encodes protein that lacks InterPro GPCR domains
TTRE7033	False	Encodes protein that lacks InterPro GPCR domains
TTRE7034	False	Encodes protein that lacks InterPro GPCR domains
TTRE7035	False	Encodes protein that lacks InterPro GPCR domains
TTRE7036	False	Encodes protein that lacks InterPro GPCR domains
TTRE7037	False	Encodes protein that lacks InterPro GPCR domains
TTRE7038	False	Encodes protein that lacks InterPro GPCR domains
TTRE7039	False	Encodes protein that lacks InterPro GPCR domains
TTRE704	False	Encodes protein that lacks InterPro GPCR domains
TTRE7040	False	Encodes protein that lacks InterPro GPCR domains
TTRE7041	False	Encodes protein that lacks InterPro GPCR domains
TTRE7042	False	Encodes protein that lacks InterPro GPCR domains
TTRE7043	False	Encodes protein that lacks InterPro GPCR domains
TTRE7044	False	Encodes protein that lacks InterPro GPCR domains
TTRE7045	False	Encodes protein that lacks InterPro GPCR domains
TTRE7046	False	Encodes protein that lacks InterPro GPCR domains
TTRE7047	False	Encodes protein that lacks InterPro GPCR domains
TTRE7048	False	Encodes protein that lacks InterPro GPCR domains
TTRE7049	False	Encodes protein that lacks InterPro GPCR domains
TTRE705	False	Encodes protein that lacks InterPro GPCR domains
TTRE7050	False	Encodes protein that lacks InterPro GPCR domains
TTRE7051	False	Encodes protein that lacks InterPro GPCR domains
TTRE7052	False	Encodes protein that lacks InterPro GPCR domains
TTRE7053	False	Encodes protein that lacks InterPro GPCR domains
TTRE7054	False	Encodes protein that lacks InterPro GPCR domains
TTRE7055	False	Encodes protein that lacks InterPro GPCR domains
TTRE7056	False	Encodes protein that lacks InterPro GPCR domains
TTRE7057	False	Encodes protein that lacks InterPro GPCR domains
TTRE7058	False	Encodes protein that lacks InterPro GPCR domains
TTRE7059	False	Encodes protein that lacks InterPro GPCR domains
TTRE706	False	Encodes protein that lacks InterPro GPCR domains
TTRE7060	False	Encodes protein that lacks InterPro GPCR domains
TTRE7061	False	Encodes protein that lacks InterPro GPCR domains
TTRE7062	False	Encodes protein that lacks InterPro GPCR domains
TTRE7063	False	Encodes protein that lacks InterPro GPCR domains
TTRE7064	False	Encodes protein that lacks InterPro GPCR domains
TTRE7065	False	Encodes protein that lacks InterPro GPCR domains
TTRE7066	False	Encodes protein that lacks InterPro GPCR domains
TTRE7067	False	Encodes protein that lacks InterPro GPCR domains
TTRE7068	False	Encodes protein that lacks InterPro GPCR domains
TTRE7069	False	Encodes protein that lacks InterPro GPCR domains
TTRE707	False	Encodes protein that lacks InterPro GPCR domains
TTRE7070	False	Encodes protein that lacks InterPro GPCR domains
TTRE7071	False	Encodes protein that lacks InterPro GPCR domains
TTRE7072	False	Encodes protein that lacks InterPro GPCR domains
TTRE7073	False	Encodes protein that lacks InterPro GPCR domains
TTRE7074	False	Encodes protein that lacks InterPro GPCR domains
TTRE7075	False	Encodes protein that lacks InterPro GPCR domains
TTRE7076	False	Encodes protein that lacks InterPro GPCR domains
TTRE7077	False	Encodes protein that lacks InterPro GPCR domains
TTRE7078	False	Encodes protein that lacks InterPro GPCR domains
TTRE7079	False	Encodes protein that lacks InterPro GPCR domains
TTRE708	False	Encodes protein that lacks InterPro GPCR domains
TTRE7080	False	Encodes protein that lacks InterPro GPCR domains
TTRE7081	False	Encodes protein that lacks InterPro GPCR domains
TTRE7082	False	Encodes protein that lacks InterPro GPCR domains
TTRE7083	False	Encodes protein that lacks InterPro GPCR domains
TTRE7084	False	Encodes protein that lacks InterPro GPCR domains
TTRE7085	False	Encodes protein that lacks InterPro GPCR domains
TTRE7086	False	Encodes protein that lacks InterPro GPCR domains
TTRE7087	False	Encodes protein that lacks InterPro GPCR domains
TTRE7088	False	Encodes protein that lacks InterPro GPCR domains
TTRE7089	False	Encodes protein that lacks InterPro GPCR domains
TTRE709	False	Encodes protein that lacks InterPro GPCR domains
TTRE7090	False	Encodes protein that lacks InterPro GPCR domains
TTRE7091	False	Encodes protein that lacks InterPro GPCR domains
TTRE7092	False	Encodes protein that lacks InterPro GPCR domains
TTRE7093	False	Encodes protein that lacks InterPro GPCR domains
TTRE7094	False	Encodes protein that lacks InterPro GPCR domains
TTRE7095	False	Encodes protein that lacks InterPro GPCR domains
TTRE7096	False	Encodes protein that lacks InterPro GPCR domains
TTRE7097	False	Encodes protein that lacks InterPro GPCR domains
TTRE7098	False	Encodes protein that lacks InterPro GPCR domains
TTRE7099	False	Encodes protein that lacks InterPro GPCR domains
TTRE71	False	Encodes protein that lacks InterPro GPCR domains
TTRE710	False	Encodes protein that lacks InterPro GPCR domains
TTRE7100	False	Encodes protein that lacks InterPro GPCR domains
TTRE7101	False	Encodes protein that lacks InterPro GPCR domains
TTRE7102	False	Encodes protein that lacks InterPro GPCR domains
TTRE7103	False	Encodes protein that lacks InterPro GPCR domains
TTRE7104	False	Encodes protein that lacks InterPro GPCR domains
TTRE7105	False	Encodes protein that lacks InterPro GPCR domains
TTRE7106	False	Encodes protein that lacks InterPro GPCR domains
TTRE7107	False	Encodes protein that lacks InterPro GPCR domains
TTRE7108	False	Encodes protein that lacks InterPro GPCR domains
TTRE7109	False	Encodes protein that lacks InterPro GPCR domains
TTRE711	False	Encodes protein that lacks InterPro GPCR domains
TTRE7110	False	Encodes protein that lacks InterPro GPCR domains
TTRE7111	False	Encodes protein that lacks InterPro GPCR domains
TTRE7112	False	Encodes protein that lacks InterPro GPCR domains
TTRE7113	False	Encodes protein that lacks InterPro GPCR domains
TTRE7114	False	Encodes protein that lacks InterPro GPCR domains
TTRE7115	False	Encodes protein that lacks InterPro GPCR domains
TTRE7116	False	Encodes protein that lacks InterPro GPCR domains
TTRE7117	False	Encodes protein that lacks InterPro GPCR domains
TTRE7118	False	Encodes protein that lacks InterPro GPCR domains
TTRE7119	False	Encodes protein that lacks InterPro GPCR domains
TTRE712	False	Encodes protein that lacks InterPro GPCR domains
TTRE7120	False	Encodes protein that lacks InterPro GPCR domains
TTRE7121	False	Encodes protein that lacks InterPro GPCR domains
TTRE7122	False	Encodes protein that lacks InterPro GPCR domains
TTRE7123	False	Encodes protein that lacks InterPro GPCR domains
TTRE7124	False	Encodes protein that lacks InterPro GPCR domains
TTRE7125	False	Encodes protein that lacks InterPro GPCR domains
TTRE7126	False	Encodes protein that lacks InterPro GPCR domains
TTRE7127	False	Encodes protein that lacks InterPro GPCR domains
TTRE7128	False	Encodes protein that lacks InterPro GPCR domains
TTRE7129	False	Encodes protein that lacks InterPro GPCR domains
TTRE713	False	Encodes protein that lacks InterPro GPCR domains
TTRE7130	False	Encodes protein that lacks InterPro GPCR domains
TTRE7131	False	Encodes protein that lacks InterPro GPCR domains
TTRE7132	False	Encodes protein that lacks InterPro GPCR domains
TTRE7133	False	Encodes protein that lacks InterPro GPCR domains
TTRE7134	False	Encodes protein that lacks InterPro GPCR domains
TTRE7135	False	Encodes protein that lacks InterPro GPCR domains
TTRE7136	False	Encodes protein that lacks InterPro GPCR domains
TTRE7137	False	Encodes protein that lacks InterPro GPCR domains
TTRE7138	False	Encodes protein that lacks InterPro GPCR domains
TTRE7139	False	Encodes protein that lacks InterPro GPCR domains
TTRE714	False	Encodes protein that lacks InterPro GPCR domains
TTRE7140	False	Encodes protein that lacks InterPro GPCR domains
TTRE7141	False	Encodes protein that lacks InterPro GPCR domains
TTRE7142	False	Encodes protein that lacks InterPro GPCR domains
TTRE7143	False	Encodes protein that lacks InterPro GPCR domains
TTRE7144	False	Encodes protein that lacks InterPro GPCR domains
TTRE7145	False	Encodes protein that lacks InterPro GPCR domains
TTRE7146	False	Encodes protein that lacks InterPro GPCR domains
TTRE7147	False	Encodes protein that lacks InterPro GPCR domains
TTRE7148	False	Encodes protein that lacks InterPro GPCR domains
TTRE7149	False	Encodes protein that lacks InterPro GPCR domains
TTRE715	False	Encodes protein that lacks InterPro GPCR domains
TTRE7150	False	Encodes protein that lacks InterPro GPCR domains
TTRE7151	False	Encodes protein that lacks InterPro GPCR domains
TTRE7152	False	Encodes protein that lacks InterPro GPCR domains
TTRE7153	False	Encodes protein that lacks InterPro GPCR domains
TTRE7154	False	Encodes protein that lacks InterPro GPCR domains
TTRE7155	False	Encodes protein that lacks InterPro GPCR domains
TTRE7156	False	Encodes protein that lacks InterPro GPCR domains
TTRE7157	False	Encodes protein that lacks InterPro GPCR domains
TTRE7158	False	Encodes protein that lacks InterPro GPCR domains
TTRE7159	False	Encodes protein that lacks InterPro GPCR domains
TTRE716	False	Encodes protein that lacks InterPro GPCR domains
TTRE7160	False	Encodes protein that lacks InterPro GPCR domains
TTRE7161	False	Encodes protein that lacks InterPro GPCR domains
TTRE7162	False	Encodes protein that lacks InterPro GPCR domains
TTRE7163	False	Encodes protein that lacks InterPro GPCR domains
TTRE7164	False	Encodes protein that lacks InterPro GPCR domains
TTRE7165	False	Encodes protein that lacks InterPro GPCR domains
TTRE7166	False	Encodes protein that lacks InterPro GPCR domains
TTRE7167	False	Encodes protein that lacks InterPro GPCR domains
TTRE7168	False	Encodes protein that lacks InterPro GPCR domains
TTRE7169	False	Encodes protein that lacks InterPro GPCR domains
TTRE717	False	Encodes protein that lacks InterPro GPCR domains
TTRE7170	False	Encodes protein that lacks InterPro GPCR domains
TTRE7171	False	Encodes protein that lacks InterPro GPCR domains
TTRE7172	False	Encodes protein that lacks InterPro GPCR domains
TTRE7173	False	Encodes protein that lacks InterPro GPCR domains
TTRE7174	False	Encodes protein that lacks InterPro GPCR domains
TTRE7175	False	Encodes protein that lacks InterPro GPCR domains
TTRE7176	False	Encodes protein that lacks InterPro GPCR domains
TTRE7177	False	Encodes protein that lacks InterPro GPCR domains
TTRE7178	False	Encodes protein that lacks InterPro GPCR domains
TTRE7179	False	Encodes protein that lacks InterPro GPCR domains
TTRE718	False	Encodes protein that lacks InterPro GPCR domains
TTRE7180	False	Encodes protein that lacks InterPro GPCR domains
TTRE7181	False	Encodes protein that lacks InterPro GPCR domains
TTRE7182	False	Encodes protein that lacks InterPro GPCR domains
TTRE7183	False	Encodes protein that lacks InterPro GPCR domains
TTRE7184	False	Encodes protein that lacks InterPro GPCR domains
TTRE7185	False	Encodes protein that lacks InterPro GPCR domains
TTRE7186	False	Encodes protein that lacks InterPro GPCR domains
TTRE7187	False	Encodes protein that lacks InterPro GPCR domains
TTRE7188	False	Encodes protein that lacks InterPro GPCR domains
TTRE7189	False	Encodes protein that lacks InterPro GPCR domains
TTRE719	False	Encodes protein that lacks InterPro GPCR domains
TTRE7190	False	Encodes protein that lacks InterPro GPCR domains
TTRE7191	False	Encodes protein that lacks InterPro GPCR domains
TTRE7192	False	Encodes protein that lacks InterPro GPCR domains
TTRE7193	False	Encodes protein that lacks InterPro GPCR domains
TTRE7194	False	Encodes protein that lacks InterPro GPCR domains
TTRE7195	False	Encodes protein that lacks InterPro GPCR domains
TTRE7196	False	Encodes protein that lacks InterPro GPCR domains
TTRE7197	False	Encodes protein that lacks InterPro GPCR domains
TTRE7198	False	Encodes protein that lacks InterPro GPCR domains
TTRE7199	False	Encodes protein that lacks InterPro GPCR domains
TTRE72	False	Encodes protein that lacks InterPro GPCR domains
TTRE720	False	Encodes protein that lacks InterPro GPCR domains
TTRE7200	False	Encodes protein that lacks InterPro GPCR domains
TTRE7201	False	Encodes protein that lacks InterPro GPCR domains
TTRE7202	False	Encodes protein that lacks InterPro GPCR domains
TTRE7203	False	Encodes protein that lacks InterPro GPCR domains
TTRE7204	False	Encodes protein that lacks InterPro GPCR domains
TTRE7205	False	Encodes protein that lacks InterPro GPCR domains
TTRE7206	False	Encodes protein that lacks InterPro GPCR domains
TTRE7207	False	Encodes protein that lacks InterPro GPCR domains
TTRE7208	False	Encodes protein that lacks InterPro GPCR domains
TTRE7209	False	Encodes protein that lacks InterPro GPCR domains
TTRE721	False	Encodes protein that lacks InterPro GPCR domains
TTRE7210	False	Encodes protein that lacks InterPro GPCR domains
TTRE7211	False	Encodes protein that lacks InterPro GPCR domains
TTRE7212	False	Encodes protein that lacks InterPro GPCR domains
TTRE7213	False	Encodes protein that lacks InterPro GPCR domains
TTRE7214	False	Encodes protein that lacks InterPro GPCR domains
TTRE7215	False	Encodes protein that lacks InterPro GPCR domains
TTRE7216	False	Encodes protein that lacks InterPro GPCR domains
TTRE7217	False	Encodes protein that lacks InterPro GPCR domains
TTRE7218	False	Encodes protein that lacks InterPro GPCR domains
TTRE7219	False	Encodes protein that lacks InterPro GPCR domains
TTRE722	False	Encodes protein that lacks InterPro GPCR domains
TTRE7220	False	Encodes protein that lacks InterPro GPCR domains
TTRE7221	False	Encodes protein that lacks InterPro GPCR domains
TTRE7222	False	Encodes protein that lacks InterPro GPCR domains
TTRE7223	False	Encodes protein that lacks InterPro GPCR domains
TTRE7224	False	Encodes protein that lacks InterPro GPCR domains
TTRE7225	False	Encodes protein that lacks InterPro GPCR domains
TTRE7226	False	Encodes protein that lacks InterPro GPCR domains
TTRE7227	False	Encodes protein that lacks InterPro GPCR domains
TTRE7228	False	Encodes protein that lacks InterPro GPCR domains
TTRE7229	False	Encodes protein that lacks InterPro GPCR domains
TTRE723	False	Encodes protein that lacks InterPro GPCR domains
TTRE7230	False	Encodes protein that lacks InterPro GPCR domains
TTRE7231	False	Encodes protein that lacks InterPro GPCR domains
TTRE7232	False	Encodes protein that lacks InterPro GPCR domains
TTRE7233	False	Encodes protein that lacks InterPro GPCR domains
TTRE7234	False	Encodes protein that lacks InterPro GPCR domains
TTRE7235	False	Encodes protein that lacks InterPro GPCR domains
TTRE7236	False	Encodes protein that lacks InterPro GPCR domains
TTRE7237	False	Encodes protein that lacks InterPro GPCR domains
TTRE7238	False	Encodes protein that lacks InterPro GPCR domains
TTRE7239	False	Encodes protein that lacks InterPro GPCR domains
TTRE724	False	Encodes protein that lacks InterPro GPCR domains
TTRE7240	False	Encodes protein that lacks InterPro GPCR domains
TTRE7241	False	Encodes protein that lacks InterPro GPCR domains
TTRE7242	False	Encodes protein that lacks InterPro GPCR domains
TTRE7243	False	Encodes protein that lacks InterPro GPCR domains
TTRE7244	False	Encodes protein that lacks InterPro GPCR domains
TTRE7245	False	Encodes protein that lacks InterPro GPCR domains
TTRE7246	False	Encodes protein that lacks InterPro GPCR domains
TTRE7247	False	Encodes protein that lacks InterPro GPCR domains
TTRE7248	False	Encodes protein that lacks InterPro GPCR domains
TTRE7249	False	Encodes protein that lacks InterPro GPCR domains
TTRE725	False	Encodes protein that lacks InterPro GPCR domains
TTRE7250	False	Encodes protein that lacks InterPro GPCR domains
TTRE7251	False	Encodes protein that lacks InterPro GPCR domains
TTRE7252	False	Encodes protein that lacks InterPro GPCR domains
TTRE7253	False	Encodes protein that lacks InterPro GPCR domains
TTRE7254	False	Encodes protein that lacks InterPro GPCR domains
TTRE7255	False	Encodes protein that lacks InterPro GPCR domains
TTRE7256	False	Encodes protein that lacks InterPro GPCR domains
TTRE7257	False	Encodes protein that lacks InterPro GPCR domains
TTRE7258	False	Encodes protein that lacks InterPro GPCR domains
TTRE7259	False	Encodes protein that lacks InterPro GPCR domains
TTRE726	False	Encodes protein that lacks InterPro GPCR domains
TTRE7260	False	Encodes protein that lacks InterPro GPCR domains
TTRE7261	False	Encodes protein that lacks InterPro GPCR domains
TTRE7262	False	Encodes protein that lacks InterPro GPCR domains
TTRE7263	False	Encodes protein that lacks InterPro GPCR domains
TTRE7264	False	Encodes protein that lacks InterPro GPCR domains
TTRE7265	False	Encodes protein that lacks InterPro GPCR domains
TTRE7266	False	Encodes protein that lacks InterPro GPCR domains
TTRE7267	False	Encodes protein that lacks InterPro GPCR domains
TTRE7268	False	Encodes protein that lacks InterPro GPCR domains
TTRE7269	False	Encodes protein that lacks InterPro GPCR domains
TTRE727	False	Encodes protein that lacks InterPro GPCR domains
TTRE7270	False	Encodes protein that lacks InterPro GPCR domains
TTRE7271	False	Encodes protein that lacks InterPro GPCR domains
TTRE7272	False	Encodes protein that lacks InterPro GPCR domains
TTRE7273	False	Encodes protein that lacks InterPro GPCR domains
TTRE7274	False	Encodes protein that lacks InterPro GPCR domains
TTRE7275	False	Encodes protein that lacks InterPro GPCR domains
TTRE7276	False	Encodes protein that lacks InterPro GPCR domains
TTRE7277	False	Encodes protein that lacks InterPro GPCR domains
TTRE7278	False	Encodes protein that lacks InterPro GPCR domains
TTRE7279	False	Encodes protein that lacks InterPro GPCR domains
TTRE728	False	Encodes protein that lacks InterPro GPCR domains
TTRE7280	False	Encodes protein that lacks InterPro GPCR domains
TTRE7281	False	Encodes protein that lacks InterPro GPCR domains
TTRE7282	False	Encodes protein that lacks InterPro GPCR domains
TTRE7283	False	Encodes protein that lacks InterPro GPCR domains
TTRE7284	False	Encodes protein that lacks InterPro GPCR domains
TTRE7285	False	Encodes protein that lacks InterPro GPCR domains
TTRE7286	False	Encodes protein that lacks InterPro GPCR domains
TTRE7287	False	Encodes protein that lacks InterPro GPCR domains
TTRE7288	False	Encodes protein that lacks InterPro GPCR domains
TTRE7289	False	Encodes protein that lacks InterPro GPCR domains
TTRE729	False	Encodes protein that lacks InterPro GPCR domains
TTRE7290	False	Encodes protein that lacks InterPro GPCR domains
TTRE7291	False	Encodes protein that lacks InterPro GPCR domains
TTRE7292	False	Encodes protein that lacks InterPro GPCR domains
TTRE7293	False	Encodes protein that lacks InterPro GPCR domains
TTRE7294	False	Encodes protein that lacks InterPro GPCR domains
TTRE7295	False	Encodes protein that lacks InterPro GPCR domains
TTRE7296	False	Encodes protein that lacks InterPro GPCR domains
TTRE7297	False	Encodes protein that lacks InterPro GPCR domains
TTRE7298	False	Encodes protein that lacks InterPro GPCR domains
TTRE7299	False	Encodes protein that lacks InterPro GPCR domains
TTRE73	False	Encodes protein that lacks InterPro GPCR domains
TTRE730	False	Encodes protein that lacks InterPro GPCR domains
TTRE7300	False	Encodes protein that lacks InterPro GPCR domains
TTRE7301	False	Encodes protein that lacks InterPro GPCR domains
TTRE7302	False	Encodes protein that lacks InterPro GPCR domains
TTRE7303	False	Encodes protein that lacks InterPro GPCR domains
TTRE7304	False	Encodes protein that lacks InterPro GPCR domains
TTRE7305	False	Encodes protein that lacks InterPro GPCR domains
TTRE7306	False	Encodes protein that lacks InterPro GPCR domains
TTRE7307	False	Encodes protein that lacks InterPro GPCR domains
TTRE7308	False	Encodes protein that lacks InterPro GPCR domains
TTRE7309	False	Encodes protein that lacks InterPro GPCR domains
TTRE731	False	Encodes protein that lacks InterPro GPCR domains
TTRE7310	False	Encodes protein that lacks InterPro GPCR domains
TTRE7311	False	Encodes protein that lacks InterPro GPCR domains
TTRE7312	False	Encodes protein that lacks InterPro GPCR domains
TTRE7313	False	Encodes protein that lacks InterPro GPCR domains
TTRE7314	False	Encodes protein that lacks InterPro GPCR domains
TTRE7315	False	Encodes protein that lacks InterPro GPCR domains
TTRE7316	False	Encodes protein that lacks InterPro GPCR domains
TTRE7317	False	Encodes protein that lacks InterPro GPCR domains
TTRE7318	False	Encodes protein that lacks InterPro GPCR domains
TTRE7319	False	Encodes protein that lacks InterPro GPCR domains
TTRE732	False	Encodes protein that lacks InterPro GPCR domains
TTRE7320	False	Encodes protein that lacks InterPro GPCR domains
TTRE7321	False	Encodes protein that lacks InterPro GPCR domains
TTRE7322	False	Encodes protein that lacks InterPro GPCR domains
TTRE7323	False	Encodes protein that lacks InterPro GPCR domains
TTRE7324	False	Encodes protein that lacks InterPro GPCR domains
TTRE7325	False	Encodes protein that lacks InterPro GPCR domains
TTRE7326	False	Encodes protein that lacks InterPro GPCR domains
TTRE7327	False	Encodes protein that lacks InterPro GPCR domains
TTRE7328	False	Encodes protein that lacks InterPro GPCR domains
TTRE7329	False	Encodes protein that lacks InterPro GPCR domains
TTRE733	False	Encodes protein that lacks InterPro GPCR domains
TTRE7330	False	Encodes protein that lacks InterPro GPCR domains
TTRE7331	False	Encodes protein that lacks InterPro GPCR domains
TTRE7332	False	Encodes protein that lacks InterPro GPCR domains
TTRE7333	False	Encodes protein that lacks InterPro GPCR domains
TTRE7334	False	Encodes protein that lacks InterPro GPCR domains
TTRE7335	False	Encodes protein that lacks InterPro GPCR domains
TTRE7336	False	Encodes protein that lacks InterPro GPCR domains
TTRE7337	False	Encodes protein that lacks InterPro GPCR domains
TTRE7338	False	Encodes protein that lacks InterPro GPCR domains
TTRE7339	False	Encodes protein that lacks InterPro GPCR domains
TTRE734	False	Encodes protein that lacks InterPro GPCR domains
TTRE7340	False	Encodes protein that lacks InterPro GPCR domains
TTRE7341	False	Encodes protein that lacks InterPro GPCR domains
TTRE7342	False	Encodes protein that lacks InterPro GPCR domains
TTRE7343	False	Encodes protein that lacks InterPro GPCR domains
TTRE7344	False	Encodes protein that lacks InterPro GPCR domains
TTRE7345	False	Encodes protein that lacks InterPro GPCR domains
TTRE7346	False	Encodes protein that lacks InterPro GPCR domains
TTRE7347	False	Encodes protein that lacks InterPro GPCR domains
TTRE7348	False	Encodes protein that lacks InterPro GPCR domains
TTRE7349	False	Encodes protein that lacks InterPro GPCR domains
TTRE735	False	Encodes protein that lacks InterPro GPCR domains
TTRE7350	False	Encodes protein that lacks InterPro GPCR domains
TTRE7351	False	Encodes protein that lacks InterPro GPCR domains
TTRE7352	False	Encodes protein that lacks InterPro GPCR domains
TTRE7353	False	Encodes protein that lacks InterPro GPCR domains
TTRE7354	False	Encodes protein that lacks InterPro GPCR domains
TTRE7355	False	Encodes protein that lacks InterPro GPCR domains
TTRE7356	False	Encodes protein that lacks InterPro GPCR domains
TTRE7357	False	Encodes protein that lacks InterPro GPCR domains
TTRE7358	False	Encodes protein that lacks InterPro GPCR domains
TTRE7359	False	Encodes protein that lacks InterPro GPCR domains
TTRE736	False	Encodes protein that lacks InterPro GPCR domains
TTRE7360	False	Encodes protein that lacks InterPro GPCR domains
TTRE7361	False	Encodes protein that lacks InterPro GPCR domains
TTRE7362	False	Encodes protein that lacks InterPro GPCR domains
TTRE7363	False	Encodes protein that lacks InterPro GPCR domains
TTRE7364	False	Encodes protein that lacks InterPro GPCR domains
TTRE7365	False	Encodes protein that lacks InterPro GPCR domains
TTRE7366	False	Encodes protein that lacks InterPro GPCR domains
TTRE7367	False	Encodes protein that lacks InterPro GPCR domains
TTRE7368	False	Encodes protein that lacks InterPro GPCR domains
TTRE7369	False	Encodes protein that lacks InterPro GPCR domains
TTRE737	False	Encodes protein that lacks InterPro GPCR domains
TTRE7370	False	Encodes protein that lacks InterPro GPCR domains
TTRE7371	False	Encodes protein that lacks InterPro GPCR domains
TTRE7372	False	Encodes protein that lacks InterPro GPCR domains
TTRE7373	False	Encodes protein that lacks InterPro GPCR domains
TTRE7374	False	Encodes protein that lacks InterPro GPCR domains
TTRE7375	False	Encodes protein that lacks InterPro GPCR domains
TTRE7376	False	Encodes protein that lacks InterPro GPCR domains
TTRE7377	False	Encodes protein that lacks InterPro GPCR domains
TTRE7378	False	Encodes protein that lacks InterPro GPCR domains
TTRE7379	False	Encodes protein that lacks InterPro GPCR domains
TTRE738	False	Encodes protein that lacks InterPro GPCR domains
TTRE7380	False	Encodes protein that lacks InterPro GPCR domains
TTRE7381	False	Encodes protein that lacks InterPro GPCR domains
TTRE7382	False	Encodes protein that lacks InterPro GPCR domains
TTRE7383	False	Encodes protein that lacks InterPro GPCR domains
TTRE7384	False	Encodes protein that lacks InterPro GPCR domains
TTRE7385	False	Encodes protein that lacks InterPro GPCR domains
TTRE7386	False	Encodes protein that lacks InterPro GPCR domains
TTRE7387	False	Encodes protein that lacks InterPro GPCR domains
TTRE7388	False	Encodes protein that lacks InterPro GPCR domains
TTRE7389	False	Encodes protein that lacks InterPro GPCR domains
TTRE739	False	Encodes protein that lacks InterPro GPCR domains
TTRE7390	False	Encodes protein that lacks InterPro GPCR domains
TTRE7391	False	Encodes protein that lacks InterPro GPCR domains
TTRE7392	False	Encodes protein that lacks InterPro GPCR domains
TTRE7393	False	Encodes protein that lacks InterPro GPCR domains
TTRE7394	False	Encodes protein that lacks InterPro GPCR domains
TTRE7395	False	Encodes protein that lacks InterPro GPCR domains
TTRE7396	False	Encodes protein that lacks InterPro GPCR domains
TTRE7397	False	Encodes protein that lacks InterPro GPCR domains
TTRE7398	False	Encodes protein that lacks InterPro GPCR domains
TTRE7399	False	Encodes protein that lacks InterPro GPCR domains
TTRE74	False	Encodes protein that lacks InterPro GPCR domains
TTRE740	False	Encodes protein that lacks InterPro GPCR domains
TTRE7400	False	Encodes protein that lacks InterPro GPCR domains
TTRE7401	False	Encodes protein that lacks InterPro GPCR domains
TTRE7402	False	Encodes protein that lacks InterPro GPCR domains
TTRE7403	False	Encodes protein that lacks InterPro GPCR domains
TTRE7404	False	Encodes protein that lacks InterPro GPCR domains
TTRE7405	False	Encodes protein that lacks InterPro GPCR domains
TTRE7406	False	Encodes protein that lacks InterPro GPCR domains
TTRE7407	False	Encodes protein that lacks InterPro GPCR domains
TTRE7408	False	Encodes protein that lacks InterPro GPCR domains
TTRE7409	False	Encodes protein that lacks InterPro GPCR domains
TTRE741	False	Encodes protein that lacks InterPro GPCR domains
TTRE7410	False	Encodes protein that lacks InterPro GPCR domains
TTRE7411	False	Encodes protein that lacks InterPro GPCR domains
TTRE7412	False	Encodes protein that lacks InterPro GPCR domains
TTRE7413	False	Encodes protein that lacks InterPro GPCR domains
TTRE7414	False	Encodes protein that lacks InterPro GPCR domains
TTRE7415	False	Encodes protein that lacks InterPro GPCR domains
TTRE7416	False	Encodes protein that lacks InterPro GPCR domains
TTRE7417	False	Encodes protein that lacks InterPro GPCR domains
TTRE7418	False	Encodes protein that lacks InterPro GPCR domains
TTRE7419	False	Encodes protein that lacks InterPro GPCR domains
TTRE742	False	Encodes protein that lacks InterPro GPCR domains
TTRE7420	False	Encodes protein that lacks InterPro GPCR domains
TTRE7421	False	Encodes protein that lacks InterPro GPCR domains
TTRE7422	False	Encodes protein that lacks InterPro GPCR domains
TTRE7423	False	Encodes protein that lacks InterPro GPCR domains
TTRE7424	False	Encodes protein that lacks InterPro GPCR domains
TTRE7425	False	Encodes protein that lacks InterPro GPCR domains
TTRE7426	False	Encodes protein that lacks InterPro GPCR domains
TTRE7427	False	Encodes protein that lacks InterPro GPCR domains
TTRE7428	False	Encodes protein that lacks InterPro GPCR domains
TTRE7429	False	Encodes protein that lacks InterPro GPCR domains
TTRE743	False	Encodes protein that lacks InterPro GPCR domains
TTRE7430	False	Encodes protein that lacks InterPro GPCR domains
TTRE7431	False	Encodes protein that lacks InterPro GPCR domains
TTRE7432	False	Encodes protein that lacks InterPro GPCR domains
TTRE7433	False	Encodes protein that lacks InterPro GPCR domains
TTRE7434	False	Encodes protein that lacks InterPro GPCR domains
TTRE7435	False	Encodes protein that lacks InterPro GPCR domains
TTRE7436	False	Encodes protein that lacks InterPro GPCR domains
TTRE7437	False	Encodes protein that lacks InterPro GPCR domains
TTRE7438	False	Encodes protein that lacks InterPro GPCR domains
TTRE7439	False	Encodes protein that lacks InterPro GPCR domains
TTRE744	False	Encodes protein that lacks InterPro GPCR domains
TTRE7440	False	Encodes protein that lacks InterPro GPCR domains
TTRE7441	False	Encodes protein that lacks InterPro GPCR domains
TTRE7442	False	Encodes protein that lacks InterPro GPCR domains
TTRE7443	False	Encodes protein that lacks InterPro GPCR domains
TTRE7444	False	Encodes protein that lacks InterPro GPCR domains
TTRE7445	False	Encodes protein that lacks InterPro GPCR domains
TTRE7446	False	Encodes protein that lacks InterPro GPCR domains
TTRE7447	False	Encodes protein that lacks InterPro GPCR domains
TTRE7448	False	Encodes protein that lacks InterPro GPCR domains
TTRE7449	False	Encodes protein that lacks InterPro GPCR domains
TTRE745	False	Encodes protein that lacks InterPro GPCR domains
TTRE7450	False	Encodes protein that lacks InterPro GPCR domains
TTRE7451	False	Encodes protein that lacks InterPro GPCR domains
TTRE7452	False	Encodes protein that lacks InterPro GPCR domains
TTRE7453	False	Encodes protein that lacks InterPro GPCR domains
TTRE7454	False	Encodes protein that lacks InterPro GPCR domains
TTRE7455	False	Encodes protein that lacks InterPro GPCR domains
TTRE7456	False	Encodes protein that lacks InterPro GPCR domains
TTRE7457	False	Encodes protein that lacks InterPro GPCR domains
TTRE7458	False	Encodes protein that lacks InterPro GPCR domains
TTRE7459	False	Encodes protein that lacks InterPro GPCR domains
TTRE746	False	Encodes protein that lacks InterPro GPCR domains
TTRE7460	False	Encodes protein that lacks InterPro GPCR domains
TTRE7461	False	Encodes protein that lacks InterPro GPCR domains
TTRE7462	False	Encodes protein that lacks InterPro GPCR domains
TTRE7463	False	Encodes protein that lacks InterPro GPCR domains
TTRE7464	False	Encodes protein that lacks InterPro GPCR domains
TTRE7465	False	Encodes protein that lacks InterPro GPCR domains
TTRE7466	False	Encodes protein that lacks InterPro GPCR domains
TTRE7467	False	Encodes protein that lacks InterPro GPCR domains
TTRE7468	False	Encodes protein that lacks InterPro GPCR domains
TTRE7469	False	Encodes protein that lacks InterPro GPCR domains
TTRE747	False	Encodes protein that lacks InterPro GPCR domains
TTRE7470	False	Encodes protein that lacks InterPro GPCR domains
TTRE7471	False	Encodes protein that lacks InterPro GPCR domains
TTRE7472	False	Encodes protein that lacks InterPro GPCR domains
TTRE7473	False	Encodes protein that lacks InterPro GPCR domains
TTRE7474	False	Encodes protein that lacks InterPro GPCR domains
TTRE7475	False	Encodes protein that lacks InterPro GPCR domains
TTRE7476	False	Encodes protein that lacks InterPro GPCR domains
TTRE7477	False	Encodes protein that lacks InterPro GPCR domains
TTRE7478	False	Encodes protein that lacks InterPro GPCR domains
TTRE7479	False	Encodes protein that lacks InterPro GPCR domains
TTRE748	False	Encodes protein that lacks InterPro GPCR domains
TTRE7480	False	Encodes protein that lacks InterPro GPCR domains
TTRE7481	False	Encodes protein that lacks InterPro GPCR domains
TTRE7482	False	Encodes protein that lacks InterPro GPCR domains
TTRE7483	False	Encodes protein that lacks InterPro GPCR domains
TTRE7484	False	Encodes protein that lacks InterPro GPCR domains
TTRE7485	False	Encodes protein that lacks InterPro GPCR domains
TTRE7486	False	Encodes protein that lacks InterPro GPCR domains
TTRE7487	False	Encodes protein that lacks InterPro GPCR domains
TTRE7488	False	Encodes protein that lacks InterPro GPCR domains
TTRE7489	False	Encodes protein that lacks InterPro GPCR domains
TTRE749	False	Encodes protein that lacks InterPro GPCR domains
TTRE7490	False	Encodes protein that lacks InterPro GPCR domains
TTRE7491	False	Encodes protein that lacks InterPro GPCR domains
TTRE7492	False	Encodes protein that lacks InterPro GPCR domains
TTRE7493	False	Encodes protein that lacks InterPro GPCR domains
TTRE7494	False	Encodes protein that lacks InterPro GPCR domains
TTRE7495	False	Encodes protein that lacks InterPro GPCR domains
TTRE7496	False	Encodes protein that lacks InterPro GPCR domains
TTRE7497	False	Encodes protein that lacks InterPro GPCR domains
TTRE7498	False	Encodes protein that lacks InterPro GPCR domains
TTRE7499	False	Encodes protein that lacks InterPro GPCR domains
TTRE75	False	Encodes protein that lacks InterPro GPCR domains
TTRE750	False	Encodes protein that lacks InterPro GPCR domains
TTRE7500	False	Encodes protein that lacks InterPro GPCR domains
TTRE7501	False	Encodes protein that lacks InterPro GPCR domains
TTRE7502	False	Encodes protein that lacks InterPro GPCR domains
TTRE7503	False	Encodes protein that lacks InterPro GPCR domains
TTRE7504	False	Encodes protein that lacks InterPro GPCR domains
TTRE7505	False	Encodes protein that lacks InterPro GPCR domains
TTRE7506	False	Encodes protein that lacks InterPro GPCR domains
TTRE7507	False	Encodes protein that lacks InterPro GPCR domains
TTRE7508	False	Encodes protein that lacks InterPro GPCR domains
TTRE7509	False	Encodes protein that lacks InterPro GPCR domains
TTRE751	False	Encodes protein that lacks InterPro GPCR domains
TTRE7510	False	Encodes protein that lacks InterPro GPCR domains
TTRE7511	False	Encodes protein that lacks InterPro GPCR domains
TTRE7512	False	Encodes protein that lacks InterPro GPCR domains
TTRE7513	False	Encodes protein that lacks InterPro GPCR domains
TTRE7514	False	Encodes protein that lacks InterPro GPCR domains
TTRE7515	False	Encodes protein that lacks InterPro GPCR domains
TTRE7516	False	Encodes protein that lacks InterPro GPCR domains
TTRE7517	False	Encodes protein that lacks InterPro GPCR domains
TTRE7518	False	Encodes protein that lacks InterPro GPCR domains
TTRE7519	False	Encodes protein that lacks InterPro GPCR domains
TTRE752	False	Encodes protein that lacks InterPro GPCR domains
TTRE7520	False	Encodes protein that lacks InterPro GPCR domains
TTRE7521	False	Encodes protein that lacks InterPro GPCR domains
TTRE7522	False	Encodes protein that lacks InterPro GPCR domains
TTRE7523	False	Encodes protein that lacks InterPro GPCR domains
TTRE7524	False	Encodes protein that lacks InterPro GPCR domains
TTRE7525	False	Encodes protein that lacks InterPro GPCR domains
TTRE7526	False	Encodes protein that lacks InterPro GPCR domains
TTRE7527	False	Encodes protein that lacks InterPro GPCR domains
TTRE7528	False	Encodes protein that lacks InterPro GPCR domains
TTRE7529	False	Encodes protein that lacks InterPro GPCR domains
TTRE753	True	Encodes protein with InterPro domain(s): IPR017452 - GPCR, rhodopsin-like, 7TM; IPR019427 - 7TM GPCR, serpentine receptor class w (Srw)
TTRE7530	False	Encodes protein that lacks InterPro GPCR domains
TTRE7531	False	Encodes protein that lacks InterPro GPCR domains
TTRE7532	False	Encodes protein that lacks InterPro GPCR domains
TTRE7533	False	Encodes protein that lacks InterPro GPCR domains
TTRE7534	False	Encodes protein that lacks InterPro GPCR domains
TTRE7535	False	Encodes protein that lacks InterPro GPCR domains
TTRE7536	False	Encodes protein that lacks InterPro GPCR domains
TTRE7537	False	Encodes protein that lacks InterPro GPCR domains
TTRE7538	False	Encodes protein that lacks InterPro GPCR domains
TTRE7539	False	Encodes protein that lacks InterPro GPCR domains
TTRE754	False	Encodes protein that lacks InterPro GPCR domains
TTRE7540	False	Encodes protein that lacks InterPro GPCR domains
TTRE7541	False	Encodes protein that lacks InterPro GPCR domains
TTRE7542	False	Encodes protein that lacks InterPro GPCR domains
TTRE7543	False	Encodes protein that lacks InterPro GPCR domains
TTRE7544	False	Encodes protein that lacks InterPro GPCR domains
TTRE7545	False	Encodes protein that lacks InterPro GPCR domains
TTRE7546	False	Encodes protein that lacks InterPro GPCR domains
TTRE7547	False	Encodes protein that lacks InterPro GPCR domains
TTRE7548	False	Encodes protein that lacks InterPro GPCR domains
TTRE7549	False	Encodes protein that lacks InterPro GPCR domains
TTRE755	False	Encodes protein that lacks InterPro GPCR domains
TTRE7550	False	Encodes protein that lacks InterPro GPCR domains
TTRE7551	False	Encodes protein that lacks InterPro GPCR domains
TTRE7552	False	Encodes protein that lacks InterPro GPCR domains
TTRE7553	False	Encodes protein that lacks InterPro GPCR domains
TTRE7554	False	Encodes protein that lacks InterPro GPCR domains
TTRE7555	False	Encodes protein that lacks InterPro GPCR domains
TTRE7556	False	Encodes protein that lacks InterPro GPCR domains
TTRE7557	False	Encodes protein that lacks InterPro GPCR domains
TTRE7558	False	Encodes protein that lacks InterPro GPCR domains
TTRE7559	False	Encodes protein that lacks InterPro GPCR domains
TTRE756	False	Encodes protein that lacks InterPro GPCR domains
TTRE7560	False	Encodes protein that lacks InterPro GPCR domains
TTRE7561	False	Encodes protein that lacks InterPro GPCR domains
TTRE7562	False	Encodes protein that lacks InterPro GPCR domains
TTRE7563	False	Encodes protein that lacks InterPro GPCR domains
TTRE7564	False	Encodes protein that lacks InterPro GPCR domains
TTRE7565	False	Encodes protein that lacks InterPro GPCR domains
TTRE7566	False	Encodes protein that lacks InterPro GPCR domains
TTRE7567	False	Encodes protein that lacks InterPro GPCR domains
TTRE7568	False	Encodes protein that lacks InterPro GPCR domains
TTRE7569	False	Encodes protein that lacks InterPro GPCR domains
TTRE757	False	Encodes protein that lacks InterPro GPCR domains
TTRE7570	False	Encodes protein that lacks InterPro GPCR domains
TTRE7571	False	Encodes protein that lacks InterPro GPCR domains
TTRE7572	False	Encodes protein that lacks InterPro GPCR domains
TTRE7573	False	Encodes protein that lacks InterPro GPCR domains
TTRE7574	False	Encodes protein that lacks InterPro GPCR domains
TTRE7575	False	Encodes protein that lacks InterPro GPCR domains
TTRE7576	False	Encodes protein that lacks InterPro GPCR domains
TTRE7577	False	Encodes protein that lacks InterPro GPCR domains
TTRE7578	False	Encodes protein that lacks InterPro GPCR domains
TTRE7579	False	Encodes protein that lacks InterPro GPCR domains
TTRE758	False	Encodes protein that lacks InterPro GPCR domains
TTRE7580	False	Encodes protein that lacks InterPro GPCR domains
TTRE7581	False	Encodes protein that lacks InterPro GPCR domains
TTRE7582	False	Encodes protein that lacks InterPro GPCR domains
TTRE7583	False	Encodes protein that lacks InterPro GPCR domains
TTRE7584	False	Encodes protein that lacks InterPro GPCR domains
TTRE7585	False	Encodes protein that lacks InterPro GPCR domains
TTRE7586	False	Encodes protein that lacks InterPro GPCR domains
TTRE7587	False	Encodes protein that lacks InterPro GPCR domains
TTRE7588	False	Encodes protein that lacks InterPro GPCR domains
TTRE7589	False	Encodes protein that lacks InterPro GPCR domains
TTRE759	False	Encodes protein that lacks InterPro GPCR domains
TTRE7590	False	Encodes protein that lacks InterPro GPCR domains
TTRE7591	False	Encodes protein that lacks InterPro GPCR domains
TTRE7592	False	Encodes protein that lacks InterPro GPCR domains
TTRE7593	False	Encodes protein that lacks InterPro GPCR domains
TTRE7594	False	Encodes protein that lacks InterPro GPCR domains
TTRE7595	False	Encodes protein that lacks InterPro GPCR domains
TTRE7596	False	Encodes protein that lacks InterPro GPCR domains
TTRE7597	False	Encodes protein that lacks InterPro GPCR domains
TTRE7598	False	Encodes protein that lacks InterPro GPCR domains
TTRE7599	False	Encodes protein that lacks InterPro GPCR domains
TTRE76	False	Encodes protein that lacks InterPro GPCR domains
TTRE760	False	Encodes protein that lacks InterPro GPCR domains
TTRE7600	False	Encodes protein that lacks InterPro GPCR domains
TTRE7601	False	Encodes protein that lacks InterPro GPCR domains
TTRE7602	False	Encodes protein that lacks InterPro GPCR domains
TTRE7603	False	Encodes protein that lacks InterPro GPCR domains
TTRE7604	False	Encodes protein that lacks InterPro GPCR domains
TTRE7605	False	Encodes protein that lacks InterPro GPCR domains
TTRE7606	False	Encodes protein that lacks InterPro GPCR domains
TTRE7607	False	Encodes protein that lacks InterPro GPCR domains
TTRE7608	False	Encodes protein that lacks InterPro GPCR domains
TTRE7609	False	Encodes protein that lacks InterPro GPCR domains
TTRE761	False	Encodes protein that lacks InterPro GPCR domains
TTRE7610	False	Encodes protein that lacks InterPro GPCR domains
TTRE7611	False	Encodes protein that lacks InterPro GPCR domains
TTRE7612	False	Encodes protein that lacks InterPro GPCR domains
TTRE7613	False	Encodes protein that lacks InterPro GPCR domains
TTRE7614	False	Encodes protein that lacks InterPro GPCR domains
TTRE7615	False	Encodes protein that lacks InterPro GPCR domains
TTRE7616	False	Encodes protein that lacks InterPro GPCR domains
TTRE7617	False	Encodes protein that lacks InterPro GPCR domains
TTRE7618	False	Encodes protein that lacks InterPro GPCR domains
TTRE7619	False	Encodes protein that lacks InterPro GPCR domains
TTRE762	False	Encodes protein that lacks InterPro GPCR domains
TTRE7620	False	Encodes protein that lacks InterPro GPCR domains
TTRE7621	False	Encodes protein that lacks InterPro GPCR domains
TTRE7622	False	Encodes protein that lacks InterPro GPCR domains
TTRE7623	False	Encodes protein that lacks InterPro GPCR domains
TTRE7624	False	Encodes protein that lacks InterPro GPCR domains
TTRE7625	False	Encodes protein that lacks InterPro GPCR domains
TTRE7626	False	Encodes protein that lacks InterPro GPCR domains
TTRE7627	False	Encodes protein that lacks InterPro GPCR domains
TTRE7628	False	Encodes protein that lacks InterPro GPCR domains
TTRE7629	False	Encodes protein that lacks InterPro GPCR domains
TTRE763	False	Encodes protein that lacks InterPro GPCR domains
TTRE7630	False	Encodes protein that lacks InterPro GPCR domains
TTRE7631	False	Encodes protein that lacks InterPro GPCR domains
TTRE7632	False	Encodes protein that lacks InterPro GPCR domains
TTRE7633	False	Encodes protein that lacks InterPro GPCR domains
TTRE7634	False	Encodes protein that lacks InterPro GPCR domains
TTRE7635	False	Encodes protein that lacks InterPro GPCR domains
TTRE7636	False	Encodes protein that lacks InterPro GPCR domains
TTRE7637	False	Encodes protein that lacks InterPro GPCR domains
TTRE7638	False	Encodes protein that lacks InterPro GPCR domains
TTRE7639	False	Encodes protein that lacks InterPro GPCR domains
TTRE764	False	Encodes protein that lacks InterPro GPCR domains
TTRE7640	False	Encodes protein that lacks InterPro GPCR domains
TTRE7641	False	Encodes protein that lacks InterPro GPCR domains
TTRE7642	False	Encodes protein that lacks InterPro GPCR domains
TTRE7643	False	Encodes protein that lacks InterPro GPCR domains
TTRE7644	False	Encodes protein that lacks InterPro GPCR domains
TTRE7645	False	Encodes protein that lacks InterPro GPCR domains
TTRE7646	False	Encodes protein that lacks InterPro GPCR domains
TTRE7647	False	Encodes protein that lacks InterPro GPCR domains
TTRE7648	False	Encodes protein that lacks InterPro GPCR domains
TTRE7649	False	Encodes protein that lacks InterPro GPCR domains
TTRE765	False	Encodes protein that lacks InterPro GPCR domains
TTRE7650	False	Encodes protein that lacks InterPro GPCR domains
TTRE7651	False	Encodes protein that lacks InterPro GPCR domains
TTRE7652	False	Encodes protein that lacks InterPro GPCR domains
TTRE7653	False	Encodes protein that lacks InterPro GPCR domains
TTRE7654	False	Encodes protein that lacks InterPro GPCR domains
TTRE7655	False	Encodes protein that lacks InterPro GPCR domains
TTRE7656	False	Encodes protein that lacks InterPro GPCR domains
TTRE7657	False	Encodes protein that lacks InterPro GPCR domains
TTRE7658	False	Encodes protein that lacks InterPro GPCR domains
TTRE7659	False	Encodes protein that lacks InterPro GPCR domains
TTRE766	False	Encodes protein that lacks InterPro GPCR domains
TTRE7660	False	Encodes protein that lacks InterPro GPCR domains
TTRE7661	False	Encodes protein that lacks InterPro GPCR domains
TTRE7662	False	Encodes protein that lacks InterPro GPCR domains
TTRE7663	False	Encodes protein that lacks InterPro GPCR domains
TTRE7664	False	Encodes protein that lacks InterPro GPCR domains
TTRE7665	False	Encodes protein that lacks InterPro GPCR domains
TTRE7666	False	Encodes protein that lacks InterPro GPCR domains
TTRE7667	False	Encodes protein that lacks InterPro GPCR domains
TTRE7668	False	Encodes protein that lacks InterPro GPCR domains
TTRE7669	False	Encodes protein that lacks InterPro GPCR domains
TTRE767	False	Encodes protein that lacks InterPro GPCR domains
TTRE7670	False	Encodes protein that lacks InterPro GPCR domains
TTRE7671	False	Encodes protein that lacks InterPro GPCR domains
TTRE7672	False	Encodes protein that lacks InterPro GPCR domains
TTRE7673	False	Encodes protein that lacks InterPro GPCR domains
TTRE7674	False	Encodes protein that lacks InterPro GPCR domains
TTRE7675	False	Encodes protein that lacks InterPro GPCR domains
TTRE7676	False	Encodes protein that lacks InterPro GPCR domains
TTRE7677	False	Encodes protein that lacks InterPro GPCR domains
TTRE7678	False	Encodes protein that lacks InterPro GPCR domains
TTRE7679	False	Encodes protein that lacks InterPro GPCR domains
TTRE768	False	Encodes protein that lacks InterPro GPCR domains
TTRE7680	False	Encodes protein that lacks InterPro GPCR domains
TTRE7681	False	Encodes protein that lacks InterPro GPCR domains
TTRE7682	False	Encodes protein that lacks InterPro GPCR domains
TTRE7683	False	Encodes protein that lacks InterPro GPCR domains
TTRE7684	False	Encodes protein that lacks InterPro GPCR domains
TTRE7685	True	Encodes protein with InterPro domain(s): IPR017452 - GPCR, rhodopsin-like, 7TM
TTRE7686	False	Encodes protein that lacks InterPro GPCR domains
TTRE7687	False	Encodes protein that lacks InterPro GPCR domains
TTRE7688	False	Encodes protein that lacks InterPro GPCR domains
TTRE7689	False	Encodes protein that lacks InterPro GPCR domains
TTRE769	False	Encodes protein that lacks InterPro GPCR domains
TTRE7690	False	Encodes protein that lacks InterPro GPCR domains
TTRE7691	False	Encodes protein that lacks InterPro GPCR domains
TTRE7692	False	Encodes protein that lacks InterPro GPCR domains
TTRE7693	False	Encodes protein that lacks InterPro GPCR domains
TTRE7694	False	Encodes protein that lacks InterPro GPCR domains
TTRE7695	False	Encodes protein that lacks InterPro GPCR domains
TTRE7696	False	Encodes protein that lacks InterPro GPCR domains
TTRE7697	False	Encodes protein that lacks InterPro GPCR domains
TTRE7698	False	Encodes protein that lacks InterPro GPCR domains
TTRE7699	False	Encodes protein that lacks InterPro GPCR domains
TTRE77	False	Encodes protein that lacks InterPro GPCR domains
TTRE770	False	Encodes protein that lacks InterPro GPCR domains
TTRE7700	False	Encodes protein that lacks InterPro GPCR domains
TTRE7701	False	Encodes protein that lacks InterPro GPCR domains
TTRE7702	False	Encodes protein that lacks InterPro GPCR domains
TTRE7703	False	Encodes protein that lacks InterPro GPCR domains
TTRE7704	False	Encodes protein that lacks InterPro GPCR domains
TTRE7705	False	Encodes protein that lacks InterPro GPCR domains
TTRE7706	False	Encodes protein that lacks InterPro GPCR domains
TTRE7707	False	Encodes protein that lacks InterPro GPCR domains
TTRE7708	False	Encodes protein that lacks InterPro GPCR domains
TTRE7709	False	Encodes protein that lacks InterPro GPCR domains
TTRE771	False	Encodes protein that lacks InterPro GPCR domains
TTRE7710	False	Encodes protein that lacks InterPro GPCR domains
TTRE7711	False	Encodes protein that lacks InterPro GPCR domains
TTRE7712	False	Encodes protein that lacks InterPro GPCR domains
TTRE7713	False	Encodes protein that lacks InterPro GPCR domains
TTRE7714	False	Encodes protein that lacks InterPro GPCR domains
TTRE7715	False	Encodes protein that lacks InterPro GPCR domains
TTRE7716	False	Encodes protein that lacks InterPro GPCR domains
TTRE7717	False	Encodes protein that lacks InterPro GPCR domains
TTRE7718	False	Encodes protein that lacks InterPro GPCR domains
TTRE7719	False	Encodes protein that lacks InterPro GPCR domains
TTRE772	False	Encodes protein that lacks InterPro GPCR domains
TTRE7720	False	Encodes protein that lacks InterPro GPCR domains
TTRE7721	False	Encodes protein that lacks InterPro GPCR domains
TTRE7722	False	Encodes protein that lacks InterPro GPCR domains
TTRE7723	False	Encodes protein that lacks InterPro GPCR domains
TTRE7724	False	Encodes protein that lacks InterPro GPCR domains
TTRE7725	False	Encodes protein that lacks InterPro GPCR domains
TTRE7726	False	Encodes protein that lacks InterPro GPCR domains
TTRE7727	False	Encodes protein that lacks InterPro GPCR domains
TTRE7728	False	Encodes protein that lacks InterPro GPCR domains
TTRE7729	False	Encodes protein that lacks InterPro GPCR domains
TTRE773	False	Encodes protein that lacks InterPro GPCR domains
TTRE7730	False	Encodes protein that lacks InterPro GPCR domains
TTRE7731	False	Encodes protein that lacks InterPro GPCR domains
TTRE7732	False	Encodes protein that lacks InterPro GPCR domains
TTRE7733	False	Encodes protein that lacks InterPro GPCR domains
TTRE7734	False	Encodes protein that lacks InterPro GPCR domains
TTRE7735	False	Encodes protein that lacks InterPro GPCR domains
TTRE7736	False	Encodes protein that lacks InterPro GPCR domains
TTRE7737	False	Encodes protein that lacks InterPro GPCR domains
TTRE7738	False	Encodes protein that lacks InterPro GPCR domains
TTRE7739	False	Encodes protein that lacks InterPro GPCR domains
TTRE774	False	Encodes protein that lacks InterPro GPCR domains
TTRE7740	False	Encodes protein that lacks InterPro GPCR domains
TTRE7741	False	Encodes protein that lacks InterPro GPCR domains
TTRE7742	False	Encodes protein that lacks InterPro GPCR domains
TTRE7743	False	Encodes protein that lacks InterPro GPCR domains
TTRE7744	False	Encodes protein that lacks InterPro GPCR domains
TTRE7745	False	Encodes protein that lacks InterPro GPCR domains
TTRE7746	False	Encodes protein that lacks InterPro GPCR domains
TTRE7747	False	Encodes protein that lacks InterPro GPCR domains
TTRE7748	False	Encodes protein that lacks InterPro GPCR domains
TTRE7749	False	Encodes protein that lacks InterPro GPCR domains
TTRE775	False	Encodes protein that lacks InterPro GPCR domains
TTRE7750	False	Encodes protein that lacks InterPro GPCR domains
TTRE7751	False	Encodes protein that lacks InterPro GPCR domains
TTRE7752	False	Encodes protein that lacks InterPro GPCR domains
TTRE7753	False	Encodes protein that lacks InterPro GPCR domains
TTRE7754	False	Encodes protein that lacks InterPro GPCR domains
TTRE7755	False	Encodes protein that lacks InterPro GPCR domains
TTRE7756	False	Encodes protein that lacks InterPro GPCR domains
TTRE7757	False	Encodes protein that lacks InterPro GPCR domains
TTRE7758	False	Encodes protein that lacks InterPro GPCR domains
TTRE7759	False	Encodes protein that lacks InterPro GPCR domains
TTRE776	False	Encodes protein that lacks InterPro GPCR domains
TTRE7760	False	Encodes protein that lacks InterPro GPCR domains
TTRE7761	False	Encodes protein that lacks InterPro GPCR domains
TTRE7762	False	Encodes protein that lacks InterPro GPCR domains
TTRE7763	False	Encodes protein that lacks InterPro GPCR domains
TTRE7764	False	Encodes protein that lacks InterPro GPCR domains
TTRE7765	False	Encodes protein that lacks InterPro GPCR domains
TTRE7766	False	Encodes protein that lacks InterPro GPCR domains
TTRE7767	False	Encodes protein that lacks InterPro GPCR domains
TTRE7768	False	Encodes protein that lacks InterPro GPCR domains
TTRE7769	False	Encodes protein that lacks InterPro GPCR domains
TTRE777	False	Encodes protein that lacks InterPro GPCR domains
TTRE7770	False	Encodes protein that lacks InterPro GPCR domains
TTRE7771	False	Encodes protein that lacks InterPro GPCR domains
TTRE7772	False	Encodes protein that lacks InterPro GPCR domains
TTRE7773	False	Encodes protein that lacks InterPro GPCR domains
TTRE7774	False	Encodes protein that lacks InterPro GPCR domains
TTRE7775	False	Encodes protein that lacks InterPro GPCR domains
TTRE7776	False	Encodes protein that lacks InterPro GPCR domains
TTRE7777	False	Encodes protein that lacks InterPro GPCR domains
TTRE7778	False	Encodes protein that lacks InterPro GPCR domains
TTRE7779	False	Encodes protein that lacks InterPro GPCR domains
TTRE778	False	Encodes protein that lacks InterPro GPCR domains
TTRE7780	False	Encodes protein that lacks InterPro GPCR domains
TTRE7781	False	Encodes protein that lacks InterPro GPCR domains
TTRE7782	False	Encodes protein that lacks InterPro GPCR domains
TTRE7783	False	Encodes protein that lacks InterPro GPCR domains
TTRE7784	False	Encodes protein that lacks InterPro GPCR domains
TTRE7785	False	Encodes protein that lacks InterPro GPCR domains
TTRE7786	False	Encodes protein that lacks InterPro GPCR domains
TTRE7787	False	Encodes protein that lacks InterPro GPCR domains
TTRE7788	False	Encodes protein that lacks InterPro GPCR domains
TTRE7789	False	Encodes protein that lacks InterPro GPCR domains
TTRE779	False	Encodes protein that lacks InterPro GPCR domains
TTRE7790	False	Encodes protein that lacks InterPro GPCR domains
TTRE7791	False	Encodes protein that lacks InterPro GPCR domains
TTRE7792	False	Encodes protein that lacks InterPro GPCR domains
TTRE7793	False	Encodes protein that lacks InterPro GPCR domains
TTRE7794	False	Encodes protein that lacks InterPro GPCR domains
TTRE7795	False	Encodes protein that lacks InterPro GPCR domains
TTRE7796	False	Encodes protein that lacks InterPro GPCR domains
TTRE7797	False	Encodes protein that lacks InterPro GPCR domains
TTRE7798	False	Encodes protein that lacks InterPro GPCR domains
TTRE7799	False	Encodes protein that lacks InterPro GPCR domains
TTRE78	False	Encodes protein that lacks InterPro GPCR domains
TTRE780	True	Encodes protein with InterPro domain(s): IPR002455 - GPCR family 3, GABA-B receptor; IPR017978 - GPCR family 3, C-terminal
TTRE7800	False	Encodes protein that lacks InterPro GPCR domains
TTRE7801	False	Encodes protein that lacks InterPro GPCR domains
TTRE7802	False	Encodes protein that lacks InterPro GPCR domains
TTRE7803	False	Encodes protein that lacks InterPro GPCR domains
TTRE7804	False	Encodes protein that lacks InterPro GPCR domains
TTRE7805	False	Encodes protein that lacks InterPro GPCR domains
TTRE7806	False	Encodes protein that lacks InterPro GPCR domains
TTRE7807	False	Encodes protein that lacks InterPro GPCR domains
TTRE7808	False	Encodes protein that lacks InterPro GPCR domains
TTRE7809	False	Encodes protein that lacks InterPro GPCR domains
TTRE781	False	Encodes protein that lacks InterPro GPCR domains
TTRE7810	False	Encodes protein that lacks InterPro GPCR domains
TTRE7811	False	Encodes protein that lacks InterPro GPCR domains
TTRE7812	False	Encodes protein that lacks InterPro GPCR domains
TTRE7813	False	Encodes protein that lacks InterPro GPCR domains
TTRE7814	False	Encodes protein that lacks InterPro GPCR domains
TTRE7815	False	Encodes protein that lacks InterPro GPCR domains
TTRE7816	False	Encodes protein that lacks InterPro GPCR domains
TTRE7817	False	Encodes protein that lacks InterPro GPCR domains
TTRE7818	False	Encodes protein that lacks InterPro GPCR domains
TTRE7819	False	Encodes protein that lacks InterPro GPCR domains
TTRE782	False	Encodes protein that lacks InterPro GPCR domains
TTRE7820	False	Encodes protein that lacks InterPro GPCR domains
TTRE7821	False	Encodes protein that lacks InterPro GPCR domains
TTRE7822	False	Encodes protein that lacks InterPro GPCR domains
TTRE7823	False	Encodes protein that lacks InterPro GPCR domains
TTRE7824	False	Encodes protein that lacks InterPro GPCR domains
TTRE7825	False	Encodes protein that lacks InterPro GPCR domains
TTRE7826	False	Encodes protein that lacks InterPro GPCR domains
TTRE7827	False	Encodes protein that lacks InterPro GPCR domains
TTRE7828	False	Encodes protein that lacks InterPro GPCR domains
TTRE7829	False	Encodes protein that lacks InterPro GPCR domains
TTRE783	False	Encodes protein that lacks InterPro GPCR domains
TTRE7830	False	Encodes protein that lacks InterPro GPCR domains
TTRE7831	False	Encodes protein that lacks InterPro GPCR domains
TTRE7832	False	Encodes protein that lacks InterPro GPCR domains
TTRE7833	False	Encodes protein that lacks InterPro GPCR domains
TTRE7834	False	Encodes protein that lacks InterPro GPCR domains
TTRE7835	False	Encodes protein that lacks InterPro GPCR domains
TTRE7836	False	Encodes protein that lacks InterPro GPCR domains
TTRE7837	False	Encodes protein that lacks InterPro GPCR domains
TTRE7838	False	Encodes protein that lacks InterPro GPCR domains
TTRE7839	False	Encodes protein that lacks InterPro GPCR domains
TTRE784	False	Encodes protein that lacks InterPro GPCR domains
TTRE7840	False	Encodes protein that lacks InterPro GPCR domains
TTRE7841	False	Encodes protein that lacks InterPro GPCR domains
TTRE7842	False	Encodes protein that lacks InterPro GPCR domains
TTRE7843	False	Encodes protein that lacks InterPro GPCR domains
TTRE7844	False	Encodes protein that lacks InterPro GPCR domains
TTRE7845	False	Encodes protein that lacks InterPro GPCR domains
TTRE7846	False	Encodes protein that lacks InterPro GPCR domains
TTRE7847	False	Encodes protein that lacks InterPro GPCR domains
TTRE7848	False	Encodes protein that lacks InterPro GPCR domains
TTRE7849	False	Encodes protein that lacks InterPro GPCR domains
TTRE785	False	Encodes protein that lacks InterPro GPCR domains
TTRE7850	False	Encodes protein that lacks InterPro GPCR domains
TTRE7851	False	Encodes protein that lacks InterPro GPCR domains
TTRE7852	False	Encodes protein that lacks InterPro GPCR domains
TTRE7853	False	Encodes protein that lacks InterPro GPCR domains
TTRE7854	False	Encodes protein that lacks InterPro GPCR domains
TTRE7855	False	Encodes protein that lacks InterPro GPCR domains
TTRE7856	False	Encodes protein that lacks InterPro GPCR domains
TTRE7857	False	Encodes protein that lacks InterPro GPCR domains
TTRE7858	False	Encodes protein that lacks InterPro GPCR domains
TTRE7859	False	Encodes protein that lacks InterPro GPCR domains
TTRE786	False	Encodes protein that lacks InterPro GPCR domains
TTRE7860	False	Encodes protein that lacks InterPro GPCR domains
TTRE7861	False	Encodes protein that lacks InterPro GPCR domains
TTRE7862	False	Encodes protein that lacks InterPro GPCR domains
TTRE7863	False	Encodes protein that lacks InterPro GPCR domains
TTRE7864	False	Encodes protein that lacks InterPro GPCR domains
TTRE7865	False	Encodes protein that lacks InterPro GPCR domains
TTRE7866	False	Encodes protein that lacks InterPro GPCR domains
TTRE7867	False	Encodes protein that lacks InterPro GPCR domains
TTRE7868	False	Encodes protein that lacks InterPro GPCR domains
TTRE7869	False	Encodes protein that lacks InterPro GPCR domains
TTRE787	False	Encodes protein that lacks InterPro GPCR domains
TTRE7870	False	Encodes protein that lacks InterPro GPCR domains
TTRE7871	False	Encodes protein that lacks InterPro GPCR domains
TTRE7872	False	Encodes protein that lacks InterPro GPCR domains
TTRE7873	False	Encodes protein that lacks InterPro GPCR domains
TTRE7874	False	Encodes protein that lacks InterPro GPCR domains
TTRE7875	False	Encodes protein that lacks InterPro GPCR domains
TTRE7876	False	Encodes protein that lacks InterPro GPCR domains
TTRE7877	False	Encodes protein that lacks InterPro GPCR domains
TTRE7878	False	Encodes protein that lacks InterPro GPCR domains
TTRE7879	False	Encodes protein that lacks InterPro GPCR domains
TTRE788	False	Encodes protein that lacks InterPro GPCR domains
TTRE7880	False	Encodes protein that lacks InterPro GPCR domains
TTRE7881	False	Encodes protein that lacks InterPro GPCR domains
TTRE7882	False	Encodes protein that lacks InterPro GPCR domains
TTRE7883	False	Encodes protein that lacks InterPro GPCR domains
TTRE7884	False	Encodes protein that lacks InterPro GPCR domains
TTRE7885	False	Encodes protein that lacks InterPro GPCR domains
TTRE7886	False	Encodes protein that lacks InterPro GPCR domains
TTRE7887	False	Encodes protein that lacks InterPro GPCR domains
TTRE7888	False	Encodes protein that lacks InterPro GPCR domains
TTRE7889	False	Encodes protein that lacks InterPro GPCR domains
TTRE789	False	Encodes protein that lacks InterPro GPCR domains
TTRE7890	False	Encodes protein that lacks InterPro GPCR domains
TTRE7891	False	Encodes protein that lacks InterPro GPCR domains
TTRE7892	False	Encodes protein that lacks InterPro GPCR domains
TTRE7893	False	Encodes protein that lacks InterPro GPCR domains
TTRE7894	False	Encodes protein that lacks InterPro GPCR domains
TTRE7895	False	Encodes protein that lacks InterPro GPCR domains
TTRE7896	False	Encodes protein that lacks InterPro GPCR domains
TTRE7897	False	Encodes protein that lacks InterPro GPCR domains
TTRE7898	False	Encodes protein that lacks InterPro GPCR domains
TTRE7899	False	Encodes protein that lacks InterPro GPCR domains
TTRE79	False	Encodes protein that lacks InterPro GPCR domains
TTRE790	False	Encodes protein that lacks InterPro GPCR domains
TTRE7900	False	Encodes protein that lacks InterPro GPCR domains
TTRE7901	False	Encodes protein that lacks InterPro GPCR domains
TTRE7902	False	Encodes protein that lacks InterPro GPCR domains
TTRE7903	False	Encodes protein that lacks InterPro GPCR domains
TTRE7904	False	Encodes protein that lacks InterPro GPCR domains
TTRE7905	False	Encodes protein that lacks InterPro GPCR domains
TTRE7906	False	Encodes protein that lacks InterPro GPCR domains
TTRE7907	False	Encodes protein that lacks InterPro GPCR domains
TTRE7908	False	Encodes protein that lacks InterPro GPCR domains
TTRE7909	False	Encodes protein that lacks InterPro GPCR domains
TTRE791	False	Encodes protein that lacks InterPro GPCR domains
TTRE7910	False	Encodes protein that lacks InterPro GPCR domains
TTRE7911	False	Encodes protein that lacks InterPro GPCR domains
TTRE7912	False	Encodes protein that lacks InterPro GPCR domains
TTRE7913	False	Encodes protein that lacks InterPro GPCR domains
TTRE7914	False	Encodes protein that lacks InterPro GPCR domains
TTRE7915	False	Encodes protein that lacks InterPro GPCR domains
TTRE7916	False	Encodes protein that lacks InterPro GPCR domains
TTRE7917	False	Encodes protein that lacks InterPro GPCR domains
TTRE7918	False	Encodes protein that lacks InterPro GPCR domains
TTRE7919	False	Encodes protein that lacks InterPro GPCR domains
TTRE792	False	Encodes protein that lacks InterPro GPCR domains
TTRE7920	False	Encodes protein that lacks InterPro GPCR domains
TTRE7921	False	Encodes protein that lacks InterPro GPCR domains
TTRE7922	False	Encodes protein that lacks InterPro GPCR domains
TTRE7923	False	Encodes protein that lacks InterPro GPCR domains
TTRE7924	False	Encodes protein that lacks InterPro GPCR domains
TTRE7925	False	Encodes protein that lacks InterPro GPCR domains
TTRE7926	False	Encodes protein that lacks InterPro GPCR domains
TTRE7927	False	Encodes protein that lacks InterPro GPCR domains
TTRE7928	False	Encodes protein that lacks InterPro GPCR domains
TTRE7929	False	Encodes protein that lacks InterPro GPCR domains
TTRE793	False	Encodes protein that lacks InterPro GPCR domains
TTRE7930	False	Encodes protein that lacks InterPro GPCR domains
TTRE7931	False	Encodes protein that lacks InterPro GPCR domains
TTRE7932	False	Encodes protein that lacks InterPro GPCR domains
TTRE7933	False	Encodes protein that lacks InterPro GPCR domains
TTRE7934	False	Encodes protein that lacks InterPro GPCR domains
TTRE7935	False	Encodes protein that lacks InterPro GPCR domains
TTRE7936	False	Encodes protein that lacks InterPro GPCR domains
TTRE7937	False	Encodes protein that lacks InterPro GPCR domains
TTRE7938	False	Encodes protein that lacks InterPro GPCR domains
TTRE7939	False	Encodes protein that lacks InterPro GPCR domains
TTRE794	False	Encodes protein that lacks InterPro GPCR domains
TTRE7940	False	Encodes protein that lacks InterPro GPCR domains
TTRE7941	False	Encodes protein that lacks InterPro GPCR domains
TTRE7942	False	Encodes protein that lacks InterPro GPCR domains
TTRE7943	False	Encodes protein that lacks InterPro GPCR domains
TTRE7944	False	Encodes protein that lacks InterPro GPCR domains
TTRE7945	False	Encodes protein that lacks InterPro GPCR domains
TTRE7946	False	Encodes protein that lacks InterPro GPCR domains
TTRE7947	False	Encodes protein that lacks InterPro GPCR domains
TTRE7948	False	Encodes protein that lacks InterPro GPCR domains
TTRE7949	False	Encodes protein that lacks InterPro GPCR domains
TTRE795	False	Encodes protein that lacks InterPro GPCR domains
TTRE7950	False	Encodes protein that lacks InterPro GPCR domains
TTRE7951	False	Encodes protein that lacks InterPro GPCR domains
TTRE7952	False	Encodes protein that lacks InterPro GPCR domains
TTRE7953	False	Encodes protein that lacks InterPro GPCR domains
TTRE7954	False	Encodes protein that lacks InterPro GPCR domains
TTRE7955	False	Encodes protein that lacks InterPro GPCR domains
TTRE7956	False	Encodes protein that lacks InterPro GPCR domains
TTRE7957	False	Encodes protein that lacks InterPro GPCR domains
TTRE7958	False	Encodes protein that lacks InterPro GPCR domains
TTRE7959	False	Encodes protein that lacks InterPro GPCR domains
TTRE796	False	Encodes protein that lacks InterPro GPCR domains
TTRE7960	False	Encodes protein that lacks InterPro GPCR domains
TTRE7961	False	Encodes protein that lacks InterPro GPCR domains
TTRE7962	False	Encodes protein that lacks InterPro GPCR domains
TTRE7963	False	Encodes protein that lacks InterPro GPCR domains
TTRE7964	False	Encodes protein that lacks InterPro GPCR domains
TTRE7965	False	Encodes protein that lacks InterPro GPCR domains
TTRE7966	False	Encodes protein that lacks InterPro GPCR domains
TTRE7967	False	Encodes protein that lacks InterPro GPCR domains
TTRE7968	False	Encodes protein that lacks InterPro GPCR domains
TTRE7969	False	Encodes protein that lacks InterPro GPCR domains
TTRE7970	False	Encodes protein that lacks InterPro GPCR domains
TTRE7971	False	Encodes protein that lacks InterPro GPCR domains
TTRE7972	False	Encodes protein that lacks InterPro GPCR domains
TTRE7973	False	Encodes protein that lacks InterPro GPCR domains
TTRE7974	False	Encodes protein that lacks InterPro GPCR domains
TTRE7975	False	Encodes protein that lacks InterPro GPCR domains
TTRE7976	False	Encodes protein that lacks InterPro GPCR domains
TTRE7977	False	Encodes protein that lacks InterPro GPCR domains
TTRE7978	False	Encodes protein that lacks InterPro GPCR domains
TTRE7979	False	Encodes protein that lacks InterPro GPCR domains
TTRE798	False	Encodes protein that lacks InterPro GPCR domains
TTRE7980	False	Encodes protein that lacks InterPro GPCR domains
TTRE7981	False	Encodes protein that lacks InterPro GPCR domains
TTRE7982	False	Encodes protein that lacks InterPro GPCR domains
TTRE7983	False	Encodes protein that lacks InterPro GPCR domains
TTRE7984	False	Encodes protein that lacks InterPro GPCR domains
TTRE7985	False	Encodes protein that lacks InterPro GPCR domains
TTRE7986	False	Encodes protein that lacks InterPro GPCR domains
TTRE7987	False	Encodes protein that lacks InterPro GPCR domains
TTRE7988	False	Encodes protein that lacks InterPro GPCR domains
TTRE7989	False	Encodes protein that lacks InterPro GPCR domains
TTRE799	False	Encodes protein that lacks InterPro GPCR domains
TTRE7990	False	Encodes protein that lacks InterPro GPCR domains
TTRE7991	False	Encodes protein that lacks InterPro GPCR domains
TTRE7992	False	Encodes protein that lacks InterPro GPCR domains
TTRE7993	False	Encodes protein that lacks InterPro GPCR domains
TTRE7994	False	Encodes protein that lacks InterPro GPCR domains
TTRE7995	False	Encodes protein that lacks InterPro GPCR domains
TTRE7996	False	Encodes protein that lacks InterPro GPCR domains
TTRE7997	False	Encodes protein that lacks InterPro GPCR domains
TTRE7998	False	Encodes protein that lacks InterPro GPCR domains
TTRE7999	False	Encodes protein that lacks InterPro GPCR domains
TTRE8	False	Encodes protein that lacks InterPro GPCR domains
TTRE80	False	Encodes protein that lacks InterPro GPCR domains
TTRE800	False	Encodes protein that lacks InterPro GPCR domains
TTRE8000	False	Encodes protein that lacks InterPro GPCR domains
TTRE8001	False	Encodes protein that lacks InterPro GPCR domains
TTRE8002	False	Encodes protein that lacks InterPro GPCR domains
TTRE8003	False	Encodes protein that lacks InterPro GPCR domains
TTRE8004	False	Encodes protein that lacks InterPro GPCR domains
TTRE8005	False	Encodes protein that lacks InterPro GPCR domains
TTRE8006	False	Encodes protein that lacks InterPro GPCR domains
TTRE8007	False	Encodes protein that lacks InterPro GPCR domains
TTRE8008	False	Encodes protein that lacks InterPro GPCR domains
TTRE8009	False	Encodes protein that lacks InterPro GPCR domains
TTRE801	False	Encodes protein that lacks InterPro GPCR domains
TTRE8010	False	Encodes protein that lacks InterPro GPCR domains
TTRE8011	False	Encodes protein that lacks InterPro GPCR domains
TTRE8012	False	Encodes protein that lacks InterPro GPCR domains
TTRE8013	False	Encodes protein that lacks InterPro GPCR domains
TTRE8014	False	Encodes protein that lacks InterPro GPCR domains
TTRE8015	False	Encodes protein that lacks InterPro GPCR domains
TTRE8016	False	Encodes protein that lacks InterPro GPCR domains
TTRE8017	False	Encodes protein that lacks InterPro GPCR domains
TTRE8018	False	Encodes protein that lacks InterPro GPCR domains
TTRE8019	False	Encodes protein that lacks InterPro GPCR domains
TTRE802	False	Encodes protein that lacks InterPro GPCR domains
TTRE8020	False	Encodes protein that lacks InterPro GPCR domains
TTRE8021	False	Encodes protein that lacks InterPro GPCR domains
TTRE8022	False	Encodes protein that lacks InterPro GPCR domains
TTRE8023	False	Encodes protein that lacks InterPro GPCR domains
TTRE8024	False	Encodes protein that lacks InterPro GPCR domains
TTRE8025	False	Encodes protein that lacks InterPro GPCR domains
TTRE8026	False	Encodes protein that lacks InterPro GPCR domains
TTRE8027	False	Encodes protein that lacks InterPro GPCR domains
TTRE8028	False	Encodes protein that lacks InterPro GPCR domains
TTRE8029	False	Encodes protein that lacks InterPro GPCR domains
TTRE803	False	Encodes protein that lacks InterPro GPCR domains
TTRE8030	False	Encodes protein that lacks InterPro GPCR domains
TTRE8031	False	Encodes protein that lacks InterPro GPCR domains
TTRE8032	False	Encodes protein that lacks InterPro GPCR domains
TTRE8033	False	Encodes protein that lacks InterPro GPCR domains
TTRE8034	False	Encodes protein that lacks InterPro GPCR domains
TTRE8035	False	Encodes protein that lacks InterPro GPCR domains
TTRE8036	False	Encodes protein that lacks InterPro GPCR domains
TTRE8037	False	Encodes protein that lacks InterPro GPCR domains
TTRE8038	False	Encodes protein that lacks InterPro GPCR domains
TTRE8039	False	Encodes protein that lacks InterPro GPCR domains
TTRE804	False	Encodes protein that lacks InterPro GPCR domains
TTRE8040	False	Encodes protein that lacks InterPro GPCR domains
TTRE8041	False	Encodes protein that lacks InterPro GPCR domains
TTRE8042	False	Encodes protein that lacks InterPro GPCR domains
TTRE8043	False	Encodes protein that lacks InterPro GPCR domains
TTRE8044	False	Encodes protein that lacks InterPro GPCR domains
TTRE8045	False	Encodes protein that lacks InterPro GPCR domains
TTRE8046	False	Encodes protein that lacks InterPro GPCR domains
TTRE8047	False	Encodes protein that lacks InterPro GPCR domains
TTRE8048	False	Encodes protein that lacks InterPro GPCR domains
TTRE8049	False	Encodes protein that lacks InterPro GPCR domains
TTRE805	False	Encodes protein that lacks InterPro GPCR domains
TTRE8050	False	Encodes protein that lacks InterPro GPCR domains
TTRE8051	False	Encodes protein that lacks InterPro GPCR domains
TTRE8052	False	Encodes protein that lacks InterPro GPCR domains
TTRE8053	False	Encodes protein that lacks InterPro GPCR domains
TTRE8054	False	Encodes protein that lacks InterPro GPCR domains
TTRE8055	False	Encodes protein that lacks InterPro GPCR domains
TTRE8056	False	Encodes protein that lacks InterPro GPCR domains
TTRE8057	False	Encodes protein that lacks InterPro GPCR domains
TTRE8058	False	Encodes protein that lacks InterPro GPCR domains
TTRE8059	False	Encodes protein that lacks InterPro GPCR domains
TTRE806	False	Encodes protein that lacks InterPro GPCR domains
TTRE8060	False	Encodes protein that lacks InterPro GPCR domains
TTRE8061	False	Encodes protein that lacks InterPro GPCR domains
TTRE8062	False	Encodes protein that lacks InterPro GPCR domains
TTRE8063	False	Encodes protein that lacks InterPro GPCR domains
TTRE8064	False	Encodes protein that lacks InterPro GPCR domains
TTRE8065	False	Encodes protein that lacks InterPro GPCR domains
TTRE8066	False	Encodes protein that lacks InterPro GPCR domains
TTRE8067	False	Encodes protein that lacks InterPro GPCR domains
TTRE8068	False	Encodes protein that lacks InterPro GPCR domains
TTRE8069	False	Encodes protein that lacks InterPro GPCR domains
TTRE807	False	Encodes protein that lacks InterPro GPCR domains
TTRE8070	False	Encodes protein that lacks InterPro GPCR domains
TTRE8071	False	Encodes protein that lacks InterPro GPCR domains
TTRE8072	False	Encodes protein that lacks InterPro GPCR domains
TTRE8073	False	Encodes protein that lacks InterPro GPCR domains
TTRE8074	False	Encodes protein that lacks InterPro GPCR domains
TTRE8075	False	Encodes protein that lacks InterPro GPCR domains
TTRE8076	False	Encodes protein that lacks InterPro GPCR domains
TTRE8077	False	Encodes protein that lacks InterPro GPCR domains
TTRE8078	False	Encodes protein that lacks InterPro GPCR domains
TTRE8079	False	Encodes protein that lacks InterPro GPCR domains
TTRE808	False	Encodes protein that lacks InterPro GPCR domains
TTRE8080	False	Encodes protein that lacks InterPro GPCR domains
TTRE8081	False	Encodes protein that lacks InterPro GPCR domains
TTRE8082	False	Encodes protein that lacks InterPro GPCR domains
TTRE8083	False	Encodes protein that lacks InterPro GPCR domains
TTRE8084	False	Encodes protein that lacks InterPro GPCR domains
TTRE8085	False	Encodes protein that lacks InterPro GPCR domains
TTRE8086	False	Encodes protein that lacks InterPro GPCR domains
TTRE8087	False	Encodes protein that lacks InterPro GPCR domains
TTRE8088	False	Encodes protein that lacks InterPro GPCR domains
TTRE8089	False	Encodes protein that lacks InterPro GPCR domains
TTRE809	False	Encodes protein that lacks InterPro GPCR domains
TTRE8090	False	Encodes protein that lacks InterPro GPCR domains
TTRE8091	False	Encodes protein that lacks InterPro GPCR domains
TTRE8092	False	Encodes protein that lacks InterPro GPCR domains
TTRE8093	False	Encodes protein that lacks InterPro GPCR domains
TTRE8094	False	Encodes protein that lacks InterPro GPCR domains
TTRE8095	False	Encodes protein that lacks InterPro GPCR domains
TTRE8096	False	Encodes protein that lacks InterPro GPCR domains
TTRE8097	False	Encodes protein that lacks InterPro GPCR domains
TTRE8098	False	Encodes protein that lacks InterPro GPCR domains
TTRE8099	False	Encodes protein that lacks InterPro GPCR domains
TTRE81	False	Encodes protein that lacks InterPro GPCR domains
TTRE810	False	Encodes protein that lacks InterPro GPCR domains
TTRE8100	False	Encodes protein that lacks InterPro GPCR domains
TTRE8101	False	Encodes protein that lacks InterPro GPCR domains
TTRE8102	False	Encodes protein that lacks InterPro GPCR domains
TTRE8103	False	Encodes protein that lacks InterPro GPCR domains
TTRE8104	False	Encodes protein that lacks InterPro GPCR domains
TTRE8105	False	Encodes protein that lacks InterPro GPCR domains
TTRE8106	False	Encodes protein that lacks InterPro GPCR domains
TTRE8107	True	Encodes protein with InterPro domain(s): IPR017452 - GPCR, rhodopsin-like, 7TM
TTRE8108	False	Encodes protein that lacks InterPro GPCR domains
TTRE8109	False	Encodes protein that lacks InterPro GPCR domains
TTRE811	False	Encodes protein that lacks InterPro GPCR domains
TTRE8110	False	Encodes protein that lacks InterPro GPCR domains
TTRE8111	False	Encodes protein that lacks InterPro GPCR domains
TTRE8112	False	Encodes protein that lacks InterPro GPCR domains
TTRE8113	False	Encodes protein that lacks InterPro GPCR domains
TTRE8114	False	Encodes protein that lacks InterPro GPCR domains
TTRE8115	True	Encodes protein with InterPro domain(s): IPR017452 - GPCR, rhodopsin-like, 7TM
TTRE8116	False	Encodes protein that lacks InterPro GPCR domains
TTRE8117	False	Encodes protein that lacks InterPro GPCR domains
TTRE8118	False	Encodes protein that lacks InterPro GPCR domains
TTRE8119	False	Encodes protein that lacks InterPro GPCR domains
TTRE812	False	Encodes protein that lacks InterPro GPCR domains
TTRE8120	False	Encodes protein that lacks InterPro GPCR domains
TTRE8121	False	Encodes protein that lacks InterPro GPCR domains
TTRE8122	False	Encodes protein that lacks InterPro GPCR domains
TTRE8123	False	Encodes protein that lacks InterPro GPCR domains
TTRE8124	False	Encodes protein that lacks InterPro GPCR domains
TTRE8125	False	Encodes protein that lacks InterPro GPCR domains
TTRE8126	True	Encodes protein with InterPro domain(s): IPR017452 - GPCR, rhodopsin-like, 7TM
TTRE8127	False	Encodes protein that lacks InterPro GPCR domains
TTRE8128	False	Encodes protein that lacks InterPro GPCR domains
TTRE8129	False	Encodes protein that lacks InterPro GPCR domains
TTRE813	False	Encodes protein that lacks InterPro GPCR domains
TTRE8130	False	Encodes protein that lacks InterPro GPCR domains
TTRE8131	False	Encodes protein that lacks InterPro GPCR domains
TTRE8132	False	Encodes protein that lacks InterPro GPCR domains
TTRE8133	False	Encodes protein that lacks InterPro GPCR domains
TTRE8134	False	Encodes protein that lacks InterPro GPCR domains
TTRE8135	False	Encodes protein that lacks InterPro GPCR domains
TTRE8136	False	Encodes protein that lacks InterPro GPCR domains
TTRE8137	False	Encodes protein that lacks InterPro GPCR domains
TTRE8138	False	Encodes protein that lacks InterPro GPCR domains
TTRE8139	False	Encodes protein that lacks InterPro GPCR domains
TTRE814	False	Encodes protein that lacks InterPro GPCR domains
TTRE8140	False	Encodes protein that lacks InterPro GPCR domains
TTRE8141	False	Encodes protein that lacks InterPro GPCR domains
TTRE8142	False	Encodes protein that lacks InterPro GPCR domains
TTRE8143	False	Encodes protein that lacks InterPro GPCR domains
TTRE8144	False	Encodes protein that lacks InterPro GPCR domains
TTRE8145	False	Encodes protein that lacks InterPro GPCR domains
TTRE8146	False	Encodes protein that lacks InterPro GPCR domains
TTRE8147	False	Encodes protein that lacks InterPro GPCR domains
TTRE8148	False	Encodes protein that lacks InterPro GPCR domains
TTRE8149	False	Encodes protein that lacks InterPro GPCR domains
TTRE815	False	Encodes protein that lacks InterPro GPCR domains
TTRE8150	False	Encodes protein that lacks InterPro GPCR domains
TTRE8151	False	Encodes protein that lacks InterPro GPCR domains
TTRE8152	False	Encodes protein that lacks InterPro GPCR domains
TTRE8153	False	Encodes protein that lacks InterPro GPCR domains
TTRE8154	False	Encodes protein that lacks InterPro GPCR domains
TTRE8155	False	Encodes protein that lacks InterPro GPCR domains
TTRE8156	False	Encodes protein that lacks InterPro GPCR domains
TTRE8157	False	Encodes protein that lacks InterPro GPCR domains
TTRE8158	False	Encodes protein that lacks InterPro GPCR domains
TTRE8159	False	Encodes protein that lacks InterPro GPCR domains
TTRE816	False	Encodes protein that lacks InterPro GPCR domains
TTRE8160	False	Encodes protein that lacks InterPro GPCR domains
TTRE8161	False	Encodes protein that lacks InterPro GPCR domains
TTRE8162	False	Encodes protein that lacks InterPro GPCR domains
TTRE8163	False	Encodes protein that lacks InterPro GPCR domains
TTRE8164	False	Encodes protein that lacks InterPro GPCR domains
TTRE8165	False	Encodes protein that lacks InterPro GPCR domains
TTRE8166	False	Encodes protein that lacks InterPro GPCR domains
TTRE8167	False	Encodes protein that lacks InterPro GPCR domains
TTRE8168	False	Encodes protein that lacks InterPro GPCR domains
TTRE8169	False	Encodes protein that lacks InterPro GPCR domains
TTRE817	False	Encodes protein that lacks InterPro GPCR domains
TTRE8170	False	Encodes protein that lacks InterPro GPCR domains
TTRE8171	False	Encodes protein that lacks InterPro GPCR domains
TTRE8172	False	Encodes protein that lacks InterPro GPCR domains
TTRE8173	False	Encodes protein that lacks InterPro GPCR domains
TTRE8174	False	Encodes protein that lacks InterPro GPCR domains
TTRE8175	False	Encodes protein that lacks InterPro GPCR domains
TTRE8176	False	Encodes protein that lacks InterPro GPCR domains
TTRE8177	False	Encodes protein that lacks InterPro GPCR domains
TTRE8178	False	Encodes protein that lacks InterPro GPCR domains
TTRE8179	False	Encodes protein that lacks InterPro GPCR domains
TTRE818	False	Encodes protein that lacks InterPro GPCR domains
TTRE8180	False	Encodes protein that lacks InterPro GPCR domains
TTRE8181	False	Encodes protein that lacks InterPro GPCR domains
TTRE8182	False	Encodes protein that lacks InterPro GPCR domains
TTRE8183	False	Encodes protein that lacks InterPro GPCR domains
TTRE8184	False	Encodes protein that lacks InterPro GPCR domains
TTRE8185	False	Encodes protein that lacks InterPro GPCR domains
TTRE8186	False	Encodes protein that lacks InterPro GPCR domains
TTRE8187	False	Encodes protein that lacks InterPro GPCR domains
TTRE8188	False	Encodes protein that lacks InterPro GPCR domains
TTRE8189	False	Encodes protein that lacks InterPro GPCR domains
TTRE819	False	Encodes protein that lacks InterPro GPCR domains
TTRE8190	False	Encodes protein that lacks InterPro GPCR domains
TTRE8191	False	Encodes protein that lacks InterPro GPCR domains
TTRE8192	False	Encodes protein that lacks InterPro GPCR domains
TTRE8193	False	Encodes protein that lacks InterPro GPCR domains
TTRE8194	False	Encodes protein that lacks InterPro GPCR domains
TTRE8195	False	Encodes protein that lacks InterPro GPCR domains
TTRE8196	False	Encodes protein that lacks InterPro GPCR domains
TTRE8197	False	Encodes protein that lacks InterPro GPCR domains
TTRE8198	False	Encodes protein that lacks InterPro GPCR domains
TTRE8199	False	Encodes protein that lacks InterPro GPCR domains
TTRE82	False	Encodes protein that lacks InterPro GPCR domains
TTRE820	False	Encodes protein that lacks InterPro GPCR domains
TTRE8200	False	Encodes protein that lacks InterPro GPCR domains
TTRE8201	False	Encodes protein that lacks InterPro GPCR domains
TTRE8202	False	Encodes protein that lacks InterPro GPCR domains
TTRE8203	False	Encodes protein that lacks InterPro GPCR domains
TTRE8204	False	Encodes protein that lacks InterPro GPCR domains
TTRE8205	False	Encodes protein that lacks InterPro GPCR domains
TTRE8206	False	Encodes protein that lacks InterPro GPCR domains
TTRE8207	False	Encodes protein that lacks InterPro GPCR domains
TTRE8208	False	Encodes protein that lacks InterPro GPCR domains
TTRE8209	False	Encodes protein that lacks InterPro GPCR domains
TTRE821	False	Encodes protein that lacks InterPro GPCR domains
TTRE8210	False	Encodes protein that lacks InterPro GPCR domains
TTRE8211	False	Encodes protein that lacks InterPro GPCR domains
TTRE8212	False	Encodes protein that lacks InterPro GPCR domains
TTRE8213	False	Encodes protein that lacks InterPro GPCR domains
TTRE8214	False	Encodes protein that lacks InterPro GPCR domains
TTRE8215	False	Encodes protein that lacks InterPro GPCR domains
TTRE8216	False	Encodes protein that lacks InterPro GPCR domains
TTRE8217	False	Encodes protein that lacks InterPro GPCR domains
TTRE8218	False	Encodes protein that lacks InterPro GPCR domains
TTRE8219	False	Encodes protein that lacks InterPro GPCR domains
TTRE822	False	Encodes protein that lacks InterPro GPCR domains
TTRE8220	False	Encodes protein that lacks InterPro GPCR domains
TTRE8221	False	Encodes protein that lacks InterPro GPCR domains
TTRE8222	False	Encodes protein that lacks InterPro GPCR domains
TTRE8223	False	Encodes protein that lacks InterPro GPCR domains
TTRE8224	False	Encodes protein that lacks InterPro GPCR domains
TTRE8225	False	Encodes protein that lacks InterPro GPCR domains
TTRE8226	False	Encodes protein that lacks InterPro GPCR domains
TTRE8227	False	Encodes protein that lacks InterPro GPCR domains
TTRE8228	False	Encodes protein that lacks InterPro GPCR domains
TTRE8229	False	Encodes protein that lacks InterPro GPCR domains
TTRE823	False	Encodes protein that lacks InterPro GPCR domains
TTRE8230	False	Encodes protein that lacks InterPro GPCR domains
TTRE8231	False	Encodes protein that lacks InterPro GPCR domains
TTRE8232	False	Encodes protein that lacks InterPro GPCR domains
TTRE8233	False	Encodes protein that lacks InterPro GPCR domains
TTRE8234	False	Encodes protein that lacks InterPro GPCR domains
TTRE8235	False	Encodes protein that lacks InterPro GPCR domains
TTRE8236	False	Encodes protein that lacks InterPro GPCR domains
TTRE8237	False	Encodes protein that lacks InterPro GPCR domains
TTRE8238	False	Encodes protein that lacks InterPro GPCR domains
TTRE8239	False	Encodes protein that lacks InterPro GPCR domains
TTRE824	False	Encodes protein that lacks InterPro GPCR domains
TTRE8240	False	Encodes protein that lacks InterPro GPCR domains
TTRE8241	False	Encodes protein that lacks InterPro GPCR domains
TTRE8242	False	Encodes protein that lacks InterPro GPCR domains
TTRE8243	False	Encodes protein that lacks InterPro GPCR domains
TTRE8244	False	Encodes protein that lacks InterPro GPCR domains
TTRE8245	False	Encodes protein that lacks InterPro GPCR domains
TTRE8246	False	Encodes protein that lacks InterPro GPCR domains
TTRE8247	False	Encodes protein that lacks InterPro GPCR domains
TTRE8248	False	Encodes protein that lacks InterPro GPCR domains
TTRE8249	False	Encodes protein that lacks InterPro GPCR domains
TTRE825	False	Encodes protein that lacks InterPro GPCR domains
TTRE8250	False	Encodes protein that lacks InterPro GPCR domains
TTRE8251	False	Encodes protein that lacks InterPro GPCR domains
TTRE8252	False	Encodes protein that lacks InterPro GPCR domains
TTRE8253	False	Encodes protein that lacks InterPro GPCR domains
TTRE8254	False	Encodes protein that lacks InterPro GPCR domains
TTRE8255	False	Encodes protein that lacks InterPro GPCR domains
TTRE8256	False	Encodes protein that lacks InterPro GPCR domains
TTRE8257	False	Encodes protein that lacks InterPro GPCR domains
TTRE8258	False	Encodes protein that lacks InterPro GPCR domains
TTRE8259	False	Encodes protein that lacks InterPro GPCR domains
TTRE826	False	Encodes protein that lacks InterPro GPCR domains
TTRE8260	False	Encodes protein that lacks InterPro GPCR domains
TTRE8261	False	Encodes protein that lacks InterPro GPCR domains
TTRE8262	False	Encodes protein that lacks InterPro GPCR domains
TTRE8263	False	Encodes protein that lacks InterPro GPCR domains
TTRE8264	False	Encodes protein that lacks InterPro GPCR domains
TTRE8265	False	Encodes protein that lacks InterPro GPCR domains
TTRE8266	False	Encodes protein that lacks InterPro GPCR domains
TTRE8267	False	Encodes protein that lacks InterPro GPCR domains
TTRE8268	False	Encodes protein that lacks InterPro GPCR domains
TTRE8269	False	Encodes protein that lacks InterPro GPCR domains
TTRE827	False	Encodes protein that lacks InterPro GPCR domains
TTRE8270	False	Encodes protein that lacks InterPro GPCR domains
TTRE8271	False	Encodes protein that lacks InterPro GPCR domains
TTRE8272	False	Encodes protein that lacks InterPro GPCR domains
TTRE8273	False	Encodes protein that lacks InterPro GPCR domains
TTRE8274	False	Encodes protein that lacks InterPro GPCR domains
TTRE8275	False	Encodes protein that lacks InterPro GPCR domains
TTRE8276	False	Encodes protein that lacks InterPro GPCR domains
TTRE8277	False	Encodes protein that lacks InterPro GPCR domains
TTRE8278	False	Encodes protein that lacks InterPro GPCR domains
TTRE8279	False	Encodes protein that lacks InterPro GPCR domains
TTRE828	False	Encodes protein that lacks InterPro GPCR domains
TTRE8280	False	Encodes protein that lacks InterPro GPCR domains
TTRE8281	False	Encodes protein that lacks InterPro GPCR domains
TTRE8282	False	Encodes protein that lacks InterPro GPCR domains
TTRE8283	False	Encodes protein that lacks InterPro GPCR domains
TTRE8284	False	Encodes protein that lacks InterPro GPCR domains
TTRE8285	False	Encodes protein that lacks InterPro GPCR domains
TTRE8286	False	Encodes protein that lacks InterPro GPCR domains
TTRE8287	False	Encodes protein that lacks InterPro GPCR domains
TTRE8288	False	Encodes protein that lacks InterPro GPCR domains
TTRE8289	False	Encodes protein that lacks InterPro GPCR domains
TTRE829	False	Encodes protein that lacks InterPro GPCR domains
TTRE8290	False	Encodes protein that lacks InterPro GPCR domains
TTRE8291	False	Encodes protein that lacks InterPro GPCR domains
TTRE8292	False	Encodes protein that lacks InterPro GPCR domains
TTRE8293	False	Encodes protein that lacks InterPro GPCR domains
TTRE8294	False	Encodes protein that lacks InterPro GPCR domains
TTRE8295	False	Encodes protein that lacks InterPro GPCR domains
TTRE8296	False	Encodes protein that lacks InterPro GPCR domains
TTRE8297	False	Encodes protein that lacks InterPro GPCR domains
TTRE8298	False	Encodes protein that lacks InterPro GPCR domains
TTRE8299	False	Encodes protein that lacks InterPro GPCR domains
TTRE83	False	Encodes protein that lacks InterPro GPCR domains
TTRE830	False	Encodes protein that lacks InterPro GPCR domains
TTRE8300	False	Encodes protein that lacks InterPro GPCR domains
TTRE8301	False	Encodes protein that lacks InterPro GPCR domains
TTRE8302	False	Encodes protein that lacks InterPro GPCR domains
TTRE8303	False	Encodes protein that lacks InterPro GPCR domains
TTRE8304	False	Encodes protein that lacks InterPro GPCR domains
TTRE8305	False	Encodes protein that lacks InterPro GPCR domains
TTRE8306	False	Encodes protein that lacks InterPro GPCR domains
TTRE8307	False	Encodes protein that lacks InterPro GPCR domains
TTRE8308	False	Encodes protein that lacks InterPro GPCR domains
TTRE8309	False	Encodes protein that lacks InterPro GPCR domains
TTRE831	False	Encodes protein that lacks InterPro GPCR domains
TTRE8310	False	Encodes protein that lacks InterPro GPCR domains
TTRE8311	False	Encodes protein that lacks InterPro GPCR domains
TTRE8312	False	Encodes protein that lacks InterPro GPCR domains
TTRE8313	False	Encodes protein that lacks InterPro GPCR domains
TTRE8314	False	Encodes protein that lacks InterPro GPCR domains
TTRE8315	False	Encodes protein that lacks InterPro GPCR domains
TTRE8316	False	Encodes protein that lacks InterPro GPCR domains
TTRE8317	False	Encodes protein that lacks InterPro GPCR domains
TTRE8318	False	Encodes protein that lacks InterPro GPCR domains
TTRE8319	False	Encodes protein that lacks InterPro GPCR domains
TTRE832	True	Encodes protein with InterPro domain(s): IPR017981 - GPCR, family 2-like, 7TM
TTRE8320	False	Encodes protein that lacks InterPro GPCR domains
TTRE8321	False	Encodes protein that lacks InterPro GPCR domains
TTRE8322	False	Encodes protein that lacks InterPro GPCR domains
TTRE8323	False	Encodes protein that lacks InterPro GPCR domains
TTRE8324	False	Encodes protein that lacks InterPro GPCR domains
TTRE8325	False	Encodes protein that lacks InterPro GPCR domains
TTRE8326	False	Encodes protein that lacks InterPro GPCR domains
TTRE8327	False	Encodes protein that lacks InterPro GPCR domains
TTRE8328	False	Encodes protein that lacks InterPro GPCR domains
TTRE8329	False	Encodes protein that lacks InterPro GPCR domains
TTRE833	False	Encodes protein that lacks InterPro GPCR domains
TTRE8330	False	Encodes protein that lacks InterPro GPCR domains
TTRE8331	False	Encodes protein that lacks InterPro GPCR domains
TTRE8332	False	Encodes protein that lacks InterPro GPCR domains
TTRE8333	False	Encodes protein that lacks InterPro GPCR domains
TTRE8334	False	Encodes protein that lacks InterPro GPCR domains
TTRE8335	False	Encodes protein that lacks InterPro GPCR domains
TTRE8336	False	Encodes protein that lacks InterPro GPCR domains
TTRE8337	False	Encodes protein that lacks InterPro GPCR domains
TTRE8338	False	Encodes protein that lacks InterPro GPCR domains
TTRE8339	False	Encodes protein that lacks InterPro GPCR domains
TTRE834	False	Encodes protein that lacks InterPro GPCR domains
TTRE8340	False	Encodes protein that lacks InterPro GPCR domains
TTRE8341	False	Encodes protein that lacks InterPro GPCR domains
TTRE8342	False	Encodes protein that lacks InterPro GPCR domains
TTRE8343	False	Encodes protein that lacks InterPro GPCR domains
TTRE8344	False	Encodes protein that lacks InterPro GPCR domains
TTRE8345	False	Encodes protein that lacks InterPro GPCR domains
TTRE8346	False	Encodes protein that lacks InterPro GPCR domains
TTRE8347	False	Encodes protein that lacks InterPro GPCR domains
TTRE8348	False	Encodes protein that lacks InterPro GPCR domains
TTRE8349	False	Encodes protein that lacks InterPro GPCR domains
TTRE835	False	Encodes protein that lacks InterPro GPCR domains
TTRE8350	False	Encodes protein that lacks InterPro GPCR domains
TTRE8351	False	Encodes protein that lacks InterPro GPCR domains
TTRE8352	False	Encodes protein that lacks InterPro GPCR domains
TTRE8353	False	Encodes protein that lacks InterPro GPCR domains
TTRE8354	False	Encodes protein that lacks InterPro GPCR domains
TTRE8355	False	Encodes protein that lacks InterPro GPCR domains
TTRE8356	False	Encodes protein that lacks InterPro GPCR domains
TTRE8357	False	Encodes protein that lacks InterPro GPCR domains
TTRE8358	True	Encodes protein with InterPro domain(s): IPR017452 - GPCR, rhodopsin-like, 7TM
TTRE8359	False	Encodes protein that lacks InterPro GPCR domains
TTRE836	False	Encodes protein that lacks InterPro GPCR domains
TTRE8360	False	Encodes protein that lacks InterPro GPCR domains
TTRE8361	False	Encodes protein that lacks InterPro GPCR domains
TTRE8362	False	Encodes protein that lacks InterPro GPCR domains
TTRE8363	False	Encodes protein that lacks InterPro GPCR domains
TTRE8364	False	Encodes protein that lacks InterPro GPCR domains
TTRE8365	False	Encodes protein that lacks InterPro GPCR domains
TTRE8366	False	Encodes protein that lacks InterPro GPCR domains
TTRE8367	False	Encodes protein that lacks InterPro GPCR domains
TTRE8368	False	Encodes protein that lacks InterPro GPCR domains
TTRE8369	False	Encodes protein that lacks InterPro GPCR domains
TTRE837	False	Encodes protein that lacks InterPro GPCR domains
TTRE8370	False	Encodes protein that lacks InterPro GPCR domains
TTRE8371	False	Encodes protein that lacks InterPro GPCR domains
TTRE8372	False	Encodes protein that lacks InterPro GPCR domains
TTRE8373	False	Encodes protein that lacks InterPro GPCR domains
TTRE8374	False	Encodes protein that lacks InterPro GPCR domains
TTRE8375	False	Encodes protein that lacks InterPro GPCR domains
TTRE8376	False	Encodes protein that lacks InterPro GPCR domains
TTRE8377	False	Encodes protein that lacks InterPro GPCR domains
TTRE8378	False	Encodes protein that lacks InterPro GPCR domains
TTRE8379	False	Encodes protein that lacks InterPro GPCR domains
TTRE838	False	Encodes protein that lacks InterPro GPCR domains
TTRE8380	False	Encodes protein that lacks InterPro GPCR domains
TTRE8381	False	Encodes protein that lacks InterPro GPCR domains
TTRE8382	False	Encodes protein that lacks InterPro GPCR domains
TTRE8383	False	Encodes protein that lacks InterPro GPCR domains
TTRE8384	False	Encodes protein that lacks InterPro GPCR domains
TTRE8385	False	Encodes protein that lacks InterPro GPCR domains
TTRE8386	False	Encodes protein that lacks InterPro GPCR domains
TTRE8387	False	Encodes protein that lacks InterPro GPCR domains
TTRE8388	False	Encodes protein that lacks InterPro GPCR domains
TTRE8389	False	Encodes protein that lacks InterPro GPCR domains
TTRE839	False	Encodes protein that lacks InterPro GPCR domains
TTRE8390	False	Encodes protein that lacks InterPro GPCR domains
TTRE8391	False	Encodes protein that lacks InterPro GPCR domains
TTRE8392	False	Encodes protein that lacks InterPro GPCR domains
TTRE8393	False	Encodes protein that lacks InterPro GPCR domains
TTRE8394	False	Encodes protein that lacks InterPro GPCR domains
TTRE8395	False	Encodes protein that lacks InterPro GPCR domains
TTRE8396	False	Encodes protein that lacks InterPro GPCR domains
TTRE8397	False	Encodes protein that lacks InterPro GPCR domains
TTRE8398	False	Encodes protein that lacks InterPro GPCR domains
TTRE8399	False	Encodes protein that lacks InterPro GPCR domains
TTRE84	False	Encodes protein that lacks InterPro GPCR domains
TTRE840	False	Encodes protein that lacks InterPro GPCR domains
TTRE8400	False	Encodes protein that lacks InterPro GPCR domains
TTRE8401	False	Encodes protein that lacks InterPro GPCR domains
TTRE8402	False	Encodes protein that lacks InterPro GPCR domains
TTRE8403	False	Encodes protein that lacks InterPro GPCR domains
TTRE8404	False	Encodes protein that lacks InterPro GPCR domains
TTRE8405	False	Encodes protein that lacks InterPro GPCR domains
TTRE8406	False	Encodes protein that lacks InterPro GPCR domains
TTRE8407	False	Encodes protein that lacks InterPro GPCR domains
TTRE8408	False	Encodes protein that lacks InterPro GPCR domains
TTRE8409	False	Encodes protein that lacks InterPro GPCR domains
TTRE841	False	Encodes protein that lacks InterPro GPCR domains
TTRE8410	False	Encodes protein that lacks InterPro GPCR domains
TTRE8411	False	Encodes protein that lacks InterPro GPCR domains
TTRE8412	False	Encodes protein that lacks InterPro GPCR domains
TTRE8413	False	Encodes protein that lacks InterPro GPCR domains
TTRE8414	False	Encodes protein that lacks InterPro GPCR domains
TTRE8415	False	Encodes protein that lacks InterPro GPCR domains
TTRE8416	False	Encodes protein that lacks InterPro GPCR domains
TTRE8417	False	Encodes protein that lacks InterPro GPCR domains
TTRE8418	False	Encodes protein that lacks InterPro GPCR domains
TTRE8419	False	Encodes protein that lacks InterPro GPCR domains
TTRE842	False	Encodes protein that lacks InterPro GPCR domains
TTRE8420	False	Encodes protein that lacks InterPro GPCR domains
TTRE8421	False	Encodes protein that lacks InterPro GPCR domains
TTRE8422	False	Encodes protein that lacks InterPro GPCR domains
TTRE8423	False	Encodes protein that lacks InterPro GPCR domains
TTRE8424	False	Encodes protein that lacks InterPro GPCR domains
TTRE8425	False	Encodes protein that lacks InterPro GPCR domains
TTRE8426	False	Encodes protein that lacks InterPro GPCR domains
TTRE8427	False	Encodes protein that lacks InterPro GPCR domains
TTRE8428	False	Encodes protein that lacks InterPro GPCR domains
TTRE8429	False	Encodes protein that lacks InterPro GPCR domains
TTRE843	False	Encodes protein that lacks InterPro GPCR domains
TTRE8430	False	Encodes protein that lacks InterPro GPCR domains
TTRE8431	False	Encodes protein that lacks InterPro GPCR domains
TTRE8432	False	Encodes protein that lacks InterPro GPCR domains
TTRE8433	False	Encodes protein that lacks InterPro GPCR domains
TTRE8434	False	Encodes protein that lacks InterPro GPCR domains
TTRE8435	False	Encodes protein that lacks InterPro GPCR domains
TTRE8436	False	Encodes protein that lacks InterPro GPCR domains
TTRE8437	False	Encodes protein that lacks InterPro GPCR domains
TTRE8438	False	Encodes protein that lacks InterPro GPCR domains
TTRE8439	False	Encodes protein that lacks InterPro GPCR domains
TTRE844	False	Encodes protein that lacks InterPro GPCR domains
TTRE8440	False	Encodes protein that lacks InterPro GPCR domains
TTRE8441	False	Encodes protein that lacks InterPro GPCR domains
TTRE8442	False	Encodes protein that lacks InterPro GPCR domains
TTRE8443	False	Encodes protein that lacks InterPro GPCR domains
TTRE8444	False	Encodes protein that lacks InterPro GPCR domains
TTRE8445	False	Encodes protein that lacks InterPro GPCR domains
TTRE8446	False	Encodes protein that lacks InterPro GPCR domains
TTRE8447	False	Encodes protein that lacks InterPro GPCR domains
TTRE8448	False	Encodes protein that lacks InterPro GPCR domains
TTRE8449	False	Encodes protein that lacks InterPro GPCR domains
TTRE845	False	Encodes protein that lacks InterPro GPCR domains
TTRE8450	False	Encodes protein that lacks InterPro GPCR domains
TTRE8451	False	Encodes protein that lacks InterPro GPCR domains
TTRE8452	False	Encodes protein that lacks InterPro GPCR domains
TTRE8453	False	Encodes protein that lacks InterPro GPCR domains
TTRE8454	False	Encodes protein that lacks InterPro GPCR domains
TTRE8455	False	Encodes protein that lacks InterPro GPCR domains
TTRE8456	False	Encodes protein that lacks InterPro GPCR domains
TTRE8457	False	Encodes protein that lacks InterPro GPCR domains
TTRE8458	False	Encodes protein that lacks InterPro GPCR domains
TTRE8459	False	Encodes protein that lacks InterPro GPCR domains
TTRE846	False	Encodes protein that lacks InterPro GPCR domains
TTRE8460	False	Encodes protein that lacks InterPro GPCR domains
TTRE8461	False	Encodes protein that lacks InterPro GPCR domains
TTRE8462	False	Encodes protein that lacks InterPro GPCR domains
TTRE8463	False	Encodes protein that lacks InterPro GPCR domains
TTRE8464	False	Encodes protein that lacks InterPro GPCR domains
TTRE8465	False	Encodes protein that lacks InterPro GPCR domains
TTRE8466	False	Encodes protein that lacks InterPro GPCR domains
TTRE8467	False	Encodes protein that lacks InterPro GPCR domains
TTRE8468	False	Encodes protein that lacks InterPro GPCR domains
TTRE8469	False	Encodes protein that lacks InterPro GPCR domains
TTRE847	False	Encodes protein that lacks InterPro GPCR domains
TTRE8470	False	Encodes protein that lacks InterPro GPCR domains
TTRE8471	False	Encodes protein that lacks InterPro GPCR domains
TTRE8472	False	Encodes protein that lacks InterPro GPCR domains
TTRE8473	False	Encodes protein that lacks InterPro GPCR domains
TTRE8474	False	Encodes protein that lacks InterPro GPCR domains
TTRE8475	False	Encodes protein that lacks InterPro GPCR domains
TTRE8476	False	Encodes protein that lacks InterPro GPCR domains
TTRE8477	False	Encodes protein that lacks InterPro GPCR domains
TTRE8478	False	Encodes protein that lacks InterPro GPCR domains
TTRE8479	False	Encodes protein that lacks InterPro GPCR domains
TTRE848	False	Encodes protein that lacks InterPro GPCR domains
TTRE8480	False	Encodes protein that lacks InterPro GPCR domains
TTRE8481	False	Encodes protein that lacks InterPro GPCR domains
TTRE8482	False	Encodes protein that lacks InterPro GPCR domains
TTRE8483	False	Encodes protein that lacks InterPro GPCR domains
TTRE8484	False	Encodes protein that lacks InterPro GPCR domains
TTRE8485	False	Encodes protein that lacks InterPro GPCR domains
TTRE8486	False	Encodes protein that lacks InterPro GPCR domains
TTRE8487	False	Encodes protein that lacks InterPro GPCR domains
TTRE8488	False	Encodes protein that lacks InterPro GPCR domains
TTRE8489	False	Encodes protein that lacks InterPro GPCR domains
TTRE849	False	Encodes protein that lacks InterPro GPCR domains
TTRE8490	False	Encodes protein that lacks InterPro GPCR domains
TTRE8491	False	Encodes protein that lacks InterPro GPCR domains
TTRE8492	False	Encodes protein that lacks InterPro GPCR domains
TTRE8493	False	Encodes protein that lacks InterPro GPCR domains
TTRE8494	False	Encodes protein that lacks InterPro GPCR domains
TTRE8495	False	Encodes protein that lacks InterPro GPCR domains
TTRE8496	False	Encodes protein that lacks InterPro GPCR domains
TTRE8497	False	Encodes protein that lacks InterPro GPCR domains
TTRE8498	False	Encodes protein that lacks InterPro GPCR domains
TTRE8499	False	Encodes protein that lacks InterPro GPCR domains
TTRE85	False	Encodes protein that lacks InterPro GPCR domains
TTRE850	False	Encodes protein that lacks InterPro GPCR domains
TTRE8500	False	Encodes protein that lacks InterPro GPCR domains
TTRE8501	False	Encodes protein that lacks InterPro GPCR domains
TTRE8502	False	Encodes protein that lacks InterPro GPCR domains
TTRE8503	False	Encodes protein that lacks InterPro GPCR domains
TTRE8504	False	Encodes protein that lacks InterPro GPCR domains
TTRE8505	False	Encodes protein that lacks InterPro GPCR domains
TTRE8506	False	Encodes protein that lacks InterPro GPCR domains
TTRE8507	False	Encodes protein that lacks InterPro GPCR domains
TTRE8508	False	Encodes protein that lacks InterPro GPCR domains
TTRE8509	False	Encodes protein that lacks InterPro GPCR domains
TTRE851	False	Encodes protein that lacks InterPro GPCR domains
TTRE8510	False	Encodes protein that lacks InterPro GPCR domains
TTRE8511	False	Encodes protein that lacks InterPro GPCR domains
TTRE8512	False	Encodes protein that lacks InterPro GPCR domains
TTRE8513	False	Encodes protein that lacks InterPro GPCR domains
TTRE8514	False	Encodes protein that lacks InterPro GPCR domains
TTRE8515	False	Encodes protein that lacks InterPro GPCR domains
TTRE8516	True	Encodes protein with InterPro domain(s): IPR017452 - GPCR, rhodopsin-like, 7TM
TTRE8517	False	Encodes protein that lacks InterPro GPCR domains
TTRE8518	False	Encodes protein that lacks InterPro GPCR domains
TTRE8519	False	Encodes protein that lacks InterPro GPCR domains
TTRE852	False	Encodes protein that lacks InterPro GPCR domains
TTRE8520	False	Encodes protein that lacks InterPro GPCR domains
TTRE8521	False	Encodes protein that lacks InterPro GPCR domains
TTRE8522	False	Encodes protein that lacks InterPro GPCR domains
TTRE8523	False	Encodes protein that lacks InterPro GPCR domains
TTRE8524	False	Encodes protein that lacks InterPro GPCR domains
TTRE8525	False	Encodes protein that lacks InterPro GPCR domains
TTRE8526	False	Encodes protein that lacks InterPro GPCR domains
TTRE8527	False	Encodes protein that lacks InterPro GPCR domains
TTRE8528	False	Encodes protein that lacks InterPro GPCR domains
TTRE8529	False	Encodes protein that lacks InterPro GPCR domains
TTRE853	False	Encodes protein that lacks InterPro GPCR domains
TTRE8530	False	Encodes protein that lacks InterPro GPCR domains
TTRE8531	False	Encodes protein that lacks InterPro GPCR domains
TTRE8532	False	Encodes protein that lacks InterPro GPCR domains
TTRE8533	False	Encodes protein that lacks InterPro GPCR domains
TTRE8534	False	Encodes protein that lacks InterPro GPCR domains
TTRE8535	False	Encodes protein that lacks InterPro GPCR domains
TTRE8536	False	Encodes protein that lacks InterPro GPCR domains
TTRE8537	False	Encodes protein that lacks InterPro GPCR domains
TTRE8538	False	Encodes protein that lacks InterPro GPCR domains
TTRE8539	False	Encodes protein that lacks InterPro GPCR domains
TTRE854	False	Encodes protein that lacks InterPro GPCR domains
TTRE8540	False	Encodes protein that lacks InterPro GPCR domains
TTRE8541	False	Encodes protein that lacks InterPro GPCR domains
TTRE8542	False	Encodes protein that lacks InterPro GPCR domains
TTRE8543	False	Encodes protein that lacks InterPro GPCR domains
TTRE8544	False	Encodes protein that lacks InterPro GPCR domains
TTRE8545	False	Encodes protein that lacks InterPro GPCR domains
TTRE8546	False	Encodes protein that lacks InterPro GPCR domains
TTRE8547	False	Encodes protein that lacks InterPro GPCR domains
TTRE8548	False	Encodes protein that lacks InterPro GPCR domains
TTRE8549	False	Encodes protein that lacks InterPro GPCR domains
TTRE855	False	Encodes protein that lacks InterPro GPCR domains
TTRE8550	False	Encodes protein that lacks InterPro GPCR domains
TTRE8551	False	Encodes protein that lacks InterPro GPCR domains
TTRE8552	False	Encodes protein that lacks InterPro GPCR domains
TTRE8553	False	Encodes protein that lacks InterPro GPCR domains
TTRE8554	False	Encodes protein that lacks InterPro GPCR domains
TTRE8555	False	Encodes protein that lacks InterPro GPCR domains
TTRE8556	False	Encodes protein that lacks InterPro GPCR domains
TTRE8557	False	Encodes protein that lacks InterPro GPCR domains
TTRE8558	False	Encodes protein that lacks InterPro GPCR domains
TTRE8559	False	Encodes protein that lacks InterPro GPCR domains
TTRE856	False	Encodes protein that lacks InterPro GPCR domains
TTRE8560	True	Encodes protein with InterPro domain(s): IPR017452 - GPCR, rhodopsin-like, 7TM
TTRE8561	False	Encodes protein that lacks InterPro GPCR domains
TTRE8562	False	Encodes protein that lacks InterPro GPCR domains
TTRE8563	False	Encodes protein that lacks InterPro GPCR domains
TTRE8564	False	Encodes protein that lacks InterPro GPCR domains
TTRE8565	False	Encodes protein that lacks InterPro GPCR domains
TTRE8566	False	Encodes protein that lacks InterPro GPCR domains
TTRE8567	False	Encodes protein that lacks InterPro GPCR domains
TTRE8568	False	Encodes protein that lacks InterPro GPCR domains
TTRE8569	False	Encodes protein that lacks InterPro GPCR domains
TTRE857	False	Encodes protein that lacks InterPro GPCR domains
TTRE8570	False	Encodes protein that lacks InterPro GPCR domains
TTRE8571	False	Encodes protein that lacks InterPro GPCR domains
TTRE8572	False	Encodes protein that lacks InterPro GPCR domains
TTRE8573	False	Encodes protein that lacks InterPro GPCR domains
TTRE8574	False	Encodes protein that lacks InterPro GPCR domains
TTRE8575	False	Encodes protein that lacks InterPro GPCR domains
TTRE8576	False	Encodes protein that lacks InterPro GPCR domains
TTRE8577	False	Encodes protein that lacks InterPro GPCR domains
TTRE8578	False	Encodes protein that lacks InterPro GPCR domains
TTRE8579	False	Encodes protein that lacks InterPro GPCR domains
TTRE858	False	Encodes protein that lacks InterPro GPCR domains
TTRE8580	False	Encodes protein that lacks InterPro GPCR domains
TTRE8581	False	Encodes protein that lacks InterPro GPCR domains
TTRE8582	False	Encodes protein that lacks InterPro GPCR domains
TTRE8583	False	Encodes protein that lacks InterPro GPCR domains
TTRE8584	False	Encodes protein that lacks InterPro GPCR domains
TTRE8585	False	Encodes protein that lacks InterPro GPCR domains
TTRE8586	False	Encodes protein that lacks InterPro GPCR domains
TTRE8587	False	Encodes protein that lacks InterPro GPCR domains
TTRE8588	False	Encodes protein that lacks InterPro GPCR domains
TTRE8589	False	Encodes protein that lacks InterPro GPCR domains
TTRE859	False	Encodes protein that lacks InterPro GPCR domains
TTRE8590	False	Encodes protein that lacks InterPro GPCR domains
TTRE8591	False	Encodes protein that lacks InterPro GPCR domains
TTRE8592	False	Encodes protein that lacks InterPro GPCR domains
TTRE8593	False	Encodes protein that lacks InterPro GPCR domains
TTRE8594	False	Encodes protein that lacks InterPro GPCR domains
TTRE8595	False	Encodes protein that lacks InterPro GPCR domains
TTRE8596	False	Encodes protein that lacks InterPro GPCR domains
TTRE8597	False	Encodes protein that lacks InterPro GPCR domains
TTRE8598	False	Encodes protein that lacks InterPro GPCR domains
TTRE8599	False	Encodes protein that lacks InterPro GPCR domains
TTRE86	False	Encodes protein that lacks InterPro GPCR domains
TTRE860	False	Encodes protein that lacks InterPro GPCR domains
TTRE8600	False	Encodes protein that lacks InterPro GPCR domains
TTRE8601	False	Encodes protein that lacks InterPro GPCR domains
TTRE8602	False	Encodes protein that lacks InterPro GPCR domains
TTRE8603	False	Encodes protein that lacks InterPro GPCR domains
TTRE8604	False	Encodes protein that lacks InterPro GPCR domains
TTRE8605	False	Encodes protein that lacks InterPro GPCR domains
TTRE8606	False	Encodes protein that lacks InterPro GPCR domains
TTRE8607	False	Encodes protein that lacks InterPro GPCR domains
TTRE8608	False	Encodes protein that lacks InterPro GPCR domains
TTRE8609	False	Encodes protein that lacks InterPro GPCR domains
TTRE861	False	Encodes protein that lacks InterPro GPCR domains
TTRE8610	False	Encodes protein that lacks InterPro GPCR domains
TTRE8611	False	Encodes protein that lacks InterPro GPCR domains
TTRE8612	False	Encodes protein that lacks InterPro GPCR domains
TTRE8613	False	Encodes protein that lacks InterPro GPCR domains
TTRE8614	False	Encodes protein that lacks InterPro GPCR domains
TTRE8615	False	Encodes protein that lacks InterPro GPCR domains
TTRE8616	False	Encodes protein that lacks InterPro GPCR domains
TTRE8617	False	Encodes protein that lacks InterPro GPCR domains
TTRE8618	False	Encodes protein that lacks InterPro GPCR domains
TTRE8619	False	Encodes protein that lacks InterPro GPCR domains
TTRE862	False	Encodes protein that lacks InterPro GPCR domains
TTRE8620	False	Encodes protein that lacks InterPro GPCR domains
TTRE8621	False	Encodes protein that lacks InterPro GPCR domains
TTRE8622	False	Encodes protein that lacks InterPro GPCR domains
TTRE8623	False	Encodes protein that lacks InterPro GPCR domains
TTRE8624	False	Encodes protein that lacks InterPro GPCR domains
TTRE8625	False	Encodes protein that lacks InterPro GPCR domains
TTRE8626	False	Encodes protein that lacks InterPro GPCR domains
TTRE8627	False	Encodes protein that lacks InterPro GPCR domains
TTRE8628	False	Encodes protein that lacks InterPro GPCR domains
TTRE8629	False	Encodes protein that lacks InterPro GPCR domains
TTRE863	False	Encodes protein that lacks InterPro GPCR domains
TTRE8630	False	Encodes protein that lacks InterPro GPCR domains
TTRE8631	False	Encodes protein that lacks InterPro GPCR domains
TTRE8632	False	Encodes protein that lacks InterPro GPCR domains
TTRE8633	False	Encodes protein that lacks InterPro GPCR domains
TTRE8634	False	Encodes protein that lacks InterPro GPCR domains
TTRE8635	False	Encodes protein that lacks InterPro GPCR domains
TTRE8636	False	Encodes protein that lacks InterPro GPCR domains
TTRE8637	False	Encodes protein that lacks InterPro GPCR domains
TTRE8638	False	Encodes protein that lacks InterPro GPCR domains
TTRE8639	False	Encodes protein that lacks InterPro GPCR domains
TTRE864	False	Encodes protein that lacks InterPro GPCR domains
TTRE8640	False	Encodes protein that lacks InterPro GPCR domains
TTRE8641	False	Encodes protein that lacks InterPro GPCR domains
TTRE8642	False	Encodes protein that lacks InterPro GPCR domains
TTRE8643	False	Encodes protein that lacks InterPro GPCR domains
TTRE8644	False	Encodes protein that lacks InterPro GPCR domains
TTRE8645	False	Encodes protein that lacks InterPro GPCR domains
TTRE8646	False	Encodes protein that lacks InterPro GPCR domains
TTRE8647	False	Encodes protein that lacks InterPro GPCR domains
TTRE8648	False	Encodes protein that lacks InterPro GPCR domains
TTRE8649	False	Encodes protein that lacks InterPro GPCR domains
TTRE865	True	Encodes protein with InterPro domain(s): IPR017452 - GPCR, rhodopsin-like, 7TM
TTRE8650	False	Encodes protein that lacks InterPro GPCR domains
TTRE8651	False	Encodes protein that lacks InterPro GPCR domains
TTRE8652	False	Encodes protein that lacks InterPro GPCR domains
TTRE8653	False	Encodes protein that lacks InterPro GPCR domains
TTRE8654	False	Encodes protein that lacks InterPro GPCR domains
TTRE8655	False	Encodes protein that lacks InterPro GPCR domains
TTRE8656	False	Encodes protein that lacks InterPro GPCR domains
TTRE8657	False	Encodes protein that lacks InterPro GPCR domains
TTRE8658	False	Encodes protein that lacks InterPro GPCR domains
TTRE8659	False	Encodes protein that lacks InterPro GPCR domains
TTRE866	False	Encodes protein that lacks InterPro GPCR domains
TTRE8660	False	Encodes protein that lacks InterPro GPCR domains
TTRE8661	False	Encodes protein that lacks InterPro GPCR domains
TTRE8662	False	Encodes protein that lacks InterPro GPCR domains
TTRE8663	False	Encodes protein that lacks InterPro GPCR domains
TTRE8664	False	Encodes protein that lacks InterPro GPCR domains
TTRE8665	False	Encodes protein that lacks InterPro GPCR domains
TTRE8666	False	Encodes protein that lacks InterPro GPCR domains
TTRE8667	False	Encodes protein that lacks InterPro GPCR domains
TTRE8668	False	Encodes protein that lacks InterPro GPCR domains
TTRE8669	False	Encodes protein that lacks InterPro GPCR domains
TTRE867	False	Encodes protein that lacks InterPro GPCR domains
TTRE8670	False	Encodes protein that lacks InterPro GPCR domains
TTRE8671	False	Encodes protein that lacks InterPro GPCR domains
TTRE8672	False	Encodes protein that lacks InterPro GPCR domains
TTRE8673	False	Encodes protein that lacks InterPro GPCR domains
TTRE8674	False	Encodes protein that lacks InterPro GPCR domains
TTRE8675	False	Encodes protein that lacks InterPro GPCR domains
TTRE8676	False	Encodes protein that lacks InterPro GPCR domains
TTRE8677	False	Encodes protein that lacks InterPro GPCR domains
TTRE8678	False	Encodes protein that lacks InterPro GPCR domains
TTRE8679	False	Encodes protein that lacks InterPro GPCR domains
TTRE868	False	Encodes protein that lacks InterPro GPCR domains
TTRE8680	False	Encodes protein that lacks InterPro GPCR domains
TTRE8681	True	Encodes protein with InterPro domain(s): IPR017452 - GPCR, rhodopsin-like, 7TM
TTRE8682	False	Encodes protein that lacks InterPro GPCR domains
TTRE8683	False	Encodes protein that lacks InterPro GPCR domains
TTRE8684	False	Encodes protein that lacks InterPro GPCR domains
TTRE8685	False	Encodes protein that lacks InterPro GPCR domains
TTRE8686	False	Encodes protein that lacks InterPro GPCR domains
TTRE8687	False	Encodes protein that lacks InterPro GPCR domains
TTRE8688	False	Encodes protein that lacks InterPro GPCR domains
TTRE8689	False	Encodes protein that lacks InterPro GPCR domains
TTRE869	False	Encodes protein that lacks InterPro GPCR domains
TTRE8690	False	Encodes protein that lacks InterPro GPCR domains
TTRE8691	False	Encodes protein that lacks InterPro GPCR domains
TTRE8692	False	Encodes protein that lacks InterPro GPCR domains
TTRE8693	False	Encodes protein that lacks InterPro GPCR domains
TTRE8694	False	Encodes protein that lacks InterPro GPCR domains
TTRE8695	False	Encodes protein that lacks InterPro GPCR domains
TTRE8696	False	Encodes protein that lacks InterPro GPCR domains
TTRE8697	False	Encodes protein that lacks InterPro GPCR domains
TTRE8698	False	Encodes protein that lacks InterPro GPCR domains
TTRE8699	False	Encodes protein that lacks InterPro GPCR domains
TTRE87	False	Encodes protein that lacks InterPro GPCR domains
TTRE870	False	Encodes protein that lacks InterPro GPCR domains
TTRE8700	False	Encodes protein that lacks InterPro GPCR domains
TTRE8701	False	Encodes protein that lacks InterPro GPCR domains
TTRE8702	False	Encodes protein that lacks InterPro GPCR domains
TTRE8703	False	Encodes protein that lacks InterPro GPCR domains
TTRE8704	False	Encodes protein that lacks InterPro GPCR domains
TTRE8705	False	Encodes protein that lacks InterPro GPCR domains
TTRE8706	False	Encodes protein that lacks InterPro GPCR domains
TTRE8707	False	Encodes protein that lacks InterPro GPCR domains
TTRE8708	False	Encodes protein that lacks InterPro GPCR domains
TTRE8709	False	Encodes protein that lacks InterPro GPCR domains
TTRE871	False	Encodes protein that lacks InterPro GPCR domains
TTRE8710	False	Encodes protein that lacks InterPro GPCR domains
TTRE8711	False	Encodes protein that lacks InterPro GPCR domains
TTRE8712	False	Encodes protein that lacks InterPro GPCR domains
TTRE8713	False	Encodes protein that lacks InterPro GPCR domains
TTRE8714	False	Encodes protein that lacks InterPro GPCR domains
TTRE8715	False	Encodes protein that lacks InterPro GPCR domains
TTRE8716	False	Encodes protein that lacks InterPro GPCR domains
TTRE8717	False	Encodes protein that lacks InterPro GPCR domains
TTRE8718	False	Encodes protein that lacks InterPro GPCR domains
TTRE8719	False	Encodes protein that lacks InterPro GPCR domains
TTRE872	False	Encodes protein that lacks InterPro GPCR domains
TTRE8720	False	Encodes protein that lacks InterPro GPCR domains
TTRE8721	False	Encodes protein that lacks InterPro GPCR domains
TTRE8722	False	Encodes protein that lacks InterPro GPCR domains
TTRE8723	False	Encodes protein that lacks InterPro GPCR domains
TTRE8724	False	Encodes protein that lacks InterPro GPCR domains
TTRE8725	False	Encodes protein that lacks InterPro GPCR domains
TTRE8726	False	Encodes protein that lacks InterPro GPCR domains
TTRE8727	False	Encodes protein that lacks InterPro GPCR domains
TTRE8728	False	Encodes protein that lacks InterPro GPCR domains
TTRE8729	False	Encodes protein that lacks InterPro GPCR domains
TTRE873	False	Encodes protein that lacks InterPro GPCR domains
TTRE8730	False	Encodes protein that lacks InterPro GPCR domains
TTRE8731	False	Encodes protein that lacks InterPro GPCR domains
TTRE8732	False	Encodes protein that lacks InterPro GPCR domains
TTRE8733	False	Encodes protein that lacks InterPro GPCR domains
TTRE8734	False	Encodes protein that lacks InterPro GPCR domains
TTRE8735	False	Encodes protein that lacks InterPro GPCR domains
TTRE8736	False	Encodes protein that lacks InterPro GPCR domains
TTRE8737	False	Encodes protein that lacks InterPro GPCR domains
TTRE8738	False	Encodes protein that lacks InterPro GPCR domains
TTRE8739	False	Encodes protein that lacks InterPro GPCR domains
TTRE874	False	Encodes protein that lacks InterPro GPCR domains
TTRE8740	False	Encodes protein that lacks InterPro GPCR domains
TTRE8741	False	Encodes protein that lacks InterPro GPCR domains
TTRE8742	False	Encodes protein that lacks InterPro GPCR domains
TTRE8743	False	Encodes protein that lacks InterPro GPCR domains
TTRE8744	False	Encodes protein that lacks InterPro GPCR domains
TTRE8745	False	Encodes protein that lacks InterPro GPCR domains
TTRE8746	False	Encodes protein that lacks InterPro GPCR domains
TTRE8747	False	Encodes protein that lacks InterPro GPCR domains
TTRE8748	False	Encodes protein that lacks InterPro GPCR domains
TTRE8749	False	Encodes protein that lacks InterPro GPCR domains
TTRE875	False	Encodes protein that lacks InterPro GPCR domains
TTRE8750	False	Encodes protein that lacks InterPro GPCR domains
TTRE8751	False	Encodes protein that lacks InterPro GPCR domains
TTRE8752	False	Encodes protein that lacks InterPro GPCR domains
TTRE8753	False	Encodes protein that lacks InterPro GPCR domains
TTRE8754	False	Encodes protein that lacks InterPro GPCR domains
TTRE8755	False	Encodes protein that lacks InterPro GPCR domains
TTRE8756	False	Encodes protein that lacks InterPro GPCR domains
TTRE8757	False	Encodes protein that lacks InterPro GPCR domains
TTRE8758	False	Encodes protein that lacks InterPro GPCR domains
TTRE8759	False	Encodes protein that lacks InterPro GPCR domains
TTRE876	False	Encodes protein that lacks InterPro GPCR domains
TTRE8760	False	Encodes protein that lacks InterPro GPCR domains
TTRE8761	False	Encodes protein that lacks InterPro GPCR domains
TTRE8762	False	Encodes protein that lacks InterPro GPCR domains
TTRE8763	False	Encodes protein that lacks InterPro GPCR domains
TTRE8764	False	Encodes protein that lacks InterPro GPCR domains
TTRE8765	False	Encodes protein that lacks InterPro GPCR domains
TTRE8766	False	Encodes protein that lacks InterPro GPCR domains
TTRE8767	False	Encodes protein that lacks InterPro GPCR domains
TTRE8768	False	Encodes protein that lacks InterPro GPCR domains
TTRE8769	False	Encodes protein that lacks InterPro GPCR domains
TTRE877	False	Encodes protein that lacks InterPro GPCR domains
TTRE8770	False	Encodes protein that lacks InterPro GPCR domains
TTRE8771	False	Encodes protein that lacks InterPro GPCR domains
TTRE8772	False	Encodes protein that lacks InterPro GPCR domains
TTRE8773	False	Encodes protein that lacks InterPro GPCR domains
TTRE8774	False	Encodes protein that lacks InterPro GPCR domains
TTRE8775	False	Encodes protein that lacks InterPro GPCR domains
TTRE8776	False	Encodes protein that lacks InterPro GPCR domains
TTRE8777	False	Encodes protein that lacks InterPro GPCR domains
TTRE8778	False	Encodes protein that lacks InterPro GPCR domains
TTRE8779	False	Encodes protein that lacks InterPro GPCR domains
TTRE878	False	Encodes protein that lacks InterPro GPCR domains
TTRE8780	False	Encodes protein that lacks InterPro GPCR domains
TTRE8781	False	Encodes protein that lacks InterPro GPCR domains
TTRE8782	False	Encodes protein that lacks InterPro GPCR domains
TTRE8783	False	Encodes protein that lacks InterPro GPCR domains
TTRE8784	False	Encodes protein that lacks InterPro GPCR domains
TTRE8785	False	Encodes protein that lacks InterPro GPCR domains
TTRE8786	False	Encodes protein that lacks InterPro GPCR domains
TTRE8787	False	Encodes protein that lacks InterPro GPCR domains
TTRE8788	False	Encodes protein that lacks InterPro GPCR domains
TTRE8789	False	Encodes protein that lacks InterPro GPCR domains
TTRE879	False	Encodes protein that lacks InterPro GPCR domains
TTRE8790	False	Encodes protein that lacks InterPro GPCR domains
TTRE8791	False	Encodes protein that lacks InterPro GPCR domains
TTRE8792	False	Encodes protein that lacks InterPro GPCR domains
TTRE8793	False	Encodes protein that lacks InterPro GPCR domains
TTRE8794	False	Encodes protein that lacks InterPro GPCR domains
TTRE8795	False	Encodes protein that lacks InterPro GPCR domains
TTRE8796	False	Encodes protein that lacks InterPro GPCR domains
TTRE8797	False	Encodes protein that lacks InterPro GPCR domains
TTRE8798	False	Encodes protein that lacks InterPro GPCR domains
TTRE8799	False	Encodes protein that lacks InterPro GPCR domains
TTRE88	False	Encodes protein that lacks InterPro GPCR domains
TTRE880	False	Encodes protein that lacks InterPro GPCR domains
TTRE8800	False	Encodes protein that lacks InterPro GPCR domains
TTRE8801	False	Encodes protein that lacks InterPro GPCR domains
TTRE8802	False	Encodes protein that lacks InterPro GPCR domains
TTRE8803	False	Encodes protein that lacks InterPro GPCR domains
TTRE8804	False	Encodes protein that lacks InterPro GPCR domains
TTRE8805	False	Encodes protein that lacks InterPro GPCR domains
TTRE8806	False	Encodes protein that lacks InterPro GPCR domains
TTRE8807	False	Encodes protein that lacks InterPro GPCR domains
TTRE8808	False	Encodes protein that lacks InterPro GPCR domains
TTRE8809	False	Encodes protein that lacks InterPro GPCR domains
TTRE881	False	Encodes protein that lacks InterPro GPCR domains
TTRE8810	False	Encodes protein that lacks InterPro GPCR domains
TTRE8811	False	Encodes protein that lacks InterPro GPCR domains
TTRE8812	False	Encodes protein that lacks InterPro GPCR domains
TTRE8813	False	Encodes protein that lacks InterPro GPCR domains
TTRE8814	False	Encodes protein that lacks InterPro GPCR domains
TTRE8815	False	Encodes protein that lacks InterPro GPCR domains
TTRE8816	False	Encodes protein that lacks InterPro GPCR domains
TTRE8817	False	Encodes protein that lacks InterPro GPCR domains
TTRE8818	False	Encodes protein that lacks InterPro GPCR domains
TTRE8819	False	Encodes protein that lacks InterPro GPCR domains
TTRE882	False	Encodes protein that lacks InterPro GPCR domains
TTRE8820	False	Encodes protein that lacks InterPro GPCR domains
TTRE8821	False	Encodes protein that lacks InterPro GPCR domains
TTRE8822	False	Encodes protein that lacks InterPro GPCR domains
TTRE8823	False	Encodes protein that lacks InterPro GPCR domains
TTRE8824	False	Encodes protein that lacks InterPro GPCR domains
TTRE8825	False	Encodes protein that lacks InterPro GPCR domains
TTRE8826	False	Encodes protein that lacks InterPro GPCR domains
TTRE8827	False	Encodes protein that lacks InterPro GPCR domains
TTRE8828	False	Encodes protein that lacks InterPro GPCR domains
TTRE8829	False	Encodes protein that lacks InterPro GPCR domains
TTRE883	False	Encodes protein that lacks InterPro GPCR domains
TTRE8830	False	Encodes protein that lacks InterPro GPCR domains
TTRE8831	False	Encodes protein that lacks InterPro GPCR domains
TTRE8832	False	Encodes protein that lacks InterPro GPCR domains
TTRE8833	False	Encodes protein that lacks InterPro GPCR domains
TTRE8834	False	Encodes protein that lacks InterPro GPCR domains
TTRE8835	True	Encodes protein with InterPro domain(s): IPR017452 - GPCR, rhodopsin-like, 7TM
TTRE8836	False	Encodes protein that lacks InterPro GPCR domains
TTRE8837	False	Encodes protein that lacks InterPro GPCR domains
TTRE8838	False	Encodes protein that lacks InterPro GPCR domains
TTRE8839	False	Encodes protein that lacks InterPro GPCR domains
TTRE884	False	Encodes protein that lacks InterPro GPCR domains
TTRE8840	False	Encodes protein that lacks InterPro GPCR domains
TTRE8841	False	Encodes protein that lacks InterPro GPCR domains
TTRE8842	False	Encodes protein that lacks InterPro GPCR domains
TTRE8843	False	Encodes protein that lacks InterPro GPCR domains
TTRE8844	False	Encodes protein that lacks InterPro GPCR domains
TTRE8845	False	Encodes protein that lacks InterPro GPCR domains
TTRE8846	False	Encodes protein that lacks InterPro GPCR domains
TTRE8847	False	Encodes protein that lacks InterPro GPCR domains
TTRE8848	False	Encodes protein that lacks InterPro GPCR domains
TTRE8849	False	Encodes protein that lacks InterPro GPCR domains
TTRE885	False	Encodes protein that lacks InterPro GPCR domains
TTRE8850	False	Encodes protein that lacks InterPro GPCR domains
TTRE8851	False	Encodes protein that lacks InterPro GPCR domains
TTRE8852	False	Encodes protein that lacks InterPro GPCR domains
TTRE8853	False	Encodes protein that lacks InterPro GPCR domains
TTRE8854	False	Encodes protein that lacks InterPro GPCR domains
TTRE8855	False	Encodes protein that lacks InterPro GPCR domains
TTRE8856	False	Encodes protein that lacks InterPro GPCR domains
TTRE8857	False	Encodes protein that lacks InterPro GPCR domains
TTRE8858	False	Encodes protein that lacks InterPro GPCR domains
TTRE8859	False	Encodes protein that lacks InterPro GPCR domains
TTRE886	False	Encodes protein that lacks InterPro GPCR domains
TTRE8860	True	Encodes protein with InterPro domain(s): IPR017452 - GPCR, rhodopsin-like, 7TM; IPR019424 - Serpentine type 7TM GPCR chemoreceptor Srsx
TTRE8861	False	Encodes protein that lacks InterPro GPCR domains
TTRE8862	False	Encodes protein that lacks InterPro GPCR domains
TTRE8863	False	Encodes protein that lacks InterPro GPCR domains
TTRE8864	False	Encodes protein that lacks InterPro GPCR domains
TTRE8865	False	Encodes protein that lacks InterPro GPCR domains
TTRE8866	False	Encodes protein that lacks InterPro GPCR domains
TTRE8867	False	Encodes protein that lacks InterPro GPCR domains
TTRE8868	False	Encodes protein that lacks InterPro GPCR domains
TTRE8869	False	Encodes protein that lacks InterPro GPCR domains
TTRE887	False	Encodes protein that lacks InterPro GPCR domains
TTRE8870	False	Encodes protein that lacks InterPro GPCR domains
TTRE8871	False	Encodes protein that lacks InterPro GPCR domains
TTRE8872	False	Encodes protein that lacks InterPro GPCR domains
TTRE8873	False	Encodes protein that lacks InterPro GPCR domains
TTRE8874	False	Encodes protein that lacks InterPro GPCR domains
TTRE8875	False	Encodes protein that lacks InterPro GPCR domains
TTRE8876	False	Encodes protein that lacks InterPro GPCR domains
TTRE8877	False	Encodes protein that lacks InterPro GPCR domains
TTRE8878	False	Encodes protein that lacks InterPro GPCR domains
TTRE8879	False	Encodes protein that lacks InterPro GPCR domains
TTRE888	False	Encodes protein that lacks InterPro GPCR domains
TTRE8880	False	Encodes protein that lacks InterPro GPCR domains
TTRE8881	False	Encodes protein that lacks InterPro GPCR domains
TTRE8882	False	Encodes protein that lacks InterPro GPCR domains
TTRE8883	False	Encodes protein that lacks InterPro GPCR domains
TTRE8884	False	Encodes protein that lacks InterPro GPCR domains
TTRE8885	False	Encodes protein that lacks InterPro GPCR domains
TTRE8886	False	Encodes protein that lacks InterPro GPCR domains
TTRE8887	False	Encodes protein that lacks InterPro GPCR domains
TTRE8888	False	Encodes protein that lacks InterPro GPCR domains
TTRE8889	False	Encodes protein that lacks InterPro GPCR domains
TTRE889	False	Encodes protein that lacks InterPro GPCR domains
TTRE8890	False	Encodes protein that lacks InterPro GPCR domains
TTRE8891	False	Encodes protein that lacks InterPro GPCR domains
TTRE8892	False	Encodes protein that lacks InterPro GPCR domains
TTRE8893	False	Encodes protein that lacks InterPro GPCR domains
TTRE8894	False	Encodes protein that lacks InterPro GPCR domains
TTRE8895	False	Encodes protein that lacks InterPro GPCR domains
TTRE8896	False	Encodes protein that lacks InterPro GPCR domains
TTRE8897	False	Encodes protein that lacks InterPro GPCR domains
TTRE8898	False	Encodes protein that lacks InterPro GPCR domains
TTRE8899	False	Encodes protein that lacks InterPro GPCR domains
TTRE89	False	Encodes protein that lacks InterPro GPCR domains
TTRE890	False	Encodes protein that lacks InterPro GPCR domains
TTRE8900	False	Encodes protein that lacks InterPro GPCR domains
TTRE8901	False	Encodes protein that lacks InterPro GPCR domains
TTRE8902	False	Encodes protein that lacks InterPro GPCR domains
TTRE8903	False	Encodes protein that lacks InterPro GPCR domains
TTRE8904	False	Encodes protein that lacks InterPro GPCR domains
TTRE8905	False	Encodes protein that lacks InterPro GPCR domains
TTRE8906	False	Encodes protein that lacks InterPro GPCR domains
TTRE8907	False	Encodes protein that lacks InterPro GPCR domains
TTRE8908	False	Encodes protein that lacks InterPro GPCR domains
TTRE8909	False	Encodes protein that lacks InterPro GPCR domains
TTRE891	False	Encodes protein that lacks InterPro GPCR domains
TTRE8910	False	Encodes protein that lacks InterPro GPCR domains
TTRE8911	False	Encodes protein that lacks InterPro GPCR domains
TTRE8912	False	Encodes protein that lacks InterPro GPCR domains
TTRE8913	False	Encodes protein that lacks InterPro GPCR domains
TTRE8914	False	Encodes protein that lacks InterPro GPCR domains
TTRE8915	False	Encodes protein that lacks InterPro GPCR domains
TTRE8916	False	Encodes protein that lacks InterPro GPCR domains
TTRE8917	False	Encodes protein that lacks InterPro GPCR domains
TTRE8918	False	Encodes protein that lacks InterPro GPCR domains
TTRE8919	False	Encodes protein that lacks InterPro GPCR domains
TTRE892	False	Encodes protein that lacks InterPro GPCR domains
TTRE8920	False	Encodes protein that lacks InterPro GPCR domains
TTRE8921	False	Encodes protein that lacks InterPro GPCR domains
TTRE8922	False	Encodes protein that lacks InterPro GPCR domains
TTRE8923	False	Encodes protein that lacks InterPro GPCR domains
TTRE8924	False	Encodes protein that lacks InterPro GPCR domains
TTRE8925	False	Encodes protein that lacks InterPro GPCR domains
TTRE8926	False	Encodes protein that lacks InterPro GPCR domains
TTRE8927	False	Encodes protein that lacks InterPro GPCR domains
TTRE8928	False	Encodes protein that lacks InterPro GPCR domains
TTRE8929	False	Encodes protein that lacks InterPro GPCR domains
TTRE893	False	Encodes protein that lacks InterPro GPCR domains
TTRE8930	False	Encodes protein that lacks InterPro GPCR domains
TTRE8931	False	Encodes protein that lacks InterPro GPCR domains
TTRE8932	False	Encodes protein that lacks InterPro GPCR domains
TTRE8933	False	Encodes protein that lacks InterPro GPCR domains
TTRE8934	False	Encodes protein that lacks InterPro GPCR domains
TTRE8935	False	Encodes protein that lacks InterPro GPCR domains
TTRE8936	False	Encodes protein that lacks InterPro GPCR domains
TTRE8937	False	Encodes protein that lacks InterPro GPCR domains
TTRE8938	False	Encodes protein that lacks InterPro GPCR domains
TTRE8939	False	Encodes protein that lacks InterPro GPCR domains
TTRE894	False	Encodes protein that lacks InterPro GPCR domains
TTRE8940	False	Encodes protein that lacks InterPro GPCR domains
TTRE8941	False	Encodes protein that lacks InterPro GPCR domains
TTRE8942	False	Encodes protein that lacks InterPro GPCR domains
TTRE8943	False	Encodes protein that lacks InterPro GPCR domains
TTRE8944	False	Encodes protein that lacks InterPro GPCR domains
TTRE8945	False	Encodes protein that lacks InterPro GPCR domains
TTRE8946	False	Encodes protein that lacks InterPro GPCR domains
TTRE8947	False	Encodes protein that lacks InterPro GPCR domains
TTRE8948	False	Encodes protein that lacks InterPro GPCR domains
TTRE8949	False	Encodes protein that lacks InterPro GPCR domains
TTRE895	False	Encodes protein that lacks InterPro GPCR domains
TTRE8950	False	Encodes protein that lacks InterPro GPCR domains
TTRE8951	False	Encodes protein that lacks InterPro GPCR domains
TTRE8952	False	Encodes protein that lacks InterPro GPCR domains
TTRE8953	False	Encodes protein that lacks InterPro GPCR domains
TTRE8954	False	Encodes protein that lacks InterPro GPCR domains
TTRE8955	False	Encodes protein that lacks InterPro GPCR domains
TTRE8956	False	Encodes protein that lacks InterPro GPCR domains
TTRE8957	False	Encodes protein that lacks InterPro GPCR domains
TTRE8958	False	Encodes protein that lacks InterPro GPCR domains
TTRE8959	False	Encodes protein that lacks InterPro GPCR domains
TTRE896	False	Encodes protein that lacks InterPro GPCR domains
TTRE8960	False	Encodes protein that lacks InterPro GPCR domains
TTRE8961	False	Encodes protein that lacks InterPro GPCR domains
TTRE8962	False	Encodes protein that lacks InterPro GPCR domains
TTRE8963	False	Encodes protein that lacks InterPro GPCR domains
TTRE8964	False	Encodes protein that lacks InterPro GPCR domains
TTRE8965	False	Encodes protein that lacks InterPro GPCR domains
TTRE8966	False	Encodes protein that lacks InterPro GPCR domains
TTRE8967	False	Encodes protein that lacks InterPro GPCR domains
TTRE8968	False	Encodes protein that lacks InterPro GPCR domains
TTRE8969	False	Encodes protein that lacks InterPro GPCR domains
TTRE897	False	Encodes protein that lacks InterPro GPCR domains
TTRE8970	False	Encodes protein that lacks InterPro GPCR domains
TTRE8971	False	Encodes protein that lacks InterPro GPCR domains
TTRE8972	False	Encodes protein that lacks InterPro GPCR domains
TTRE8973	False	Encodes protein that lacks InterPro GPCR domains
TTRE8974	False	Encodes protein that lacks InterPro GPCR domains
TTRE8975	False	Encodes protein that lacks InterPro GPCR domains
TTRE8976	False	Encodes protein that lacks InterPro GPCR domains
TTRE8977	False	Encodes protein that lacks InterPro GPCR domains
TTRE8978	False	Encodes protein that lacks InterPro GPCR domains
TTRE8979	False	Encodes protein that lacks InterPro GPCR domains
TTRE898	False	Encodes protein that lacks InterPro GPCR domains
TTRE8980	False	Encodes protein that lacks InterPro GPCR domains
TTRE8981	False	Encodes protein that lacks InterPro GPCR domains
TTRE8982	False	Encodes protein that lacks InterPro GPCR domains
TTRE8983	False	Encodes protein that lacks InterPro GPCR domains
TTRE8984	False	Encodes protein that lacks InterPro GPCR domains
TTRE8985	False	Encodes protein that lacks InterPro GPCR domains
TTRE8986	False	Encodes protein that lacks InterPro GPCR domains
TTRE8987	False	Encodes protein that lacks InterPro GPCR domains
TTRE8988	False	Encodes protein that lacks InterPro GPCR domains
TTRE8989	False	Encodes protein that lacks InterPro GPCR domains
TTRE899	False	Encodes protein that lacks InterPro GPCR domains
TTRE8990	False	Encodes protein that lacks InterPro GPCR domains
TTRE8991	False	Encodes protein that lacks InterPro GPCR domains
TTRE8992	False	Encodes protein that lacks InterPro GPCR domains
TTRE8993	False	Encodes protein that lacks InterPro GPCR domains
TTRE8994	False	Encodes protein that lacks InterPro GPCR domains
TTRE8995	False	Encodes protein that lacks InterPro GPCR domains
TTRE8996	False	Encodes protein that lacks InterPro GPCR domains
TTRE8997	False	Encodes protein that lacks InterPro GPCR domains
TTRE8998	False	Encodes protein that lacks InterPro GPCR domains
TTRE8999	False	Encodes protein that lacks InterPro GPCR domains
TTRE9	False	Encodes protein that lacks InterPro GPCR domains
TTRE90	False	Encodes protein that lacks InterPro GPCR domains
TTRE900	False	Encodes protein that lacks InterPro GPCR domains
TTRE9000	False	Encodes protein that lacks InterPro GPCR domains
TTRE9001	False	Encodes protein that lacks InterPro GPCR domains
TTRE9002	False	Encodes protein that lacks InterPro GPCR domains
TTRE9003	False	Encodes protein that lacks InterPro GPCR domains
TTRE9004	False	Encodes protein that lacks InterPro GPCR domains
TTRE9005	False	Encodes protein that lacks InterPro GPCR domains
TTRE9006	False	Encodes protein that lacks InterPro GPCR domains
TTRE9007	False	Encodes protein that lacks InterPro GPCR domains
TTRE9008	False	Encodes protein that lacks InterPro GPCR domains
TTRE9009	False	Encodes protein that lacks InterPro GPCR domains
TTRE901	False	Encodes protein that lacks InterPro GPCR domains
TTRE9010	False	Encodes protein that lacks InterPro GPCR domains
TTRE9011	False	Encodes protein that lacks InterPro GPCR domains
TTRE9012	False	Encodes protein that lacks InterPro GPCR domains
TTRE9013	False	Encodes protein that lacks InterPro GPCR domains
TTRE9014	False	Encodes protein that lacks InterPro GPCR domains
TTRE9015	False	Encodes protein that lacks InterPro GPCR domains
TTRE9016	False	Encodes protein that lacks InterPro GPCR domains
TTRE9017	False	Encodes protein that lacks InterPro GPCR domains
TTRE9018	False	Encodes protein that lacks InterPro GPCR domains
TTRE9019	False	Encodes protein that lacks InterPro GPCR domains
TTRE902	False	Encodes protein that lacks InterPro GPCR domains
TTRE9020	False	Encodes protein that lacks InterPro GPCR domains
TTRE9021	False	Encodes protein that lacks InterPro GPCR domains
TTRE9022	False	Encodes protein that lacks InterPro GPCR domains
TTRE9023	False	Encodes protein that lacks InterPro GPCR domains
TTRE9024	False	Encodes protein that lacks InterPro GPCR domains
TTRE9025	False	Encodes protein that lacks InterPro GPCR domains
TTRE9026	False	Encodes protein that lacks InterPro GPCR domains
TTRE9027	False	Encodes protein that lacks InterPro GPCR domains
TTRE9028	True	Encodes protein with InterPro domain(s): IPR017452 - GPCR, rhodopsin-like, 7TM
TTRE9029	False	Encodes protein that lacks InterPro GPCR domains
TTRE903	False	Encodes protein that lacks InterPro GPCR domains
TTRE9030	False	Encodes protein that lacks InterPro GPCR domains
TTRE9031	False	Encodes protein that lacks InterPro GPCR domains
TTRE9032	False	Encodes protein that lacks InterPro GPCR domains
TTRE9033	False	Encodes protein that lacks InterPro GPCR domains
TTRE9034	False	Encodes protein that lacks InterPro GPCR domains
TTRE9035	False	Encodes protein that lacks InterPro GPCR domains
TTRE9036	False	Encodes protein that lacks InterPro GPCR domains
TTRE9037	False	Encodes protein that lacks InterPro GPCR domains
TTRE9038	False	Encodes protein that lacks InterPro GPCR domains
TTRE9039	False	Encodes protein that lacks InterPro GPCR domains
TTRE904	False	Encodes protein that lacks InterPro GPCR domains
TTRE9040	False	Encodes protein that lacks InterPro GPCR domains
TTRE9041	False	Encodes protein that lacks InterPro GPCR domains
TTRE9042	True	Encodes protein with InterPro domain(s): IPR017452 - GPCR, rhodopsin-like, 7TM
TTRE9043	False	Encodes protein that lacks InterPro GPCR domains
TTRE9044	False	Encodes protein that lacks InterPro GPCR domains
TTRE9045	False	Encodes protein that lacks InterPro GPCR domains
TTRE9046	False	Encodes protein that lacks InterPro GPCR domains
TTRE9047	False	Encodes protein that lacks InterPro GPCR domains
TTRE9048	False	Encodes protein that lacks InterPro GPCR domains
TTRE9049	False	Encodes protein that lacks InterPro GPCR domains
TTRE905	False	Encodes protein that lacks InterPro GPCR domains
TTRE9050	False	Encodes protein that lacks InterPro GPCR domains
TTRE9051	False	Encodes protein that lacks InterPro GPCR domains
TTRE9052	False	Encodes protein that lacks InterPro GPCR domains
TTRE9053	False	Encodes protein that lacks InterPro GPCR domains
TTRE9054	False	Encodes protein that lacks InterPro GPCR domains
TTRE9055	False	Encodes protein that lacks InterPro GPCR domains
TTRE9056	False	Encodes protein that lacks InterPro GPCR domains
TTRE9057	False	Encodes protein that lacks InterPro GPCR domains
TTRE9058	False	Encodes protein that lacks InterPro GPCR domains
TTRE9059	False	Encodes protein that lacks InterPro GPCR domains
TTRE906	False	Encodes protein that lacks InterPro GPCR domains
TTRE9060	False	Encodes protein that lacks InterPro GPCR domains
TTRE9061	False	Encodes protein that lacks InterPro GPCR domains
TTRE9062	True	Encodes protein with InterPro domain(s): IPR019424 - Serpentine type 7TM GPCR chemoreceptor Srsx
TTRE9063	True	Encodes protein with InterPro domain(s): IPR019424 - Serpentine type 7TM GPCR chemoreceptor Srsx
TTRE9064	True	Encodes protein with InterPro domain(s): IPR019424 - Serpentine type 7TM GPCR chemoreceptor Srsx
TTRE9065	False	Encodes protein that lacks InterPro GPCR domains
TTRE9066	False	Encodes protein that lacks InterPro GPCR domains
TTRE9067	False	Encodes protein that lacks InterPro GPCR domains
TTRE9068	False	Encodes protein that lacks InterPro GPCR domains
TTRE9069	False	Encodes protein that lacks InterPro GPCR domains
TTRE907	False	Encodes protein that lacks InterPro GPCR domains
TTRE9070	False	Encodes protein that lacks InterPro GPCR domains
TTRE9071	False	Encodes protein that lacks InterPro GPCR domains
TTRE9072	False	Encodes protein that lacks InterPro GPCR domains
TTRE9073	False	Encodes protein that lacks InterPro GPCR domains
TTRE9074	False	Encodes protein that lacks InterPro GPCR domains
TTRE9075	False	Encodes protein that lacks InterPro GPCR domains
TTRE9076	False	Encodes protein that lacks InterPro GPCR domains
TTRE9077	False	Encodes protein that lacks InterPro GPCR domains
TTRE9078	False	Encodes protein that lacks InterPro GPCR domains
TTRE9079	True	Encodes protein with InterPro domain(s): IPR017981 - GPCR, family 2-like, 7TM
TTRE908	False	Encodes protein that lacks InterPro GPCR domains
TTRE9080	False	Encodes protein that lacks InterPro GPCR domains
TTRE9081	False	Encodes protein that lacks InterPro GPCR domains
TTRE9082	False	Encodes protein that lacks InterPro GPCR domains
TTRE9083	False	Encodes protein that lacks InterPro GPCR domains
TTRE9084	False	Encodes protein that lacks InterPro GPCR domains
TTRE9085	False	Encodes protein that lacks InterPro GPCR domains
TTRE9086	False	Encodes protein that lacks InterPro GPCR domains
TTRE9087	False	Encodes protein that lacks InterPro GPCR domains
TTRE9088	False	Encodes protein that lacks InterPro GPCR domains
TTRE9089	False	Encodes protein that lacks InterPro GPCR domains
TTRE909	False	Encodes protein that lacks InterPro GPCR domains
TTRE9090	False	Encodes protein that lacks InterPro GPCR domains
TTRE9091	False	Encodes protein that lacks InterPro GPCR domains
TTRE9092	False	Encodes protein that lacks InterPro GPCR domains
TTRE9093	False	Encodes protein that lacks InterPro GPCR domains
TTRE9094	False	Encodes protein that lacks InterPro GPCR domains
TTRE9095	False	Encodes protein that lacks InterPro GPCR domains
TTRE9096	False	Encodes protein that lacks InterPro GPCR domains
TTRE9097	False	Encodes protein that lacks InterPro GPCR domains
TTRE9098	False	Encodes protein that lacks InterPro GPCR domains
TTRE9099	False	Encodes protein that lacks InterPro GPCR domains
TTRE91	False	Encodes protein that lacks InterPro GPCR domains
TTRE9100	False	Encodes protein that lacks InterPro GPCR domains
TTRE9101	False	Encodes protein that lacks InterPro GPCR domains
TTRE9102	False	Encodes protein that lacks InterPro GPCR domains
TTRE9103	False	Encodes protein that lacks InterPro GPCR domains
TTRE9104	False	Encodes protein that lacks InterPro GPCR domains
TTRE9105	False	Encodes protein that lacks InterPro GPCR domains
TTRE9106	False	Encodes protein that lacks InterPro GPCR domains
TTRE9107	False	Encodes protein that lacks InterPro GPCR domains
TTRE9108	False	Encodes protein that lacks InterPro GPCR domains
TTRE9109	False	Encodes protein that lacks InterPro GPCR domains
TTRE911	False	Encodes protein that lacks InterPro GPCR domains
TTRE9110	False	Encodes protein that lacks InterPro GPCR domains
TTRE9111	False	Encodes protein that lacks InterPro GPCR domains
TTRE9112	False	Encodes protein that lacks InterPro GPCR domains
TTRE9113	True	Encodes protein with InterPro domain(s): IPR017452 - GPCR, rhodopsin-like, 7TM
TTRE9114	False	Encodes protein that lacks InterPro GPCR domains
TTRE9115	False	Encodes protein that lacks InterPro GPCR domains
TTRE9116	False	Encodes protein that lacks InterPro GPCR domains
TTRE9117	False	Encodes protein that lacks InterPro GPCR domains
TTRE9118	False	Encodes protein that lacks InterPro GPCR domains
TTRE9119	False	Encodes protein that lacks InterPro GPCR domains
TTRE912	False	Encodes protein that lacks InterPro GPCR domains
TTRE9120	False	Encodes protein that lacks InterPro GPCR domains
TTRE9121	False	Encodes protein that lacks InterPro GPCR domains
TTRE9122	False	Encodes protein that lacks InterPro GPCR domains
TTRE9123	False	Encodes protein that lacks InterPro GPCR domains
TTRE9124	False	Encodes protein that lacks InterPro GPCR domains
TTRE9125	False	Encodes protein that lacks InterPro GPCR domains
TTRE9126	False	Encodes protein that lacks InterPro GPCR domains
TTRE9127	False	Encodes protein that lacks InterPro GPCR domains
TTRE9128	False	Encodes protein that lacks InterPro GPCR domains
TTRE9129	False	Encodes protein that lacks InterPro GPCR domains
TTRE913	False	Encodes protein that lacks InterPro GPCR domains
TTRE9130	False	Encodes protein that lacks InterPro GPCR domains
TTRE9131	False	Encodes protein that lacks InterPro GPCR domains
TTRE9132	False	Encodes protein that lacks InterPro GPCR domains
TTRE9133	False	Encodes protein that lacks InterPro GPCR domains
TTRE9134	False	Encodes protein that lacks InterPro GPCR domains
TTRE9135	False	Encodes protein that lacks InterPro GPCR domains
TTRE9136	False	Encodes protein that lacks InterPro GPCR domains
TTRE9137	False	Encodes protein that lacks InterPro GPCR domains
TTRE9138	False	Encodes protein that lacks InterPro GPCR domains
TTRE9139	False	Encodes protein that lacks InterPro GPCR domains
TTRE914	False	Encodes protein that lacks InterPro GPCR domains
TTRE9140	False	Encodes protein that lacks InterPro GPCR domains
TTRE9141	False	Encodes protein that lacks InterPro GPCR domains
TTRE9142	False	Encodes protein that lacks InterPro GPCR domains
TTRE9143	False	Encodes protein that lacks InterPro GPCR domains
TTRE9144	False	Encodes protein that lacks InterPro GPCR domains
TTRE9145	False	Encodes protein that lacks InterPro GPCR domains
TTRE9146	False	Encodes protein that lacks InterPro GPCR domains
TTRE9147	False	Encodes protein that lacks InterPro GPCR domains
TTRE9148	False	Encodes protein that lacks InterPro GPCR domains
TTRE9149	False	Encodes protein that lacks InterPro GPCR domains
TTRE915	False	Encodes protein that lacks InterPro GPCR domains
TTRE9150	False	Encodes protein that lacks InterPro GPCR domains
TTRE9151	False	Encodes protein that lacks InterPro GPCR domains
TTRE9152	False	Encodes protein that lacks InterPro GPCR domains
TTRE9153	False	Encodes protein that lacks InterPro GPCR domains
TTRE9154	False	Encodes protein that lacks InterPro GPCR domains
TTRE9155	False	Encodes protein that lacks InterPro GPCR domains
TTRE9156	False	Encodes protein that lacks InterPro GPCR domains
TTRE9157	False	Encodes protein that lacks InterPro GPCR domains
TTRE9158	False	Encodes protein that lacks InterPro GPCR domains
TTRE9159	False	Encodes protein that lacks InterPro GPCR domains
TTRE916	False	Encodes protein that lacks InterPro GPCR domains
TTRE9160	False	Encodes protein that lacks InterPro GPCR domains
TTRE9161	False	Encodes protein that lacks InterPro GPCR domains
TTRE9162	False	Encodes protein that lacks InterPro GPCR domains
TTRE9163	False	Encodes protein that lacks InterPro GPCR domains
TTRE9164	False	Encodes protein that lacks InterPro GPCR domains
TTRE9165	False	Encodes protein that lacks InterPro GPCR domains
TTRE9166	False	Encodes protein that lacks InterPro GPCR domains
TTRE9167	False	Encodes protein that lacks InterPro GPCR domains
TTRE9168	True	Encodes protein with InterPro domain(s): IPR017452 - GPCR, rhodopsin-like, 7TM; IPR019424 - Serpentine type 7TM GPCR chemoreceptor Srsx
TTRE9169	False	Encodes protein that lacks InterPro GPCR domains
TTRE917	False	Encodes protein that lacks InterPro GPCR domains
TTRE9170	False	Encodes protein that lacks InterPro GPCR domains
TTRE9171	False	Encodes protein that lacks InterPro GPCR domains
TTRE9172	False	Encodes protein that lacks InterPro GPCR domains
TTRE9173	False	Encodes protein that lacks InterPro GPCR domains
TTRE9174	False	Encodes protein that lacks InterPro GPCR domains
TTRE9175	False	Encodes protein that lacks InterPro GPCR domains
TTRE9176	False	Encodes protein that lacks InterPro GPCR domains
TTRE9177	False	Encodes protein that lacks InterPro GPCR domains
TTRE9178	False	Encodes protein that lacks InterPro GPCR domains
TTRE9179	False	Encodes protein that lacks InterPro GPCR domains
TTRE918	False	Encodes protein that lacks InterPro GPCR domains
TTRE9180	False	Encodes protein that lacks InterPro GPCR domains
TTRE9181	False	Encodes protein that lacks InterPro GPCR domains
TTRE9182	False	Encodes protein that lacks InterPro GPCR domains
TTRE9183	False	Encodes protein that lacks InterPro GPCR domains
TTRE9184	False	Encodes protein that lacks InterPro GPCR domains
TTRE9185	False	Encodes protein that lacks InterPro GPCR domains
TTRE9186	False	Encodes protein that lacks InterPro GPCR domains
TTRE9187	False	Encodes protein that lacks InterPro GPCR domains
TTRE9188	False	Encodes protein that lacks InterPro GPCR domains
TTRE9189	False	Encodes protein that lacks InterPro GPCR domains
TTRE919	False	Encodes protein that lacks InterPro GPCR domains
TTRE9190	False	Encodes protein that lacks InterPro GPCR domains
TTRE9191	False	Encodes protein that lacks InterPro GPCR domains
TTRE9192	False	Encodes protein that lacks InterPro GPCR domains
TTRE9193	False	Encodes protein that lacks InterPro GPCR domains
TTRE9194	False	Encodes protein that lacks InterPro GPCR domains
TTRE9195	False	Encodes protein that lacks InterPro GPCR domains
TTRE9196	False	Encodes protein that lacks InterPro GPCR domains
TTRE9197	False	Encodes protein that lacks InterPro GPCR domains
TTRE9198	False	Encodes protein that lacks InterPro GPCR domains
TTRE9199	False	Encodes protein that lacks InterPro GPCR domains
TTRE92	False	Encodes protein that lacks InterPro GPCR domains
TTRE920	False	Encodes protein that lacks InterPro GPCR domains
TTRE9200	False	Encodes protein that lacks InterPro GPCR domains
TTRE9201	False	Encodes protein that lacks InterPro GPCR domains
TTRE9202	False	Encodes protein that lacks InterPro GPCR domains
TTRE9203	False	Encodes protein that lacks InterPro GPCR domains
TTRE9204	False	Encodes protein that lacks InterPro GPCR domains
TTRE9205	False	Encodes protein that lacks InterPro GPCR domains
TTRE9206	False	Encodes protein that lacks InterPro GPCR domains
TTRE9207	False	Encodes protein that lacks InterPro GPCR domains
TTRE9208	False	Encodes protein that lacks InterPro GPCR domains
TTRE9209	False	Encodes protein that lacks InterPro GPCR domains
TTRE921	False	Encodes protein that lacks InterPro GPCR domains
TTRE9210	False	Encodes protein that lacks InterPro GPCR domains
TTRE9211	False	Encodes protein that lacks InterPro GPCR domains
TTRE9212	False	Encodes protein that lacks InterPro GPCR domains
TTRE9213	False	Encodes protein that lacks InterPro GPCR domains
TTRE9214	False	Encodes protein that lacks InterPro GPCR domains
TTRE9215	False	Encodes protein that lacks InterPro GPCR domains
TTRE9216	False	Encodes protein that lacks InterPro GPCR domains
TTRE9217	False	Encodes protein that lacks InterPro GPCR domains
TTRE9218	False	Encodes protein that lacks InterPro GPCR domains
TTRE9219	False	Encodes protein that lacks InterPro GPCR domains
TTRE922	False	Encodes protein that lacks InterPro GPCR domains
TTRE9220	False	Encodes protein that lacks InterPro GPCR domains
TTRE9221	False	Encodes protein that lacks InterPro GPCR domains
TTRE9222	False	Encodes protein that lacks InterPro GPCR domains
TTRE9223	False	Encodes protein that lacks InterPro GPCR domains
TTRE9224	False	Encodes protein that lacks InterPro GPCR domains
TTRE9225	False	Encodes protein that lacks InterPro GPCR domains
TTRE9226	False	Encodes protein that lacks InterPro GPCR domains
TTRE9227	False	Encodes protein that lacks InterPro GPCR domains
TTRE9228	False	Encodes protein that lacks InterPro GPCR domains
TTRE9229	False	Encodes protein that lacks InterPro GPCR domains
TTRE923	False	Encodes protein that lacks InterPro GPCR domains
TTRE9230	False	Encodes protein that lacks InterPro GPCR domains
TTRE9231	False	Encodes protein that lacks InterPro GPCR domains
TTRE9232	False	Encodes protein that lacks InterPro GPCR domains
TTRE9233	False	Encodes protein that lacks InterPro GPCR domains
TTRE9234	False	Encodes protein that lacks InterPro GPCR domains
TTRE9235	False	Encodes protein that lacks InterPro GPCR domains
TTRE9236	False	Encodes protein that lacks InterPro GPCR domains
TTRE9237	False	Encodes protein that lacks InterPro GPCR domains
TTRE9238	False	Encodes protein that lacks InterPro GPCR domains
TTRE9239	False	Encodes protein that lacks InterPro GPCR domains
TTRE924	False	Encodes protein that lacks InterPro GPCR domains
TTRE9240	False	Encodes protein that lacks InterPro GPCR domains
TTRE9241	False	Encodes protein that lacks InterPro GPCR domains
TTRE9242	False	Encodes protein that lacks InterPro GPCR domains
TTRE9243	False	Encodes protein that lacks InterPro GPCR domains
TTRE9244	False	Encodes protein that lacks InterPro GPCR domains
TTRE9245	False	Encodes protein that lacks InterPro GPCR domains
TTRE9246	False	Encodes protein that lacks InterPro GPCR domains
TTRE9247	False	Encodes protein that lacks InterPro GPCR domains
TTRE9248	False	Encodes protein that lacks InterPro GPCR domains
TTRE9249	False	Encodes protein that lacks InterPro GPCR domains
TTRE925	False	Encodes protein that lacks InterPro GPCR domains
TTRE9250	False	Encodes protein that lacks InterPro GPCR domains
TTRE9251	False	Encodes protein that lacks InterPro GPCR domains
TTRE9252	False	Encodes protein that lacks InterPro GPCR domains
TTRE9253	False	Encodes protein that lacks InterPro GPCR domains
TTRE9254	False	Encodes protein that lacks InterPro GPCR domains
TTRE9255	False	Encodes protein that lacks InterPro GPCR domains
TTRE9256	False	Encodes protein that lacks InterPro GPCR domains
TTRE9257	False	Encodes protein that lacks InterPro GPCR domains
TTRE9258	False	Encodes protein that lacks InterPro GPCR domains
TTRE9259	False	Encodes protein that lacks InterPro GPCR domains
TTRE926	False	Encodes protein that lacks InterPro GPCR domains
TTRE9260	False	Encodes protein that lacks InterPro GPCR domains
TTRE9261	False	Encodes protein that lacks InterPro GPCR domains
TTRE9262	False	Encodes protein that lacks InterPro GPCR domains
TTRE9263	False	Encodes protein that lacks InterPro GPCR domains
TTRE9264	False	Encodes protein that lacks InterPro GPCR domains
TTRE9265	False	Encodes protein that lacks InterPro GPCR domains
TTRE9266	False	Encodes protein that lacks InterPro GPCR domains
TTRE9267	False	Encodes protein that lacks InterPro GPCR domains
TTRE9268	False	Encodes protein that lacks InterPro GPCR domains
TTRE9269	False	Encodes protein that lacks InterPro GPCR domains
TTRE927	False	Encodes protein that lacks InterPro GPCR domains
TTRE9270	False	Encodes protein that lacks InterPro GPCR domains
TTRE9271	False	Encodes protein that lacks InterPro GPCR domains
TTRE9272	False	Encodes protein that lacks InterPro GPCR domains
TTRE9273	False	Encodes protein that lacks InterPro GPCR domains
TTRE9274	False	Encodes protein that lacks InterPro GPCR domains
TTRE9275	False	Encodes protein that lacks InterPro GPCR domains
TTRE9276	False	Encodes protein that lacks InterPro GPCR domains
TTRE9277	False	Encodes protein that lacks InterPro GPCR domains
TTRE9278	False	Encodes protein that lacks InterPro GPCR domains
TTRE9279	False	Encodes protein that lacks InterPro GPCR domains
TTRE928	False	Encodes protein that lacks InterPro GPCR domains
TTRE9280	False	Encodes protein that lacks InterPro GPCR domains
TTRE9281	False	Encodes protein that lacks InterPro GPCR domains
TTRE9282	False	Encodes protein that lacks InterPro GPCR domains
TTRE9283	False	Encodes protein that lacks InterPro GPCR domains
TTRE9284	False	Encodes protein that lacks InterPro GPCR domains
TTRE9285	False	Encodes protein that lacks InterPro GPCR domains
TTRE9286	False	Encodes protein that lacks InterPro GPCR domains
TTRE9287	False	Encodes protein that lacks InterPro GPCR domains
TTRE9288	False	Encodes protein that lacks InterPro GPCR domains
TTRE9289	False	Encodes protein that lacks InterPro GPCR domains
TTRE929	False	Encodes protein that lacks InterPro GPCR domains
TTRE9290	False	Encodes protein that lacks InterPro GPCR domains
TTRE9291	False	Encodes protein that lacks InterPro GPCR domains
TTRE9292	False	Encodes protein that lacks InterPro GPCR domains
TTRE9293	False	Encodes protein that lacks InterPro GPCR domains
TTRE9294	False	Encodes protein that lacks InterPro GPCR domains
TTRE9295	False	Encodes protein that lacks InterPro GPCR domains
TTRE9296	False	Encodes protein that lacks InterPro GPCR domains
TTRE9297	False	Encodes protein that lacks InterPro GPCR domains
TTRE9298	False	Encodes protein that lacks InterPro GPCR domains
TTRE9299	False	Encodes protein that lacks InterPro GPCR domains
TTRE93	False	Encodes protein that lacks InterPro GPCR domains
TTRE930	False	Encodes protein that lacks InterPro GPCR domains
TTRE9300	False	Encodes protein that lacks InterPro GPCR domains
TTRE9301	False	Encodes protein that lacks InterPro GPCR domains
TTRE9302	False	Encodes protein that lacks InterPro GPCR domains
TTRE9303	False	Encodes protein that lacks InterPro GPCR domains
TTRE9304	False	Encodes protein that lacks InterPro GPCR domains
TTRE9305	False	Encodes protein that lacks InterPro GPCR domains
TTRE9306	False	Encodes protein that lacks InterPro GPCR domains
TTRE9307	False	Encodes protein that lacks InterPro GPCR domains
TTRE9308	False	Encodes protein that lacks InterPro GPCR domains
TTRE9309	False	Encodes protein that lacks InterPro GPCR domains
TTRE931	False	Encodes protein that lacks InterPro GPCR domains
TTRE9310	False	Encodes protein that lacks InterPro GPCR domains
TTRE9311	False	Encodes protein that lacks InterPro GPCR domains
TTRE9312	False	Encodes protein that lacks InterPro GPCR domains
TTRE9313	False	Encodes protein that lacks InterPro GPCR domains
TTRE9314	False	Encodes protein that lacks InterPro GPCR domains
TTRE9315	False	Encodes protein that lacks InterPro GPCR domains
TTRE9316	False	Encodes protein that lacks InterPro GPCR domains
TTRE9317	False	Encodes protein that lacks InterPro GPCR domains
TTRE9318	False	Encodes protein that lacks InterPro GPCR domains
TTRE9319	False	Encodes protein that lacks InterPro GPCR domains
TTRE932	False	Encodes protein that lacks InterPro GPCR domains
TTRE9320	False	Encodes protein that lacks InterPro GPCR domains
TTRE9321	False	Encodes protein that lacks InterPro GPCR domains
TTRE9322	False	Encodes protein that lacks InterPro GPCR domains
TTRE9323	False	Encodes protein that lacks InterPro GPCR domains
TTRE9324	False	Encodes protein that lacks InterPro GPCR domains
TTRE9325	False	Encodes protein that lacks InterPro GPCR domains
TTRE9326	False	Encodes protein that lacks InterPro GPCR domains
TTRE9327	False	Encodes protein that lacks InterPro GPCR domains
TTRE9328	False	Encodes protein that lacks InterPro GPCR domains
TTRE9329	False	Encodes protein that lacks InterPro GPCR domains
TTRE933	False	Encodes protein that lacks InterPro GPCR domains
TTRE9330	False	Encodes protein that lacks InterPro GPCR domains
TTRE9331	False	Encodes protein that lacks InterPro GPCR domains
TTRE9332	False	Encodes protein that lacks InterPro GPCR domains
TTRE9333	False	Encodes protein that lacks InterPro GPCR domains
TTRE9334	False	Encodes protein that lacks InterPro GPCR domains
TTRE9335	False	Encodes protein that lacks InterPro GPCR domains
TTRE9336	False	Encodes protein that lacks InterPro GPCR domains
TTRE9337	False	Encodes protein that lacks InterPro GPCR domains
TTRE9338	False	Encodes protein that lacks InterPro GPCR domains
TTRE9339	False	Encodes protein that lacks InterPro GPCR domains
TTRE934	False	Encodes protein that lacks InterPro GPCR domains
TTRE9340	False	Encodes protein that lacks InterPro GPCR domains
TTRE9341	False	Encodes protein that lacks InterPro GPCR domains
TTRE9342	False	Encodes protein that lacks InterPro GPCR domains
TTRE9343	False	Encodes protein that lacks InterPro GPCR domains
TTRE9344	False	Encodes protein that lacks InterPro GPCR domains
TTRE9345	False	Encodes protein that lacks InterPro GPCR domains
TTRE9346	False	Encodes protein that lacks InterPro GPCR domains
TTRE9347	False	Encodes protein that lacks InterPro GPCR domains
TTRE9348	False	Encodes protein that lacks InterPro GPCR domains
TTRE9349	False	Encodes protein that lacks InterPro GPCR domains
TTRE935	False	Encodes protein that lacks InterPro GPCR domains
TTRE9350	False	Encodes protein that lacks InterPro GPCR domains
TTRE9351	False	Encodes protein that lacks InterPro GPCR domains
TTRE9352	False	Encodes protein that lacks InterPro GPCR domains
TTRE9353	False	Encodes protein that lacks InterPro GPCR domains
TTRE9354	False	Encodes protein that lacks InterPro GPCR domains
TTRE9355	False	Encodes protein that lacks InterPro GPCR domains
TTRE9356	False	Encodes protein that lacks InterPro GPCR domains
TTRE9357	False	Encodes protein that lacks InterPro GPCR domains
TTRE9358	False	Encodes protein that lacks InterPro GPCR domains
TTRE9359	False	Encodes protein that lacks InterPro GPCR domains
TTRE936	False	Encodes protein that lacks InterPro GPCR domains
TTRE9360	False	Encodes protein that lacks InterPro GPCR domains
TTRE9361	False	Encodes protein that lacks InterPro GPCR domains
TTRE9362	False	Encodes protein that lacks InterPro GPCR domains
TTRE9363	False	Encodes protein that lacks InterPro GPCR domains
TTRE9364	False	Encodes protein that lacks InterPro GPCR domains
TTRE9365	False	Encodes protein that lacks InterPro GPCR domains
TTRE9366	False	Encodes protein that lacks InterPro GPCR domains
TTRE9367	False	Encodes protein that lacks InterPro GPCR domains
TTRE9368	False	Encodes protein that lacks InterPro GPCR domains
TTRE9369	False	Encodes protein that lacks InterPro GPCR domains
TTRE937	False	Encodes protein that lacks InterPro GPCR domains
TTRE9370	False	Encodes protein that lacks InterPro GPCR domains
TTRE9371	False	Encodes protein that lacks InterPro GPCR domains
TTRE9372	False	Encodes protein that lacks InterPro GPCR domains
TTRE9373	False	Encodes protein that lacks InterPro GPCR domains
TTRE9374	False	Encodes protein that lacks InterPro GPCR domains
TTRE9375	False	Encodes protein that lacks InterPro GPCR domains
TTRE9376	False	Encodes protein that lacks InterPro GPCR domains
TTRE9377	False	Encodes protein that lacks InterPro GPCR domains
TTRE9378	False	Encodes protein that lacks InterPro GPCR domains
TTRE9379	False	Encodes protein that lacks InterPro GPCR domains
TTRE938	False	Encodes protein that lacks InterPro GPCR domains
TTRE9380	False	Encodes protein that lacks InterPro GPCR domains
TTRE9381	False	Encodes protein that lacks InterPro GPCR domains
TTRE9382	False	Encodes protein that lacks InterPro GPCR domains
TTRE9383	False	Encodes protein that lacks InterPro GPCR domains
TTRE9384	False	Encodes protein that lacks InterPro GPCR domains
TTRE9385	False	Encodes protein that lacks InterPro GPCR domains
TTRE9386	False	Encodes protein that lacks InterPro GPCR domains
TTRE9387	False	Encodes protein that lacks InterPro GPCR domains
TTRE9388	False	Encodes protein that lacks InterPro GPCR domains
TTRE9389	False	Encodes protein that lacks InterPro GPCR domains
TTRE939	False	Encodes protein that lacks InterPro GPCR domains
TTRE9390	False	Encodes protein that lacks InterPro GPCR domains
TTRE9391	False	Encodes protein that lacks InterPro GPCR domains
TTRE9392	False	Encodes protein that lacks InterPro GPCR domains
TTRE9393	False	Encodes protein that lacks InterPro GPCR domains
TTRE9394	False	Encodes protein that lacks InterPro GPCR domains
TTRE9395	False	Encodes protein that lacks InterPro GPCR domains
TTRE9396	False	Encodes protein that lacks InterPro GPCR domains
TTRE9397	False	Encodes protein that lacks InterPro GPCR domains
TTRE9398	False	Encodes protein that lacks InterPro GPCR domains
TTRE9399	False	Encodes protein that lacks InterPro GPCR domains
TTRE94	False	Encodes protein that lacks InterPro GPCR domains
TTRE940	False	Encodes protein that lacks InterPro GPCR domains
TTRE9400	False	Encodes protein that lacks InterPro GPCR domains
TTRE9401	False	Encodes protein that lacks InterPro GPCR domains
TTRE9402	False	Encodes protein that lacks InterPro GPCR domains
TTRE9403	False	Encodes protein that lacks InterPro GPCR domains
TTRE9404	False	Encodes protein that lacks InterPro GPCR domains
TTRE9405	False	Encodes protein that lacks InterPro GPCR domains
TTRE9406	False	Encodes protein that lacks InterPro GPCR domains
TTRE9407	False	Encodes protein that lacks InterPro GPCR domains
TTRE9408	False	Encodes protein that lacks InterPro GPCR domains
TTRE9409	False	Encodes protein that lacks InterPro GPCR domains
TTRE941	False	Encodes protein that lacks InterPro GPCR domains
TTRE9410	False	Encodes protein that lacks InterPro GPCR domains
TTRE9411	False	Encodes protein that lacks InterPro GPCR domains
TTRE9412	False	Encodes protein that lacks InterPro GPCR domains
TTRE9413	False	Encodes protein that lacks InterPro GPCR domains
TTRE9414	False	Encodes protein that lacks InterPro GPCR domains
TTRE9415	False	Encodes protein that lacks InterPro GPCR domains
TTRE9416	False	Encodes protein that lacks InterPro GPCR domains
TTRE9417	False	Encodes protein that lacks InterPro GPCR domains
TTRE9418	False	Encodes protein that lacks InterPro GPCR domains
TTRE9419	False	Encodes protein that lacks InterPro GPCR domains
TTRE942	False	Encodes protein that lacks InterPro GPCR domains
TTRE9420	False	Encodes protein that lacks InterPro GPCR domains
TTRE9421	False	Encodes protein that lacks InterPro GPCR domains
TTRE9422	False	Encodes protein that lacks InterPro GPCR domains
TTRE9423	False	Encodes protein that lacks InterPro GPCR domains
TTRE9424	False	Encodes protein that lacks InterPro GPCR domains
TTRE9425	False	Encodes protein that lacks InterPro GPCR domains
TTRE9426	False	Encodes protein that lacks InterPro GPCR domains
TTRE9427	False	Encodes protein that lacks InterPro GPCR domains
TTRE9428	False	Encodes protein that lacks InterPro GPCR domains
TTRE9429	False	Encodes protein that lacks InterPro GPCR domains
TTRE943	False	Encodes protein that lacks InterPro GPCR domains
TTRE9430	False	Encodes protein that lacks InterPro GPCR domains
TTRE9431	False	Encodes protein that lacks InterPro GPCR domains
TTRE9432	False	Encodes protein that lacks InterPro GPCR domains
TTRE9433	False	Encodes protein that lacks InterPro GPCR domains
TTRE9434	False	Encodes protein that lacks InterPro GPCR domains
TTRE9435	False	Encodes protein that lacks InterPro GPCR domains
TTRE9436	False	Encodes protein that lacks InterPro GPCR domains
TTRE9437	False	Encodes protein that lacks InterPro GPCR domains
TTRE9438	False	Encodes protein that lacks InterPro GPCR domains
TTRE9439	False	Encodes protein that lacks InterPro GPCR domains
TTRE944	False	Encodes protein that lacks InterPro GPCR domains
TTRE9440	False	Encodes protein that lacks InterPro GPCR domains
TTRE9441	False	Encodes protein that lacks InterPro GPCR domains
TTRE9442	False	Encodes protein that lacks InterPro GPCR domains
TTRE9443	False	Encodes protein that lacks InterPro GPCR domains
TTRE9444	False	Encodes protein that lacks InterPro GPCR domains
TTRE9445	False	Encodes protein that lacks InterPro GPCR domains
TTRE9446	False	Encodes protein that lacks InterPro GPCR domains
TTRE9447	False	Encodes protein that lacks InterPro GPCR domains
TTRE9448	False	Encodes protein that lacks InterPro GPCR domains
TTRE9449	False	Encodes protein that lacks InterPro GPCR domains
TTRE945	False	Encodes protein that lacks InterPro GPCR domains
TTRE9450	False	Encodes protein that lacks InterPro GPCR domains
TTRE9451	False	Encodes protein that lacks InterPro GPCR domains
TTRE9452	False	Encodes protein that lacks InterPro GPCR domains
TTRE9453	False	Encodes protein that lacks InterPro GPCR domains
TTRE9454	False	Encodes protein that lacks InterPro GPCR domains
TTRE9455	False	Encodes protein that lacks InterPro GPCR domains
TTRE9456	False	Encodes protein that lacks InterPro GPCR domains
TTRE9457	False	Encodes protein that lacks InterPro GPCR domains
TTRE9458	False	Encodes protein that lacks InterPro GPCR domains
TTRE9459	False	Encodes protein that lacks InterPro GPCR domains
TTRE946	False	Encodes protein that lacks InterPro GPCR domains
TTRE9460	False	Encodes protein that lacks InterPro GPCR domains
TTRE9461	False	Encodes protein that lacks InterPro GPCR domains
TTRE9462	False	Encodes protein that lacks InterPro GPCR domains
TTRE9463	False	Encodes protein that lacks InterPro GPCR domains
TTRE9464	False	Encodes protein that lacks InterPro GPCR domains
TTRE9465	False	Encodes protein that lacks InterPro GPCR domains
TTRE9466	False	Encodes protein that lacks InterPro GPCR domains
TTRE9467	False	Encodes protein that lacks InterPro GPCR domains
TTRE9468	False	Encodes protein that lacks InterPro GPCR domains
TTRE9469	False	Encodes protein that lacks InterPro GPCR domains
TTRE947	False	Encodes protein that lacks InterPro GPCR domains
TTRE9470	False	Encodes protein that lacks InterPro GPCR domains
TTRE9471	False	Encodes protein that lacks InterPro GPCR domains
TTRE9472	False	Encodes protein that lacks InterPro GPCR domains
TTRE9473	False	Encodes protein that lacks InterPro GPCR domains
TTRE9474	False	Encodes protein that lacks InterPro GPCR domains
TTRE9475	False	Encodes protein that lacks InterPro GPCR domains
TTRE9476	False	Encodes protein that lacks InterPro GPCR domains
TTRE9477	False	Encodes protein that lacks InterPro GPCR domains
TTRE9478	False	Encodes protein that lacks InterPro GPCR domains
TTRE9479	False	Encodes protein that lacks InterPro GPCR domains
TTRE948	False	Encodes protein that lacks InterPro GPCR domains
TTRE9480	False	Encodes protein that lacks InterPro GPCR domains
TTRE9481	False	Encodes protein that lacks InterPro GPCR domains
TTRE9482	False	Encodes protein that lacks InterPro GPCR domains
TTRE9483	False	Encodes protein that lacks InterPro GPCR domains
TTRE9484	False	Encodes protein that lacks InterPro GPCR domains
TTRE9485	False	Encodes protein that lacks InterPro GPCR domains
TTRE9486	False	Encodes protein that lacks InterPro GPCR domains
TTRE9487	False	Encodes protein that lacks InterPro GPCR domains
TTRE9488	False	Encodes protein that lacks InterPro GPCR domains
TTRE9489	False	Encodes protein that lacks InterPro GPCR domains
TTRE949	False	Encodes protein that lacks InterPro GPCR domains
TTRE9490	False	Encodes protein that lacks InterPro GPCR domains
TTRE9491	False	Encodes protein that lacks InterPro GPCR domains
TTRE9492	False	Encodes protein that lacks InterPro GPCR domains
TTRE9493	False	Encodes protein that lacks InterPro GPCR domains
TTRE9494	False	Encodes protein that lacks InterPro GPCR domains
TTRE9495	False	Encodes protein that lacks InterPro GPCR domains
TTRE9496	False	Encodes protein that lacks InterPro GPCR domains
TTRE9497	False	Encodes protein that lacks InterPro GPCR domains
TTRE9498	False	Encodes protein that lacks InterPro GPCR domains
TTRE9499	False	Encodes protein that lacks InterPro GPCR domains
TTRE95	False	Encodes protein that lacks InterPro GPCR domains
TTRE950	False	Encodes protein that lacks InterPro GPCR domains
TTRE9500	False	Encodes protein that lacks InterPro GPCR domains
TTRE9501	False	Encodes protein that lacks InterPro GPCR domains
TTRE9502	False	Encodes protein that lacks InterPro GPCR domains
TTRE9503	False	Encodes protein that lacks InterPro GPCR domains
TTRE9504	False	Encodes protein that lacks InterPro GPCR domains
TTRE9505	False	Encodes protein that lacks InterPro GPCR domains
TTRE9506	False	Encodes protein that lacks InterPro GPCR domains
TTRE9507	False	Encodes protein that lacks InterPro GPCR domains
TTRE9508	False	Encodes protein that lacks InterPro GPCR domains
TTRE9509	False	Encodes protein that lacks InterPro GPCR domains
TTRE951	False	Encodes protein that lacks InterPro GPCR domains
TTRE9510	False	Encodes protein that lacks InterPro GPCR domains
TTRE9511	False	Encodes protein that lacks InterPro GPCR domains
TTRE9512	False	Encodes protein that lacks InterPro GPCR domains
TTRE9513	False	Encodes protein that lacks InterPro GPCR domains
TTRE9514	False	Encodes protein that lacks InterPro GPCR domains
TTRE9515	False	Encodes protein that lacks InterPro GPCR domains
TTRE9516	False	Encodes protein that lacks InterPro GPCR domains
TTRE9517	False	Encodes protein that lacks InterPro GPCR domains
TTRE9518	False	Encodes protein that lacks InterPro GPCR domains
TTRE9519	False	Encodes protein that lacks InterPro GPCR domains
TTRE952	False	Encodes protein that lacks InterPro GPCR domains
TTRE9520	False	Encodes protein that lacks InterPro GPCR domains
TTRE9521	False	Encodes protein that lacks InterPro GPCR domains
TTRE9522	False	Encodes protein that lacks InterPro GPCR domains
TTRE9523	False	Encodes protein that lacks InterPro GPCR domains
TTRE9524	False	Encodes protein that lacks InterPro GPCR domains
TTRE9525	False	Encodes protein that lacks InterPro GPCR domains
TTRE9526	False	Encodes protein that lacks InterPro GPCR domains
TTRE9527	False	Encodes protein that lacks InterPro GPCR domains
TTRE9528	False	Encodes protein that lacks InterPro GPCR domains
TTRE9529	False	Encodes protein that lacks InterPro GPCR domains
TTRE953	False	Encodes protein that lacks InterPro GPCR domains
TTRE9530	False	Encodes protein that lacks InterPro GPCR domains
TTRE9531	False	Encodes protein that lacks InterPro GPCR domains
TTRE9532	False	Encodes protein that lacks InterPro GPCR domains
TTRE9533	False	Encodes protein that lacks InterPro GPCR domains
TTRE9534	False	Encodes protein that lacks InterPro GPCR domains
TTRE9535	False	Encodes protein that lacks InterPro GPCR domains
TTRE9536	False	Encodes protein that lacks InterPro GPCR domains
TTRE9537	False	Encodes protein that lacks InterPro GPCR domains
TTRE9538	False	Encodes protein that lacks InterPro GPCR domains
TTRE9539	False	Encodes protein that lacks InterPro GPCR domains
TTRE954	False	Encodes protein that lacks InterPro GPCR domains
TTRE9540	False	Encodes protein that lacks InterPro GPCR domains
TTRE9541	False	Encodes protein that lacks InterPro GPCR domains
TTRE9542	False	Encodes protein that lacks InterPro GPCR domains
TTRE9543	False	Encodes protein that lacks InterPro GPCR domains
TTRE9544	False	Encodes protein that lacks InterPro GPCR domains
TTRE9545	False	Encodes protein that lacks InterPro GPCR domains
TTRE9546	False	Encodes protein that lacks InterPro GPCR domains
TTRE9547	False	Encodes protein that lacks InterPro GPCR domains
TTRE9548	False	Encodes protein that lacks InterPro GPCR domains
TTRE9549	False	Encodes protein that lacks InterPro GPCR domains
TTRE955	False	Encodes protein that lacks InterPro GPCR domains
TTRE9550	False	Encodes protein that lacks InterPro GPCR domains
TTRE9551	False	Encodes protein that lacks InterPro GPCR domains
TTRE9552	False	Encodes protein that lacks InterPro GPCR domains
TTRE9553	False	Encodes protein that lacks InterPro GPCR domains
TTRE9554	False	Encodes protein that lacks InterPro GPCR domains
TTRE9555	False	Encodes protein that lacks InterPro GPCR domains
TTRE9556	False	Encodes protein that lacks InterPro GPCR domains
TTRE9557	False	Encodes protein that lacks InterPro GPCR domains
TTRE9558	False	Encodes protein that lacks InterPro GPCR domains
TTRE9559	False	Encodes protein that lacks InterPro GPCR domains
TTRE956	False	Encodes protein that lacks InterPro GPCR domains
TTRE9560	False	Encodes protein that lacks InterPro GPCR domains
TTRE9561	False	Encodes protein that lacks InterPro GPCR domains
TTRE9562	False	Encodes protein that lacks InterPro GPCR domains
TTRE9563	False	Encodes protein that lacks InterPro GPCR domains
TTRE9564	False	Encodes protein that lacks InterPro GPCR domains
TTRE9565	False	Encodes protein that lacks InterPro GPCR domains
TTRE9566	False	Encodes protein that lacks InterPro GPCR domains
TTRE9567	False	Encodes protein that lacks InterPro GPCR domains
TTRE9568	False	Encodes protein that lacks InterPro GPCR domains
TTRE9569	False	Encodes protein that lacks InterPro GPCR domains
TTRE957	False	Encodes protein that lacks InterPro GPCR domains
TTRE9570	False	Encodes protein that lacks InterPro GPCR domains
TTRE9571	False	Encodes protein that lacks InterPro GPCR domains
TTRE9572	False	Encodes protein that lacks InterPro GPCR domains
TTRE9573	False	Encodes protein that lacks InterPro GPCR domains
TTRE9574	False	Encodes protein that lacks InterPro GPCR domains
TTRE9575	False	Encodes protein that lacks InterPro GPCR domains
TTRE9576	False	Encodes protein that lacks InterPro GPCR domains
TTRE9577	False	Encodes protein that lacks InterPro GPCR domains
TTRE9578	False	Encodes protein that lacks InterPro GPCR domains
TTRE9579	False	Encodes protein that lacks InterPro GPCR domains
TTRE958	False	Encodes protein that lacks InterPro GPCR domains
TTRE9580	False	Encodes protein that lacks InterPro GPCR domains
TTRE9581	False	Encodes protein that lacks InterPro GPCR domains
TTRE9582	False	Encodes protein that lacks InterPro GPCR domains
TTRE9583	False	Encodes protein that lacks InterPro GPCR domains
TTRE9584	False	Encodes protein that lacks InterPro GPCR domains
TTRE9585	False	Encodes protein that lacks InterPro GPCR domains
TTRE9586	False	Encodes protein that lacks InterPro GPCR domains
TTRE9587	False	Encodes protein that lacks InterPro GPCR domains
TTRE9588	False	Encodes protein that lacks InterPro GPCR domains
TTRE9589	False	Encodes protein that lacks InterPro GPCR domains
TTRE959	False	Encodes protein that lacks InterPro GPCR domains
TTRE9590	False	Encodes protein that lacks InterPro GPCR domains
TTRE9591	False	Encodes protein that lacks InterPro GPCR domains
TTRE9592	False	Encodes protein that lacks InterPro GPCR domains
TTRE9593	False	Encodes protein that lacks InterPro GPCR domains
TTRE9594	False	Encodes protein that lacks InterPro GPCR domains
TTRE9595	False	Encodes protein that lacks InterPro GPCR domains
TTRE9596	False	Encodes protein that lacks InterPro GPCR domains
TTRE9597	False	Encodes protein that lacks InterPro GPCR domains
TTRE9598	False	Encodes protein that lacks InterPro GPCR domains
TTRE9599	False	Encodes protein that lacks InterPro GPCR domains
TTRE96	False	Encodes protein that lacks InterPro GPCR domains
TTRE960	False	Encodes protein that lacks InterPro GPCR domains
TTRE9600	False	Encodes protein that lacks InterPro GPCR domains
TTRE9601	False	Encodes protein that lacks InterPro GPCR domains
TTRE9602	False	Encodes protein that lacks InterPro GPCR domains
TTRE9603	False	Encodes protein that lacks InterPro GPCR domains
TTRE9604	False	Encodes protein that lacks InterPro GPCR domains
TTRE9605	False	Encodes protein that lacks InterPro GPCR domains
TTRE9606	False	Encodes protein that lacks InterPro GPCR domains
TTRE9607	False	Encodes protein that lacks InterPro GPCR domains
TTRE9608	False	Encodes protein that lacks InterPro GPCR domains
TTRE9609	False	Encodes protein that lacks InterPro GPCR domains
TTRE961	False	Encodes protein that lacks InterPro GPCR domains
TTRE9610	False	Encodes protein that lacks InterPro GPCR domains
TTRE9611	False	Encodes protein that lacks InterPro GPCR domains
TTRE9612	False	Encodes protein that lacks InterPro GPCR domains
TTRE9613	False	Encodes protein that lacks InterPro GPCR domains
TTRE9614	False	Encodes protein that lacks InterPro GPCR domains
TTRE9615	False	Encodes protein that lacks InterPro GPCR domains
TTRE9616	False	Encodes protein that lacks InterPro GPCR domains
TTRE9617	False	Encodes protein that lacks InterPro GPCR domains
TTRE9618	False	Encodes protein that lacks InterPro GPCR domains
TTRE9619	False	Encodes protein that lacks InterPro GPCR domains
TTRE962	False	Encodes protein that lacks InterPro GPCR domains
TTRE9620	False	Encodes protein that lacks InterPro GPCR domains
TTRE9621	False	Encodes protein that lacks InterPro GPCR domains
TTRE9622	False	Encodes protein that lacks InterPro GPCR domains
TTRE9623	False	Encodes protein that lacks InterPro GPCR domains
TTRE9624	False	Encodes protein that lacks InterPro GPCR domains
TTRE9625	False	Encodes protein that lacks InterPro GPCR domains
TTRE9626	False	Encodes protein that lacks InterPro GPCR domains
TTRE9627	False	Encodes protein that lacks InterPro GPCR domains
TTRE9628	False	Encodes protein that lacks InterPro GPCR domains
TTRE9629	False	Encodes protein that lacks InterPro GPCR domains
TTRE963	False	Encodes protein that lacks InterPro GPCR domains
TTRE9630	False	Encodes protein that lacks InterPro GPCR domains
TTRE9631	False	Encodes protein that lacks InterPro GPCR domains
TTRE9632	False	Encodes protein that lacks InterPro GPCR domains
TTRE9633	False	Encodes protein that lacks InterPro GPCR domains
TTRE9634	False	Encodes protein that lacks InterPro GPCR domains
TTRE9635	False	Encodes protein that lacks InterPro GPCR domains
TTRE9636	False	Encodes protein that lacks InterPro GPCR domains
TTRE9637	False	Encodes protein that lacks InterPro GPCR domains
TTRE9638	False	Encodes protein that lacks InterPro GPCR domains
TTRE9639	False	Encodes protein that lacks InterPro GPCR domains
TTRE964	False	Encodes protein that lacks InterPro GPCR domains
TTRE9640	False	Encodes protein that lacks InterPro GPCR domains
TTRE9641	False	Encodes protein that lacks InterPro GPCR domains
TTRE9642	False	Encodes protein that lacks InterPro GPCR domains
TTRE9643	False	Encodes protein that lacks InterPro GPCR domains
TTRE9644	False	Encodes protein that lacks InterPro GPCR domains
TTRE9645	False	Encodes protein that lacks InterPro GPCR domains
TTRE9646	False	Encodes protein that lacks InterPro GPCR domains
TTRE9647	False	Encodes protein that lacks InterPro GPCR domains
TTRE9648	False	Encodes protein that lacks InterPro GPCR domains
TTRE9649	False	Encodes protein that lacks InterPro GPCR domains
TTRE965	False	Encodes protein that lacks InterPro GPCR domains
TTRE9650	False	Encodes protein that lacks InterPro GPCR domains
TTRE9651	False	Encodes protein that lacks InterPro GPCR domains
TTRE9652	False	Encodes protein that lacks InterPro GPCR domains
TTRE9653	False	Encodes protein that lacks InterPro GPCR domains
TTRE9654	False	Encodes protein that lacks InterPro GPCR domains
TTRE9655	False	Encodes protein that lacks InterPro GPCR domains
TTRE9656	False	Encodes protein that lacks InterPro GPCR domains
TTRE9657	False	Encodes protein that lacks InterPro GPCR domains
TTRE9658	False	Encodes protein that lacks InterPro GPCR domains
TTRE9659	False	Encodes protein that lacks InterPro GPCR domains
TTRE966	False	Encodes protein that lacks InterPro GPCR domains
TTRE9660	False	Encodes protein that lacks InterPro GPCR domains
TTRE9661	False	Encodes protein that lacks InterPro GPCR domains
TTRE9662	False	Encodes protein that lacks InterPro GPCR domains
TTRE9663	False	Encodes protein that lacks InterPro GPCR domains
TTRE9664	False	Encodes protein that lacks InterPro GPCR domains
TTRE9665	False	Encodes protein that lacks InterPro GPCR domains
TTRE9666	False	Encodes protein that lacks InterPro GPCR domains
TTRE9667	False	Encodes protein that lacks InterPro GPCR domains
TTRE9668	False	Encodes protein that lacks InterPro GPCR domains
TTRE9669	False	Encodes protein that lacks InterPro GPCR domains
TTRE967	False	Encodes protein that lacks InterPro GPCR domains
TTRE9670	False	Encodes protein that lacks InterPro GPCR domains
TTRE9671	False	Encodes protein that lacks InterPro GPCR domains
TTRE9672	False	Encodes protein that lacks InterPro GPCR domains
TTRE9673	False	Encodes protein that lacks InterPro GPCR domains
TTRE9674	False	Encodes protein that lacks InterPro GPCR domains
TTRE9675	False	Encodes protein that lacks InterPro GPCR domains
TTRE9676	False	Encodes protein that lacks InterPro GPCR domains
TTRE9677	False	Encodes protein that lacks InterPro GPCR domains
TTRE9678	False	Encodes protein that lacks InterPro GPCR domains
TTRE9679	False	Encodes protein that lacks InterPro GPCR domains
TTRE968	False	Encodes protein that lacks InterPro GPCR domains
TTRE9680	False	Encodes protein that lacks InterPro GPCR domains
TTRE9681	False	Encodes protein that lacks InterPro GPCR domains
TTRE9682	False	Encodes protein that lacks InterPro GPCR domains
TTRE9683	False	Encodes protein that lacks InterPro GPCR domains
TTRE9684	False	Encodes protein that lacks InterPro GPCR domains
TTRE9685	False	Encodes protein that lacks InterPro GPCR domains
TTRE9686	False	Encodes protein that lacks InterPro GPCR domains
TTRE9687	False	Encodes protein that lacks InterPro GPCR domains
TTRE9688	False	Encodes protein that lacks InterPro GPCR domains
TTRE9689	False	Encodes protein that lacks InterPro GPCR domains
TTRE969	False	Encodes protein that lacks InterPro GPCR domains
TTRE9690	False	Encodes protein that lacks InterPro GPCR domains
TTRE9691	False	Encodes protein that lacks InterPro GPCR domains
TTRE9692	False	Encodes protein that lacks InterPro GPCR domains
TTRE9693	False	Encodes protein that lacks InterPro GPCR domains
TTRE9694	False	Encodes protein that lacks InterPro GPCR domains
TTRE9695	False	Encodes protein that lacks InterPro GPCR domains
TTRE9696	False	Encodes protein that lacks InterPro GPCR domains
TTRE9697	False	Encodes protein that lacks InterPro GPCR domains
TTRE9698	False	Encodes protein that lacks InterPro GPCR domains
TTRE9699	False	Encodes protein that lacks InterPro GPCR domains
TTRE97	False	Encodes protein that lacks InterPro GPCR domains
TTRE970	False	Encodes protein that lacks InterPro GPCR domains
TTRE9700	False	Encodes protein that lacks InterPro GPCR domains
TTRE9701	False	Encodes protein that lacks InterPro GPCR domains
TTRE9702	False	Encodes protein that lacks InterPro GPCR domains
TTRE9703	False	Encodes protein that lacks InterPro GPCR domains
TTRE9704	False	Encodes protein that lacks InterPro GPCR domains
TTRE9705	False	Encodes protein that lacks InterPro GPCR domains
TTRE9706	False	Encodes protein that lacks InterPro GPCR domains
TTRE9707	False	Encodes protein that lacks InterPro GPCR domains
TTRE9708	False	Encodes protein that lacks InterPro GPCR domains
TTRE9709	False	Encodes protein that lacks InterPro GPCR domains
TTRE971	False	Encodes protein that lacks InterPro GPCR domains
TTRE9710	False	Encodes protein that lacks InterPro GPCR domains
TTRE9711	False	Encodes protein that lacks InterPro GPCR domains
TTRE9712	False	Encodes protein that lacks InterPro GPCR domains
TTRE9713	False	Encodes protein that lacks InterPro GPCR domains
TTRE9714	False	Encodes protein that lacks InterPro GPCR domains
TTRE9715	False	Encodes protein that lacks InterPro GPCR domains
TTRE9716	False	Encodes protein that lacks InterPro GPCR domains
TTRE9717	False	Encodes protein that lacks InterPro GPCR domains
TTRE9718	False	Encodes protein that lacks InterPro GPCR domains
TTRE9719	False	Encodes protein that lacks InterPro GPCR domains
TTRE972	False	Encodes protein that lacks InterPro GPCR domains
TTRE9720	False	Encodes protein that lacks InterPro GPCR domains
TTRE9721	False	Encodes protein that lacks InterPro GPCR domains
TTRE9722	False	Encodes protein that lacks InterPro GPCR domains
TTRE9723	False	Encodes protein that lacks InterPro GPCR domains
TTRE9724	False	Encodes protein that lacks InterPro GPCR domains
TTRE9725	False	Encodes protein that lacks InterPro GPCR domains
TTRE9726	False	Encodes protein that lacks InterPro GPCR domains
TTRE9727	False	Encodes protein that lacks InterPro GPCR domains
TTRE9728	False	Encodes protein that lacks InterPro GPCR domains
TTRE9729	False	Encodes protein that lacks InterPro GPCR domains
TTRE973	False	Encodes protein that lacks InterPro GPCR domains
TTRE9730	False	Encodes protein that lacks InterPro GPCR domains
TTRE9731	False	Encodes protein that lacks InterPro GPCR domains
TTRE9732	False	Encodes protein that lacks InterPro GPCR domains
TTRE9733	False	Encodes protein that lacks InterPro GPCR domains
TTRE9734	False	Encodes protein that lacks InterPro GPCR domains
TTRE9735	False	Encodes protein that lacks InterPro GPCR domains
TTRE9736	False	Encodes protein that lacks InterPro GPCR domains
TTRE9737	False	Encodes protein that lacks InterPro GPCR domains
TTRE9738	False	Encodes protein that lacks InterPro GPCR domains
TTRE9739	False	Encodes protein that lacks InterPro GPCR domains
TTRE974	False	Encodes protein that lacks InterPro GPCR domains
TTRE9740	False	Encodes protein that lacks InterPro GPCR domains
TTRE9741	False	Encodes protein that lacks InterPro GPCR domains
TTRE9742	False	Encodes protein that lacks InterPro GPCR domains
TTRE9743	False	Encodes protein that lacks InterPro GPCR domains
TTRE9744	False	Encodes protein that lacks InterPro GPCR domains
TTRE9745	False	Encodes protein that lacks InterPro GPCR domains
TTRE9746	False	Encodes protein that lacks InterPro GPCR domains
TTRE9747	False	Encodes protein that lacks InterPro GPCR domains
TTRE9748	False	Encodes protein that lacks InterPro GPCR domains
TTRE9749	False	Encodes protein that lacks InterPro GPCR domains
TTRE975	False	Encodes protein that lacks InterPro GPCR domains
TTRE9750	False	Encodes protein that lacks InterPro GPCR domains
TTRE9751	False	Encodes protein that lacks InterPro GPCR domains
TTRE9752	False	Encodes protein that lacks InterPro GPCR domains
TTRE9753	False	Encodes protein that lacks InterPro GPCR domains
TTRE9754	False	Encodes protein that lacks InterPro GPCR domains
TTRE9755	False	Encodes protein that lacks InterPro GPCR domains
TTRE9756	False	Encodes protein that lacks InterPro GPCR domains
TTRE9757	False	Encodes protein that lacks InterPro GPCR domains
TTRE9758	False	Encodes protein that lacks InterPro GPCR domains
TTRE9759	False	Encodes protein that lacks InterPro GPCR domains
TTRE976	False	Encodes protein that lacks InterPro GPCR domains
TTRE9760	False	Encodes protein that lacks InterPro GPCR domains
TTRE9761	False	Encodes protein that lacks InterPro GPCR domains
TTRE9762	False	Encodes protein that lacks InterPro GPCR domains
TTRE9763	False	Encodes protein that lacks InterPro GPCR domains
TTRE9764	False	Encodes protein that lacks InterPro GPCR domains
TTRE9765	False	Encodes protein that lacks InterPro GPCR domains
TTRE9766	False	Encodes protein that lacks InterPro GPCR domains
TTRE9767	False	Encodes protein that lacks InterPro GPCR domains
TTRE9768	False	Encodes protein that lacks InterPro GPCR domains
TTRE9769	False	Encodes protein that lacks InterPro GPCR domains
TTRE977	False	Encodes protein that lacks InterPro GPCR domains
TTRE9770	False	Encodes protein that lacks InterPro GPCR domains
TTRE9771	False	Encodes protein that lacks InterPro GPCR domains
TTRE9772	False	Encodes protein that lacks InterPro GPCR domains
TTRE9773	False	Encodes protein that lacks InterPro GPCR domains
TTRE9774	False	Encodes protein that lacks InterPro GPCR domains
TTRE9775	False	Encodes protein that lacks InterPro GPCR domains
TTRE9776	False	Encodes protein that lacks InterPro GPCR domains
TTRE9777	False	Encodes protein that lacks InterPro GPCR domains
TTRE9778	False	Encodes protein that lacks InterPro GPCR domains
TTRE9779	False	Encodes protein that lacks InterPro GPCR domains
TTRE978	False	Encodes protein that lacks InterPro GPCR domains
TTRE9780	False	Encodes protein that lacks InterPro GPCR domains
TTRE9781	False	Encodes protein that lacks InterPro GPCR domains
TTRE9782	False	Encodes protein that lacks InterPro GPCR domains
TTRE9783	False	Encodes protein that lacks InterPro GPCR domains
TTRE9784	False	Encodes protein that lacks InterPro GPCR domains
TTRE9785	False	Encodes protein that lacks InterPro GPCR domains
TTRE9786	False	Encodes protein that lacks InterPro GPCR domains
TTRE9787	False	Encodes protein that lacks InterPro GPCR domains
TTRE9788	False	Encodes protein that lacks InterPro GPCR domains
TTRE9789	False	Encodes protein that lacks InterPro GPCR domains
TTRE979	False	Encodes protein that lacks InterPro GPCR domains
TTRE9790	False	Encodes protein that lacks InterPro GPCR domains
TTRE9791	False	Encodes protein that lacks InterPro GPCR domains
TTRE9792	False	Encodes protein that lacks InterPro GPCR domains
TTRE9793	False	Encodes protein that lacks InterPro GPCR domains
TTRE9794	False	Encodes protein that lacks InterPro GPCR domains
TTRE9795	False	Encodes protein that lacks InterPro GPCR domains
TTRE9796	False	Encodes protein that lacks InterPro GPCR domains
TTRE9797	False	Encodes protein that lacks InterPro GPCR domains
TTRE9798	False	Encodes protein that lacks InterPro GPCR domains
TTRE9799	False	Encodes protein that lacks InterPro GPCR domains
TTRE98	False	Encodes protein that lacks InterPro GPCR domains
TTRE980	False	Encodes protein that lacks InterPro GPCR domains
TTRE9800	False	Encodes protein that lacks InterPro GPCR domains
TTRE9801	False	Encodes protein that lacks InterPro GPCR domains
TTRE9802	False	Encodes protein that lacks InterPro GPCR domains
TTRE9803	False	Encodes protein that lacks InterPro GPCR domains
TTRE9804	False	Encodes protein that lacks InterPro GPCR domains
TTRE9805	False	Encodes protein that lacks InterPro GPCR domains
TTRE9806	False	Encodes protein that lacks InterPro GPCR domains
TTRE9807	False	Encodes protein that lacks InterPro GPCR domains
TTRE9808	False	Encodes protein that lacks InterPro GPCR domains
TTRE9809	False	Encodes protein that lacks InterPro GPCR domains
TTRE981	False	Encodes protein that lacks InterPro GPCR domains
TTRE9810	False	Encodes protein that lacks InterPro GPCR domains
TTRE9811	False	Encodes protein that lacks InterPro GPCR domains
TTRE9812	False	Encodes protein that lacks InterPro GPCR domains
TTRE9813	False	Encodes protein that lacks InterPro GPCR domains
TTRE9814	False	Encodes protein that lacks InterPro GPCR domains
TTRE9815	False	Encodes protein that lacks InterPro GPCR domains
TTRE9816	False	Encodes protein that lacks InterPro GPCR domains
TTRE9817	False	Encodes protein that lacks InterPro GPCR domains
TTRE9818	False	Encodes protein that lacks InterPro GPCR domains
TTRE9819	False	Encodes protein that lacks InterPro GPCR domains
TTRE982	False	Encodes protein that lacks InterPro GPCR domains
TTRE9820	False	Encodes protein that lacks InterPro GPCR domains
TTRE9821	False	Encodes protein that lacks InterPro GPCR domains
TTRE9822	False	Encodes protein that lacks InterPro GPCR domains
TTRE9823	False	Encodes protein that lacks InterPro GPCR domains
TTRE9824	False	Encodes protein that lacks InterPro GPCR domains
TTRE9825	False	Encodes protein that lacks InterPro GPCR domains
TTRE9826	False	Encodes protein that lacks InterPro GPCR domains
TTRE9827	False	Encodes protein that lacks InterPro GPCR domains
TTRE9828	False	Encodes protein that lacks InterPro GPCR domains
TTRE9829	False	Encodes protein that lacks InterPro GPCR domains
TTRE983	False	Encodes protein that lacks InterPro GPCR domains
TTRE9830	False	Encodes protein that lacks InterPro GPCR domains
TTRE9831	False	Encodes protein that lacks InterPro GPCR domains
TTRE9832	False	Encodes protein that lacks InterPro GPCR domains
TTRE9833	False	Encodes protein that lacks InterPro GPCR domains
TTRE9834	False	Encodes protein that lacks InterPro GPCR domains
TTRE9835	False	Encodes protein that lacks InterPro GPCR domains
TTRE9836	False	Encodes protein that lacks InterPro GPCR domains
TTRE9837	False	Encodes protein that lacks InterPro GPCR domains
TTRE9838	False	Encodes protein that lacks InterPro GPCR domains
TTRE9839	False	Encodes protein that lacks InterPro GPCR domains
TTRE984	False	Encodes protein that lacks InterPro GPCR domains
TTRE9840	False	Encodes protein that lacks InterPro GPCR domains
TTRE9841	False	Encodes protein that lacks InterPro GPCR domains
TTRE9842	False	Encodes protein that lacks InterPro GPCR domains
TTRE9843	False	Encodes protein that lacks InterPro GPCR domains
TTRE9844	False	Encodes protein that lacks InterPro GPCR domains
TTRE9845	False	Encodes protein that lacks InterPro GPCR domains
TTRE9846	False	Encodes protein that lacks InterPro GPCR domains
TTRE9847	False	Encodes protein that lacks InterPro GPCR domains
TTRE9848	True	Encodes protein with InterPro domain(s): IPR017452 - GPCR, rhodopsin-like, 7TM
TTRE9849	False	Encodes protein that lacks InterPro GPCR domains
TTRE985	False	Encodes protein that lacks InterPro GPCR domains
TTRE9850	False	Encodes protein that lacks InterPro GPCR domains
TTRE9851	False	Encodes protein that lacks InterPro GPCR domains
TTRE9852	False	Encodes protein that lacks InterPro GPCR domains
TTRE9853	False	Encodes protein that lacks InterPro GPCR domains
TTRE9854	False	Encodes protein that lacks InterPro GPCR domains
TTRE9855	False	Encodes protein that lacks InterPro GPCR domains
TTRE9856	False	Encodes protein that lacks InterPro GPCR domains
TTRE9857	False	Encodes protein that lacks InterPro GPCR domains
TTRE9858	False	Encodes protein that lacks InterPro GPCR domains
TTRE9859	False	Encodes protein that lacks InterPro GPCR domains
TTRE986	False	Encodes protein that lacks InterPro GPCR domains
TTRE9860	False	Encodes protein that lacks InterPro GPCR domains
TTRE9861	False	Encodes protein that lacks InterPro GPCR domains
TTRE9862	False	Encodes protein that lacks InterPro GPCR domains
TTRE9863	False	Encodes protein that lacks InterPro GPCR domains
TTRE9864	True	Encodes protein with InterPro domain(s): IPR017452 - GPCR, rhodopsin-like, 7TM
TTRE9865	False	Encodes protein that lacks InterPro GPCR domains
TTRE9866	False	Encodes protein that lacks InterPro GPCR domains
TTRE9867	False	Encodes protein that lacks InterPro GPCR domains
TTRE9868	False	Encodes protein that lacks InterPro GPCR domains
TTRE9869	False	Encodes protein that lacks InterPro GPCR domains
TTRE987	False	Encodes protein that lacks InterPro GPCR domains
TTRE9870	False	Encodes protein that lacks InterPro GPCR domains
TTRE9871	False	Encodes protein that lacks InterPro GPCR domains
TTRE9872	False	Encodes protein that lacks InterPro GPCR domains
TTRE9873	False	Encodes protein that lacks InterPro GPCR domains
TTRE9874	False	Encodes protein that lacks InterPro GPCR domains
TTRE9875	False	Encodes protein that lacks InterPro GPCR domains
TTRE9876	False	Encodes protein that lacks InterPro GPCR domains
TTRE9877	False	Encodes protein that lacks InterPro GPCR domains
TTRE9878	False	Encodes protein that lacks InterPro GPCR domains
TTRE9879	False	Encodes protein that lacks InterPro GPCR domains
TTRE988	False	Encodes protein that lacks InterPro GPCR domains
TTRE9880	False	Encodes protein that lacks InterPro GPCR domains
TTRE9881	False	Encodes protein that lacks InterPro GPCR domains
TTRE9882	False	Encodes protein that lacks InterPro GPCR domains
TTRE9883	False	Encodes protein that lacks InterPro GPCR domains
TTRE9884	False	Encodes protein that lacks InterPro GPCR domains
TTRE9885	False	Encodes protein that lacks InterPro GPCR domains
TTRE9886	False	Encodes protein that lacks InterPro GPCR domains
TTRE9887	False	Encodes protein that lacks InterPro GPCR domains
TTRE9888	False	Encodes protein that lacks InterPro GPCR domains
TTRE9889	False	Encodes protein that lacks InterPro GPCR domains
TTRE989	False	Encodes protein that lacks InterPro GPCR domains
TTRE9890	False	Encodes protein that lacks InterPro GPCR domains
TTRE9891	False	Encodes protein that lacks InterPro GPCR domains
TTRE9892	False	Encodes protein that lacks InterPro GPCR domains
TTRE9893	False	Encodes protein that lacks InterPro GPCR domains
TTRE9894	False	Encodes protein that lacks InterPro GPCR domains
TTRE9895	False	Encodes protein that lacks InterPro GPCR domains
TTRE9896	False	Encodes protein that lacks InterPro GPCR domains
TTRE9897	False	Encodes protein that lacks InterPro GPCR domains
TTRE9898	False	Encodes protein that lacks InterPro GPCR domains
TTRE9899	False	Encodes protein that lacks InterPro GPCR domains
TTRE99	False	Encodes protein that lacks InterPro GPCR domains
TTRE990	False	Encodes protein that lacks InterPro GPCR domains
TTRE9900	False	Encodes protein that lacks InterPro GPCR domains
TTRE9901	False	Encodes protein that lacks InterPro GPCR domains
TTRE9902	False	Encodes protein that lacks InterPro GPCR domains
TTRE9903	False	Encodes protein that lacks InterPro GPCR domains
TTRE9904	False	Encodes protein that lacks InterPro GPCR domains
TTRE9905	False	Encodes protein that lacks InterPro GPCR domains
TTRE9906	False	Encodes protein that lacks InterPro GPCR domains
TTRE9907	False	Encodes protein that lacks InterPro GPCR domains
TTRE9908	False	Encodes protein that lacks InterPro GPCR domains
TTRE9909	False	Encodes protein that lacks InterPro GPCR domains
TTRE991	False	Encodes protein that lacks InterPro GPCR domains
TTRE9910	False	Encodes protein that lacks InterPro GPCR domains
TTRE9911	False	Encodes protein that lacks InterPro GPCR domains
TTRE9912	False	Encodes protein that lacks InterPro GPCR domains
TTRE9913	False	Encodes protein that lacks InterPro GPCR domains
TTRE9914	False	Encodes protein that lacks InterPro GPCR domains
TTRE9915	False	Encodes protein that lacks InterPro GPCR domains
TTRE9916	False	Encodes protein that lacks InterPro GPCR domains
TTRE9917	False	Encodes protein that lacks InterPro GPCR domains
TTRE9918	False	Encodes protein that lacks InterPro GPCR domains
TTRE9919	False	Encodes protein that lacks InterPro GPCR domains
TTRE992	False	Encodes protein that lacks InterPro GPCR domains
TTRE9920	False	Encodes protein that lacks InterPro GPCR domains
TTRE9921	False	Encodes protein that lacks InterPro GPCR domains
TTRE9922	False	Encodes protein that lacks InterPro GPCR domains
TTRE9923	False	Encodes protein that lacks InterPro GPCR domains
TTRE9924	False	Encodes protein that lacks InterPro GPCR domains
TTRE9925	False	Encodes protein that lacks InterPro GPCR domains
TTRE9926	False	Encodes protein that lacks InterPro GPCR domains
TTRE9927	False	Encodes protein that lacks InterPro GPCR domains
TTRE9928	False	Encodes protein that lacks InterPro GPCR domains
TTRE9929	False	Encodes protein that lacks InterPro GPCR domains
TTRE993	False	Encodes protein that lacks InterPro GPCR domains
TTRE9930	False	Encodes protein that lacks InterPro GPCR domains
TTRE9931	False	Encodes protein that lacks InterPro GPCR domains
TTRE9932	False	Encodes protein that lacks InterPro GPCR domains
TTRE9933	False	Encodes protein that lacks InterPro GPCR domains
TTRE9934	False	Encodes protein that lacks InterPro GPCR domains
TTRE9935	False	Encodes protein that lacks InterPro GPCR domains
TTRE9936	False	Encodes protein that lacks InterPro GPCR domains
TTRE9937	False	Encodes protein that lacks InterPro GPCR domains
TTRE9938	False	Encodes protein that lacks InterPro GPCR domains
TTRE9939	False	Encodes protein that lacks InterPro GPCR domains
TTRE994	False	Encodes protein that lacks InterPro GPCR domains
TTRE9940	False	Encodes protein that lacks InterPro GPCR domains
TTRE9941	False	Encodes protein that lacks InterPro GPCR domains
TTRE9942	False	Encodes protein that lacks InterPro GPCR domains
TTRE9943	False	Encodes protein that lacks InterPro GPCR domains
TTRE9944	False	Encodes protein that lacks InterPro GPCR domains
TTRE9945	False	Encodes protein that lacks InterPro GPCR domains
TTRE9946	True	Encodes protein with InterPro domain(s): IPR000162 - GPCR, family 3, metabotropic glutamate receptor; IPR000337 - GPCR, family 3; IPR017978 - GPCR family 3, C-terminal; IPR017979 - GPCR, family 3, conserved site; IPR038550 - GPCR, family 3, nine cysteines domain superfamily
TTRE9947	False	Encodes protein that lacks InterPro GPCR domains
TTRE9948	False	Encodes protein that lacks InterPro GPCR domains
TTRE9949	False	Encodes protein that lacks InterPro GPCR domains
TTRE995	False	Encodes protein that lacks InterPro GPCR domains
TTRE9950	False	Encodes protein that lacks InterPro GPCR domains
TTRE9951	False	Encodes protein that lacks InterPro GPCR domains
TTRE9952	False	Encodes protein that lacks InterPro GPCR domains
TTRE9953	False	Encodes protein that lacks InterPro GPCR domains
TTRE9954	False	Encodes protein that lacks InterPro GPCR domains
TTRE9955	True	Encodes protein with InterPro domain(s): IPR017452 - GPCR, rhodopsin-like, 7TM
TTRE9956	False	Encodes protein that lacks InterPro GPCR domains
TTRE9957	False	Encodes protein that lacks InterPro GPCR domains
TTRE9958	False	Encodes protein that lacks InterPro GPCR domains
TTRE9959	False	Encodes protein that lacks InterPro GPCR domains
TTRE996	False	Encodes protein that lacks InterPro GPCR domains
TTRE9960	False	Encodes protein that lacks InterPro GPCR domains
TTRE9961	False	Encodes protein that lacks InterPro GPCR domains
TTRE9962	False	Encodes protein that lacks InterPro GPCR domains
TTRE9963	False	Encodes protein that lacks InterPro GPCR domains
TTRE9964	False	Encodes protein that lacks InterPro GPCR domains
TTRE9965	False	Encodes protein that lacks InterPro GPCR domains
TTRE9966	False	Encodes protein that lacks InterPro GPCR domains
TTRE9967	False	Encodes protein that lacks InterPro GPCR domains
TTRE9968	False	Encodes protein that lacks InterPro GPCR domains
TTRE9969	False	Encodes protein that lacks InterPro GPCR domains
TTRE997	False	Encodes protein that lacks InterPro GPCR domains
TTRE9970	False	Encodes protein that lacks InterPro GPCR domains
TTRE9971	False	Encodes protein that lacks InterPro GPCR domains
TTRE9972	False	Encodes protein that lacks InterPro GPCR domains
TTRE9973	False	Encodes protein that lacks InterPro GPCR domains
TTRE9974	False	Encodes protein that lacks InterPro GPCR domains
TTRE9975	False	Encodes protein that lacks InterPro GPCR domains
TTRE9976	False	Encodes protein that lacks InterPro GPCR domains
TTRE9977	False	Encodes protein that lacks InterPro GPCR domains
TTRE9978	False	Encodes protein that lacks InterPro GPCR domains
TTRE9979	False	Encodes protein that lacks InterPro GPCR domains
TTRE998	False	Encodes protein that lacks InterPro GPCR domains
TTRE9980	False	Encodes protein that lacks InterPro GPCR domains
TTRE9981	False	Encodes protein that lacks InterPro GPCR domains
TTRE9982	False	Encodes protein that lacks InterPro GPCR domains
TTRE9983	False	Encodes protein that lacks InterPro GPCR domains
TTRE9984	False	Encodes protein that lacks InterPro GPCR domains
TTRE9985	False	Encodes protein that lacks InterPro GPCR domains
TTRE9986	False	Encodes protein that lacks InterPro GPCR domains
TTRE9987	False	Encodes protein that lacks InterPro GPCR domains
TTRE9988	False	Encodes protein that lacks InterPro GPCR domains
TTRE999	False	Encodes protein that lacks InterPro GPCR domains
TTRE9990	False	Encodes protein that lacks InterPro GPCR domains
TTRE9991	False	Encodes protein that lacks InterPro GPCR domains
TTRE9992	False	Encodes protein that lacks InterPro GPCR domains
TTRE9993	False	Encodes protein that lacks InterPro GPCR domains
TTRE9994	False	Encodes protein that lacks InterPro GPCR domains
TTRE9995	False	Encodes protein that lacks InterPro GPCR domains
TTRE9996	False	Encodes protein that lacks InterPro GPCR domains
TTRE9997	False	Encodes protein that lacks InterPro GPCR domains
TTRE9998	False	Encodes protein that lacks InterPro GPCR domains
TTRE9999	False	Encodes protein that lacks InterPro GPCR domains
